[0.000000] (-) TimerEvent: {}
[0.000549] (-) JobUnselected: {'identifier': 'isaac_ros_apriltag_interfaces'}
[0.000728] (-) JobUnselected: {'identifier': 'isaac_ros_bi3d_interfaces'}
[0.000751] (-) JobUnselected: {'identifier': 'isaac_ros_common'}
[0.000919] (-) JobUnselected: {'identifier': 'isaac_ros_nitros_bridge_interfaces'}
[0.000972] (-) JobUnselected: {'identifier': 'isaac_ros_nova_interfaces'}
[0.000990] (-) JobUnselected: {'identifier': 'isaac_ros_pointcloud_interfaces'}
[0.001008] (-) JobUnselected: {'identifier': 'isaac_ros_tensor_list_interfaces'}
[0.001026] (-) JobUnselected: {'identifier': 'isaac_ros_test'}
[0.001043] (-) JobUnselected: {'identifier': 'lidar3d_clustering'}
[0.001060] (-) JobUnselected: {'identifier': 'lidar_ground_getter'}
[0.001078] (-) JobUnselected: {'identifier': 'lidar_imu_sync'}
[0.001095] (-) JobUnselected: {'identifier': 'lidar_path_to_odom'}
[0.001133] (-) JobUnselected: {'identifier': 'lio_sam'}
[0.001151] (-) JobUnselected: {'identifier': 'ros_compatibility'}
[0.001168] (-) JobUnselected: {'identifier': 'sdv_can'}
[0.001185] (-) JobUnselected: {'identifier': 'sdv_control'}
[0.001220] (-) JobUnselected: {'identifier': 'sdv_description'}
[0.001244] (-) JobUnselected: {'identifier': 'sdv_launch'}
[0.001260] (-) JobUnselected: {'identifier': 'sdv_lidar_processing'}
[0.001278] (-) JobUnselected: {'identifier': 'sdv_localization'}
[0.001293] (-) JobUnselected: {'identifier': 'sdv_manual_control'}
[0.001310] (-) JobUnselected: {'identifier': 'sdv_robot_description'}
[0.001326] (-) JobUnselected: {'identifier': 'vectornav'}
[0.001343] (-) JobUnselected: {'identifier': 'vectornav_msgs'}
[0.001359] (-) JobUnselected: {'identifier': 'voxel_grid_filter'}
[0.001375] (-) JobUnselected: {'identifier': 'waypoints_niagara_creator'}
[0.001392] (-) JobUnselected: {'identifier': 'waypoints_niagara_loader'}
[0.001412] (sdv_msgs) JobQueued: {'identifier': 'sdv_msgs', 'dependencies': OrderedDict()}
[0.001437] (sdv_msgs) JobStarted: {'identifier': 'sdv_msgs'}
[0.010380] (sdv_msgs) JobProgress: {'identifier': 'sdv_msgs', 'progress': 'cmake'}
[0.011112] (sdv_msgs) JobProgress: {'identifier': 'sdv_msgs', 'progress': 'build'}
[0.012029] (sdv_msgs) Command: {'cmd': ['/usr/bin/cmake', '--build', '/home/fectec151/Downloads/Projects/vanttec_sdv/workspace/src/build/sdv_msgs', '--', '-j12', '-l12'], 'cwd': '/home/fectec151/Downloads/Projects/vanttec_sdv/workspace/src/build/sdv_msgs', 'env': OrderedDict([('LESSOPEN', '| /usr/bin/lesspipe %s'), ('USER', 'fectec151'), ('LC_TIME', 'es_MX.UTF-8'), ('XDG_SESSION_TYPE', 'wayland'), ('SHLVL', '1'), ('LD_LIBRARY_PATH', '/home/fectec151/Downloads/Projects/vanttec_sdv/workspace/src/install/vectornav_msgs/lib:/home/fectec151/Downloads/Projects/vanttec_sdv/workspace/src/install/sdv_msgs/lib:/usr/lib/x86_64-linux-gnu/gazebo-11/plugins:/opt/ros/humble/opt/rviz_ogre_vendor/lib:/opt/ros/humble/lib/x86_64-linux-gnu:/opt/ros/humble/lib'), ('HOME', '/home/fectec151'), ('OLDPWD', '/home/fectec151/Downloads/Projects/vanttec_sdv'), ('DESKTOP_SESSION', 'ubuntu'), ('ROS_PYTHON_VERSION', '3'), ('GNOME_SHELL_SESSION_MODE', 'ubuntu'), ('GTK_MODULES', 'gail:atk-bridge'), ('LC_MONETARY', 'es_MX.UTF-8'), ('MANAGERPID', '2151'), ('SYSTEMD_EXEC_PID', '2505'), ('DBUS_SESSION_BUS_ADDRESS', 'unix:path=/run/user/1000/bus'), ('COLORTERM', 'truecolor'), ('TERMINATOR_DBUS_NAME', 'net.tenshu.Terminator25ef4b219e3b005583550f2b0f9f990c3'), ('GIO_LAUNCHED_DESKTOP_FILE_PID', '30840'), ('NVM_DIR', '/home/fectec151/.nvm'), ('IM_CONFIG_PHASE', '1'), ('WAYLAND_DISPLAY', 'wayland-0'), ('COLCON_PREFIX_PATH', '/home/fectec151/Downloads/Projects/vanttec_sdv/workspace/src/install'), ('ROS_DISTRO', 'humble'), ('LOGNAME', 'fectec151'), ('JOURNAL_STREAM', '8:31498'), ('_', '/usr/bin/colcon'), ('ROS_VERSION', '2'), ('XDG_SESSION_CLASS', 'user'), ('USERNAME', 'fectec151'), ('TERM', 'xterm-256color'), ('GNOME_DESKTOP_SESSION_ID', 'this-is-deprecated'), ('ROS_LOCALHOST_ONLY', '0'), ('HISTCONTROL', 'ignoredups'), ('PATH', '/opt/ros/humble/bin:/home/fectec151/.local/bin:/usr/local/sbin:/usr/local/bin:/usr/sbin:/usr/bin:/sbin:/bin:/usr/games:/usr/local/games:/snap/bin:/snap/bin'), ('SESSION_MANAGER', 'local/fec-pc:@/tmp/.ICE-unix/2303,unix/fec-pc:/tmp/.ICE-unix/2303'), ('INVOCATION_ID', '8e2895da35924a5b97381964329a2156'), ('XDG_MENU_PREFIX', 'gnome-'), ('LC_ADDRESS', 'es_MX.UTF-8'), ('GNOME_SETUP_DISPLAY', ':1'), ('XDG_RUNTIME_DIR', '/run/user/1000'), ('DISPLAY', ':0'), ('HISTSIZE', '1000'), ('TERMINATOR_DBUS_PATH', '/net/tenshu/Terminator2'), ('LANG', 'en_US.UTF-8'), ('XDG_CURRENT_DESKTOP', 'ubuntu:GNOME'), ('IBUS_DISABLE_SNOOPER', '1'), ('LC_TELEPHONE', 'es_MX.UTF-8'), ('XMODIFIERS', '@im=ibus'), ('XDG_SESSION_DESKTOP', 'ubuntu'), ('XAUTHORITY', '/run/user/1000/.mutter-Xwaylandauth.P32AO2'), ('LS_COLORS', 'rs=0:di=01;34:ln=01;36:mh=00:pi=40;33:so=01;35:do=01;35:bd=40;33;01:cd=40;33;01:or=40;31;01:mi=00:su=37;41:sg=30;43:ca=30;41:tw=30;42:ow=34;42:st=37;44:ex=01;32:*.tar=01;31:*.tgz=01;31:*.arc=01;31:*.arj=01;31:*.taz=01;31:*.lha=01;31:*.lz4=01;31:*.lzh=01;31:*.lzma=01;31:*.tlz=01;31:*.txz=01;31:*.tzo=01;31:*.t7z=01;31:*.zip=01;31:*.z=01;31:*.dz=01;31:*.gz=01;31:*.lrz=01;31:*.lz=01;31:*.lzo=01;31:*.xz=01;31:*.zst=01;31:*.tzst=01;31:*.bz2=01;31:*.bz=01;31:*.tbz=01;31:*.tbz2=01;31:*.tz=01;31:*.deb=01;31:*.rpm=01;31:*.jar=01;31:*.war=01;31:*.ear=01;31:*.sar=01;31:*.rar=01;31:*.alz=01;31:*.ace=01;31:*.zoo=01;31:*.cpio=01;31:*.7z=01;31:*.rz=01;31:*.cab=01;31:*.wim=01;31:*.swm=01;31:*.dwm=01;31:*.esd=01;31:*.jpg=01;35:*.jpeg=01;35:*.mjpg=01;35:*.mjpeg=01;35:*.gif=01;35:*.bmp=01;35:*.pbm=01;35:*.pgm=01;35:*.ppm=01;35:*.tga=01;35:*.xbm=01;35:*.xpm=01;35:*.tif=01;35:*.tiff=01;35:*.png=01;35:*.svg=01;35:*.svgz=01;35:*.mng=01;35:*.pcx=01;35:*.mov=01;35:*.mpg=01;35:*.mpeg=01;35:*.m2v=01;35:*.mkv=01;35:*.webm=01;35:*.webp=01;35:*.ogm=01;35:*.mp4=01;35:*.m4v=01;35:*.mp4v=01;35:*.vob=01;35:*.qt=01;35:*.nuv=01;35:*.wmv=01;35:*.asf=01;35:*.rm=01;35:*.rmvb=01;35:*.flc=01;35:*.avi=01;35:*.fli=01;35:*.flv=01;35:*.gl=01;35:*.dl=01;35:*.xcf=01;35:*.xwd=01;35:*.yuv=01;35:*.cgm=01;35:*.emf=01;35:*.ogv=01;35:*.ogx=01;35:*.aac=00;36:*.au=00;36:*.flac=00;36:*.m4a=00;36:*.mid=00;36:*.midi=00;36:*.mka=00;36:*.mp3=00;36:*.mpc=00;36:*.ogg=00;36:*.ra=00;36:*.wav=00;36:*.oga=00;36:*.opus=00;36:*.spx=00;36:*.xspf=00;36:'), ('SSH_AGENT_LAUNCHER', 'gnome-keyring'), ('SSH_AUTH_SOCK', '/run/user/1000/keyring/ssh'), ('AMENT_PREFIX_PATH', '/home/fectec151/Downloads/Projects/vanttec_sdv/workspace/src/install/sdv_control:/home/fectec151/Downloads/Projects/vanttec_sdv/workspace/src/install/vectornav_msgs:/home/fectec151/Downloads/Projects/vanttec_sdv/workspace/src/install/sdv_msgs:/opt/ros/humble'), ('SHELL', '/bin/bash'), ('LC_NAME', 'es_MX.UTF-8'), ('TERMINATOR_UUID', 'urn:uuid:92cad240-5dc7-44ef-b646-d541f3465e17'), ('QT_ACCESSIBILITY', '1'), ('GDMSESSION', 'ubuntu'), ('LESSCLOSE', '/usr/bin/lesspipe %s %s'), ('LC_MEASUREMENT', 'es_MX.UTF-8'), ('LC_IDENTIFICATION', 'es_MX.UTF-8'), ('QT_IM_MODULE', 'ibus'), ('PWD', '/home/fectec151/Downloads/Projects/vanttec_sdv/workspace/src/build/sdv_msgs'), ('LC_ALL', 'en_US.UTF-8'), ('XDG_CONFIG_DIRS', '/etc/xdg/xdg-ubuntu:/etc/xdg'), ('NVM_CD_FLAGS', ''), ('XDG_DATA_DIRS', '/usr/share/ubuntu:/usr/local/share/:/usr/share/:/var/lib/snapd/desktop'), ('PYTHONPATH', '/home/fectec151/Downloads/Projects/vanttec_sdv/workspace/src/install/vectornav_msgs/local/lib/python3.10/dist-packages:/home/fectec151/Downloads/Projects/vanttec_sdv/workspace/src/install/sdv_msgs/local/lib/python3.10/dist-packages:/opt/ros/humble/lib/python3.10/site-packages:/opt/ros/humble/local/lib/python3.10/dist-packages'), ('LC_NUMERIC', 'es_MX.UTF-8'), ('LC_PAPER', 'es_MX.UTF-8'), ('COLCON', '1'), ('VTE_VERSION', '6800'), ('NVM_RC_VERSION', ''), ('CMAKE_PREFIX_PATH', '/home/fectec151/Downloads/Projects/vanttec_sdv/workspace/src/install/sdv_control:/home/fectec151/Downloads/Projects/vanttec_sdv/workspace/src/install/vectornav_msgs:/home/fectec151/Downloads/Projects/vanttec_sdv/workspace/src/install/sdv_msgs:/opt/ros/humble')]), 'shell': False}
[0.090837] (sdv_msgs) StdoutLine: {'line': b'[  0%] Built target sdv_msgs__cpp\n'}
[0.099589] (-) TimerEvent: {}
[0.102312] (sdv_msgs) StdoutLine: {'line': b'[ 12%] Built target sdv_msgs__rosidl_generator_c\n'}
[0.113221] (sdv_msgs) StdoutLine: {'line': b'[ 12%] Built target ament_cmake_python_copy_sdv_msgs\n'}
[0.141081] (sdv_msgs) StdoutLine: {'line': b'[ 24%] Built target sdv_msgs__rosidl_typesupport_cpp\n'}
[0.143807] (sdv_msgs) StdoutLine: {'line': b'[ 36%] Built target sdv_msgs__rosidl_typesupport_introspection_cpp\n'}
[0.148167] (sdv_msgs) StdoutLine: {'line': b'[ 48%] Built target sdv_msgs__rosidl_typesupport_introspection_c\n'}
[0.151259] (sdv_msgs) StdoutLine: {'line': b'[ 60%] Built target sdv_msgs__rosidl_typesupport_c\n'}
[0.156328] (sdv_msgs) StdoutLine: {'line': b'[ 72%] Built target sdv_msgs__rosidl_typesupport_fastrtps_cpp\n'}
[0.164111] (sdv_msgs) StdoutLine: {'line': b'[ 84%] Built target sdv_msgs__rosidl_typesupport_fastrtps_c\n'}
[0.194783] (sdv_msgs) StdoutLine: {'line': b'[ 84%] Built target sdv_msgs\n'}
[0.199701] (-) TimerEvent: {}
[0.234591] (sdv_msgs) StdoutLine: {'line': b'[ 85%] Built target sdv_msgs__py\n'}
[0.283396] (sdv_msgs) StdoutLine: {'line': b'[ 96%] Built target sdv_msgs__rosidl_generator_py\n'}
[0.299849] (-) TimerEvent: {}
[0.316107] (sdv_msgs) StdoutLine: {'line': b'[ 97%] Built target sdv_msgs__rosidl_typesupport_c__pyext\n'}
[0.317357] (sdv_msgs) StdoutLine: {'line': b'[ 99%] Built target sdv_msgs__rosidl_typesupport_introspection_c__pyext\n'}
[0.319595] (sdv_msgs) StdoutLine: {'line': b'[100%] Built target sdv_msgs__rosidl_typesupport_fastrtps_c__pyext\n'}
[0.399975] (-) TimerEvent: {}
[0.500404] (sdv_msgs) StdoutLine: {'line': b'running egg_info\n'}
[0.500722] (-) TimerEvent: {}
[0.502348] (sdv_msgs) StdoutLine: {'line': b'writing sdv_msgs.egg-info/PKG-INFO\n'}
[0.502847] (sdv_msgs) StdoutLine: {'line': b'writing dependency_links to sdv_msgs.egg-info/dependency_links.txt\n'}
[0.503302] (sdv_msgs) StdoutLine: {'line': b'writing top-level names to sdv_msgs.egg-info/top_level.txt\n'}
[0.512267] (sdv_msgs) StdoutLine: {'line': b"reading manifest file 'sdv_msgs.egg-info/SOURCES.txt'\n"}
[0.516111] (sdv_msgs) StdoutLine: {'line': b"writing manifest file 'sdv_msgs.egg-info/SOURCES.txt'\n"}
[0.552405] (sdv_msgs) StdoutLine: {'line': b'[100%] Built target ament_cmake_python_build_sdv_msgs_egg\n'}
[0.567369] (sdv_msgs) CommandEnded: {'returncode': 0}
[0.600868] (-) TimerEvent: {}
[0.701161] (-) TimerEvent: {}
[0.801588] (-) TimerEvent: {}
[0.901932] (-) TimerEvent: {}
[1.002339] (-) TimerEvent: {}
[1.028030] (sdv_msgs) JobProgress: {'identifier': 'sdv_msgs', 'progress': 'install'}
[1.042462] (sdv_msgs) Command: {'cmd': ['/usr/bin/cmake', '--install', '/home/fectec151/Downloads/Projects/vanttec_sdv/workspace/src/build/sdv_msgs'], 'cwd': '/home/fectec151/Downloads/Projects/vanttec_sdv/workspace/src/build/sdv_msgs', 'env': OrderedDict([('LESSOPEN', '| /usr/bin/lesspipe %s'), ('USER', 'fectec151'), ('LC_TIME', 'es_MX.UTF-8'), ('XDG_SESSION_TYPE', 'wayland'), ('SHLVL', '1'), ('LD_LIBRARY_PATH', '/home/fectec151/Downloads/Projects/vanttec_sdv/workspace/src/install/vectornav_msgs/lib:/home/fectec151/Downloads/Projects/vanttec_sdv/workspace/src/install/sdv_msgs/lib:/usr/lib/x86_64-linux-gnu/gazebo-11/plugins:/opt/ros/humble/opt/rviz_ogre_vendor/lib:/opt/ros/humble/lib/x86_64-linux-gnu:/opt/ros/humble/lib'), ('HOME', '/home/fectec151'), ('OLDPWD', '/home/fectec151/Downloads/Projects/vanttec_sdv'), ('DESKTOP_SESSION', 'ubuntu'), ('ROS_PYTHON_VERSION', '3'), ('GNOME_SHELL_SESSION_MODE', 'ubuntu'), ('GTK_MODULES', 'gail:atk-bridge'), ('LC_MONETARY', 'es_MX.UTF-8'), ('MANAGERPID', '2151'), ('SYSTEMD_EXEC_PID', '2505'), ('DBUS_SESSION_BUS_ADDRESS', 'unix:path=/run/user/1000/bus'), ('COLORTERM', 'truecolor'), ('TERMINATOR_DBUS_NAME', 'net.tenshu.Terminator25ef4b219e3b005583550f2b0f9f990c3'), ('GIO_LAUNCHED_DESKTOP_FILE_PID', '30840'), ('NVM_DIR', '/home/fectec151/.nvm'), ('IM_CONFIG_PHASE', '1'), ('WAYLAND_DISPLAY', 'wayland-0'), ('COLCON_PREFIX_PATH', '/home/fectec151/Downloads/Projects/vanttec_sdv/workspace/src/install'), ('ROS_DISTRO', 'humble'), ('LOGNAME', 'fectec151'), ('JOURNAL_STREAM', '8:31498'), ('_', '/usr/bin/colcon'), ('ROS_VERSION', '2'), ('XDG_SESSION_CLASS', 'user'), ('USERNAME', 'fectec151'), ('TERM', 'xterm-256color'), ('GNOME_DESKTOP_SESSION_ID', 'this-is-deprecated'), ('ROS_LOCALHOST_ONLY', '0'), ('HISTCONTROL', 'ignoredups'), ('PATH', '/opt/ros/humble/bin:/home/fectec151/.local/bin:/usr/local/sbin:/usr/local/bin:/usr/sbin:/usr/bin:/sbin:/bin:/usr/games:/usr/local/games:/snap/bin:/snap/bin'), ('SESSION_MANAGER', 'local/fec-pc:@/tmp/.ICE-unix/2303,unix/fec-pc:/tmp/.ICE-unix/2303'), ('INVOCATION_ID', '8e2895da35924a5b97381964329a2156'), ('XDG_MENU_PREFIX', 'gnome-'), ('LC_ADDRESS', 'es_MX.UTF-8'), ('GNOME_SETUP_DISPLAY', ':1'), ('XDG_RUNTIME_DIR', '/run/user/1000'), ('DISPLAY', ':0'), ('HISTSIZE', '1000'), ('TERMINATOR_DBUS_PATH', '/net/tenshu/Terminator2'), ('LANG', 'en_US.UTF-8'), ('XDG_CURRENT_DESKTOP', 'ubuntu:GNOME'), ('IBUS_DISABLE_SNOOPER', '1'), ('LC_TELEPHONE', 'es_MX.UTF-8'), ('XMODIFIERS', '@im=ibus'), ('XDG_SESSION_DESKTOP', 'ubuntu'), ('XAUTHORITY', '/run/user/1000/.mutter-Xwaylandauth.P32AO2'), ('LS_COLORS', 'rs=0:di=01;34:ln=01;36:mh=00:pi=40;33:so=01;35:do=01;35:bd=40;33;01:cd=40;33;01:or=40;31;01:mi=00:su=37;41:sg=30;43:ca=30;41:tw=30;42:ow=34;42:st=37;44:ex=01;32:*.tar=01;31:*.tgz=01;31:*.arc=01;31:*.arj=01;31:*.taz=01;31:*.lha=01;31:*.lz4=01;31:*.lzh=01;31:*.lzma=01;31:*.tlz=01;31:*.txz=01;31:*.tzo=01;31:*.t7z=01;31:*.zip=01;31:*.z=01;31:*.dz=01;31:*.gz=01;31:*.lrz=01;31:*.lz=01;31:*.lzo=01;31:*.xz=01;31:*.zst=01;31:*.tzst=01;31:*.bz2=01;31:*.bz=01;31:*.tbz=01;31:*.tbz2=01;31:*.tz=01;31:*.deb=01;31:*.rpm=01;31:*.jar=01;31:*.war=01;31:*.ear=01;31:*.sar=01;31:*.rar=01;31:*.alz=01;31:*.ace=01;31:*.zoo=01;31:*.cpio=01;31:*.7z=01;31:*.rz=01;31:*.cab=01;31:*.wim=01;31:*.swm=01;31:*.dwm=01;31:*.esd=01;31:*.jpg=01;35:*.jpeg=01;35:*.mjpg=01;35:*.mjpeg=01;35:*.gif=01;35:*.bmp=01;35:*.pbm=01;35:*.pgm=01;35:*.ppm=01;35:*.tga=01;35:*.xbm=01;35:*.xpm=01;35:*.tif=01;35:*.tiff=01;35:*.png=01;35:*.svg=01;35:*.svgz=01;35:*.mng=01;35:*.pcx=01;35:*.mov=01;35:*.mpg=01;35:*.mpeg=01;35:*.m2v=01;35:*.mkv=01;35:*.webm=01;35:*.webp=01;35:*.ogm=01;35:*.mp4=01;35:*.m4v=01;35:*.mp4v=01;35:*.vob=01;35:*.qt=01;35:*.nuv=01;35:*.wmv=01;35:*.asf=01;35:*.rm=01;35:*.rmvb=01;35:*.flc=01;35:*.avi=01;35:*.fli=01;35:*.flv=01;35:*.gl=01;35:*.dl=01;35:*.xcf=01;35:*.xwd=01;35:*.yuv=01;35:*.cgm=01;35:*.emf=01;35:*.ogv=01;35:*.ogx=01;35:*.aac=00;36:*.au=00;36:*.flac=00;36:*.m4a=00;36:*.mid=00;36:*.midi=00;36:*.mka=00;36:*.mp3=00;36:*.mpc=00;36:*.ogg=00;36:*.ra=00;36:*.wav=00;36:*.oga=00;36:*.opus=00;36:*.spx=00;36:*.xspf=00;36:'), ('SSH_AGENT_LAUNCHER', 'gnome-keyring'), ('SSH_AUTH_SOCK', '/run/user/1000/keyring/ssh'), ('AMENT_PREFIX_PATH', '/home/fectec151/Downloads/Projects/vanttec_sdv/workspace/src/install/sdv_control:/home/fectec151/Downloads/Projects/vanttec_sdv/workspace/src/install/vectornav_msgs:/home/fectec151/Downloads/Projects/vanttec_sdv/workspace/src/install/sdv_msgs:/opt/ros/humble'), ('SHELL', '/bin/bash'), ('LC_NAME', 'es_MX.UTF-8'), ('TERMINATOR_UUID', 'urn:uuid:92cad240-5dc7-44ef-b646-d541f3465e17'), ('QT_ACCESSIBILITY', '1'), ('GDMSESSION', 'ubuntu'), ('LESSCLOSE', '/usr/bin/lesspipe %s %s'), ('LC_MEASUREMENT', 'es_MX.UTF-8'), ('LC_IDENTIFICATION', 'es_MX.UTF-8'), ('QT_IM_MODULE', 'ibus'), ('PWD', '/home/fectec151/Downloads/Projects/vanttec_sdv/workspace/src/build/sdv_msgs'), ('LC_ALL', 'en_US.UTF-8'), ('XDG_CONFIG_DIRS', '/etc/xdg/xdg-ubuntu:/etc/xdg'), ('NVM_CD_FLAGS', ''), ('XDG_DATA_DIRS', '/usr/share/ubuntu:/usr/local/share/:/usr/share/:/var/lib/snapd/desktop'), ('PYTHONPATH', '/home/fectec151/Downloads/Projects/vanttec_sdv/workspace/src/install/vectornav_msgs/local/lib/python3.10/dist-packages:/home/fectec151/Downloads/Projects/vanttec_sdv/workspace/src/install/sdv_msgs/local/lib/python3.10/dist-packages:/opt/ros/humble/lib/python3.10/site-packages:/opt/ros/humble/local/lib/python3.10/dist-packages'), ('LC_NUMERIC', 'es_MX.UTF-8'), ('LC_PAPER', 'es_MX.UTF-8'), ('COLCON', '1'), ('VTE_VERSION', '6800'), ('NVM_RC_VERSION', ''), ('CMAKE_PREFIX_PATH', '/home/fectec151/Downloads/Projects/vanttec_sdv/workspace/src/install/sdv_control:/home/fectec151/Downloads/Projects/vanttec_sdv/workspace/src/install/vectornav_msgs:/home/fectec151/Downloads/Projects/vanttec_sdv/workspace/src/install/sdv_msgs:/opt/ros/humble')]), 'shell': False}
[1.055419] (sdv_msgs) StdoutLine: {'line': b'-- Install configuration: ""\n'}
[1.055957] (sdv_msgs) StdoutLine: {'line': b'-- Up-to-date: /home/fectec151/Downloads/Projects/vanttec_sdv/workspace/src/install/sdv_msgs/share/ament_index/resource_index/rosidl_interfaces/sdv_msgs\n'}
[1.056193] (sdv_msgs) StdoutLine: {'line': b'-- Up-to-date: /home/fectec151/Downloads/Projects/vanttec_sdv/workspace/src/install/sdv_msgs/include/sdv_msgs/sdv_msgs\n'}
[1.056301] (sdv_msgs) StdoutLine: {'line': b'-- Up-to-date: /home/fectec151/Downloads/Projects/vanttec_sdv/workspace/src/install/sdv_msgs/include/sdv_msgs/sdv_msgs/srv\n'}
[1.056423] (sdv_msgs) StdoutLine: {'line': b'-- Up-to-date: /home/fectec151/Downloads/Projects/vanttec_sdv/workspace/src/install/sdv_msgs/include/sdv_msgs/sdv_msgs/srv/detail\n'}
[1.056526] (sdv_msgs) StdoutLine: {'line': b'-- Up-to-date: /home/fectec151/Downloads/Projects/vanttec_sdv/workspace/src/install/sdv_msgs/include/sdv_msgs/sdv_msgs/srv/detail/uint8__functions.h\n'}
[1.056621] (sdv_msgs) StdoutLine: {'line': b'-- Up-to-date: /home/fectec151/Downloads/Projects/vanttec_sdv/workspace/src/install/sdv_msgs/include/sdv_msgs/sdv_msgs/srv/detail/uint8__functions.c\n'}
[1.056716] (sdv_msgs) StdoutLine: {'line': b'-- Up-to-date: /home/fectec151/Downloads/Projects/vanttec_sdv/workspace/src/install/sdv_msgs/include/sdv_msgs/sdv_msgs/srv/detail/uint8__struct.h\n'}
[1.056810] (sdv_msgs) StdoutLine: {'line': b'-- Up-to-date: /home/fectec151/Downloads/Projects/vanttec_sdv/workspace/src/install/sdv_msgs/include/sdv_msgs/sdv_msgs/srv/detail/uint8__type_support.h\n'}
[1.056906] (sdv_msgs) StdoutLine: {'line': b'-- Up-to-date: /home/fectec151/Downloads/Projects/vanttec_sdv/workspace/src/install/sdv_msgs/include/sdv_msgs/sdv_msgs/srv/uint8.h\n'}
[1.056997] (sdv_msgs) StdoutLine: {'line': b'-- Up-to-date: /home/fectec151/Downloads/Projects/vanttec_sdv/workspace/src/install/sdv_msgs/include/sdv_msgs/sdv_msgs/msg\n'}
[1.057093] (sdv_msgs) StdoutLine: {'line': b'-- Up-to-date: /home/fectec151/Downloads/Projects/vanttec_sdv/workspace/src/install/sdv_msgs/include/sdv_msgs/sdv_msgs/msg/vehicle_status.h\n'}
[1.057187] (sdv_msgs) StdoutLine: {'line': b'-- Up-to-date: /home/fectec151/Downloads/Projects/vanttec_sdv/workspace/src/install/sdv_msgs/include/sdv_msgs/sdv_msgs/msg/vehicle_info.h\n'}
[1.057397] (sdv_msgs) StdoutLine: {'line': b'-- Up-to-date: /home/fectec151/Downloads/Projects/vanttec_sdv/workspace/src/install/sdv_msgs/include/sdv_msgs/sdv_msgs/msg/lane_invasion_event.h\n'}
[1.057633] (sdv_msgs) StdoutLine: {'line': b'-- Up-to-date: /home/fectec151/Downloads/Projects/vanttec_sdv/workspace/src/install/sdv_msgs/include/sdv_msgs/sdv_msgs/msg/vehicle_control.h\n'}
[1.057923] (sdv_msgs) StdoutLine: {'line': b'-- Up-to-date: /home/fectec151/Downloads/Projects/vanttec_sdv/workspace/src/install/sdv_msgs/include/sdv_msgs/sdv_msgs/msg/encoder.h\n'}
[1.058027] (sdv_msgs) StdoutLine: {'line': b'-- Up-to-date: /home/fectec151/Downloads/Projects/vanttec_sdv/workspace/src/install/sdv_msgs/include/sdv_msgs/sdv_msgs/msg/state.h\n'}
[1.058127] (sdv_msgs) StdoutLine: {'line': b'-- Up-to-date: /home/fectec151/Downloads/Projects/vanttec_sdv/workspace/src/install/sdv_msgs/include/sdv_msgs/sdv_msgs/msg/panel_msg.h\n'}
[1.058348] (sdv_msgs) StdoutLine: {'line': b'-- Up-to-date: /home/fectec151/Downloads/Projects/vanttec_sdv/workspace/src/install/sdv_msgs/include/sdv_msgs/sdv_msgs/msg/throttle_msg.h\n'}
[1.058455] (sdv_msgs) StdoutLine: {'line': b'-- Up-to-date: /home/fectec151/Downloads/Projects/vanttec_sdv/workspace/src/install/sdv_msgs/include/sdv_msgs/sdv_msgs/msg/rosidl_generator_c__visibility_control.h\n'}
[1.058555] (sdv_msgs) StdoutLine: {'line': b'-- Up-to-date: /home/fectec151/Downloads/Projects/vanttec_sdv/workspace/src/install/sdv_msgs/include/sdv_msgs/sdv_msgs/msg/xbox_msg.h\n'}
[1.058710] (sdv_msgs) StdoutLine: {'line': b'-- Up-to-date: /home/fectec151/Downloads/Projects/vanttec_sdv/workspace/src/install/sdv_msgs/include/sdv_msgs/sdv_msgs/msg/vehicle_info_wheel.h\n'}
[1.058865] (sdv_msgs) StdoutLine: {'line': b'-- Up-to-date: /home/fectec151/Downloads/Projects/vanttec_sdv/workspace/src/install/sdv_msgs/include/sdv_msgs/sdv_msgs/msg/collision_event.h\n'}
[1.059355] (sdv_msgs) StdoutLine: {'line': b'-- Up-to-date: /home/fectec151/Downloads/Projects/vanttec_sdv/workspace/src/install/sdv_msgs/include/sdv_msgs/sdv_msgs/msg/eta_pose.h\n'}
[1.059637] (sdv_msgs) StdoutLine: {'line': b'-- Up-to-date: /home/fectec151/Downloads/Projects/vanttec_sdv/workspace/src/install/sdv_msgs/include/sdv_msgs/sdv_msgs/msg/guidance_waypoints.h\n'}
[1.059788] (sdv_msgs) StdoutLine: {'line': b'-- Up-to-date: /home/fectec151/Downloads/Projects/vanttec_sdv/workspace/src/install/sdv_msgs/include/sdv_msgs/sdv_msgs/msg/status.h\n'}
[1.059939] (sdv_msgs) StdoutLine: {'line': b'-- Up-to-date: /home/fectec151/Downloads/Projects/vanttec_sdv/workspace/src/install/sdv_msgs/include/sdv_msgs/sdv_msgs/msg/system_dynamics.h\n'}
[1.060189] (sdv_msgs) StdoutLine: {'line': b'-- Up-to-date: /home/fectec151/Downloads/Projects/vanttec_sdv/workspace/src/install/sdv_msgs/include/sdv_msgs/sdv_msgs/msg/thrust_control.h\n'}
[1.060547] (sdv_msgs) StdoutLine: {'line': b'-- Up-to-date: /home/fectec151/Downloads/Projects/vanttec_sdv/workspace/src/install/sdv_msgs/include/sdv_msgs/sdv_msgs/msg/detail\n'}
[1.060941] (sdv_msgs) StdoutLine: {'line': b'-- Up-to-date: /home/fectec151/Downloads/Projects/vanttec_sdv/workspace/src/install/sdv_msgs/include/sdv_msgs/sdv_msgs/msg/detail/vehicle_status__functions.c\n'}
[1.061082] (sdv_msgs) StdoutLine: {'line': b'-- Up-to-date: /home/fectec151/Downloads/Projects/vanttec_sdv/workspace/src/install/sdv_msgs/include/sdv_msgs/sdv_msgs/msg/detail/thrust_control__functions.h\n'}
[1.061149] (sdv_msgs) StdoutLine: {'line': b'-- Up-to-date: /home/fectec151/Downloads/Projects/vanttec_sdv/workspace/src/install/sdv_msgs/include/sdv_msgs/sdv_msgs/msg/detail/xbox_msg__functions.c\n'}
[1.061208] (sdv_msgs) StdoutLine: {'line': b'-- Up-to-date: /home/fectec151/Downloads/Projects/vanttec_sdv/workspace/src/install/sdv_msgs/include/sdv_msgs/sdv_msgs/msg/detail/vehicle_status__functions.h\n'}
[1.061265] (sdv_msgs) StdoutLine: {'line': b'-- Up-to-date: /home/fectec151/Downloads/Projects/vanttec_sdv/workspace/src/install/sdv_msgs/include/sdv_msgs/sdv_msgs/msg/detail/vehicle_info__struct.h\n'}
[1.061322] (sdv_msgs) StdoutLine: {'line': b'-- Up-to-date: /home/fectec151/Downloads/Projects/vanttec_sdv/workspace/src/install/sdv_msgs/include/sdv_msgs/sdv_msgs/msg/detail/collision_event__functions.h\n'}
[1.061378] (sdv_msgs) StdoutLine: {'line': b'-- Up-to-date: /home/fectec151/Downloads/Projects/vanttec_sdv/workspace/src/install/sdv_msgs/include/sdv_msgs/sdv_msgs/msg/detail/throttle_msg__functions.c\n'}
[1.061433] (sdv_msgs) StdoutLine: {'line': b'-- Up-to-date: /home/fectec151/Downloads/Projects/vanttec_sdv/workspace/src/install/sdv_msgs/include/sdv_msgs/sdv_msgs/msg/detail/encoder__functions.c\n'}
[1.061489] (sdv_msgs) StdoutLine: {'line': b'-- Up-to-date: /home/fectec151/Downloads/Projects/vanttec_sdv/workspace/src/install/sdv_msgs/include/sdv_msgs/sdv_msgs/msg/detail/system_dynamics__functions.h\n'}
[1.061542] (sdv_msgs) StdoutLine: {'line': b'-- Up-to-date: /home/fectec151/Downloads/Projects/vanttec_sdv/workspace/src/install/sdv_msgs/include/sdv_msgs/sdv_msgs/msg/detail/vehicle_control__struct.h\n'}
[1.061609] (sdv_msgs) StdoutLine: {'line': b'-- Up-to-date: /home/fectec151/Downloads/Projects/vanttec_sdv/workspace/src/install/sdv_msgs/include/sdv_msgs/sdv_msgs/msg/detail/vehicle_control__functions.c\n'}
[1.061674] (sdv_msgs) StdoutLine: {'line': b'-- Up-to-date: /home/fectec151/Downloads/Projects/vanttec_sdv/workspace/src/install/sdv_msgs/include/sdv_msgs/sdv_msgs/msg/detail/xbox_msg__functions.h\n'}
[1.061777] (sdv_msgs) StdoutLine: {'line': b'-- Up-to-date: /home/fectec151/Downloads/Projects/vanttec_sdv/workspace/src/install/sdv_msgs/include/sdv_msgs/sdv_msgs/msg/detail/throttle_msg__type_support.h\n'}
[1.061835] (sdv_msgs) StdoutLine: {'line': b'-- Up-to-date: /home/fectec151/Downloads/Projects/vanttec_sdv/workspace/src/install/sdv_msgs/include/sdv_msgs/sdv_msgs/msg/detail/lane_invasion_event__struct.h\n'}
[1.062016] (sdv_msgs) StdoutLine: {'line': b'-- Up-to-date: /home/fectec151/Downloads/Projects/vanttec_sdv/workspace/src/install/sdv_msgs/include/sdv_msgs/sdv_msgs/msg/detail/collision_event__struct.h\n'}
[1.062076] (sdv_msgs) StdoutLine: {'line': b'-- Up-to-date: /home/fectec151/Downloads/Projects/vanttec_sdv/workspace/src/install/sdv_msgs/include/sdv_msgs/sdv_msgs/msg/detail/status__functions.c\n'}
[1.062130] (sdv_msgs) StdoutLine: {'line': b'-- Up-to-date: /home/fectec151/Downloads/Projects/vanttec_sdv/workspace/src/install/sdv_msgs/include/sdv_msgs/sdv_msgs/msg/detail/vehicle_info__functions.h\n'}
[1.062350] (sdv_msgs) StdoutLine: {'line': b'-- Up-to-date: /home/fectec151/Downloads/Projects/vanttec_sdv/workspace/src/install/sdv_msgs/include/sdv_msgs/sdv_msgs/msg/detail/eta_pose__functions.h\n'}
[1.062419] (sdv_msgs) StdoutLine: {'line': b'-- Up-to-date: /home/fectec151/Downloads/Projects/vanttec_sdv/workspace/src/install/sdv_msgs/include/sdv_msgs/sdv_msgs/msg/detail/lane_invasion_event__functions.h\n'}
[1.062477] (sdv_msgs) StdoutLine: {'line': b'-- Up-to-date: /home/fectec151/Downloads/Projects/vanttec_sdv/workspace/src/install/sdv_msgs/include/sdv_msgs/sdv_msgs/msg/detail/thrust_control__struct.h\n'}
[1.062546] (sdv_msgs) StdoutLine: {'line': b'-- Up-to-date: /home/fectec151/Downloads/Projects/vanttec_sdv/workspace/src/install/sdv_msgs/include/sdv_msgs/sdv_msgs/msg/detail/vehicle_info_wheel__struct.h\n'}
[1.062693] (sdv_msgs) StdoutLine: {'line': b'-- Up-to-date: /home/fectec151/Downloads/Projects/vanttec_sdv/workspace/src/install/sdv_msgs/include/sdv_msgs/sdv_msgs/msg/detail/system_dynamics__functions.c\n'}
[1.062760] (sdv_msgs) StdoutLine: {'line': b'-- Up-to-date: /home/fectec151/Downloads/Projects/vanttec_sdv/workspace/src/install/sdv_msgs/include/sdv_msgs/sdv_msgs/msg/detail/panel_msg__struct.h\n'}
[1.062824] (sdv_msgs) StdoutLine: {'line': b'-- Up-to-date: /home/fectec151/Downloads/Projects/vanttec_sdv/workspace/src/install/sdv_msgs/include/sdv_msgs/sdv_msgs/msg/detail/state__type_support.h\n'}
[1.062883] (sdv_msgs) StdoutLine: {'line': b'-- Up-to-date: /home/fectec151/Downloads/Projects/vanttec_sdv/workspace/src/install/sdv_msgs/include/sdv_msgs/sdv_msgs/msg/detail/state__functions.h\n'}
[1.062937] (sdv_msgs) StdoutLine: {'line': b'-- Up-to-date: /home/fectec151/Downloads/Projects/vanttec_sdv/workspace/src/install/sdv_msgs/include/sdv_msgs/sdv_msgs/msg/detail/vehicle_info_wheel__type_support.h\n'}
[1.062992] (sdv_msgs) StdoutLine: {'line': b'-- Up-to-date: /home/fectec151/Downloads/Projects/vanttec_sdv/workspace/src/install/sdv_msgs/include/sdv_msgs/sdv_msgs/msg/detail/guidance_waypoints__struct.h\n'}
[1.063048] (sdv_msgs) StdoutLine: {'line': b'-- Up-to-date: /home/fectec151/Downloads/Projects/vanttec_sdv/workspace/src/install/sdv_msgs/include/sdv_msgs/sdv_msgs/msg/detail/status__type_support.h\n'}
[1.063100] (sdv_msgs) StdoutLine: {'line': b'-- Up-to-date: /home/fectec151/Downloads/Projects/vanttec_sdv/workspace/src/install/sdv_msgs/include/sdv_msgs/sdv_msgs/msg/detail/vehicle_info_wheel__functions.c\n'}
[1.063153] (sdv_msgs) StdoutLine: {'line': b'-- Up-to-date: /home/fectec151/Downloads/Projects/vanttec_sdv/workspace/src/install/sdv_msgs/include/sdv_msgs/sdv_msgs/msg/detail/vehicle_control__type_support.h\n'}
[1.063207] (sdv_msgs) StdoutLine: {'line': b'-- Up-to-date: /home/fectec151/Downloads/Projects/vanttec_sdv/workspace/src/install/sdv_msgs/include/sdv_msgs/sdv_msgs/msg/detail/vehicle_info_wheel__functions.h\n'}
[1.063261] (sdv_msgs) StdoutLine: {'line': b'-- Up-to-date: /home/fectec151/Downloads/Projects/vanttec_sdv/workspace/src/install/sdv_msgs/include/sdv_msgs/sdv_msgs/msg/detail/panel_msg__functions.h\n'}
[1.063318] (sdv_msgs) StdoutLine: {'line': b'-- Up-to-date: /home/fectec151/Downloads/Projects/vanttec_sdv/workspace/src/install/sdv_msgs/include/sdv_msgs/sdv_msgs/msg/detail/eta_pose__struct.h\n'}
[1.063411] (sdv_msgs) StdoutLine: {'line': b'-- Up-to-date: /home/fectec151/Downloads/Projects/vanttec_sdv/workspace/src/install/sdv_msgs/include/sdv_msgs/sdv_msgs/msg/detail/thrust_control__functions.c\n'}
[1.063468] (sdv_msgs) StdoutLine: {'line': b'-- Up-to-date: /home/fectec151/Downloads/Projects/vanttec_sdv/workspace/src/install/sdv_msgs/include/sdv_msgs/sdv_msgs/msg/detail/panel_msg__type_support.h\n'}
[1.063534] (sdv_msgs) StdoutLine: {'line': b'-- Up-to-date: /home/fectec151/Downloads/Projects/vanttec_sdv/workspace/src/install/sdv_msgs/include/sdv_msgs/sdv_msgs/msg/detail/vehicle_status__struct.h\n'}
[1.063694] (sdv_msgs) StdoutLine: {'line': b'-- Up-to-date: /home/fectec151/Downloads/Projects/vanttec_sdv/workspace/src/install/sdv_msgs/include/sdv_msgs/sdv_msgs/msg/detail/status__functions.h\n'}
[1.063747] (sdv_msgs) StdoutLine: {'line': b'-- Up-to-date: /home/fectec151/Downloads/Projects/vanttec_sdv/workspace/src/install/sdv_msgs/include/sdv_msgs/sdv_msgs/msg/detail/state__functions.c\n'}
[1.063797] (sdv_msgs) StdoutLine: {'line': b'-- Up-to-date: /home/fectec151/Downloads/Projects/vanttec_sdv/workspace/src/install/sdv_msgs/include/sdv_msgs/sdv_msgs/msg/detail/guidance_waypoints__type_support.h\n'}
[1.063848] (sdv_msgs) StdoutLine: {'line': b'-- Up-to-date: /home/fectec151/Downloads/Projects/vanttec_sdv/workspace/src/install/sdv_msgs/include/sdv_msgs/sdv_msgs/msg/detail/status__struct.h\n'}
[1.063899] (sdv_msgs) StdoutLine: {'line': b'-- Up-to-date: /home/fectec151/Downloads/Projects/vanttec_sdv/workspace/src/install/sdv_msgs/include/sdv_msgs/sdv_msgs/msg/detail/lane_invasion_event__functions.c\n'}
[1.063950] (sdv_msgs) StdoutLine: {'line': b'-- Up-to-date: /home/fectec151/Downloads/Projects/vanttec_sdv/workspace/src/install/sdv_msgs/include/sdv_msgs/sdv_msgs/msg/detail/collision_event__type_support.h\n'}
[1.064012] (sdv_msgs) StdoutLine: {'line': b'-- Up-to-date: /home/fectec151/Downloads/Projects/vanttec_sdv/workspace/src/install/sdv_msgs/include/sdv_msgs/sdv_msgs/msg/detail/state__struct.h\n'}
[1.064063] (sdv_msgs) StdoutLine: {'line': b'-- Up-to-date: /home/fectec151/Downloads/Projects/vanttec_sdv/workspace/src/install/sdv_msgs/include/sdv_msgs/sdv_msgs/msg/detail/lane_invasion_event__type_support.h\n'}
[1.064130] (sdv_msgs) StdoutLine: {'line': b'-- Up-to-date: /home/fectec151/Downloads/Projects/vanttec_sdv/workspace/src/install/sdv_msgs/include/sdv_msgs/sdv_msgs/msg/detail/vehicle_info__functions.c\n'}
[1.064188] (sdv_msgs) StdoutLine: {'line': b'-- Up-to-date: /home/fectec151/Downloads/Projects/vanttec_sdv/workspace/src/install/sdv_msgs/include/sdv_msgs/sdv_msgs/msg/detail/xbox_msg__type_support.h\n'}
[1.064245] (sdv_msgs) StdoutLine: {'line': b'-- Up-to-date: /home/fectec151/Downloads/Projects/vanttec_sdv/workspace/src/install/sdv_msgs/include/sdv_msgs/sdv_msgs/msg/detail/eta_pose__functions.c\n'}
[1.064368] (sdv_msgs) StdoutLine: {'line': b'-- Up-to-date: /home/fectec151/Downloads/Projects/vanttec_sdv/workspace/src/install/sdv_msgs/include/sdv_msgs/sdv_msgs/msg/detail/vehicle_control__functions.h\n'}
[1.064447] (sdv_msgs) StdoutLine: {'line': b'-- Up-to-date: /home/fectec151/Downloads/Projects/vanttec_sdv/workspace/src/install/sdv_msgs/include/sdv_msgs/sdv_msgs/msg/detail/throttle_msg__struct.h\n'}
[1.064510] (sdv_msgs) StdoutLine: {'line': b'-- Up-to-date: /home/fectec151/Downloads/Projects/vanttec_sdv/workspace/src/install/sdv_msgs/include/sdv_msgs/sdv_msgs/msg/detail/encoder__struct.h\n'}
[1.064567] (sdv_msgs) StdoutLine: {'line': b'-- Up-to-date: /home/fectec151/Downloads/Projects/vanttec_sdv/workspace/src/install/sdv_msgs/include/sdv_msgs/sdv_msgs/msg/detail/throttle_msg__functions.h\n'}
[1.064620] (sdv_msgs) StdoutLine: {'line': b'-- Up-to-date: /home/fectec151/Downloads/Projects/vanttec_sdv/workspace/src/install/sdv_msgs/include/sdv_msgs/sdv_msgs/msg/detail/guidance_waypoints__functions.c\n'}
[1.064681] (sdv_msgs) StdoutLine: {'line': b'-- Up-to-date: /home/fectec151/Downloads/Projects/vanttec_sdv/workspace/src/install/sdv_msgs/include/sdv_msgs/sdv_msgs/msg/detail/eta_pose__type_support.h\n'}
[1.064777] (sdv_msgs) StdoutLine: {'line': b'-- Up-to-date: /home/fectec151/Downloads/Projects/vanttec_sdv/workspace/src/install/sdv_msgs/include/sdv_msgs/sdv_msgs/msg/detail/vehicle_info__type_support.h\n'}
[1.064844] (sdv_msgs) StdoutLine: {'line': b'-- Up-to-date: /home/fectec151/Downloads/Projects/vanttec_sdv/workspace/src/install/sdv_msgs/include/sdv_msgs/sdv_msgs/msg/detail/system_dynamics__type_support.h\n'}
[1.064912] (sdv_msgs) StdoutLine: {'line': b'-- Up-to-date: /home/fectec151/Downloads/Projects/vanttec_sdv/workspace/src/install/sdv_msgs/include/sdv_msgs/sdv_msgs/msg/detail/encoder__type_support.h\n'}
[1.064973] (sdv_msgs) StdoutLine: {'line': b'-- Up-to-date: /home/fectec151/Downloads/Projects/vanttec_sdv/workspace/src/install/sdv_msgs/include/sdv_msgs/sdv_msgs/msg/detail/xbox_msg__struct.h\n'}
[1.065034] (sdv_msgs) StdoutLine: {'line': b'-- Up-to-date: /home/fectec151/Downloads/Projects/vanttec_sdv/workspace/src/install/sdv_msgs/include/sdv_msgs/sdv_msgs/msg/detail/guidance_waypoints__functions.h\n'}
[1.065088] (sdv_msgs) StdoutLine: {'line': b'-- Up-to-date: /home/fectec151/Downloads/Projects/vanttec_sdv/workspace/src/install/sdv_msgs/include/sdv_msgs/sdv_msgs/msg/detail/panel_msg__functions.c\n'}
[1.065140] (sdv_msgs) StdoutLine: {'line': b'-- Up-to-date: /home/fectec151/Downloads/Projects/vanttec_sdv/workspace/src/install/sdv_msgs/include/sdv_msgs/sdv_msgs/msg/detail/system_dynamics__struct.h\n'}
[1.065193] (sdv_msgs) StdoutLine: {'line': b'-- Up-to-date: /home/fectec151/Downloads/Projects/vanttec_sdv/workspace/src/install/sdv_msgs/include/sdv_msgs/sdv_msgs/msg/detail/thrust_control__type_support.h\n'}
[1.065276] (sdv_msgs) StdoutLine: {'line': b'-- Up-to-date: /home/fectec151/Downloads/Projects/vanttec_sdv/workspace/src/install/sdv_msgs/include/sdv_msgs/sdv_msgs/msg/detail/vehicle_status__type_support.h\n'}
[1.065330] (sdv_msgs) StdoutLine: {'line': b'-- Up-to-date: /home/fectec151/Downloads/Projects/vanttec_sdv/workspace/src/install/sdv_msgs/include/sdv_msgs/sdv_msgs/msg/detail/collision_event__functions.c\n'}
[1.065381] (sdv_msgs) StdoutLine: {'line': b'-- Up-to-date: /home/fectec151/Downloads/Projects/vanttec_sdv/workspace/src/install/sdv_msgs/include/sdv_msgs/sdv_msgs/msg/detail/encoder__functions.h\n'}
[1.065435] (sdv_msgs) StdoutLine: {'line': b'-- Up-to-date: /home/fectec151/Downloads/Projects/vanttec_sdv/workspace/src/install/sdv_msgs/share/sdv_msgs/environment/library_path.sh\n'}
[1.065491] (sdv_msgs) StdoutLine: {'line': b'-- Up-to-date: /home/fectec151/Downloads/Projects/vanttec_sdv/workspace/src/install/sdv_msgs/share/sdv_msgs/environment/library_path.dsv\n'}
[1.065546] (sdv_msgs) StdoutLine: {'line': b'-- Up-to-date: /home/fectec151/Downloads/Projects/vanttec_sdv/workspace/src/install/sdv_msgs/lib/libsdv_msgs__rosidl_generator_c.so\n'}
[1.065600] (sdv_msgs) StdoutLine: {'line': b'-- Up-to-date: /home/fectec151/Downloads/Projects/vanttec_sdv/workspace/src/install/sdv_msgs/include/sdv_msgs/sdv_msgs\n'}
[1.065664] (sdv_msgs) StdoutLine: {'line': b'-- Up-to-date: /home/fectec151/Downloads/Projects/vanttec_sdv/workspace/src/install/sdv_msgs/include/sdv_msgs/sdv_msgs/srv\n'}
[1.065718] (sdv_msgs) StdoutLine: {'line': b'-- Up-to-date: /home/fectec151/Downloads/Projects/vanttec_sdv/workspace/src/install/sdv_msgs/include/sdv_msgs/sdv_msgs/srv/detail\n'}
[1.065776] (sdv_msgs) StdoutLine: {'line': b'-- Up-to-date: /home/fectec151/Downloads/Projects/vanttec_sdv/workspace/src/install/sdv_msgs/include/sdv_msgs/sdv_msgs/srv/detail/uint8__rosidl_typesupport_fastrtps_c.h\n'}
[1.065829] (sdv_msgs) StdoutLine: {'line': b'-- Up-to-date: /home/fectec151/Downloads/Projects/vanttec_sdv/workspace/src/install/sdv_msgs/include/sdv_msgs/sdv_msgs/msg\n'}
[1.065884] (sdv_msgs) StdoutLine: {'line': b'-- Up-to-date: /home/fectec151/Downloads/Projects/vanttec_sdv/workspace/src/install/sdv_msgs/include/sdv_msgs/sdv_msgs/msg/rosidl_typesupport_fastrtps_c__visibility_control.h\n'}
[1.065937] (sdv_msgs) StdoutLine: {'line': b'-- Up-to-date: /home/fectec151/Downloads/Projects/vanttec_sdv/workspace/src/install/sdv_msgs/include/sdv_msgs/sdv_msgs/msg/detail\n'}
[1.066189] (sdv_msgs) StdoutLine: {'line': b'-- Up-to-date: /home/fectec151/Downloads/Projects/vanttec_sdv/workspace/src/install/sdv_msgs/include/sdv_msgs/sdv_msgs/msg/detail/vehicle_control__rosidl_typesupport_fastrtps_c.h\n'}
[1.066254] (sdv_msgs) StdoutLine: {'line': b'-- Up-to-date: /home/fectec151/Downloads/Projects/vanttec_sdv/workspace/src/install/sdv_msgs/include/sdv_msgs/sdv_msgs/msg/detail/vehicle_info_wheel__rosidl_typesupport_fastrtps_c.h\n'}
[1.066382] (sdv_msgs) StdoutLine: {'line': b'-- Up-to-date: /home/fectec151/Downloads/Projects/vanttec_sdv/workspace/src/install/sdv_msgs/include/sdv_msgs/sdv_msgs/msg/detail/thrust_control__rosidl_typesupport_fastrtps_c.h\n'}
[1.066445] (sdv_msgs) StdoutLine: {'line': b'-- Up-to-date: /home/fectec151/Downloads/Projects/vanttec_sdv/workspace/src/install/sdv_msgs/include/sdv_msgs/sdv_msgs/msg/detail/guidance_waypoints__rosidl_typesupport_fastrtps_c.h\n'}
[1.066502] (sdv_msgs) StdoutLine: {'line': b'-- Up-to-date: /home/fectec151/Downloads/Projects/vanttec_sdv/workspace/src/install/sdv_msgs/include/sdv_msgs/sdv_msgs/msg/detail/xbox_msg__rosidl_typesupport_fastrtps_c.h\n'}
[1.066574] (sdv_msgs) StdoutLine: {'line': b'-- Up-to-date: /home/fectec151/Downloads/Projects/vanttec_sdv/workspace/src/install/sdv_msgs/include/sdv_msgs/sdv_msgs/msg/detail/state__rosidl_typesupport_fastrtps_c.h\n'}
[1.066633] (sdv_msgs) StdoutLine: {'line': b'-- Up-to-date: /home/fectec151/Downloads/Projects/vanttec_sdv/workspace/src/install/sdv_msgs/include/sdv_msgs/sdv_msgs/msg/detail/collision_event__rosidl_typesupport_fastrtps_c.h\n'}
[1.066693] (sdv_msgs) StdoutLine: {'line': b'-- Up-to-date: /home/fectec151/Downloads/Projects/vanttec_sdv/workspace/src/install/sdv_msgs/include/sdv_msgs/sdv_msgs/msg/detail/eta_pose__rosidl_typesupport_fastrtps_c.h\n'}
[1.066750] (sdv_msgs) StdoutLine: {'line': b'-- Up-to-date: /home/fectec151/Downloads/Projects/vanttec_sdv/workspace/src/install/sdv_msgs/include/sdv_msgs/sdv_msgs/msg/detail/vehicle_status__rosidl_typesupport_fastrtps_c.h\n'}
[1.066806] (sdv_msgs) StdoutLine: {'line': b'-- Up-to-date: /home/fectec151/Downloads/Projects/vanttec_sdv/workspace/src/install/sdv_msgs/include/sdv_msgs/sdv_msgs/msg/detail/throttle_msg__rosidl_typesupport_fastrtps_c.h\n'}
[1.066869] (sdv_msgs) StdoutLine: {'line': b'-- Up-to-date: /home/fectec151/Downloads/Projects/vanttec_sdv/workspace/src/install/sdv_msgs/include/sdv_msgs/sdv_msgs/msg/detail/lane_invasion_event__rosidl_typesupport_fastrtps_c.h\n'}
[1.066925] (sdv_msgs) StdoutLine: {'line': b'-- Up-to-date: /home/fectec151/Downloads/Projects/vanttec_sdv/workspace/src/install/sdv_msgs/include/sdv_msgs/sdv_msgs/msg/detail/panel_msg__rosidl_typesupport_fastrtps_c.h\n'}
[1.067040] (sdv_msgs) StdoutLine: {'line': b'-- Up-to-date: /home/fectec151/Downloads/Projects/vanttec_sdv/workspace/src/install/sdv_msgs/include/sdv_msgs/sdv_msgs/msg/detail/system_dynamics__rosidl_typesupport_fastrtps_c.h\n'}
[1.067100] (sdv_msgs) StdoutLine: {'line': b'-- Up-to-date: /home/fectec151/Downloads/Projects/vanttec_sdv/workspace/src/install/sdv_msgs/include/sdv_msgs/sdv_msgs/msg/detail/status__rosidl_typesupport_fastrtps_c.h\n'}
[1.067160] (sdv_msgs) StdoutLine: {'line': b'-- Up-to-date: /home/fectec151/Downloads/Projects/vanttec_sdv/workspace/src/install/sdv_msgs/include/sdv_msgs/sdv_msgs/msg/detail/encoder__rosidl_typesupport_fastrtps_c.h\n'}
[1.067273] (sdv_msgs) StdoutLine: {'line': b'-- Up-to-date: /home/fectec151/Downloads/Projects/vanttec_sdv/workspace/src/install/sdv_msgs/include/sdv_msgs/sdv_msgs/msg/detail/vehicle_info__rosidl_typesupport_fastrtps_c.h\n'}
[1.067331] (sdv_msgs) StdoutLine: {'line': b'-- Up-to-date: /home/fectec151/Downloads/Projects/vanttec_sdv/workspace/src/install/sdv_msgs/lib/libsdv_msgs__rosidl_typesupport_fastrtps_c.so\n'}
[1.067391] (sdv_msgs) StdoutLine: {'line': b'-- Up-to-date: /home/fectec151/Downloads/Projects/vanttec_sdv/workspace/src/install/sdv_msgs/include/sdv_msgs/sdv_msgs\n'}
[1.067453] (sdv_msgs) StdoutLine: {'line': b'-- Up-to-date: /home/fectec151/Downloads/Projects/vanttec_sdv/workspace/src/install/sdv_msgs/include/sdv_msgs/sdv_msgs/srv\n'}
[1.067521] (sdv_msgs) StdoutLine: {'line': b'-- Up-to-date: /home/fectec151/Downloads/Projects/vanttec_sdv/workspace/src/install/sdv_msgs/include/sdv_msgs/sdv_msgs/srv/detail\n'}
[1.067579] (sdv_msgs) StdoutLine: {'line': b'-- Up-to-date: /home/fectec151/Downloads/Projects/vanttec_sdv/workspace/src/install/sdv_msgs/include/sdv_msgs/sdv_msgs/srv/detail/uint8__rosidl_typesupport_introspection_c.h\n'}
[1.067631] (sdv_msgs) StdoutLine: {'line': b'-- Up-to-date: /home/fectec151/Downloads/Projects/vanttec_sdv/workspace/src/install/sdv_msgs/include/sdv_msgs/sdv_msgs/srv/detail/uint8__type_support.c\n'}
[1.067688] (sdv_msgs) StdoutLine: {'line': b'-- Up-to-date: /home/fectec151/Downloads/Projects/vanttec_sdv/workspace/src/install/sdv_msgs/include/sdv_msgs/sdv_msgs/msg\n'}
[1.067739] (sdv_msgs) StdoutLine: {'line': b'-- Up-to-date: /home/fectec151/Downloads/Projects/vanttec_sdv/workspace/src/install/sdv_msgs/include/sdv_msgs/sdv_msgs/msg/rosidl_typesupport_introspection_c__visibility_control.h\n'}
[1.067789] (sdv_msgs) StdoutLine: {'line': b'-- Up-to-date: /home/fectec151/Downloads/Projects/vanttec_sdv/workspace/src/install/sdv_msgs/include/sdv_msgs/sdv_msgs/msg/detail\n'}
[1.067851] (sdv_msgs) StdoutLine: {'line': b'-- Up-to-date: /home/fectec151/Downloads/Projects/vanttec_sdv/workspace/src/install/sdv_msgs/include/sdv_msgs/sdv_msgs/msg/detail/status__rosidl_typesupport_introspection_c.h\n'}
[1.067900] (sdv_msgs) StdoutLine: {'line': b'-- Up-to-date: /home/fectec151/Downloads/Projects/vanttec_sdv/workspace/src/install/sdv_msgs/include/sdv_msgs/sdv_msgs/msg/detail/vehicle_status__type_support.c\n'}
[1.067952] (sdv_msgs) StdoutLine: {'line': b'-- Up-to-date: /home/fectec151/Downloads/Projects/vanttec_sdv/workspace/src/install/sdv_msgs/include/sdv_msgs/sdv_msgs/msg/detail/state__type_support.c\n'}
[1.068002] (sdv_msgs) StdoutLine: {'line': b'-- Up-to-date: /home/fectec151/Downloads/Projects/vanttec_sdv/workspace/src/install/sdv_msgs/include/sdv_msgs/sdv_msgs/msg/detail/vehicle_info_wheel__type_support.c\n'}
[1.068048] (sdv_msgs) StdoutLine: {'line': b'-- Up-to-date: /home/fectec151/Downloads/Projects/vanttec_sdv/workspace/src/install/sdv_msgs/include/sdv_msgs/sdv_msgs/msg/detail/status__type_support.c\n'}
[1.068100] (sdv_msgs) StdoutLine: {'line': b'-- Up-to-date: /home/fectec151/Downloads/Projects/vanttec_sdv/workspace/src/install/sdv_msgs/include/sdv_msgs/sdv_msgs/msg/detail/collision_event__type_support.c\n'}
[1.068148] (sdv_msgs) StdoutLine: {'line': b'-- Up-to-date: /home/fectec151/Downloads/Projects/vanttec_sdv/workspace/src/install/sdv_msgs/include/sdv_msgs/sdv_msgs/msg/detail/eta_pose__type_support.c\n'}
[1.068208] (sdv_msgs) StdoutLine: {'line': b'-- Up-to-date: /home/fectec151/Downloads/Projects/vanttec_sdv/workspace/src/install/sdv_msgs/include/sdv_msgs/sdv_msgs/msg/detail/lane_invasion_event__rosidl_typesupport_introspection_c.h\n'}
[1.068261] (sdv_msgs) StdoutLine: {'line': b'-- Up-to-date: /home/fectec151/Downloads/Projects/vanttec_sdv/workspace/src/install/sdv_msgs/include/sdv_msgs/sdv_msgs/msg/detail/encoder__rosidl_typesupport_introspection_c.h\n'}
[1.068311] (sdv_msgs) StdoutLine: {'line': b'-- Up-to-date: /home/fectec151/Downloads/Projects/vanttec_sdv/workspace/src/install/sdv_msgs/include/sdv_msgs/sdv_msgs/msg/detail/guidance_waypoints__rosidl_typesupport_introspection_c.h\n'}
[1.068361] (sdv_msgs) StdoutLine: {'line': b'-- Up-to-date: /home/fectec151/Downloads/Projects/vanttec_sdv/workspace/src/install/sdv_msgs/include/sdv_msgs/sdv_msgs/msg/detail/eta_pose__rosidl_typesupport_introspection_c.h\n'}
[1.068420] (sdv_msgs) StdoutLine: {'line': b'-- Up-to-date: /home/fectec151/Downloads/Projects/vanttec_sdv/workspace/src/install/sdv_msgs/include/sdv_msgs/sdv_msgs/msg/detail/vehicle_control__rosidl_typesupport_introspection_c.h\n'}
[1.068468] (sdv_msgs) StdoutLine: {'line': b'-- Up-to-date: /home/fectec151/Downloads/Projects/vanttec_sdv/workspace/src/install/sdv_msgs/include/sdv_msgs/sdv_msgs/msg/detail/vehicle_info__type_support.c\n'}
[1.068521] (sdv_msgs) StdoutLine: {'line': b'-- Up-to-date: /home/fectec151/Downloads/Projects/vanttec_sdv/workspace/src/install/sdv_msgs/include/sdv_msgs/sdv_msgs/msg/detail/encoder__type_support.c\n'}
[1.068579] (sdv_msgs) StdoutLine: {'line': b'-- Up-to-date: /home/fectec151/Downloads/Projects/vanttec_sdv/workspace/src/install/sdv_msgs/include/sdv_msgs/sdv_msgs/msg/detail/vehicle_status__rosidl_typesupport_introspection_c.h\n'}
[1.068631] (sdv_msgs) StdoutLine: {'line': b'-- Up-to-date: /home/fectec151/Downloads/Projects/vanttec_sdv/workspace/src/install/sdv_msgs/include/sdv_msgs/sdv_msgs/msg/detail/xbox_msg__rosidl_typesupport_introspection_c.h\n'}
[1.068692] (sdv_msgs) StdoutLine: {'line': b'-- Up-to-date: /home/fectec151/Downloads/Projects/vanttec_sdv/workspace/src/install/sdv_msgs/include/sdv_msgs/sdv_msgs/msg/detail/thrust_control__rosidl_typesupport_introspection_c.h\n'}
[1.068748] (sdv_msgs) StdoutLine: {'line': b'-- Up-to-date: /home/fectec151/Downloads/Projects/vanttec_sdv/workspace/src/install/sdv_msgs/include/sdv_msgs/sdv_msgs/msg/detail/xbox_msg__type_support.c\n'}
[1.068813] (sdv_msgs) StdoutLine: {'line': b'-- Up-to-date: /home/fectec151/Downloads/Projects/vanttec_sdv/workspace/src/install/sdv_msgs/include/sdv_msgs/sdv_msgs/msg/detail/throttle_msg__type_support.c\n'}
[1.068869] (sdv_msgs) StdoutLine: {'line': b'-- Up-to-date: /home/fectec151/Downloads/Projects/vanttec_sdv/workspace/src/install/sdv_msgs/include/sdv_msgs/sdv_msgs/msg/detail/lane_invasion_event__type_support.c\n'}
[1.068924] (sdv_msgs) StdoutLine: {'line': b'-- Up-to-date: /home/fectec151/Downloads/Projects/vanttec_sdv/workspace/src/install/sdv_msgs/include/sdv_msgs/sdv_msgs/msg/detail/panel_msg__rosidl_typesupport_introspection_c.h\n'}
[1.068978] (sdv_msgs) StdoutLine: {'line': b'-- Up-to-date: /home/fectec151/Downloads/Projects/vanttec_sdv/workspace/src/install/sdv_msgs/include/sdv_msgs/sdv_msgs/msg/detail/panel_msg__type_support.c\n'}
[1.069028] (sdv_msgs) StdoutLine: {'line': b'-- Up-to-date: /home/fectec151/Downloads/Projects/vanttec_sdv/workspace/src/install/sdv_msgs/include/sdv_msgs/sdv_msgs/msg/detail/vehicle_control__type_support.c\n'}
[1.069081] (sdv_msgs) StdoutLine: {'line': b'-- Up-to-date: /home/fectec151/Downloads/Projects/vanttec_sdv/workspace/src/install/sdv_msgs/include/sdv_msgs/sdv_msgs/msg/detail/vehicle_info_wheel__rosidl_typesupport_introspection_c.h\n'}
[1.069132] (sdv_msgs) StdoutLine: {'line': b'-- Up-to-date: /home/fectec151/Downloads/Projects/vanttec_sdv/workspace/src/install/sdv_msgs/include/sdv_msgs/sdv_msgs/msg/detail/system_dynamics__type_support.c\n'}
[1.069207] (sdv_msgs) StdoutLine: {'line': b'-- Up-to-date: /home/fectec151/Downloads/Projects/vanttec_sdv/workspace/src/install/sdv_msgs/include/sdv_msgs/sdv_msgs/msg/detail/state__rosidl_typesupport_introspection_c.h\n'}
[1.069258] (sdv_msgs) StdoutLine: {'line': b'-- Up-to-date: /home/fectec151/Downloads/Projects/vanttec_sdv/workspace/src/install/sdv_msgs/include/sdv_msgs/sdv_msgs/msg/detail/thrust_control__type_support.c\n'}
[1.069308] (sdv_msgs) StdoutLine: {'line': b'-- Up-to-date: /home/fectec151/Downloads/Projects/vanttec_sdv/workspace/src/install/sdv_msgs/include/sdv_msgs/sdv_msgs/msg/detail/collision_event__rosidl_typesupport_introspection_c.h\n'}
[1.069360] (sdv_msgs) StdoutLine: {'line': b'-- Up-to-date: /home/fectec151/Downloads/Projects/vanttec_sdv/workspace/src/install/sdv_msgs/include/sdv_msgs/sdv_msgs/msg/detail/vehicle_info__rosidl_typesupport_introspection_c.h\n'}
[1.069418] (sdv_msgs) StdoutLine: {'line': b'-- Up-to-date: /home/fectec151/Downloads/Projects/vanttec_sdv/workspace/src/install/sdv_msgs/include/sdv_msgs/sdv_msgs/msg/detail/throttle_msg__rosidl_typesupport_introspection_c.h\n'}
[1.069478] (sdv_msgs) StdoutLine: {'line': b'-- Up-to-date: /home/fectec151/Downloads/Projects/vanttec_sdv/workspace/src/install/sdv_msgs/include/sdv_msgs/sdv_msgs/msg/detail/system_dynamics__rosidl_typesupport_introspection_c.h\n'}
[1.069546] (sdv_msgs) StdoutLine: {'line': b'-- Up-to-date: /home/fectec151/Downloads/Projects/vanttec_sdv/workspace/src/install/sdv_msgs/include/sdv_msgs/sdv_msgs/msg/detail/guidance_waypoints__type_support.c\n'}
[1.069616] (sdv_msgs) StdoutLine: {'line': b'-- Up-to-date: /home/fectec151/Downloads/Projects/vanttec_sdv/workspace/src/install/sdv_msgs/lib/libsdv_msgs__rosidl_typesupport_introspection_c.so\n'}
[1.069670] (sdv_msgs) StdoutLine: {'line': b'-- Up-to-date: /home/fectec151/Downloads/Projects/vanttec_sdv/workspace/src/install/sdv_msgs/lib/libsdv_msgs__rosidl_typesupport_c.so\n'}
[1.069735] (sdv_msgs) StdoutLine: {'line': b'-- Up-to-date: /home/fectec151/Downloads/Projects/vanttec_sdv/workspace/src/install/sdv_msgs/include/sdv_msgs/sdv_msgs\n'}
[1.069787] (sdv_msgs) StdoutLine: {'line': b'-- Up-to-date: /home/fectec151/Downloads/Projects/vanttec_sdv/workspace/src/install/sdv_msgs/include/sdv_msgs/sdv_msgs/srv\n'}
[1.069837] (sdv_msgs) StdoutLine: {'line': b'-- Up-to-date: /home/fectec151/Downloads/Projects/vanttec_sdv/workspace/src/install/sdv_msgs/include/sdv_msgs/sdv_msgs/srv/uint8.hpp\n'}
[1.069888] (sdv_msgs) StdoutLine: {'line': b'-- Up-to-date: /home/fectec151/Downloads/Projects/vanttec_sdv/workspace/src/install/sdv_msgs/include/sdv_msgs/sdv_msgs/srv/detail\n'}
[1.069935] (sdv_msgs) StdoutLine: {'line': b'-- Up-to-date: /home/fectec151/Downloads/Projects/vanttec_sdv/workspace/src/install/sdv_msgs/include/sdv_msgs/sdv_msgs/srv/detail/uint8__builder.hpp\n'}
[1.069984] (sdv_msgs) StdoutLine: {'line': b'-- Up-to-date: /home/fectec151/Downloads/Projects/vanttec_sdv/workspace/src/install/sdv_msgs/include/sdv_msgs/sdv_msgs/srv/detail/uint8__traits.hpp\n'}
[1.070031] (sdv_msgs) StdoutLine: {'line': b'-- Up-to-date: /home/fectec151/Downloads/Projects/vanttec_sdv/workspace/src/install/sdv_msgs/include/sdv_msgs/sdv_msgs/srv/detail/uint8__struct.hpp\n'}
[1.070079] (sdv_msgs) StdoutLine: {'line': b'-- Up-to-date: /home/fectec151/Downloads/Projects/vanttec_sdv/workspace/src/install/sdv_msgs/include/sdv_msgs/sdv_msgs/msg\n'}
[1.070128] (sdv_msgs) StdoutLine: {'line': b'-- Up-to-date: /home/fectec151/Downloads/Projects/vanttec_sdv/workspace/src/install/sdv_msgs/include/sdv_msgs/sdv_msgs/msg/xbox_msg.hpp\n'}
[1.070225] (sdv_msgs) StdoutLine: {'line': b'-- Up-to-date: /home/fectec151/Downloads/Projects/vanttec_sdv/workspace/src/install/sdv_msgs/include/sdv_msgs/sdv_msgs/msg/status.hpp\n'}
[1.070277] (sdv_msgs) StdoutLine: {'line': b'-- Up-to-date: /home/fectec151/Downloads/Projects/vanttec_sdv/workspace/src/install/sdv_msgs/include/sdv_msgs/sdv_msgs/msg/vehicle_info_wheel.hpp\n'}
[1.070327] (sdv_msgs) StdoutLine: {'line': b'-- Up-to-date: /home/fectec151/Downloads/Projects/vanttec_sdv/workspace/src/install/sdv_msgs/include/sdv_msgs/sdv_msgs/msg/thrust_control.hpp\n'}
[1.070393] (sdv_msgs) StdoutLine: {'line': b'-- Up-to-date: /home/fectec151/Downloads/Projects/vanttec_sdv/workspace/src/install/sdv_msgs/include/sdv_msgs/sdv_msgs/msg/vehicle_info.hpp\n'}
[1.070446] (sdv_msgs) StdoutLine: {'line': b'-- Up-to-date: /home/fectec151/Downloads/Projects/vanttec_sdv/workspace/src/install/sdv_msgs/include/sdv_msgs/sdv_msgs/msg/throttle_msg.hpp\n'}
[1.070496] (sdv_msgs) StdoutLine: {'line': b'-- Up-to-date: /home/fectec151/Downloads/Projects/vanttec_sdv/workspace/src/install/sdv_msgs/include/sdv_msgs/sdv_msgs/msg/vehicle_control.hpp\n'}
[1.070547] (sdv_msgs) StdoutLine: {'line': b'-- Up-to-date: /home/fectec151/Downloads/Projects/vanttec_sdv/workspace/src/install/sdv_msgs/include/sdv_msgs/sdv_msgs/msg/guidance_waypoints.hpp\n'}
[1.070602] (sdv_msgs) StdoutLine: {'line': b'-- Up-to-date: /home/fectec151/Downloads/Projects/vanttec_sdv/workspace/src/install/sdv_msgs/include/sdv_msgs/sdv_msgs/msg/lane_invasion_event.hpp\n'}
[1.070651] (sdv_msgs) StdoutLine: {'line': b'-- Up-to-date: /home/fectec151/Downloads/Projects/vanttec_sdv/workspace/src/install/sdv_msgs/include/sdv_msgs/sdv_msgs/msg/system_dynamics.hpp\n'}
[1.070709] (sdv_msgs) StdoutLine: {'line': b'-- Up-to-date: /home/fectec151/Downloads/Projects/vanttec_sdv/workspace/src/install/sdv_msgs/include/sdv_msgs/sdv_msgs/msg/collision_event.hpp\n'}
[1.070758] (sdv_msgs) StdoutLine: {'line': b'-- Up-to-date: /home/fectec151/Downloads/Projects/vanttec_sdv/workspace/src/install/sdv_msgs/include/sdv_msgs/sdv_msgs/msg/state.hpp\n'}
[1.070811] (sdv_msgs) StdoutLine: {'line': b'-- Up-to-date: /home/fectec151/Downloads/Projects/vanttec_sdv/workspace/src/install/sdv_msgs/include/sdv_msgs/sdv_msgs/msg/detail\n'}
[1.070858] (sdv_msgs) StdoutLine: {'line': b'-- Up-to-date: /home/fectec151/Downloads/Projects/vanttec_sdv/workspace/src/install/sdv_msgs/include/sdv_msgs/sdv_msgs/msg/detail/status__builder.hpp\n'}
[1.070905] (sdv_msgs) StdoutLine: {'line': b'-- Up-to-date: /home/fectec151/Downloads/Projects/vanttec_sdv/workspace/src/install/sdv_msgs/include/sdv_msgs/sdv_msgs/msg/detail/panel_msg__traits.hpp\n'}
[1.070957] (sdv_msgs) StdoutLine: {'line': b'-- Up-to-date: /home/fectec151/Downloads/Projects/vanttec_sdv/workspace/src/install/sdv_msgs/include/sdv_msgs/sdv_msgs/msg/detail/vehicle_status__builder.hpp\n'}
[1.071005] (sdv_msgs) StdoutLine: {'line': b'-- Up-to-date: /home/fectec151/Downloads/Projects/vanttec_sdv/workspace/src/install/sdv_msgs/include/sdv_msgs/sdv_msgs/msg/detail/collision_event__traits.hpp\n'}
[1.071052] (sdv_msgs) StdoutLine: {'line': b'-- Up-to-date: /home/fectec151/Downloads/Projects/vanttec_sdv/workspace/src/install/sdv_msgs/include/sdv_msgs/sdv_msgs/msg/detail/encoder__struct.hpp\n'}
[1.071099] (sdv_msgs) StdoutLine: {'line': b'-- Up-to-date: /home/fectec151/Downloads/Projects/vanttec_sdv/workspace/src/install/sdv_msgs/include/sdv_msgs/sdv_msgs/msg/detail/throttle_msg__struct.hpp\n'}
[1.071165] (sdv_msgs) StdoutLine: {'line': b'-- Up-to-date: /home/fectec151/Downloads/Projects/vanttec_sdv/workspace/src/install/sdv_msgs/include/sdv_msgs/sdv_msgs/msg/detail/status__traits.hpp\n'}
[1.071223] (sdv_msgs) StdoutLine: {'line': b'-- Up-to-date: /home/fectec151/Downloads/Projects/vanttec_sdv/workspace/src/install/sdv_msgs/include/sdv_msgs/sdv_msgs/msg/detail/eta_pose__builder.hpp\n'}
[1.071287] (sdv_msgs) StdoutLine: {'line': b'-- Up-to-date: /home/fectec151/Downloads/Projects/vanttec_sdv/workspace/src/install/sdv_msgs/include/sdv_msgs/sdv_msgs/msg/detail/vehicle_info_wheel__builder.hpp\n'}
[1.071347] (sdv_msgs) StdoutLine: {'line': b'-- Up-to-date: /home/fectec151/Downloads/Projects/vanttec_sdv/workspace/src/install/sdv_msgs/include/sdv_msgs/sdv_msgs/msg/detail/thrust_control__traits.hpp\n'}
[1.071424] (sdv_msgs) StdoutLine: {'line': b'-- Up-to-date: /home/fectec151/Downloads/Projects/vanttec_sdv/workspace/src/install/sdv_msgs/include/sdv_msgs/sdv_msgs/msg/detail/xbox_msg__builder.hpp\n'}
[1.071476] (sdv_msgs) StdoutLine: {'line': b'-- Up-to-date: /home/fectec151/Downloads/Projects/vanttec_sdv/workspace/src/install/sdv_msgs/include/sdv_msgs/sdv_msgs/msg/detail/system_dynamics__builder.hpp\n'}
[1.071526] (sdv_msgs) StdoutLine: {'line': b'-- Up-to-date: /home/fectec151/Downloads/Projects/vanttec_sdv/workspace/src/install/sdv_msgs/include/sdv_msgs/sdv_msgs/msg/detail/vehicle_info_wheel__traits.hpp\n'}
[1.071574] (sdv_msgs) StdoutLine: {'line': b'-- Up-to-date: /home/fectec151/Downloads/Projects/vanttec_sdv/workspace/src/install/sdv_msgs/include/sdv_msgs/sdv_msgs/msg/detail/throttle_msg__builder.hpp\n'}
[1.071624] (sdv_msgs) StdoutLine: {'line': b'-- Up-to-date: /home/fectec151/Downloads/Projects/vanttec_sdv/workspace/src/install/sdv_msgs/include/sdv_msgs/sdv_msgs/msg/detail/state__traits.hpp\n'}
[1.071674] (sdv_msgs) StdoutLine: {'line': b'-- Up-to-date: /home/fectec151/Downloads/Projects/vanttec_sdv/workspace/src/install/sdv_msgs/include/sdv_msgs/sdv_msgs/msg/detail/panel_msg__struct.hpp\n'}
[1.071746] (sdv_msgs) StdoutLine: {'line': b'-- Up-to-date: /home/fectec151/Downloads/Projects/vanttec_sdv/workspace/src/install/sdv_msgs/include/sdv_msgs/sdv_msgs/msg/detail/vehicle_info_wheel__struct.hpp\n'}
[1.071814] (sdv_msgs) StdoutLine: {'line': b'-- Up-to-date: /home/fectec151/Downloads/Projects/vanttec_sdv/workspace/src/install/sdv_msgs/include/sdv_msgs/sdv_msgs/msg/detail/vehicle_status__traits.hpp\n'}
[1.071900] (sdv_msgs) StdoutLine: {'line': b'-- Up-to-date: /home/fectec151/Downloads/Projects/vanttec_sdv/workspace/src/install/sdv_msgs/include/sdv_msgs/sdv_msgs/msg/detail/collision_event__builder.hpp\n'}
[1.071986] (sdv_msgs) StdoutLine: {'line': b'-- Up-to-date: /home/fectec151/Downloads/Projects/vanttec_sdv/workspace/src/install/sdv_msgs/include/sdv_msgs/sdv_msgs/msg/detail/eta_pose__traits.hpp\n'}
[1.072058] (sdv_msgs) StdoutLine: {'line': b'-- Up-to-date: /home/fectec151/Downloads/Projects/vanttec_sdv/workspace/src/install/sdv_msgs/include/sdv_msgs/sdv_msgs/msg/detail/status__struct.hpp\n'}
[1.072128] (sdv_msgs) StdoutLine: {'line': b'-- Up-to-date: /home/fectec151/Downloads/Projects/vanttec_sdv/workspace/src/install/sdv_msgs/include/sdv_msgs/sdv_msgs/msg/detail/guidance_waypoints__struct.hpp\n'}
[1.072211] (sdv_msgs) StdoutLine: {'line': b'-- Up-to-date: /home/fectec151/Downloads/Projects/vanttec_sdv/workspace/src/install/sdv_msgs/include/sdv_msgs/sdv_msgs/msg/detail/system_dynamics__struct.hpp\n'}
[1.072297] (sdv_msgs) StdoutLine: {'line': b'-- Up-to-date: /home/fectec151/Downloads/Projects/vanttec_sdv/workspace/src/install/sdv_msgs/include/sdv_msgs/sdv_msgs/msg/detail/state__builder.hpp\n'}
[1.072367] (sdv_msgs) StdoutLine: {'line': b'-- Up-to-date: /home/fectec151/Downloads/Projects/vanttec_sdv/workspace/src/install/sdv_msgs/include/sdv_msgs/sdv_msgs/msg/detail/lane_invasion_event__builder.hpp\n'}
[1.072448] (sdv_msgs) StdoutLine: {'line': b'-- Up-to-date: /home/fectec151/Downloads/Projects/vanttec_sdv/workspace/src/install/sdv_msgs/include/sdv_msgs/sdv_msgs/msg/detail/vehicle_control__builder.hpp\n'}
[1.072506] (sdv_msgs) StdoutLine: {'line': b'-- Up-to-date: /home/fectec151/Downloads/Projects/vanttec_sdv/workspace/src/install/sdv_msgs/include/sdv_msgs/sdv_msgs/msg/detail/xbox_msg__traits.hpp\n'}
[1.072558] (sdv_msgs) StdoutLine: {'line': b'-- Up-to-date: /home/fectec151/Downloads/Projects/vanttec_sdv/workspace/src/install/sdv_msgs/include/sdv_msgs/sdv_msgs/msg/detail/guidance_waypoints__traits.hpp\n'}
[1.072609] (sdv_msgs) StdoutLine: {'line': b'-- Up-to-date: /home/fectec151/Downloads/Projects/vanttec_sdv/workspace/src/install/sdv_msgs/include/sdv_msgs/sdv_msgs/msg/detail/vehicle_info__struct.hpp\n'}
[1.072660] (sdv_msgs) StdoutLine: {'line': b'-- Up-to-date: /home/fectec151/Downloads/Projects/vanttec_sdv/workspace/src/install/sdv_msgs/include/sdv_msgs/sdv_msgs/msg/detail/guidance_waypoints__builder.hpp\n'}
[1.072710] (sdv_msgs) StdoutLine: {'line': b'-- Up-to-date: /home/fectec151/Downloads/Projects/vanttec_sdv/workspace/src/install/sdv_msgs/include/sdv_msgs/sdv_msgs/msg/detail/state__struct.hpp\n'}
[1.072765] (sdv_msgs) StdoutLine: {'line': b'-- Up-to-date: /home/fectec151/Downloads/Projects/vanttec_sdv/workspace/src/install/sdv_msgs/include/sdv_msgs/sdv_msgs/msg/detail/vehicle_control__traits.hpp\n'}
[1.072816] (sdv_msgs) StdoutLine: {'line': b'-- Up-to-date: /home/fectec151/Downloads/Projects/vanttec_sdv/workspace/src/install/sdv_msgs/include/sdv_msgs/sdv_msgs/msg/detail/lane_invasion_event__struct.hpp\n'}
[1.072867] (sdv_msgs) StdoutLine: {'line': b'-- Up-to-date: /home/fectec151/Downloads/Projects/vanttec_sdv/workspace/src/install/sdv_msgs/include/sdv_msgs/sdv_msgs/msg/detail/vehicle_control__struct.hpp\n'}
[1.072932] (sdv_msgs) StdoutLine: {'line': b'-- Up-to-date: /home/fectec151/Downloads/Projects/vanttec_sdv/workspace/src/install/sdv_msgs/include/sdv_msgs/sdv_msgs/msg/detail/lane_invasion_event__traits.hpp\n'}
[1.072984] (sdv_msgs) StdoutLine: {'line': b'-- Up-to-date: /home/fectec151/Downloads/Projects/vanttec_sdv/workspace/src/install/sdv_msgs/include/sdv_msgs/sdv_msgs/msg/detail/xbox_msg__struct.hpp\n'}
[1.073037] (sdv_msgs) StdoutLine: {'line': b'-- Up-to-date: /home/fectec151/Downloads/Projects/vanttec_sdv/workspace/src/install/sdv_msgs/include/sdv_msgs/sdv_msgs/msg/detail/vehicle_status__struct.hpp\n'}
[1.073089] (sdv_msgs) StdoutLine: {'line': b'-- Up-to-date: /home/fectec151/Downloads/Projects/vanttec_sdv/workspace/src/install/sdv_msgs/include/sdv_msgs/sdv_msgs/msg/detail/encoder__traits.hpp\n'}
[1.073142] (sdv_msgs) StdoutLine: {'line': b'-- Up-to-date: /home/fectec151/Downloads/Projects/vanttec_sdv/workspace/src/install/sdv_msgs/include/sdv_msgs/sdv_msgs/msg/detail/encoder__builder.hpp\n'}
[1.073201] (sdv_msgs) StdoutLine: {'line': b'-- Up-to-date: /home/fectec151/Downloads/Projects/vanttec_sdv/workspace/src/install/sdv_msgs/include/sdv_msgs/sdv_msgs/msg/detail/vehicle_info__builder.hpp\n'}
[1.073252] (sdv_msgs) StdoutLine: {'line': b'-- Up-to-date: /home/fectec151/Downloads/Projects/vanttec_sdv/workspace/src/install/sdv_msgs/include/sdv_msgs/sdv_msgs/msg/detail/collision_event__struct.hpp\n'}
[1.073305] (sdv_msgs) StdoutLine: {'line': b'-- Up-to-date: /home/fectec151/Downloads/Projects/vanttec_sdv/workspace/src/install/sdv_msgs/include/sdv_msgs/sdv_msgs/msg/detail/vehicle_info__traits.hpp\n'}
[1.073360] (sdv_msgs) StdoutLine: {'line': b'-- Up-to-date: /home/fectec151/Downloads/Projects/vanttec_sdv/workspace/src/install/sdv_msgs/include/sdv_msgs/sdv_msgs/msg/detail/thrust_control__builder.hpp\n'}
[1.073420] (sdv_msgs) StdoutLine: {'line': b'-- Up-to-date: /home/fectec151/Downloads/Projects/vanttec_sdv/workspace/src/install/sdv_msgs/include/sdv_msgs/sdv_msgs/msg/detail/throttle_msg__traits.hpp\n'}
[1.073481] (sdv_msgs) StdoutLine: {'line': b'-- Up-to-date: /home/fectec151/Downloads/Projects/vanttec_sdv/workspace/src/install/sdv_msgs/include/sdv_msgs/sdv_msgs/msg/detail/system_dynamics__traits.hpp\n'}
[1.073535] (sdv_msgs) StdoutLine: {'line': b'-- Up-to-date: /home/fectec151/Downloads/Projects/vanttec_sdv/workspace/src/install/sdv_msgs/include/sdv_msgs/sdv_msgs/msg/detail/panel_msg__builder.hpp\n'}
[1.073606] (sdv_msgs) StdoutLine: {'line': b'-- Up-to-date: /home/fectec151/Downloads/Projects/vanttec_sdv/workspace/src/install/sdv_msgs/include/sdv_msgs/sdv_msgs/msg/detail/thrust_control__struct.hpp\n'}
[1.073667] (sdv_msgs) StdoutLine: {'line': b'-- Up-to-date: /home/fectec151/Downloads/Projects/vanttec_sdv/workspace/src/install/sdv_msgs/include/sdv_msgs/sdv_msgs/msg/detail/eta_pose__struct.hpp\n'}
[1.073719] (sdv_msgs) StdoutLine: {'line': b'-- Up-to-date: /home/fectec151/Downloads/Projects/vanttec_sdv/workspace/src/install/sdv_msgs/include/sdv_msgs/sdv_msgs/msg/panel_msg.hpp\n'}
[1.073770] (sdv_msgs) StdoutLine: {'line': b'-- Up-to-date: /home/fectec151/Downloads/Projects/vanttec_sdv/workspace/src/install/sdv_msgs/include/sdv_msgs/sdv_msgs/msg/eta_pose.hpp\n'}
[1.073835] (sdv_msgs) StdoutLine: {'line': b'-- Up-to-date: /home/fectec151/Downloads/Projects/vanttec_sdv/workspace/src/install/sdv_msgs/include/sdv_msgs/sdv_msgs/msg/encoder.hpp\n'}
[1.073897] (sdv_msgs) StdoutLine: {'line': b'-- Up-to-date: /home/fectec151/Downloads/Projects/vanttec_sdv/workspace/src/install/sdv_msgs/include/sdv_msgs/sdv_msgs/msg/vehicle_status.hpp\n'}
[1.073980] (sdv_msgs) StdoutLine: {'line': b'-- Up-to-date: /home/fectec151/Downloads/Projects/vanttec_sdv/workspace/src/install/sdv_msgs/include/sdv_msgs/sdv_msgs\n'}
[1.074060] (sdv_msgs) StdoutLine: {'line': b'-- Up-to-date: /home/fectec151/Downloads/Projects/vanttec_sdv/workspace/src/install/sdv_msgs/include/sdv_msgs/sdv_msgs/srv\n'}
[1.074133] (sdv_msgs) StdoutLine: {'line': b'-- Up-to-date: /home/fectec151/Downloads/Projects/vanttec_sdv/workspace/src/install/sdv_msgs/include/sdv_msgs/sdv_msgs/srv/detail\n'}
[1.074220] (sdv_msgs) StdoutLine: {'line': b'-- Up-to-date: /home/fectec151/Downloads/Projects/vanttec_sdv/workspace/src/install/sdv_msgs/include/sdv_msgs/sdv_msgs/srv/detail/dds_fastrtps\n'}
[1.074290] (sdv_msgs) StdoutLine: {'line': b'-- Up-to-date: /home/fectec151/Downloads/Projects/vanttec_sdv/workspace/src/install/sdv_msgs/include/sdv_msgs/sdv_msgs/srv/detail/uint8__rosidl_typesupport_fastrtps_cpp.hpp\n'}
[1.074374] (sdv_msgs) StdoutLine: {'line': b'-- Up-to-date: /home/fectec151/Downloads/Projects/vanttec_sdv/workspace/src/install/sdv_msgs/include/sdv_msgs/sdv_msgs/msg\n'}
[1.074455] (sdv_msgs) StdoutLine: {'line': b'-- Up-to-date: /home/fectec151/Downloads/Projects/vanttec_sdv/workspace/src/install/sdv_msgs/include/sdv_msgs/sdv_msgs/msg/rosidl_typesupport_fastrtps_cpp__visibility_control.h\n'}
[1.074540] (sdv_msgs) StdoutLine: {'line': b'-- Up-to-date: /home/fectec151/Downloads/Projects/vanttec_sdv/workspace/src/install/sdv_msgs/include/sdv_msgs/sdv_msgs/msg/detail\n'}
[1.074613] (sdv_msgs) StdoutLine: {'line': b'-- Up-to-date: /home/fectec151/Downloads/Projects/vanttec_sdv/workspace/src/install/sdv_msgs/include/sdv_msgs/sdv_msgs/msg/detail/panel_msg__rosidl_typesupport_fastrtps_cpp.hpp\n'}
[1.074667] (sdv_msgs) StdoutLine: {'line': b'-- Up-to-date: /home/fectec151/Downloads/Projects/vanttec_sdv/workspace/src/install/sdv_msgs/include/sdv_msgs/sdv_msgs/msg/detail/eta_pose__rosidl_typesupport_fastrtps_cpp.hpp\n'}
[1.074746] (sdv_msgs) StdoutLine: {'line': b'-- Up-to-date: /home/fectec151/Downloads/Projects/vanttec_sdv/workspace/src/install/sdv_msgs/include/sdv_msgs/sdv_msgs/msg/detail/dds_fastrtps\n'}
[1.074800] (sdv_msgs) StdoutLine: {'line': b'-- Up-to-date: /home/fectec151/Downloads/Projects/vanttec_sdv/workspace/src/install/sdv_msgs/include/sdv_msgs/sdv_msgs/msg/detail/vehicle_info__rosidl_typesupport_fastrtps_cpp.hpp\n'}
[1.074852] (sdv_msgs) StdoutLine: {'line': b'-- Up-to-date: /home/fectec151/Downloads/Projects/vanttec_sdv/workspace/src/install/sdv_msgs/include/sdv_msgs/sdv_msgs/msg/detail/system_dynamics__rosidl_typesupport_fastrtps_cpp.hpp\n'}
[1.074905] (sdv_msgs) StdoutLine: {'line': b'-- Up-to-date: /home/fectec151/Downloads/Projects/vanttec_sdv/workspace/src/install/sdv_msgs/include/sdv_msgs/sdv_msgs/msg/detail/collision_event__rosidl_typesupport_fastrtps_cpp.hpp\n'}
[1.074957] (sdv_msgs) StdoutLine: {'line': b'-- Up-to-date: /home/fectec151/Downloads/Projects/vanttec_sdv/workspace/src/install/sdv_msgs/include/sdv_msgs/sdv_msgs/msg/detail/encoder__rosidl_typesupport_fastrtps_cpp.hpp\n'}
[1.075008] (sdv_msgs) StdoutLine: {'line': b'-- Up-to-date: /home/fectec151/Downloads/Projects/vanttec_sdv/workspace/src/install/sdv_msgs/include/sdv_msgs/sdv_msgs/msg/detail/vehicle_control__rosidl_typesupport_fastrtps_cpp.hpp\n'}
[1.075059] (sdv_msgs) StdoutLine: {'line': b'-- Up-to-date: /home/fectec151/Downloads/Projects/vanttec_sdv/workspace/src/install/sdv_msgs/include/sdv_msgs/sdv_msgs/msg/detail/state__rosidl_typesupport_fastrtps_cpp.hpp\n'}
[1.075110] (sdv_msgs) StdoutLine: {'line': b'-- Up-to-date: /home/fectec151/Downloads/Projects/vanttec_sdv/workspace/src/install/sdv_msgs/include/sdv_msgs/sdv_msgs/msg/detail/xbox_msg__rosidl_typesupport_fastrtps_cpp.hpp\n'}
[1.075162] (sdv_msgs) StdoutLine: {'line': b'-- Up-to-date: /home/fectec151/Downloads/Projects/vanttec_sdv/workspace/src/install/sdv_msgs/include/sdv_msgs/sdv_msgs/msg/detail/thrust_control__rosidl_typesupport_fastrtps_cpp.hpp\n'}
[1.075226] (sdv_msgs) StdoutLine: {'line': b'-- Up-to-date: /home/fectec151/Downloads/Projects/vanttec_sdv/workspace/src/install/sdv_msgs/include/sdv_msgs/sdv_msgs/msg/detail/guidance_waypoints__rosidl_typesupport_fastrtps_cpp.hpp\n'}
[1.075278] (sdv_msgs) StdoutLine: {'line': b'-- Up-to-date: /home/fectec151/Downloads/Projects/vanttec_sdv/workspace/src/install/sdv_msgs/include/sdv_msgs/sdv_msgs/msg/detail/status__rosidl_typesupport_fastrtps_cpp.hpp\n'}
[1.075332] (sdv_msgs) StdoutLine: {'line': b'-- Up-to-date: /home/fectec151/Downloads/Projects/vanttec_sdv/workspace/src/install/sdv_msgs/include/sdv_msgs/sdv_msgs/msg/detail/lane_invasion_event__rosidl_typesupport_fastrtps_cpp.hpp\n'}
[1.075384] (sdv_msgs) StdoutLine: {'line': b'-- Up-to-date: /home/fectec151/Downloads/Projects/vanttec_sdv/workspace/src/install/sdv_msgs/include/sdv_msgs/sdv_msgs/msg/detail/throttle_msg__rosidl_typesupport_fastrtps_cpp.hpp\n'}
[1.075436] (sdv_msgs) StdoutLine: {'line': b'-- Up-to-date: /home/fectec151/Downloads/Projects/vanttec_sdv/workspace/src/install/sdv_msgs/include/sdv_msgs/sdv_msgs/msg/detail/vehicle_info_wheel__rosidl_typesupport_fastrtps_cpp.hpp\n'}
[1.075498] (sdv_msgs) StdoutLine: {'line': b'-- Up-to-date: /home/fectec151/Downloads/Projects/vanttec_sdv/workspace/src/install/sdv_msgs/include/sdv_msgs/sdv_msgs/msg/detail/vehicle_status__rosidl_typesupport_fastrtps_cpp.hpp\n'}
[1.075549] (sdv_msgs) StdoutLine: {'line': b'-- Up-to-date: /home/fectec151/Downloads/Projects/vanttec_sdv/workspace/src/install/sdv_msgs/lib/libsdv_msgs__rosidl_typesupport_fastrtps_cpp.so\n'}
[1.075605] (sdv_msgs) StdoutLine: {'line': b'-- Up-to-date: /home/fectec151/Downloads/Projects/vanttec_sdv/workspace/src/install/sdv_msgs/include/sdv_msgs/sdv_msgs\n'}
[1.075656] (sdv_msgs) StdoutLine: {'line': b'-- Up-to-date: /home/fectec151/Downloads/Projects/vanttec_sdv/workspace/src/install/sdv_msgs/include/sdv_msgs/sdv_msgs/srv\n'}
[1.075710] (sdv_msgs) StdoutLine: {'line': b'-- Up-to-date: /home/fectec151/Downloads/Projects/vanttec_sdv/workspace/src/install/sdv_msgs/include/sdv_msgs/sdv_msgs/srv/detail\n'}
[1.075761] (sdv_msgs) StdoutLine: {'line': b'-- Up-to-date: /home/fectec151/Downloads/Projects/vanttec_sdv/workspace/src/install/sdv_msgs/include/sdv_msgs/sdv_msgs/srv/detail/uint8__type_support.cpp\n'}
[1.075813] (sdv_msgs) StdoutLine: {'line': b'-- Up-to-date: /home/fectec151/Downloads/Projects/vanttec_sdv/workspace/src/install/sdv_msgs/include/sdv_msgs/sdv_msgs/srv/detail/uint8__rosidl_typesupport_introspection_cpp.hpp\n'}
[1.075864] (sdv_msgs) StdoutLine: {'line': b'-- Up-to-date: /home/fectec151/Downloads/Projects/vanttec_sdv/workspace/src/install/sdv_msgs/include/sdv_msgs/sdv_msgs/msg\n'}
[1.075912] (sdv_msgs) StdoutLine: {'line': b'-- Up-to-date: /home/fectec151/Downloads/Projects/vanttec_sdv/workspace/src/install/sdv_msgs/include/sdv_msgs/sdv_msgs/msg/detail\n'}
[1.075962] (sdv_msgs) StdoutLine: {'line': b'-- Up-to-date: /home/fectec151/Downloads/Projects/vanttec_sdv/workspace/src/install/sdv_msgs/include/sdv_msgs/sdv_msgs/msg/detail/panel_msg__type_support.cpp\n'}
[1.076021] (sdv_msgs) StdoutLine: {'line': b'-- Up-to-date: /home/fectec151/Downloads/Projects/vanttec_sdv/workspace/src/install/sdv_msgs/include/sdv_msgs/sdv_msgs/msg/detail/vehicle_info_wheel__type_support.cpp\n'}
[1.076076] (sdv_msgs) StdoutLine: {'line': b'-- Up-to-date: /home/fectec151/Downloads/Projects/vanttec_sdv/workspace/src/install/sdv_msgs/include/sdv_msgs/sdv_msgs/msg/detail/guidance_waypoints__type_support.cpp\n'}
[1.076138] (sdv_msgs) StdoutLine: {'line': b'-- Up-to-date: /home/fectec151/Downloads/Projects/vanttec_sdv/workspace/src/install/sdv_msgs/include/sdv_msgs/sdv_msgs/msg/detail/vehicle_status__type_support.cpp\n'}
[1.076189] (sdv_msgs) StdoutLine: {'line': b'-- Up-to-date: /home/fectec151/Downloads/Projects/vanttec_sdv/workspace/src/install/sdv_msgs/include/sdv_msgs/sdv_msgs/msg/detail/vehicle_status__rosidl_typesupport_introspection_cpp.hpp\n'}
[1.076239] (sdv_msgs) StdoutLine: {'line': b'-- Up-to-date: /home/fectec151/Downloads/Projects/vanttec_sdv/workspace/src/install/sdv_msgs/include/sdv_msgs/sdv_msgs/msg/detail/vehicle_info__rosidl_typesupport_introspection_cpp.hpp\n'}
[1.076288] (sdv_msgs) StdoutLine: {'line': b'-- Up-to-date: /home/fectec151/Downloads/Projects/vanttec_sdv/workspace/src/install/sdv_msgs/include/sdv_msgs/sdv_msgs/msg/detail/vehicle_control__rosidl_typesupport_introspection_cpp.hpp\n'}
[1.076343] (sdv_msgs) StdoutLine: {'line': b'-- Up-to-date: /home/fectec151/Downloads/Projects/vanttec_sdv/workspace/src/install/sdv_msgs/include/sdv_msgs/sdv_msgs/msg/detail/lane_invasion_event__rosidl_typesupport_introspection_cpp.hpp\n'}
[1.076417] (sdv_msgs) StdoutLine: {'line': b'-- Up-to-date: /home/fectec151/Downloads/Projects/vanttec_sdv/workspace/src/install/sdv_msgs/include/sdv_msgs/sdv_msgs/msg/detail/thrust_control__rosidl_typesupport_introspection_cpp.hpp\n'}
[1.076472] (sdv_msgs) StdoutLine: {'line': b'-- Up-to-date: /home/fectec151/Downloads/Projects/vanttec_sdv/workspace/src/install/sdv_msgs/include/sdv_msgs/sdv_msgs/msg/detail/collision_event__type_support.cpp\n'}
[1.076525] (sdv_msgs) StdoutLine: {'line': b'-- Up-to-date: /home/fectec151/Downloads/Projects/vanttec_sdv/workspace/src/install/sdv_msgs/include/sdv_msgs/sdv_msgs/msg/detail/throttle_msg__type_support.cpp\n'}
[1.076577] (sdv_msgs) StdoutLine: {'line': b'-- Up-to-date: /home/fectec151/Downloads/Projects/vanttec_sdv/workspace/src/install/sdv_msgs/include/sdv_msgs/sdv_msgs/msg/detail/system_dynamics__rosidl_typesupport_introspection_cpp.hpp\n'}
[1.076631] (sdv_msgs) StdoutLine: {'line': b'-- Up-to-date: /home/fectec151/Downloads/Projects/vanttec_sdv/workspace/src/install/sdv_msgs/include/sdv_msgs/sdv_msgs/msg/detail/eta_pose__rosidl_typesupport_introspection_cpp.hpp\n'}
[1.076702] (sdv_msgs) StdoutLine: {'line': b'-- Up-to-date: /home/fectec151/Downloads/Projects/vanttec_sdv/workspace/src/install/sdv_msgs/include/sdv_msgs/sdv_msgs/msg/detail/eta_pose__type_support.cpp\n'}
[1.076784] (sdv_msgs) StdoutLine: {'line': b'-- Up-to-date: /home/fectec151/Downloads/Projects/vanttec_sdv/workspace/src/install/sdv_msgs/include/sdv_msgs/sdv_msgs/msg/detail/lane_invasion_event__type_support.cpp\n'}
[1.076858] (sdv_msgs) StdoutLine: {'line': b'-- Up-to-date: /home/fectec151/Downloads/Projects/vanttec_sdv/workspace/src/install/sdv_msgs/include/sdv_msgs/sdv_msgs/msg/detail/state__type_support.cpp\n'}
[1.076940] (sdv_msgs) StdoutLine: {'line': b'-- Up-to-date: /home/fectec151/Downloads/Projects/vanttec_sdv/workspace/src/install/sdv_msgs/include/sdv_msgs/sdv_msgs/msg/detail/vehicle_info_wheel__rosidl_typesupport_introspection_cpp.hpp\n'}
[1.077007] (sdv_msgs) StdoutLine: {'line': b'-- Up-to-date: /home/fectec151/Downloads/Projects/vanttec_sdv/workspace/src/install/sdv_msgs/include/sdv_msgs/sdv_msgs/msg/detail/throttle_msg__rosidl_typesupport_introspection_cpp.hpp\n'}
[1.077078] (sdv_msgs) StdoutLine: {'line': b'-- Up-to-date: /home/fectec151/Downloads/Projects/vanttec_sdv/workspace/src/install/sdv_msgs/include/sdv_msgs/sdv_msgs/msg/detail/xbox_msg__rosidl_typesupport_introspection_cpp.hpp\n'}
[1.077164] (sdv_msgs) StdoutLine: {'line': b'-- Up-to-date: /home/fectec151/Downloads/Projects/vanttec_sdv/workspace/src/install/sdv_msgs/include/sdv_msgs/sdv_msgs/msg/detail/system_dynamics__type_support.cpp\n'}
[1.077241] (sdv_msgs) StdoutLine: {'line': b'-- Up-to-date: /home/fectec151/Downloads/Projects/vanttec_sdv/workspace/src/install/sdv_msgs/include/sdv_msgs/sdv_msgs/msg/detail/encoder__rosidl_typesupport_introspection_cpp.hpp\n'}
[1.077330] (sdv_msgs) StdoutLine: {'line': b'-- Up-to-date: /home/fectec151/Downloads/Projects/vanttec_sdv/workspace/src/install/sdv_msgs/include/sdv_msgs/sdv_msgs/msg/detail/xbox_msg__type_support.cpp\n'}
[1.077398] (sdv_msgs) StdoutLine: {'line': b'-- Up-to-date: /home/fectec151/Downloads/Projects/vanttec_sdv/workspace/src/install/sdv_msgs/include/sdv_msgs/sdv_msgs/msg/detail/status__type_support.cpp\n'}
[1.077463] (sdv_msgs) StdoutLine: {'line': b'-- Up-to-date: /home/fectec151/Downloads/Projects/vanttec_sdv/workspace/src/install/sdv_msgs/include/sdv_msgs/sdv_msgs/msg/detail/encoder__type_support.cpp\n'}
[1.077535] (sdv_msgs) StdoutLine: {'line': b'-- Up-to-date: /home/fectec151/Downloads/Projects/vanttec_sdv/workspace/src/install/sdv_msgs/include/sdv_msgs/sdv_msgs/msg/detail/vehicle_control__type_support.cpp\n'}
[1.077590] (sdv_msgs) StdoutLine: {'line': b'-- Up-to-date: /home/fectec151/Downloads/Projects/vanttec_sdv/workspace/src/install/sdv_msgs/include/sdv_msgs/sdv_msgs/msg/detail/collision_event__rosidl_typesupport_introspection_cpp.hpp\n'}
[1.077643] (sdv_msgs) StdoutLine: {'line': b'-- Up-to-date: /home/fectec151/Downloads/Projects/vanttec_sdv/workspace/src/install/sdv_msgs/include/sdv_msgs/sdv_msgs/msg/detail/thrust_control__type_support.cpp\n'}
[1.077697] (sdv_msgs) StdoutLine: {'line': b'-- Up-to-date: /home/fectec151/Downloads/Projects/vanttec_sdv/workspace/src/install/sdv_msgs/include/sdv_msgs/sdv_msgs/msg/detail/vehicle_info__type_support.cpp\n'}
[1.077749] (sdv_msgs) StdoutLine: {'line': b'-- Up-to-date: /home/fectec151/Downloads/Projects/vanttec_sdv/workspace/src/install/sdv_msgs/include/sdv_msgs/sdv_msgs/msg/detail/guidance_waypoints__rosidl_typesupport_introspection_cpp.hpp\n'}
[1.077806] (sdv_msgs) StdoutLine: {'line': b'-- Up-to-date: /home/fectec151/Downloads/Projects/vanttec_sdv/workspace/src/install/sdv_msgs/include/sdv_msgs/sdv_msgs/msg/detail/status__rosidl_typesupport_introspection_cpp.hpp\n'}
[1.077857] (sdv_msgs) StdoutLine: {'line': b'-- Up-to-date: /home/fectec151/Downloads/Projects/vanttec_sdv/workspace/src/install/sdv_msgs/include/sdv_msgs/sdv_msgs/msg/detail/panel_msg__rosidl_typesupport_introspection_cpp.hpp\n'}
[1.077915] (sdv_msgs) StdoutLine: {'line': b'-- Up-to-date: /home/fectec151/Downloads/Projects/vanttec_sdv/workspace/src/install/sdv_msgs/include/sdv_msgs/sdv_msgs/msg/detail/state__rosidl_typesupport_introspection_cpp.hpp\n'}
[1.077976] (sdv_msgs) StdoutLine: {'line': b'-- Up-to-date: /home/fectec151/Downloads/Projects/vanttec_sdv/workspace/src/install/sdv_msgs/lib/libsdv_msgs__rosidl_typesupport_introspection_cpp.so\n'}
[1.078030] (sdv_msgs) StdoutLine: {'line': b'-- Up-to-date: /home/fectec151/Downloads/Projects/vanttec_sdv/workspace/src/install/sdv_msgs/lib/libsdv_msgs__rosidl_typesupport_cpp.so\n'}
[1.078082] (sdv_msgs) StdoutLine: {'line': b'-- Up-to-date: /home/fectec151/Downloads/Projects/vanttec_sdv/workspace/src/install/sdv_msgs/share/sdv_msgs/environment/pythonpath.sh\n'}
[1.078132] (sdv_msgs) StdoutLine: {'line': b'-- Up-to-date: /home/fectec151/Downloads/Projects/vanttec_sdv/workspace/src/install/sdv_msgs/share/sdv_msgs/environment/pythonpath.dsv\n'}
[1.078200] (sdv_msgs) StdoutLine: {'line': b'-- Up-to-date: /home/fectec151/Downloads/Projects/vanttec_sdv/workspace/src/install/sdv_msgs/local/lib/python3.10/dist-packages/sdv_msgs-0.0.0-py3.10.egg-info\n'}
[1.078256] (sdv_msgs) StdoutLine: {'line': b'-- Installing: /home/fectec151/Downloads/Projects/vanttec_sdv/workspace/src/install/sdv_msgs/local/lib/python3.10/dist-packages/sdv_msgs-0.0.0-py3.10.egg-info/PKG-INFO\n'}
[1.078308] (sdv_msgs) StdoutLine: {'line': b'-- Installing: /home/fectec151/Downloads/Projects/vanttec_sdv/workspace/src/install/sdv_msgs/local/lib/python3.10/dist-packages/sdv_msgs-0.0.0-py3.10.egg-info/top_level.txt\n'}
[1.078358] (sdv_msgs) StdoutLine: {'line': b'-- Installing: /home/fectec151/Downloads/Projects/vanttec_sdv/workspace/src/install/sdv_msgs/local/lib/python3.10/dist-packages/sdv_msgs-0.0.0-py3.10.egg-info/SOURCES.txt\n'}
[1.078422] (sdv_msgs) StdoutLine: {'line': b'-- Installing: /home/fectec151/Downloads/Projects/vanttec_sdv/workspace/src/install/sdv_msgs/local/lib/python3.10/dist-packages/sdv_msgs-0.0.0-py3.10.egg-info/dependency_links.txt\n'}
[1.078474] (sdv_msgs) StdoutLine: {'line': b'-- Up-to-date: /home/fectec151/Downloads/Projects/vanttec_sdv/workspace/src/install/sdv_msgs/local/lib/python3.10/dist-packages/sdv_msgs\n'}
[1.078531] (sdv_msgs) StdoutLine: {'line': b'-- Up-to-date: /home/fectec151/Downloads/Projects/vanttec_sdv/workspace/src/install/sdv_msgs/local/lib/python3.10/dist-packages/sdv_msgs/sdv_msgs_s__rosidl_typesupport_c.cpython-310-x86_64-linux-gnu.so\n'}
[1.078584] (sdv_msgs) StdoutLine: {'line': b'-- Up-to-date: /home/fectec151/Downloads/Projects/vanttec_sdv/workspace/src/install/sdv_msgs/local/lib/python3.10/dist-packages/sdv_msgs/_sdv_msgs_s.ep.rosidl_typesupport_c.c\n'}
[1.078636] (sdv_msgs) StdoutLine: {'line': b'-- Up-to-date: /home/fectec151/Downloads/Projects/vanttec_sdv/workspace/src/install/sdv_msgs/local/lib/python3.10/dist-packages/sdv_msgs/srv\n'}
[1.078688] (sdv_msgs) StdoutLine: {'line': b'-- Up-to-date: /home/fectec151/Downloads/Projects/vanttec_sdv/workspace/src/install/sdv_msgs/local/lib/python3.10/dist-packages/sdv_msgs/srv/_uint8.py\n'}
[1.078737] (sdv_msgs) StdoutLine: {'line': b'-- Up-to-date: /home/fectec151/Downloads/Projects/vanttec_sdv/workspace/src/install/sdv_msgs/local/lib/python3.10/dist-packages/sdv_msgs/srv/__init__.py\n'}
[1.078786] (sdv_msgs) StdoutLine: {'line': b'-- Up-to-date: /home/fectec151/Downloads/Projects/vanttec_sdv/workspace/src/install/sdv_msgs/local/lib/python3.10/dist-packages/sdv_msgs/srv/_uint8_s.c\n'}
[1.078840] (sdv_msgs) StdoutLine: {'line': b'-- Up-to-date: /home/fectec151/Downloads/Projects/vanttec_sdv/workspace/src/install/sdv_msgs/local/lib/python3.10/dist-packages/sdv_msgs/sdv_msgs_s__rosidl_typesupport_introspection_c.cpython-310-x86_64-linux-gnu.so\n'}
[1.078911] (sdv_msgs) StdoutLine: {'line': b'-- Up-to-date: /home/fectec151/Downloads/Projects/vanttec_sdv/workspace/src/install/sdv_msgs/local/lib/python3.10/dist-packages/sdv_msgs/msg\n'}
[1.078975] (sdv_msgs) StdoutLine: {'line': b'-- Up-to-date: /home/fectec151/Downloads/Projects/vanttec_sdv/workspace/src/install/sdv_msgs/local/lib/python3.10/dist-packages/sdv_msgs/msg/_guidance_waypoints_s.c\n'}
[1.079037] (sdv_msgs) StdoutLine: {'line': b'-- Up-to-date: /home/fectec151/Downloads/Projects/vanttec_sdv/workspace/src/install/sdv_msgs/local/lib/python3.10/dist-packages/sdv_msgs/msg/_vehicle_info_wheel.py\n'}
[1.079089] (sdv_msgs) StdoutLine: {'line': b'-- Up-to-date: /home/fectec151/Downloads/Projects/vanttec_sdv/workspace/src/install/sdv_msgs/local/lib/python3.10/dist-packages/sdv_msgs/msg/_vehicle_info.py\n'}
[1.079141] (sdv_msgs) StdoutLine: {'line': b'-- Up-to-date: /home/fectec151/Downloads/Projects/vanttec_sdv/workspace/src/install/sdv_msgs/local/lib/python3.10/dist-packages/sdv_msgs/msg/_vehicle_status_s.c\n'}
[1.079207] (sdv_msgs) StdoutLine: {'line': b'-- Up-to-date: /home/fectec151/Downloads/Projects/vanttec_sdv/workspace/src/install/sdv_msgs/local/lib/python3.10/dist-packages/sdv_msgs/msg/_panel_msg_s.c\n'}
[1.079274] (sdv_msgs) StdoutLine: {'line': b'-- Up-to-date: /home/fectec151/Downloads/Projects/vanttec_sdv/workspace/src/install/sdv_msgs/local/lib/python3.10/dist-packages/sdv_msgs/msg/_status_s.c\n'}
[1.079329] (sdv_msgs) StdoutLine: {'line': b'-- Up-to-date: /home/fectec151/Downloads/Projects/vanttec_sdv/workspace/src/install/sdv_msgs/local/lib/python3.10/dist-packages/sdv_msgs/msg/_collision_event.py\n'}
[1.079383] (sdv_msgs) StdoutLine: {'line': b'-- Up-to-date: /home/fectec151/Downloads/Projects/vanttec_sdv/workspace/src/install/sdv_msgs/local/lib/python3.10/dist-packages/sdv_msgs/msg/_vehicle_status.py\n'}
[1.079436] (sdv_msgs) StdoutLine: {'line': b'-- Up-to-date: /home/fectec151/Downloads/Projects/vanttec_sdv/workspace/src/install/sdv_msgs/local/lib/python3.10/dist-packages/sdv_msgs/msg/_panel_msg.py\n'}
[1.079517] (sdv_msgs) StdoutLine: {'line': b'-- Up-to-date: /home/fectec151/Downloads/Projects/vanttec_sdv/workspace/src/install/sdv_msgs/local/lib/python3.10/dist-packages/sdv_msgs/msg/_guidance_waypoints.py\n'}
[1.079594] (sdv_msgs) StdoutLine: {'line': b'-- Up-to-date: /home/fectec151/Downloads/Projects/vanttec_sdv/workspace/src/install/sdv_msgs/local/lib/python3.10/dist-packages/sdv_msgs/msg/__init__.py\n'}
[1.079675] (sdv_msgs) StdoutLine: {'line': b'-- Up-to-date: /home/fectec151/Downloads/Projects/vanttec_sdv/workspace/src/install/sdv_msgs/local/lib/python3.10/dist-packages/sdv_msgs/msg/_lane_invasion_event_s.c\n'}
[1.079729] (sdv_msgs) StdoutLine: {'line': b'-- Up-to-date: /home/fectec151/Downloads/Projects/vanttec_sdv/workspace/src/install/sdv_msgs/local/lib/python3.10/dist-packages/sdv_msgs/msg/_vehicle_control.py\n'}
[1.079805] (sdv_msgs) StdoutLine: {'line': b'-- Up-to-date: /home/fectec151/Downloads/Projects/vanttec_sdv/workspace/src/install/sdv_msgs/local/lib/python3.10/dist-packages/sdv_msgs/msg/_vehicle_control_s.c\n'}
[1.079877] (sdv_msgs) StdoutLine: {'line': b'-- Up-to-date: /home/fectec151/Downloads/Projects/vanttec_sdv/workspace/src/install/sdv_msgs/local/lib/python3.10/dist-packages/sdv_msgs/msg/_system_dynamics_s.c\n'}
[1.079949] (sdv_msgs) StdoutLine: {'line': b'-- Up-to-date: /home/fectec151/Downloads/Projects/vanttec_sdv/workspace/src/install/sdv_msgs/local/lib/python3.10/dist-packages/sdv_msgs/msg/_encoder.py\n'}
[1.080042] (sdv_msgs) StdoutLine: {'line': b'-- Up-to-date: /home/fectec151/Downloads/Projects/vanttec_sdv/workspace/src/install/sdv_msgs/local/lib/python3.10/dist-packages/sdv_msgs/msg/_thrust_control_s.c\n'}
[1.080130] (sdv_msgs) StdoutLine: {'line': b'-- Up-to-date: /home/fectec151/Downloads/Projects/vanttec_sdv/workspace/src/install/sdv_msgs/local/lib/python3.10/dist-packages/sdv_msgs/msg/_throttle_msg_s.c\n'}
[1.080190] (sdv_msgs) StdoutLine: {'line': b'-- Up-to-date: /home/fectec151/Downloads/Projects/vanttec_sdv/workspace/src/install/sdv_msgs/local/lib/python3.10/dist-packages/sdv_msgs/msg/_status.py\n'}
[1.080272] (sdv_msgs) StdoutLine: {'line': b'-- Up-to-date: /home/fectec151/Downloads/Projects/vanttec_sdv/workspace/src/install/sdv_msgs/local/lib/python3.10/dist-packages/sdv_msgs/msg/_lane_invasion_event.py\n'}
[1.080326] (sdv_msgs) StdoutLine: {'line': b'-- Up-to-date: /home/fectec151/Downloads/Projects/vanttec_sdv/workspace/src/install/sdv_msgs/local/lib/python3.10/dist-packages/sdv_msgs/msg/_vehicle_info_s.c\n'}
[1.080383] (sdv_msgs) StdoutLine: {'line': b'-- Up-to-date: /home/fectec151/Downloads/Projects/vanttec_sdv/workspace/src/install/sdv_msgs/local/lib/python3.10/dist-packages/sdv_msgs/msg/_eta_pose.py\n'}
[1.080434] (sdv_msgs) StdoutLine: {'line': b'-- Up-to-date: /home/fectec151/Downloads/Projects/vanttec_sdv/workspace/src/install/sdv_msgs/local/lib/python3.10/dist-packages/sdv_msgs/msg/_eta_pose_s.c\n'}
[1.080485] (sdv_msgs) StdoutLine: {'line': b'-- Up-to-date: /home/fectec151/Downloads/Projects/vanttec_sdv/workspace/src/install/sdv_msgs/local/lib/python3.10/dist-packages/sdv_msgs/msg/_state.py\n'}
[1.080537] (sdv_msgs) StdoutLine: {'line': b'-- Up-to-date: /home/fectec151/Downloads/Projects/vanttec_sdv/workspace/src/install/sdv_msgs/local/lib/python3.10/dist-packages/sdv_msgs/msg/_throttle_msg.py\n'}
[1.080595] (sdv_msgs) StdoutLine: {'line': b'-- Up-to-date: /home/fectec151/Downloads/Projects/vanttec_sdv/workspace/src/install/sdv_msgs/local/lib/python3.10/dist-packages/sdv_msgs/msg/_encoder_s.c\n'}
[1.080653] (sdv_msgs) StdoutLine: {'line': b'-- Up-to-date: /home/fectec151/Downloads/Projects/vanttec_sdv/workspace/src/install/sdv_msgs/local/lib/python3.10/dist-packages/sdv_msgs/msg/_xbox_msg.py\n'}
[1.080707] (sdv_msgs) StdoutLine: {'line': b'-- Up-to-date: /home/fectec151/Downloads/Projects/vanttec_sdv/workspace/src/install/sdv_msgs/local/lib/python3.10/dist-packages/sdv_msgs/msg/_thrust_control.py\n'}
[1.080757] (sdv_msgs) StdoutLine: {'line': b'-- Up-to-date: /home/fectec151/Downloads/Projects/vanttec_sdv/workspace/src/install/sdv_msgs/local/lib/python3.10/dist-packages/sdv_msgs/msg/_collision_event_s.c\n'}
[1.080807] (sdv_msgs) StdoutLine: {'line': b'-- Up-to-date: /home/fectec151/Downloads/Projects/vanttec_sdv/workspace/src/install/sdv_msgs/local/lib/python3.10/dist-packages/sdv_msgs/msg/_system_dynamics.py\n'}
[1.080856] (sdv_msgs) StdoutLine: {'line': b'-- Up-to-date: /home/fectec151/Downloads/Projects/vanttec_sdv/workspace/src/install/sdv_msgs/local/lib/python3.10/dist-packages/sdv_msgs/msg/_xbox_msg_s.c\n'}
[1.080906] (sdv_msgs) StdoutLine: {'line': b'-- Up-to-date: /home/fectec151/Downloads/Projects/vanttec_sdv/workspace/src/install/sdv_msgs/local/lib/python3.10/dist-packages/sdv_msgs/msg/_state_s.c\n'}
[1.080956] (sdv_msgs) StdoutLine: {'line': b'-- Up-to-date: /home/fectec151/Downloads/Projects/vanttec_sdv/workspace/src/install/sdv_msgs/local/lib/python3.10/dist-packages/sdv_msgs/msg/_vehicle_info_wheel_s.c\n'}
[1.081006] (sdv_msgs) StdoutLine: {'line': b'-- Up-to-date: /home/fectec151/Downloads/Projects/vanttec_sdv/workspace/src/install/sdv_msgs/local/lib/python3.10/dist-packages/sdv_msgs/__init__.py\n'}
[1.081056] (sdv_msgs) StdoutLine: {'line': b'-- Up-to-date: /home/fectec151/Downloads/Projects/vanttec_sdv/workspace/src/install/sdv_msgs/local/lib/python3.10/dist-packages/sdv_msgs/_sdv_msgs_s.ep.rosidl_typesupport_fastrtps_c.c\n'}
[1.081107] (sdv_msgs) StdoutLine: {'line': b'-- Up-to-date: /home/fectec151/Downloads/Projects/vanttec_sdv/workspace/src/install/sdv_msgs/local/lib/python3.10/dist-packages/sdv_msgs/_sdv_msgs_s.ep.rosidl_typesupport_introspection_c.c\n'}
[1.081167] (sdv_msgs) StdoutLine: {'line': b'-- Up-to-date: /home/fectec151/Downloads/Projects/vanttec_sdv/workspace/src/install/sdv_msgs/local/lib/python3.10/dist-packages/sdv_msgs/libsdv_msgs__rosidl_generator_py.so\n'}
[1.081227] (sdv_msgs) StdoutLine: {'line': b'-- Up-to-date: /home/fectec151/Downloads/Projects/vanttec_sdv/workspace/src/install/sdv_msgs/local/lib/python3.10/dist-packages/sdv_msgs/sdv_msgs_s__rosidl_typesupport_fastrtps_c.cpython-310-x86_64-linux-gnu.so\n'}
[1.102476] (-) TimerEvent: {}
[1.119827] (sdv_msgs) StdoutLine: {'line': b"Listing '/home/fectec151/Downloads/Projects/vanttec_sdv/workspace/src/install/sdv_msgs/local/lib/python3.10/dist-packages/sdv_msgs'...\n"}
[1.120145] (sdv_msgs) StdoutLine: {'line': b"Listing '/home/fectec151/Downloads/Projects/vanttec_sdv/workspace/src/install/sdv_msgs/local/lib/python3.10/dist-packages/sdv_msgs/msg'...\n"}
[1.120297] (sdv_msgs) StdoutLine: {'line': b"Listing '/home/fectec151/Downloads/Projects/vanttec_sdv/workspace/src/install/sdv_msgs/local/lib/python3.10/dist-packages/sdv_msgs/srv'...\n"}
[1.129362] (sdv_msgs) StdoutLine: {'line': b'-- Up-to-date: /home/fectec151/Downloads/Projects/vanttec_sdv/workspace/src/install/sdv_msgs/local/lib/python3.10/dist-packages/sdv_msgs/sdv_msgs_s__rosidl_typesupport_fastrtps_c.cpython-310-x86_64-linux-gnu.so\n'}
[1.130035] (sdv_msgs) StdoutLine: {'line': b'-- Up-to-date: /home/fectec151/Downloads/Projects/vanttec_sdv/workspace/src/install/sdv_msgs/local/lib/python3.10/dist-packages/sdv_msgs/sdv_msgs_s__rosidl_typesupport_introspection_c.cpython-310-x86_64-linux-gnu.so\n'}
[1.131137] (sdv_msgs) StdoutLine: {'line': b'-- Up-to-date: /home/fectec151/Downloads/Projects/vanttec_sdv/workspace/src/install/sdv_msgs/local/lib/python3.10/dist-packages/sdv_msgs/sdv_msgs_s__rosidl_typesupport_c.cpython-310-x86_64-linux-gnu.so\n'}
[1.131908] (sdv_msgs) StdoutLine: {'line': b'-- Up-to-date: /home/fectec151/Downloads/Projects/vanttec_sdv/workspace/src/install/sdv_msgs/lib/libsdv_msgs__rosidl_generator_py.so\n'}
[1.132215] (sdv_msgs) StdoutLine: {'line': b'-- Up-to-date: /home/fectec151/Downloads/Projects/vanttec_sdv/workspace/src/install/sdv_msgs/share/sdv_msgs/msg/State.idl\n'}
[1.132382] (sdv_msgs) StdoutLine: {'line': b'-- Up-to-date: /home/fectec151/Downloads/Projects/vanttec_sdv/workspace/src/install/sdv_msgs/share/sdv_msgs/msg/PanelMsg.idl\n'}
[1.132585] (sdv_msgs) StdoutLine: {'line': b'-- Up-to-date: /home/fectec151/Downloads/Projects/vanttec_sdv/workspace/src/install/sdv_msgs/share/sdv_msgs/msg/XboxMsg.idl\n'}
[1.132742] (sdv_msgs) StdoutLine: {'line': b'-- Up-to-date: /home/fectec151/Downloads/Projects/vanttec_sdv/workspace/src/install/sdv_msgs/share/sdv_msgs/msg/ThrottleMsg.idl\n'}
[1.132911] (sdv_msgs) StdoutLine: {'line': b'-- Up-to-date: /home/fectec151/Downloads/Projects/vanttec_sdv/workspace/src/install/sdv_msgs/share/sdv_msgs/msg/CollisionEvent.idl\n'}
[1.133030] (sdv_msgs) StdoutLine: {'line': b'-- Up-to-date: /home/fectec151/Downloads/Projects/vanttec_sdv/workspace/src/install/sdv_msgs/share/sdv_msgs/msg/LaneInvasionEvent.idl\n'}
[1.133165] (sdv_msgs) StdoutLine: {'line': b'-- Up-to-date: /home/fectec151/Downloads/Projects/vanttec_sdv/workspace/src/install/sdv_msgs/share/sdv_msgs/msg/Status.idl\n'}
[1.133329] (sdv_msgs) StdoutLine: {'line': b'-- Up-to-date: /home/fectec151/Downloads/Projects/vanttec_sdv/workspace/src/install/sdv_msgs/share/sdv_msgs/msg/VehicleControl.idl\n'}
[1.133470] (sdv_msgs) StdoutLine: {'line': b'-- Up-to-date: /home/fectec151/Downloads/Projects/vanttec_sdv/workspace/src/install/sdv_msgs/share/sdv_msgs/msg/VehicleInfo.idl\n'}
[1.133590] (sdv_msgs) StdoutLine: {'line': b'-- Up-to-date: /home/fectec151/Downloads/Projects/vanttec_sdv/workspace/src/install/sdv_msgs/share/sdv_msgs/msg/VehicleStatus.idl\n'}
[1.133767] (sdv_msgs) StdoutLine: {'line': b'-- Up-to-date: /home/fectec151/Downloads/Projects/vanttec_sdv/workspace/src/install/sdv_msgs/share/sdv_msgs/msg/VehicleInfoWheel.idl\n'}
[1.133901] (sdv_msgs) StdoutLine: {'line': b'-- Up-to-date: /home/fectec151/Downloads/Projects/vanttec_sdv/workspace/src/install/sdv_msgs/share/sdv_msgs/msg/GuidanceWaypoints.idl\n'}
[1.134064] (sdv_msgs) StdoutLine: {'line': b'-- Up-to-date: /home/fectec151/Downloads/Projects/vanttec_sdv/workspace/src/install/sdv_msgs/share/sdv_msgs/msg/EtaPose.idl\n'}
[1.134207] (sdv_msgs) StdoutLine: {'line': b'-- Up-to-date: /home/fectec151/Downloads/Projects/vanttec_sdv/workspace/src/install/sdv_msgs/share/sdv_msgs/msg/SystemDynamics.idl\n'}
[1.134505] (sdv_msgs) StdoutLine: {'line': b'-- Up-to-date: /home/fectec151/Downloads/Projects/vanttec_sdv/workspace/src/install/sdv_msgs/share/sdv_msgs/msg/ThrustControl.idl\n'}
[1.134705] (sdv_msgs) StdoutLine: {'line': b'-- Up-to-date: /home/fectec151/Downloads/Projects/vanttec_sdv/workspace/src/install/sdv_msgs/share/sdv_msgs/msg/Encoder.idl\n'}
[1.134844] (sdv_msgs) StdoutLine: {'line': b'-- Up-to-date: /home/fectec151/Downloads/Projects/vanttec_sdv/workspace/src/install/sdv_msgs/share/sdv_msgs/srv/Uint8.idl\n'}
[1.134954] (sdv_msgs) StdoutLine: {'line': b'-- Up-to-date: /home/fectec151/Downloads/Projects/vanttec_sdv/workspace/src/install/sdv_msgs/share/sdv_msgs/msg/State.msg\n'}
[1.135133] (sdv_msgs) StdoutLine: {'line': b'-- Up-to-date: /home/fectec151/Downloads/Projects/vanttec_sdv/workspace/src/install/sdv_msgs/share/sdv_msgs/msg/PanelMsg.msg\n'}
[1.135585] (sdv_msgs) StdoutLine: {'line': b'-- Up-to-date: /home/fectec151/Downloads/Projects/vanttec_sdv/workspace/src/install/sdv_msgs/share/sdv_msgs/msg/XboxMsg.msg\n'}
[1.135901] (sdv_msgs) StdoutLine: {'line': b'-- Up-to-date: /home/fectec151/Downloads/Projects/vanttec_sdv/workspace/src/install/sdv_msgs/share/sdv_msgs/msg/ThrottleMsg.msg\n'}
[1.136052] (sdv_msgs) StdoutLine: {'line': b'-- Up-to-date: /home/fectec151/Downloads/Projects/vanttec_sdv/workspace/src/install/sdv_msgs/share/sdv_msgs/msg/CollisionEvent.msg\n'}
[1.136169] (sdv_msgs) StdoutLine: {'line': b'-- Up-to-date: /home/fectec151/Downloads/Projects/vanttec_sdv/workspace/src/install/sdv_msgs/share/sdv_msgs/msg/LaneInvasionEvent.msg\n'}
[1.136310] (sdv_msgs) StdoutLine: {'line': b'-- Up-to-date: /home/fectec151/Downloads/Projects/vanttec_sdv/workspace/src/install/sdv_msgs/share/sdv_msgs/msg/Status.msg\n'}
[1.136437] (sdv_msgs) StdoutLine: {'line': b'-- Up-to-date: /home/fectec151/Downloads/Projects/vanttec_sdv/workspace/src/install/sdv_msgs/share/sdv_msgs/msg/VehicleControl.msg\n'}
[1.136558] (sdv_msgs) StdoutLine: {'line': b'-- Up-to-date: /home/fectec151/Downloads/Projects/vanttec_sdv/workspace/src/install/sdv_msgs/share/sdv_msgs/msg/VehicleInfo.msg\n'}
[1.136778] (sdv_msgs) StdoutLine: {'line': b'-- Up-to-date: /home/fectec151/Downloads/Projects/vanttec_sdv/workspace/src/install/sdv_msgs/share/sdv_msgs/msg/VehicleStatus.msg\n'}
[1.137008] (sdv_msgs) StdoutLine: {'line': b'-- Up-to-date: /home/fectec151/Downloads/Projects/vanttec_sdv/workspace/src/install/sdv_msgs/share/sdv_msgs/msg/VehicleInfoWheel.msg\n'}
[1.137187] (sdv_msgs) StdoutLine: {'line': b'-- Up-to-date: /home/fectec151/Downloads/Projects/vanttec_sdv/workspace/src/install/sdv_msgs/share/sdv_msgs/msg/GuidanceWaypoints.msg\n'}
[1.137360] (sdv_msgs) StdoutLine: {'line': b'-- Up-to-date: /home/fectec151/Downloads/Projects/vanttec_sdv/workspace/src/install/sdv_msgs/share/sdv_msgs/msg/EtaPose.msg\n'}
[1.137504] (sdv_msgs) StdoutLine: {'line': b'-- Up-to-date: /home/fectec151/Downloads/Projects/vanttec_sdv/workspace/src/install/sdv_msgs/share/sdv_msgs/msg/SystemDynamics.msg\n'}
[1.137660] (sdv_msgs) StdoutLine: {'line': b'-- Up-to-date: /home/fectec151/Downloads/Projects/vanttec_sdv/workspace/src/install/sdv_msgs/share/sdv_msgs/msg/ThrustControl.msg\n'}
[1.137828] (sdv_msgs) StdoutLine: {'line': b'-- Up-to-date: /home/fectec151/Downloads/Projects/vanttec_sdv/workspace/src/install/sdv_msgs/share/sdv_msgs/msg/Encoder.msg\n'}
[1.138000] (sdv_msgs) StdoutLine: {'line': b'-- Up-to-date: /home/fectec151/Downloads/Projects/vanttec_sdv/workspace/src/install/sdv_msgs/share/sdv_msgs/srv/Uint8.srv\n'}
[1.138342] (sdv_msgs) StdoutLine: {'line': b'-- Up-to-date: /home/fectec151/Downloads/Projects/vanttec_sdv/workspace/src/install/sdv_msgs/share/sdv_msgs/srv/Uint8_Request.msg\n'}
[1.138607] (sdv_msgs) StdoutLine: {'line': b'-- Up-to-date: /home/fectec151/Downloads/Projects/vanttec_sdv/workspace/src/install/sdv_msgs/share/sdv_msgs/srv/Uint8_Response.msg\n'}
[1.138766] (sdv_msgs) StdoutLine: {'line': b'-- Up-to-date: /home/fectec151/Downloads/Projects/vanttec_sdv/workspace/src/install/sdv_msgs/share/ament_index/resource_index/package_run_dependencies/sdv_msgs\n'}
[1.138921] (sdv_msgs) StdoutLine: {'line': b'-- Up-to-date: /home/fectec151/Downloads/Projects/vanttec_sdv/workspace/src/install/sdv_msgs/share/ament_index/resource_index/parent_prefix_path/sdv_msgs\n'}
[1.139039] (sdv_msgs) StdoutLine: {'line': b'-- Up-to-date: /home/fectec151/Downloads/Projects/vanttec_sdv/workspace/src/install/sdv_msgs/share/sdv_msgs/environment/ament_prefix_path.sh\n'}
[1.139207] (sdv_msgs) StdoutLine: {'line': b'-- Up-to-date: /home/fectec151/Downloads/Projects/vanttec_sdv/workspace/src/install/sdv_msgs/share/sdv_msgs/environment/ament_prefix_path.dsv\n'}
[1.139324] (sdv_msgs) StdoutLine: {'line': b'-- Up-to-date: /home/fectec151/Downloads/Projects/vanttec_sdv/workspace/src/install/sdv_msgs/share/sdv_msgs/environment/path.sh\n'}
[1.139510] (sdv_msgs) StdoutLine: {'line': b'-- Up-to-date: /home/fectec151/Downloads/Projects/vanttec_sdv/workspace/src/install/sdv_msgs/share/sdv_msgs/environment/path.dsv\n'}
[1.139679] (sdv_msgs) StdoutLine: {'line': b'-- Up-to-date: /home/fectec151/Downloads/Projects/vanttec_sdv/workspace/src/install/sdv_msgs/share/sdv_msgs/local_setup.bash\n'}
[1.139783] (sdv_msgs) StdoutLine: {'line': b'-- Up-to-date: /home/fectec151/Downloads/Projects/vanttec_sdv/workspace/src/install/sdv_msgs/share/sdv_msgs/local_setup.sh\n'}
[1.139894] (sdv_msgs) StdoutLine: {'line': b'-- Up-to-date: /home/fectec151/Downloads/Projects/vanttec_sdv/workspace/src/install/sdv_msgs/share/sdv_msgs/local_setup.zsh\n'}
[1.140017] (sdv_msgs) StdoutLine: {'line': b'-- Up-to-date: /home/fectec151/Downloads/Projects/vanttec_sdv/workspace/src/install/sdv_msgs/share/sdv_msgs/local_setup.dsv\n'}
[1.140229] (sdv_msgs) StdoutLine: {'line': b'-- Installing: /home/fectec151/Downloads/Projects/vanttec_sdv/workspace/src/install/sdv_msgs/share/sdv_msgs/package.dsv\n'}
[1.140353] (sdv_msgs) StdoutLine: {'line': b'-- Up-to-date: /home/fectec151/Downloads/Projects/vanttec_sdv/workspace/src/install/sdv_msgs/share/ament_index/resource_index/packages/sdv_msgs\n'}
[1.140467] (sdv_msgs) StdoutLine: {'line': b'-- Up-to-date: /home/fectec151/Downloads/Projects/vanttec_sdv/workspace/src/install/sdv_msgs/share/sdv_msgs/cmake/export_sdv_msgs__rosidl_generator_cExport.cmake\n'}
[1.140644] (sdv_msgs) StdoutLine: {'line': b'-- Up-to-date: /home/fectec151/Downloads/Projects/vanttec_sdv/workspace/src/install/sdv_msgs/share/sdv_msgs/cmake/export_sdv_msgs__rosidl_generator_cExport-noconfig.cmake\n'}
[1.140803] (sdv_msgs) StdoutLine: {'line': b'-- Up-to-date: /home/fectec151/Downloads/Projects/vanttec_sdv/workspace/src/install/sdv_msgs/share/sdv_msgs/cmake/export_sdv_msgs__rosidl_typesupport_fastrtps_cExport.cmake\n'}
[1.140917] (sdv_msgs) StdoutLine: {'line': b'-- Up-to-date: /home/fectec151/Downloads/Projects/vanttec_sdv/workspace/src/install/sdv_msgs/share/sdv_msgs/cmake/export_sdv_msgs__rosidl_typesupport_fastrtps_cExport-noconfig.cmake\n'}
[1.141083] (sdv_msgs) StdoutLine: {'line': b'-- Up-to-date: /home/fectec151/Downloads/Projects/vanttec_sdv/workspace/src/install/sdv_msgs/share/sdv_msgs/cmake/sdv_msgs__rosidl_typesupport_introspection_cExport.cmake\n'}
[1.141254] (sdv_msgs) StdoutLine: {'line': b'-- Up-to-date: /home/fectec151/Downloads/Projects/vanttec_sdv/workspace/src/install/sdv_msgs/share/sdv_msgs/cmake/sdv_msgs__rosidl_typesupport_introspection_cExport-noconfig.cmake\n'}
[1.141632] (sdv_msgs) StdoutLine: {'line': b'-- Up-to-date: /home/fectec151/Downloads/Projects/vanttec_sdv/workspace/src/install/sdv_msgs/share/sdv_msgs/cmake/sdv_msgs__rosidl_typesupport_cExport.cmake\n'}
[1.141796] (sdv_msgs) StdoutLine: {'line': b'-- Up-to-date: /home/fectec151/Downloads/Projects/vanttec_sdv/workspace/src/install/sdv_msgs/share/sdv_msgs/cmake/sdv_msgs__rosidl_typesupport_cExport-noconfig.cmake\n'}
[1.141960] (sdv_msgs) StdoutLine: {'line': b'-- Up-to-date: /home/fectec151/Downloads/Projects/vanttec_sdv/workspace/src/install/sdv_msgs/share/sdv_msgs/cmake/export_sdv_msgs__rosidl_generator_cppExport.cmake\n'}
[1.142158] (sdv_msgs) StdoutLine: {'line': b'-- Up-to-date: /home/fectec151/Downloads/Projects/vanttec_sdv/workspace/src/install/sdv_msgs/share/sdv_msgs/cmake/export_sdv_msgs__rosidl_typesupport_fastrtps_cppExport.cmake\n'}
[1.145287] (sdv_msgs) StdoutLine: {'line': b'-- Up-to-date: /home/fectec151/Downloads/Projects/vanttec_sdv/workspace/src/install/sdv_msgs/share/sdv_msgs/cmake/export_sdv_msgs__rosidl_typesupport_fastrtps_cppExport-noconfig.cmake\n'}
[1.145541] (sdv_msgs) StdoutLine: {'line': b'-- Up-to-date: /home/fectec151/Downloads/Projects/vanttec_sdv/workspace/src/install/sdv_msgs/share/sdv_msgs/cmake/sdv_msgs__rosidl_typesupport_introspection_cppExport.cmake\n'}
[1.145764] (sdv_msgs) StdoutLine: {'line': b'-- Up-to-date: /home/fectec151/Downloads/Projects/vanttec_sdv/workspace/src/install/sdv_msgs/share/sdv_msgs/cmake/sdv_msgs__rosidl_typesupport_introspection_cppExport-noconfig.cmake\n'}
[1.145953] (sdv_msgs) StdoutLine: {'line': b'-- Up-to-date: /home/fectec151/Downloads/Projects/vanttec_sdv/workspace/src/install/sdv_msgs/share/sdv_msgs/cmake/sdv_msgs__rosidl_typesupport_cppExport.cmake\n'}
[1.146133] (sdv_msgs) StdoutLine: {'line': b'-- Up-to-date: /home/fectec151/Downloads/Projects/vanttec_sdv/workspace/src/install/sdv_msgs/share/sdv_msgs/cmake/sdv_msgs__rosidl_typesupport_cppExport-noconfig.cmake\n'}
[1.146339] (sdv_msgs) StdoutLine: {'line': b'-- Up-to-date: /home/fectec151/Downloads/Projects/vanttec_sdv/workspace/src/install/sdv_msgs/share/sdv_msgs/cmake/export_sdv_msgs__rosidl_generator_pyExport.cmake\n'}
[1.146518] (sdv_msgs) StdoutLine: {'line': b'-- Up-to-date: /home/fectec151/Downloads/Projects/vanttec_sdv/workspace/src/install/sdv_msgs/share/sdv_msgs/cmake/export_sdv_msgs__rosidl_generator_pyExport-noconfig.cmake\n'}
[1.146687] (sdv_msgs) StdoutLine: {'line': b'-- Up-to-date: /home/fectec151/Downloads/Projects/vanttec_sdv/workspace/src/install/sdv_msgs/share/sdv_msgs/cmake/rosidl_cmake-extras.cmake\n'}
[1.146851] (sdv_msgs) StdoutLine: {'line': b'-- Up-to-date: /home/fectec151/Downloads/Projects/vanttec_sdv/workspace/src/install/sdv_msgs/share/sdv_msgs/cmake/ament_cmake_export_dependencies-extras.cmake\n'}
[1.147019] (sdv_msgs) StdoutLine: {'line': b'-- Up-to-date: /home/fectec151/Downloads/Projects/vanttec_sdv/workspace/src/install/sdv_msgs/share/sdv_msgs/cmake/ament_cmake_export_include_directories-extras.cmake\n'}
[1.147179] (sdv_msgs) StdoutLine: {'line': b'-- Up-to-date: /home/fectec151/Downloads/Projects/vanttec_sdv/workspace/src/install/sdv_msgs/share/sdv_msgs/cmake/ament_cmake_export_libraries-extras.cmake\n'}
[1.147338] (sdv_msgs) StdoutLine: {'line': b'-- Up-to-date: /home/fectec151/Downloads/Projects/vanttec_sdv/workspace/src/install/sdv_msgs/share/sdv_msgs/cmake/ament_cmake_export_targets-extras.cmake\n'}
[1.147503] (sdv_msgs) StdoutLine: {'line': b'-- Up-to-date: /home/fectec151/Downloads/Projects/vanttec_sdv/workspace/src/install/sdv_msgs/share/sdv_msgs/cmake/rosidl_cmake_export_typesupport_targets-extras.cmake\n'}
[1.147662] (sdv_msgs) StdoutLine: {'line': b'-- Up-to-date: /home/fectec151/Downloads/Projects/vanttec_sdv/workspace/src/install/sdv_msgs/share/sdv_msgs/cmake/rosidl_cmake_export_typesupport_libraries-extras.cmake\n'}
[1.148619] (sdv_msgs) StdoutLine: {'line': b'-- Up-to-date: /home/fectec151/Downloads/Projects/vanttec_sdv/workspace/src/install/sdv_msgs/share/sdv_msgs/cmake/sdv_msgsConfig.cmake\n'}
[1.148790] (sdv_msgs) StdoutLine: {'line': b'-- Up-to-date: /home/fectec151/Downloads/Projects/vanttec_sdv/workspace/src/install/sdv_msgs/share/sdv_msgs/cmake/sdv_msgsConfig-version.cmake\n'}
[1.148925] (sdv_msgs) StdoutLine: {'line': b'-- Up-to-date: /home/fectec151/Downloads/Projects/vanttec_sdv/workspace/src/install/sdv_msgs/share/sdv_msgs/package.xml\n'}
[1.149763] (sdv_msgs) CommandEnded: {'returncode': 0}
[1.202579] (-) TimerEvent: {}
[1.302934] (-) TimerEvent: {}
[1.403663] (-) TimerEvent: {}
[1.504008] (-) TimerEvent: {}
[1.606257] (-) TimerEvent: {}
[1.707144] (-) TimerEvent: {}
[1.719454] (sdv_msgs) JobEnded: {'identifier': 'sdv_msgs', 'rc': 0}
[1.720874] (-) EventReactorShutdown: {}
