[0.000000] (-) TimerEvent: {}
[0.000362] (-) JobUnselected: {'identifier': 'isaac_ros_apriltag_interfaces'}
[0.000427] (-) JobUnselected: {'identifier': 'isaac_ros_bi3d_interfaces'}
[0.000463] (-) JobUnselected: {'identifier': 'isaac_ros_common'}
[0.000527] (-) JobUnselected: {'identifier': 'isaac_ros_nitros_bridge_interfaces'}
[0.000571] (-) JobUnselected: {'identifier': 'isaac_ros_nova_interfaces'}
[0.000631] (-) JobUnselected: {'identifier': 'isaac_ros_pointcloud_interfaces'}
[0.000667] (-) JobUnselected: {'identifier': 'isaac_ros_tensor_list_interfaces'}
[0.000720] (-) JobUnselected: {'identifier': 'isaac_ros_test'}
[0.000739] (-) JobUnselected: {'identifier': 'lidar3d_clustering'}
[0.000762] (-) JobUnselected: {'identifier': 'my_camera_node'}
[0.000792] (-) JobUnselected: {'identifier': 'ros_compatibility'}
[0.000811] (-) JobUnselected: {'identifier': 'sbg_driver'}
[0.000827] (-) JobUnselected: {'identifier': 'sdv_control'}
[0.000929] (-) JobUnselected: {'identifier': 'sdv_description'}
[0.000948] (-) JobUnselected: {'identifier': 'sdv_launch'}
[0.000967] (-) JobUnselected: {'identifier': 'sdv_lidar_processing'}
[0.000984] (-) JobUnselected: {'identifier': 'sdv_localization'}
[0.001026] (-) JobUnselected: {'identifier': 'sdv_manual_control'}
[0.001054] (-) JobUnselected: {'identifier': 'sdv_robot_description'}
[0.001082] (-) JobUnselected: {'identifier': 'vectornav'}
[0.001101] (-) JobUnselected: {'identifier': 'voxel_grid_filter'}
[0.001120] (sdv_msgs) JobQueued: {'identifier': 'sdv_msgs', 'dependencies': OrderedDict()}
[0.001140] (vectornav_msgs) JobQueued: {'identifier': 'vectornav_msgs', 'dependencies': OrderedDict()}
[0.001157] (sdv_can) JobQueued: {'identifier': 'sdv_can', 'dependencies': OrderedDict([('sdv_msgs', '/home/fcanof/vanttec_sdv/install/sdv_msgs'), ('vectornav_msgs', '/home/fcanof/vanttec_sdv/install/vectornav_msgs')])}
[0.001179] (sdv_msgs) JobStarted: {'identifier': 'sdv_msgs'}
[0.080459] (vectornav_msgs) JobStarted: {'identifier': 'vectornav_msgs'}
[0.099993] (-) TimerEvent: {}
[0.162731] (sdv_msgs) JobProgress: {'identifier': 'sdv_msgs', 'progress': 'cmake'}
[0.163873] (sdv_msgs) JobProgress: {'identifier': 'sdv_msgs', 'progress': 'build'}
[0.163934] (sdv_msgs) Command: {'cmd': ['/usr/bin/cmake', '--build', '/home/fcanof/vanttec_sdv/build/sdv_msgs', '--', '-j12', '-l12'], 'cwd': '/home/fcanof/vanttec_sdv/build/sdv_msgs', 'env': OrderedDict([('GJS_DEBUG_TOPICS', 'JS ERROR;JS LOG'), ('LESSOPEN', '| /usr/bin/lesspipe %s'), ('USER', 'fcanof'), ('LC_TIME', 'es_MX.UTF-8'), ('GIO_MODULE_DIR', '/home/fcanof/snap/code/common/.cache/gio-modules'), ('XDG_SESSION_TYPE', 'x11'), ('GIT_ASKPASS', '/snap/code/154/usr/share/code/resources/app/extensions/git/dist/askpass.sh'), ('GTK_EXE_PREFIX_VSCODE_SNAP_ORIG', ''), ('GDK_BACKEND_VSCODE_SNAP_ORIG', ''), ('SHLVL', '1'), ('LD_LIBRARY_PATH', '/home/fcanof/vanttec_sdv/install/vectornav_msgs/lib:/home/fcanof/vanttec_sdv/install/sdv_msgs/lib:/opt/ros/humble/opt/rviz_ogre_vendor/lib:/opt/ros/humble/lib/x86_64-linux-gnu:/opt/ros/humble/lib'), ('HOME', '/home/fcanof'), ('CHROME_DESKTOP', 'code-url-handler.desktop'), ('LOCPATH_VSCODE_SNAP_ORIG', ''), ('TERM_PROGRAM_VERSION', '1.87.1'), ('DESKTOP_SESSION', 'ubuntu'), ('GTK_PATH', '/snap/code/154/usr/lib/x86_64-linux-gnu/gtk-3.0'), ('GTK_IM_MODULE_FILE', '/home/fcanof/snap/code/common/.cache/immodules/immodules.cache'), ('GIO_LAUNCHED_DESKTOP_FILE', '/var/lib/snapd/desktop/applications/code_code.desktop'), ('ROS_PYTHON_VERSION', '3'), ('GNOME_SHELL_SESSION_MODE', 'ubuntu'), ('GTK_MODULES', 'gail:atk-bridge'), ('GSETTINGS_SCHEMA_DIR_VSCODE_SNAP_ORIG', ''), ('VSCODE_GIT_ASKPASS_MAIN', '/snap/code/154/usr/share/code/resources/app/extensions/git/dist/askpass-main.js'), ('LC_MONETARY', 'es_MX.UTF-8'), ('VSCODE_GIT_ASKPASS_NODE', '/snap/code/154/usr/share/code/code'), ('MANAGERPID', '2223'), ('SYSTEMD_EXEC_PID', '2758'), ('DBUS_SESSION_BUS_ADDRESS', 'unix:path=/run/user/1000/bus'), ('COLORTERM', 'truecolor'), ('GIO_LAUNCHED_DESKTOP_FILE_PID', '50274'), ('COLCON_PREFIX_PATH', '/home/fcanof/vanttec_sdv/install'), ('ROS_DISTRO', 'humble'), ('GTK_IM_MODULE', 'ibus'), ('LOGNAME', 'fcanof'), ('JOURNAL_STREAM', '8:41161'), ('_', '/usr/bin/colcon'), ('ROS_VERSION', '2'), ('XDG_CONFIG_DIRS_VSCODE_SNAP_ORIG', '/etc/xdg/xdg-ubuntu:/etc/xdg'), ('XDG_SESSION_CLASS', 'user'), ('XDG_DATA_DIRS_VSCODE_SNAP_ORIG', '/usr/share/ubuntu:/usr/share/gnome:/usr/local/share/:/usr/share/:/var/lib/snapd/desktop'), ('USERNAME', 'fcanof'), ('TERM', 'xterm-256color'), ('GNOME_DESKTOP_SESSION_ID', 'this-is-deprecated'), ('ROS_LOCALHOST_ONLY', '1'), ('WINDOWPATH', '2'), ('PATH', '/home/fcanof/.local/bin:/opt/ros/humble/bin:/home/fcanof/.local/bin:/usr/local/sbin:/usr/local/bin:/usr/sbin:/usr/bin:/sbin:/bin:/usr/games:/usr/local/games:/snap/bin:/snap/bin'), ('SESSION_MANAGER', 'local/fcanof:@/tmp/.ICE-unix/2736,unix/fcanof:/tmp/.ICE-unix/2736'), ('GTK_EXE_PREFIX', '/snap/code/154/usr'), ('INVOCATION_ID', '4c90a3b36feb4d8c9cb26423b3ecfd5d'), ('XDG_MENU_PREFIX', 'gnome-'), ('LC_ADDRESS', 'es_MX.UTF-8'), ('BAMF_DESKTOP_FILE_HINT', '/var/lib/snapd/desktop/applications/code_code.desktop'), ('XDG_RUNTIME_DIR', '/run/user/1000'), ('GDK_BACKEND', 'x11'), ('DISPLAY', ':1'), ('LOCPATH', '/snap/code/154/usr/lib/locale'), ('LANG', 'en_US.UTF-8'), ('XDG_CURRENT_DESKTOP', 'Unity'), ('LC_TELEPHONE', 'es_MX.UTF-8'), ('GIO_MODULE_DIR_VSCODE_SNAP_ORIG', ''), ('XMODIFIERS', '@im=ibus'), ('XDG_SESSION_DESKTOP', 'ubuntu'), ('XAUTHORITY', '/run/user/1000/gdm/Xauthority'), ('LS_COLORS', 'rs=0:di=01;34:ln=01;36:mh=00:pi=40;33:so=01;35:do=01;35:bd=40;33;01:cd=40;33;01:or=40;31;01:mi=00:su=37;41:sg=30;43:ca=30;41:tw=30;42:ow=34;42:st=37;44:ex=01;32:*.tar=01;31:*.tgz=01;31:*.arc=01;31:*.arj=01;31:*.taz=01;31:*.lha=01;31:*.lz4=01;31:*.lzh=01;31:*.lzma=01;31:*.tlz=01;31:*.txz=01;31:*.tzo=01;31:*.t7z=01;31:*.zip=01;31:*.z=01;31:*.dz=01;31:*.gz=01;31:*.lrz=01;31:*.lz=01;31:*.lzo=01;31:*.xz=01;31:*.zst=01;31:*.tzst=01;31:*.bz2=01;31:*.bz=01;31:*.tbz=01;31:*.tbz2=01;31:*.tz=01;31:*.deb=01;31:*.rpm=01;31:*.jar=01;31:*.war=01;31:*.ear=01;31:*.sar=01;31:*.rar=01;31:*.alz=01;31:*.ace=01;31:*.zoo=01;31:*.cpio=01;31:*.7z=01;31:*.rz=01;31:*.cab=01;31:*.wim=01;31:*.swm=01;31:*.dwm=01;31:*.esd=01;31:*.jpg=01;35:*.jpeg=01;35:*.mjpg=01;35:*.mjpeg=01;35:*.gif=01;35:*.bmp=01;35:*.pbm=01;35:*.pgm=01;35:*.ppm=01;35:*.tga=01;35:*.xbm=01;35:*.xpm=01;35:*.tif=01;35:*.tiff=01;35:*.png=01;35:*.svg=01;35:*.svgz=01;35:*.mng=01;35:*.pcx=01;35:*.mov=01;35:*.mpg=01;35:*.mpeg=01;35:*.m2v=01;35:*.mkv=01;35:*.webm=01;35:*.webp=01;35:*.ogm=01;35:*.mp4=01;35:*.m4v=01;35:*.mp4v=01;35:*.vob=01;35:*.qt=01;35:*.nuv=01;35:*.wmv=01;35:*.asf=01;35:*.rm=01;35:*.rmvb=01;35:*.flc=01;35:*.avi=01;35:*.fli=01;35:*.flv=01;35:*.gl=01;35:*.dl=01;35:*.xcf=01;35:*.xwd=01;35:*.yuv=01;35:*.cgm=01;35:*.emf=01;35:*.ogv=01;35:*.ogx=01;35:*.aac=00;36:*.au=00;36:*.flac=00;36:*.m4a=00;36:*.mid=00;36:*.midi=00;36:*.mka=00;36:*.mp3=00;36:*.mpc=00;36:*.ogg=00;36:*.ra=00;36:*.wav=00;36:*.oga=00;36:*.opus=00;36:*.spx=00;36:*.xspf=00;36:'), ('VSCODE_GIT_IPC_HANDLE', '/run/user/1000/vscode-git-676dc8d9e0.sock'), ('TERM_PROGRAM', 'vscode'), ('SSH_AGENT_LAUNCHER', 'gnome-keyring'), ('SSH_AUTH_SOCK', '/run/user/1000/keyring/ssh'), ('GSETTINGS_SCHEMA_DIR', '/home/fcanof/snap/code/154/.local/share/glib-2.0/schemas'), ('ROS_DOMAIN_ID', '8'), ('AMENT_PREFIX_PATH', '/home/fcanof/vanttec_sdv/install/sdv_can:/home/fcanof/vanttec_sdv/install/vectornav_msgs:/home/fcanof/vanttec_sdv/install/sdv_msgs:/opt/ros/humble'), ('ORIGINAL_XDG_CURRENT_DESKTOP', 'ubuntu:GNOME'), ('SHELL', '/bin/bash'), ('LC_NAME', 'es_MX.UTF-8'), ('QT_ACCESSIBILITY', '1'), ('GDMSESSION', 'ubuntu'), ('LESSCLOSE', '/usr/bin/lesspipe %s %s'), ('GTK_PATH_VSCODE_SNAP_ORIG', ''), ('GTK_IM_MODULE_FILE_VSCODE_SNAP_ORIG', ''), ('LC_MEASUREMENT', 'es_MX.UTF-8'), ('GPG_AGENT_INFO', '/run/user/1000/gnupg/S.gpg-agent:0:1'), ('GJS_DEBUG_OUTPUT', 'stderr'), ('LC_IDENTIFICATION', 'es_MX.UTF-8'), ('VSCODE_GIT_ASKPASS_EXTRA_ARGS', ''), ('QT_IM_MODULE', 'ibus'), ('PWD', '/home/fcanof/vanttec_sdv/build/sdv_msgs'), ('LC_ALL', 'en_US.UTF-8'), ('XDG_CONFIG_DIRS', '/etc/xdg/xdg-ubuntu:/etc/xdg'), ('XDG_DATA_DIRS', '/home/fcanof/snap/code/154/.local/share:/home/fcanof/snap/code/154:/snap/code/154/usr/share:/usr/share/ubuntu:/usr/share/gnome:/usr/local/share/:/usr/share/:/var/lib/snapd/desktop'), ('PYTHONPATH', '/home/fcanof/vanttec_sdv/install/vectornav_msgs/local/lib/python3.10/dist-packages:/home/fcanof/vanttec_sdv/install/sdv_msgs/local/lib/python3.10/dist-packages:/opt/ros/humble/lib/python3.10/site-packages:/opt/ros/humble/local/lib/python3.10/dist-packages'), ('LC_NUMERIC', 'es_MX.UTF-8'), ('LC_PAPER', 'es_MX.UTF-8'), ('COLCON', '1'), ('CMAKE_PREFIX_PATH', '/home/fcanof/vanttec_sdv/install/sdv_can:/home/fcanof/vanttec_sdv/install/vectornav_msgs:/home/fcanof/vanttec_sdv/install/sdv_msgs:/opt/ros/humble')]), 'shell': False}
[0.167341] (vectornav_msgs) JobProgress: {'identifier': 'vectornav_msgs', 'progress': 'cmake'}
[0.167856] (vectornav_msgs) JobProgress: {'identifier': 'vectornav_msgs', 'progress': 'build'}
[0.168180] (vectornav_msgs) Command: {'cmd': ['/usr/bin/cmake', '--build', '/home/fcanof/vanttec_sdv/build/vectornav_msgs', '--', '-j12', '-l12'], 'cwd': '/home/fcanof/vanttec_sdv/build/vectornav_msgs', 'env': OrderedDict([('GJS_DEBUG_TOPICS', 'JS ERROR;JS LOG'), ('LESSOPEN', '| /usr/bin/lesspipe %s'), ('USER', 'fcanof'), ('LC_TIME', 'es_MX.UTF-8'), ('GIO_MODULE_DIR', '/home/fcanof/snap/code/common/.cache/gio-modules'), ('XDG_SESSION_TYPE', 'x11'), ('GIT_ASKPASS', '/snap/code/154/usr/share/code/resources/app/extensions/git/dist/askpass.sh'), ('GTK_EXE_PREFIX_VSCODE_SNAP_ORIG', ''), ('GDK_BACKEND_VSCODE_SNAP_ORIG', ''), ('SHLVL', '1'), ('LD_LIBRARY_PATH', '/home/fcanof/vanttec_sdv/install/vectornav_msgs/lib:/home/fcanof/vanttec_sdv/install/sdv_msgs/lib:/opt/ros/humble/opt/rviz_ogre_vendor/lib:/opt/ros/humble/lib/x86_64-linux-gnu:/opt/ros/humble/lib'), ('HOME', '/home/fcanof'), ('CHROME_DESKTOP', 'code-url-handler.desktop'), ('LOCPATH_VSCODE_SNAP_ORIG', ''), ('TERM_PROGRAM_VERSION', '1.87.1'), ('DESKTOP_SESSION', 'ubuntu'), ('GTK_PATH', '/snap/code/154/usr/lib/x86_64-linux-gnu/gtk-3.0'), ('GTK_IM_MODULE_FILE', '/home/fcanof/snap/code/common/.cache/immodules/immodules.cache'), ('GIO_LAUNCHED_DESKTOP_FILE', '/var/lib/snapd/desktop/applications/code_code.desktop'), ('ROS_PYTHON_VERSION', '3'), ('GNOME_SHELL_SESSION_MODE', 'ubuntu'), ('GTK_MODULES', 'gail:atk-bridge'), ('GSETTINGS_SCHEMA_DIR_VSCODE_SNAP_ORIG', ''), ('VSCODE_GIT_ASKPASS_MAIN', '/snap/code/154/usr/share/code/resources/app/extensions/git/dist/askpass-main.js'), ('LC_MONETARY', 'es_MX.UTF-8'), ('VSCODE_GIT_ASKPASS_NODE', '/snap/code/154/usr/share/code/code'), ('MANAGERPID', '2223'), ('SYSTEMD_EXEC_PID', '2758'), ('DBUS_SESSION_BUS_ADDRESS', 'unix:path=/run/user/1000/bus'), ('COLORTERM', 'truecolor'), ('GIO_LAUNCHED_DESKTOP_FILE_PID', '50274'), ('COLCON_PREFIX_PATH', '/home/fcanof/vanttec_sdv/install'), ('ROS_DISTRO', 'humble'), ('GTK_IM_MODULE', 'ibus'), ('LOGNAME', 'fcanof'), ('JOURNAL_STREAM', '8:41161'), ('_', '/usr/bin/colcon'), ('ROS_VERSION', '2'), ('XDG_CONFIG_DIRS_VSCODE_SNAP_ORIG', '/etc/xdg/xdg-ubuntu:/etc/xdg'), ('XDG_SESSION_CLASS', 'user'), ('XDG_DATA_DIRS_VSCODE_SNAP_ORIG', '/usr/share/ubuntu:/usr/share/gnome:/usr/local/share/:/usr/share/:/var/lib/snapd/desktop'), ('USERNAME', 'fcanof'), ('TERM', 'xterm-256color'), ('GNOME_DESKTOP_SESSION_ID', 'this-is-deprecated'), ('ROS_LOCALHOST_ONLY', '1'), ('WINDOWPATH', '2'), ('PATH', '/home/fcanof/.local/bin:/opt/ros/humble/bin:/home/fcanof/.local/bin:/usr/local/sbin:/usr/local/bin:/usr/sbin:/usr/bin:/sbin:/bin:/usr/games:/usr/local/games:/snap/bin:/snap/bin'), ('SESSION_MANAGER', 'local/fcanof:@/tmp/.ICE-unix/2736,unix/fcanof:/tmp/.ICE-unix/2736'), ('GTK_EXE_PREFIX', '/snap/code/154/usr'), ('INVOCATION_ID', '4c90a3b36feb4d8c9cb26423b3ecfd5d'), ('XDG_MENU_PREFIX', 'gnome-'), ('LC_ADDRESS', 'es_MX.UTF-8'), ('BAMF_DESKTOP_FILE_HINT', '/var/lib/snapd/desktop/applications/code_code.desktop'), ('XDG_RUNTIME_DIR', '/run/user/1000'), ('GDK_BACKEND', 'x11'), ('DISPLAY', ':1'), ('LOCPATH', '/snap/code/154/usr/lib/locale'), ('LANG', 'en_US.UTF-8'), ('XDG_CURRENT_DESKTOP', 'Unity'), ('LC_TELEPHONE', 'es_MX.UTF-8'), ('GIO_MODULE_DIR_VSCODE_SNAP_ORIG', ''), ('XMODIFIERS', '@im=ibus'), ('XDG_SESSION_DESKTOP', 'ubuntu'), ('XAUTHORITY', '/run/user/1000/gdm/Xauthority'), ('LS_COLORS', 'rs=0:di=01;34:ln=01;36:mh=00:pi=40;33:so=01;35:do=01;35:bd=40;33;01:cd=40;33;01:or=40;31;01:mi=00:su=37;41:sg=30;43:ca=30;41:tw=30;42:ow=34;42:st=37;44:ex=01;32:*.tar=01;31:*.tgz=01;31:*.arc=01;31:*.arj=01;31:*.taz=01;31:*.lha=01;31:*.lz4=01;31:*.lzh=01;31:*.lzma=01;31:*.tlz=01;31:*.txz=01;31:*.tzo=01;31:*.t7z=01;31:*.zip=01;31:*.z=01;31:*.dz=01;31:*.gz=01;31:*.lrz=01;31:*.lz=01;31:*.lzo=01;31:*.xz=01;31:*.zst=01;31:*.tzst=01;31:*.bz2=01;31:*.bz=01;31:*.tbz=01;31:*.tbz2=01;31:*.tz=01;31:*.deb=01;31:*.rpm=01;31:*.jar=01;31:*.war=01;31:*.ear=01;31:*.sar=01;31:*.rar=01;31:*.alz=01;31:*.ace=01;31:*.zoo=01;31:*.cpio=01;31:*.7z=01;31:*.rz=01;31:*.cab=01;31:*.wim=01;31:*.swm=01;31:*.dwm=01;31:*.esd=01;31:*.jpg=01;35:*.jpeg=01;35:*.mjpg=01;35:*.mjpeg=01;35:*.gif=01;35:*.bmp=01;35:*.pbm=01;35:*.pgm=01;35:*.ppm=01;35:*.tga=01;35:*.xbm=01;35:*.xpm=01;35:*.tif=01;35:*.tiff=01;35:*.png=01;35:*.svg=01;35:*.svgz=01;35:*.mng=01;35:*.pcx=01;35:*.mov=01;35:*.mpg=01;35:*.mpeg=01;35:*.m2v=01;35:*.mkv=01;35:*.webm=01;35:*.webp=01;35:*.ogm=01;35:*.mp4=01;35:*.m4v=01;35:*.mp4v=01;35:*.vob=01;35:*.qt=01;35:*.nuv=01;35:*.wmv=01;35:*.asf=01;35:*.rm=01;35:*.rmvb=01;35:*.flc=01;35:*.avi=01;35:*.fli=01;35:*.flv=01;35:*.gl=01;35:*.dl=01;35:*.xcf=01;35:*.xwd=01;35:*.yuv=01;35:*.cgm=01;35:*.emf=01;35:*.ogv=01;35:*.ogx=01;35:*.aac=00;36:*.au=00;36:*.flac=00;36:*.m4a=00;36:*.mid=00;36:*.midi=00;36:*.mka=00;36:*.mp3=00;36:*.mpc=00;36:*.ogg=00;36:*.ra=00;36:*.wav=00;36:*.oga=00;36:*.opus=00;36:*.spx=00;36:*.xspf=00;36:'), ('VSCODE_GIT_IPC_HANDLE', '/run/user/1000/vscode-git-676dc8d9e0.sock'), ('TERM_PROGRAM', 'vscode'), ('SSH_AGENT_LAUNCHER', 'gnome-keyring'), ('SSH_AUTH_SOCK', '/run/user/1000/keyring/ssh'), ('GSETTINGS_SCHEMA_DIR', '/home/fcanof/snap/code/154/.local/share/glib-2.0/schemas'), ('ROS_DOMAIN_ID', '8'), ('AMENT_PREFIX_PATH', '/home/fcanof/vanttec_sdv/install/sdv_can:/home/fcanof/vanttec_sdv/install/vectornav_msgs:/home/fcanof/vanttec_sdv/install/sdv_msgs:/opt/ros/humble'), ('ORIGINAL_XDG_CURRENT_DESKTOP', 'ubuntu:GNOME'), ('SHELL', '/bin/bash'), ('LC_NAME', 'es_MX.UTF-8'), ('QT_ACCESSIBILITY', '1'), ('GDMSESSION', 'ubuntu'), ('LESSCLOSE', '/usr/bin/lesspipe %s %s'), ('GTK_PATH_VSCODE_SNAP_ORIG', ''), ('GTK_IM_MODULE_FILE_VSCODE_SNAP_ORIG', ''), ('LC_MEASUREMENT', 'es_MX.UTF-8'), ('GPG_AGENT_INFO', '/run/user/1000/gnupg/S.gpg-agent:0:1'), ('GJS_DEBUG_OUTPUT', 'stderr'), ('LC_IDENTIFICATION', 'es_MX.UTF-8'), ('VSCODE_GIT_ASKPASS_EXTRA_ARGS', ''), ('QT_IM_MODULE', 'ibus'), ('PWD', '/home/fcanof/vanttec_sdv/build/vectornav_msgs'), ('LC_ALL', 'en_US.UTF-8'), ('XDG_CONFIG_DIRS', '/etc/xdg/xdg-ubuntu:/etc/xdg'), ('XDG_DATA_DIRS', '/home/fcanof/snap/code/154/.local/share:/home/fcanof/snap/code/154:/snap/code/154/usr/share:/usr/share/ubuntu:/usr/share/gnome:/usr/local/share/:/usr/share/:/var/lib/snapd/desktop'), ('PYTHONPATH', '/home/fcanof/vanttec_sdv/install/vectornav_msgs/local/lib/python3.10/dist-packages:/home/fcanof/vanttec_sdv/install/sdv_msgs/local/lib/python3.10/dist-packages:/opt/ros/humble/lib/python3.10/site-packages:/opt/ros/humble/local/lib/python3.10/dist-packages'), ('LC_NUMERIC', 'es_MX.UTF-8'), ('LC_PAPER', 'es_MX.UTF-8'), ('COLCON', '1'), ('CMAKE_PREFIX_PATH', '/home/fcanof/vanttec_sdv/install/sdv_can:/home/fcanof/vanttec_sdv/install/vectornav_msgs:/home/fcanof/vanttec_sdv/install/sdv_msgs:/opt/ros/humble')]), 'shell': False}
[0.200102] (-) TimerEvent: {}
[0.216550] (sdv_msgs) StdoutLine: {'line': b'[  0%] Built target sdv_msgs__cpp\n'}
[0.218340] (vectornav_msgs) StdoutLine: {'line': b'[  0%] Built target vectornav_msgs__cpp\n'}
[0.222174] (sdv_msgs) StdoutLine: {'line': b'[ 12%] Built target sdv_msgs__rosidl_generator_c\n'}
[0.223775] (vectornav_msgs) StdoutLine: {'line': b'[ 12%] Built target vectornav_msgs__rosidl_generator_c\n'}
[0.234925] (vectornav_msgs) StdoutLine: {'line': b'[ 12%] Built target ament_cmake_python_copy_vectornav_msgs\n'}
[0.235255] (sdv_msgs) StdoutLine: {'line': b'[ 12%] Built target ament_cmake_python_copy_sdv_msgs\n'}
[0.258921] (sdv_msgs) StdoutLine: {'line': b'[ 36%] Built target sdv_msgs__rosidl_typesupport_introspection_cpp\n'}
[0.259180] (sdv_msgs) StdoutLine: {'line': b'[ 36%] Built target sdv_msgs__rosidl_typesupport_fastrtps_cpp\n'}
[0.260330] (vectornav_msgs) StdoutLine: {'line': b'[ 33%] Built target vectornav_msgs__rosidl_typesupport_cpp\n'}
[0.261732] (vectornav_msgs) StdoutLine: {'line': b'[ 47%] Built target vectornav_msgs__rosidl_typesupport_c\n'}
[0.262069] (vectornav_msgs) StdoutLine: {'line': b'[ 47%] Built target vectornav_msgs__rosidl_typesupport_fastrtps_cpp\n'}
[0.265723] (vectornav_msgs) StdoutLine: {'line': b'[ 59%] Built target vectornav_msgs__rosidl_typesupport_introspection_cpp\n'}
[0.266216] (sdv_msgs) StdoutLine: {'line': b'[ 48%] Built target sdv_msgs__rosidl_typesupport_cpp\n'}
[0.269008] (sdv_msgs) StdoutLine: {'line': b'[ 60%] Built target sdv_msgs__rosidl_typesupport_c\n'}
[0.269833] (sdv_msgs) StdoutLine: {'line': b'[ 72%] Built target sdv_msgs__rosidl_typesupport_introspection_c\n'}
[0.272395] (vectornav_msgs) StdoutLine: {'line': b'[ 77%] Built target vectornav_msgs__rosidl_typesupport_fastrtps_c\n'}
[0.272729] (vectornav_msgs) StdoutLine: {'line': b'[ 83%] Built target vectornav_msgs__rosidl_typesupport_introspection_c\n'}
[0.273506] (sdv_msgs) StdoutLine: {'line': b'[ 84%] Built target sdv_msgs__rosidl_typesupport_fastrtps_c\n'}
[0.291919] (vectornav_msgs) StdoutLine: {'line': b'[ 83%] Built target vectornav_msgs\n'}
[0.292122] (sdv_msgs) StdoutLine: {'line': b'[ 84%] Built target sdv_msgs\n'}
[0.300187] (-) TimerEvent: {}
[0.311363] (sdv_msgs) StdoutLine: {'line': b'[ 85%] Built target sdv_msgs__py\n'}
[0.313115] (vectornav_msgs) StdoutLine: {'line': b'[ 84%] Built target vectornav_msgs__py\n'}
[0.337463] (vectornav_msgs) StdoutLine: {'line': b'[ 95%] Built target vectornav_msgs__rosidl_generator_py\n'}
[0.337693] (sdv_msgs) StdoutLine: {'line': b'[ 96%] Built target sdv_msgs__rosidl_generator_py\n'}
[0.358728] (vectornav_msgs) StdoutLine: {'line': b'[ 96%] Built target vectornav_msgs__rosidl_typesupport_c__pyext\n'}
[0.358990] (vectornav_msgs) StdoutLine: {'line': b'[ 98%] Built target vectornav_msgs__rosidl_typesupport_fastrtps_c__pyext\n'}
[0.361684] (sdv_msgs) StdoutLine: {'line': b'[ 97%] Built target sdv_msgs__rosidl_typesupport_fastrtps_c__pyext\n'}
[0.362667] (sdv_msgs) StdoutLine: {'line': b'[ 98%] Built target sdv_msgs__rosidl_typesupport_c__pyext\n'}
[0.362870] (sdv_msgs) StdoutLine: {'line': b'[100%] Built target sdv_msgs__rosidl_typesupport_introspection_c__pyext\n'}
[0.363413] (vectornav_msgs) StdoutLine: {'line': b'[100%] Built target vectornav_msgs__rosidl_typesupport_introspection_c__pyext\n'}
[0.400262] (-) TimerEvent: {}
[0.500487] (-) TimerEvent: {}
[0.519626] (sdv_msgs) StdoutLine: {'line': b'running egg_info\n'}
[0.520260] (sdv_msgs) StdoutLine: {'line': b'writing sdv_msgs.egg-info/PKG-INFO\n'}
[0.520504] (sdv_msgs) StdoutLine: {'line': b'writing dependency_links to sdv_msgs.egg-info/dependency_links.txt\n'}
[0.520672] (sdv_msgs) StdoutLine: {'line': b'writing top-level names to sdv_msgs.egg-info/top_level.txt\n'}
[0.522891] (sdv_msgs) StdoutLine: {'line': b"reading manifest file 'sdv_msgs.egg-info/SOURCES.txt'\n"}
[0.523246] (vectornav_msgs) StdoutLine: {'line': b'running egg_info\n'}
[0.523609] (sdv_msgs) StdoutLine: {'line': b"writing manifest file 'sdv_msgs.egg-info/SOURCES.txt'\n"}
[0.523920] (vectornav_msgs) StdoutLine: {'line': b'writing vectornav_msgs.egg-info/PKG-INFO\n'}
[0.524056] (vectornav_msgs) StdoutLine: {'line': b'writing dependency_links to vectornav_msgs.egg-info/dependency_links.txt\n'}
[0.524178] (vectornav_msgs) StdoutLine: {'line': b'writing top-level names to vectornav_msgs.egg-info/top_level.txt\n'}
[0.526621] (vectornav_msgs) StdoutLine: {'line': b"reading manifest file 'vectornav_msgs.egg-info/SOURCES.txt'\n"}
[0.527399] (vectornav_msgs) StdoutLine: {'line': b"writing manifest file 'vectornav_msgs.egg-info/SOURCES.txt'\n"}
[0.557879] (sdv_msgs) StdoutLine: {'line': b'[100%] Built target ament_cmake_python_build_sdv_msgs_egg\n'}
[0.566423] (vectornav_msgs) StdoutLine: {'line': b'[100%] Built target ament_cmake_python_build_vectornav_msgs_egg\n'}
[0.571803] (sdv_msgs) CommandEnded: {'returncode': 0}
[0.579204] (vectornav_msgs) CommandEnded: {'returncode': 0}
[0.600579] (-) TimerEvent: {}
[0.700832] (-) TimerEvent: {}
[0.776299] (vectornav_msgs) JobProgress: {'identifier': 'vectornav_msgs', 'progress': 'install'}
[0.783490] (vectornav_msgs) Command: {'cmd': ['/usr/bin/cmake', '--install', '/home/fcanof/vanttec_sdv/build/vectornav_msgs'], 'cwd': '/home/fcanof/vanttec_sdv/build/vectornav_msgs', 'env': OrderedDict([('GJS_DEBUG_TOPICS', 'JS ERROR;JS LOG'), ('LESSOPEN', '| /usr/bin/lesspipe %s'), ('USER', 'fcanof'), ('LC_TIME', 'es_MX.UTF-8'), ('GIO_MODULE_DIR', '/home/fcanof/snap/code/common/.cache/gio-modules'), ('XDG_SESSION_TYPE', 'x11'), ('GIT_ASKPASS', '/snap/code/154/usr/share/code/resources/app/extensions/git/dist/askpass.sh'), ('GTK_EXE_PREFIX_VSCODE_SNAP_ORIG', ''), ('GDK_BACKEND_VSCODE_SNAP_ORIG', ''), ('SHLVL', '1'), ('LD_LIBRARY_PATH', '/home/fcanof/vanttec_sdv/install/vectornav_msgs/lib:/home/fcanof/vanttec_sdv/install/sdv_msgs/lib:/opt/ros/humble/opt/rviz_ogre_vendor/lib:/opt/ros/humble/lib/x86_64-linux-gnu:/opt/ros/humble/lib'), ('HOME', '/home/fcanof'), ('CHROME_DESKTOP', 'code-url-handler.desktop'), ('LOCPATH_VSCODE_SNAP_ORIG', ''), ('TERM_PROGRAM_VERSION', '1.87.1'), ('DESKTOP_SESSION', 'ubuntu'), ('GTK_PATH', '/snap/code/154/usr/lib/x86_64-linux-gnu/gtk-3.0'), ('GTK_IM_MODULE_FILE', '/home/fcanof/snap/code/common/.cache/immodules/immodules.cache'), ('GIO_LAUNCHED_DESKTOP_FILE', '/var/lib/snapd/desktop/applications/code_code.desktop'), ('ROS_PYTHON_VERSION', '3'), ('GNOME_SHELL_SESSION_MODE', 'ubuntu'), ('GTK_MODULES', 'gail:atk-bridge'), ('GSETTINGS_SCHEMA_DIR_VSCODE_SNAP_ORIG', ''), ('VSCODE_GIT_ASKPASS_MAIN', '/snap/code/154/usr/share/code/resources/app/extensions/git/dist/askpass-main.js'), ('LC_MONETARY', 'es_MX.UTF-8'), ('VSCODE_GIT_ASKPASS_NODE', '/snap/code/154/usr/share/code/code'), ('MANAGERPID', '2223'), ('SYSTEMD_EXEC_PID', '2758'), ('DBUS_SESSION_BUS_ADDRESS', 'unix:path=/run/user/1000/bus'), ('COLORTERM', 'truecolor'), ('GIO_LAUNCHED_DESKTOP_FILE_PID', '50274'), ('COLCON_PREFIX_PATH', '/home/fcanof/vanttec_sdv/install'), ('ROS_DISTRO', 'humble'), ('GTK_IM_MODULE', 'ibus'), ('LOGNAME', 'fcanof'), ('JOURNAL_STREAM', '8:41161'), ('_', '/usr/bin/colcon'), ('ROS_VERSION', '2'), ('XDG_CONFIG_DIRS_VSCODE_SNAP_ORIG', '/etc/xdg/xdg-ubuntu:/etc/xdg'), ('XDG_SESSION_CLASS', 'user'), ('XDG_DATA_DIRS_VSCODE_SNAP_ORIG', '/usr/share/ubuntu:/usr/share/gnome:/usr/local/share/:/usr/share/:/var/lib/snapd/desktop'), ('USERNAME', 'fcanof'), ('TERM', 'xterm-256color'), ('GNOME_DESKTOP_SESSION_ID', 'this-is-deprecated'), ('ROS_LOCALHOST_ONLY', '1'), ('WINDOWPATH', '2'), ('PATH', '/home/fcanof/.local/bin:/opt/ros/humble/bin:/home/fcanof/.local/bin:/usr/local/sbin:/usr/local/bin:/usr/sbin:/usr/bin:/sbin:/bin:/usr/games:/usr/local/games:/snap/bin:/snap/bin'), ('SESSION_MANAGER', 'local/fcanof:@/tmp/.ICE-unix/2736,unix/fcanof:/tmp/.ICE-unix/2736'), ('GTK_EXE_PREFIX', '/snap/code/154/usr'), ('INVOCATION_ID', '4c90a3b36feb4d8c9cb26423b3ecfd5d'), ('XDG_MENU_PREFIX', 'gnome-'), ('LC_ADDRESS', 'es_MX.UTF-8'), ('BAMF_DESKTOP_FILE_HINT', '/var/lib/snapd/desktop/applications/code_code.desktop'), ('XDG_RUNTIME_DIR', '/run/user/1000'), ('GDK_BACKEND', 'x11'), ('DISPLAY', ':1'), ('LOCPATH', '/snap/code/154/usr/lib/locale'), ('LANG', 'en_US.UTF-8'), ('XDG_CURRENT_DESKTOP', 'Unity'), ('LC_TELEPHONE', 'es_MX.UTF-8'), ('GIO_MODULE_DIR_VSCODE_SNAP_ORIG', ''), ('XMODIFIERS', '@im=ibus'), ('XDG_SESSION_DESKTOP', 'ubuntu'), ('XAUTHORITY', '/run/user/1000/gdm/Xauthority'), ('LS_COLORS', 'rs=0:di=01;34:ln=01;36:mh=00:pi=40;33:so=01;35:do=01;35:bd=40;33;01:cd=40;33;01:or=40;31;01:mi=00:su=37;41:sg=30;43:ca=30;41:tw=30;42:ow=34;42:st=37;44:ex=01;32:*.tar=01;31:*.tgz=01;31:*.arc=01;31:*.arj=01;31:*.taz=01;31:*.lha=01;31:*.lz4=01;31:*.lzh=01;31:*.lzma=01;31:*.tlz=01;31:*.txz=01;31:*.tzo=01;31:*.t7z=01;31:*.zip=01;31:*.z=01;31:*.dz=01;31:*.gz=01;31:*.lrz=01;31:*.lz=01;31:*.lzo=01;31:*.xz=01;31:*.zst=01;31:*.tzst=01;31:*.bz2=01;31:*.bz=01;31:*.tbz=01;31:*.tbz2=01;31:*.tz=01;31:*.deb=01;31:*.rpm=01;31:*.jar=01;31:*.war=01;31:*.ear=01;31:*.sar=01;31:*.rar=01;31:*.alz=01;31:*.ace=01;31:*.zoo=01;31:*.cpio=01;31:*.7z=01;31:*.rz=01;31:*.cab=01;31:*.wim=01;31:*.swm=01;31:*.dwm=01;31:*.esd=01;31:*.jpg=01;35:*.jpeg=01;35:*.mjpg=01;35:*.mjpeg=01;35:*.gif=01;35:*.bmp=01;35:*.pbm=01;35:*.pgm=01;35:*.ppm=01;35:*.tga=01;35:*.xbm=01;35:*.xpm=01;35:*.tif=01;35:*.tiff=01;35:*.png=01;35:*.svg=01;35:*.svgz=01;35:*.mng=01;35:*.pcx=01;35:*.mov=01;35:*.mpg=01;35:*.mpeg=01;35:*.m2v=01;35:*.mkv=01;35:*.webm=01;35:*.webp=01;35:*.ogm=01;35:*.mp4=01;35:*.m4v=01;35:*.mp4v=01;35:*.vob=01;35:*.qt=01;35:*.nuv=01;35:*.wmv=01;35:*.asf=01;35:*.rm=01;35:*.rmvb=01;35:*.flc=01;35:*.avi=01;35:*.fli=01;35:*.flv=01;35:*.gl=01;35:*.dl=01;35:*.xcf=01;35:*.xwd=01;35:*.yuv=01;35:*.cgm=01;35:*.emf=01;35:*.ogv=01;35:*.ogx=01;35:*.aac=00;36:*.au=00;36:*.flac=00;36:*.m4a=00;36:*.mid=00;36:*.midi=00;36:*.mka=00;36:*.mp3=00;36:*.mpc=00;36:*.ogg=00;36:*.ra=00;36:*.wav=00;36:*.oga=00;36:*.opus=00;36:*.spx=00;36:*.xspf=00;36:'), ('VSCODE_GIT_IPC_HANDLE', '/run/user/1000/vscode-git-676dc8d9e0.sock'), ('TERM_PROGRAM', 'vscode'), ('SSH_AGENT_LAUNCHER', 'gnome-keyring'), ('SSH_AUTH_SOCK', '/run/user/1000/keyring/ssh'), ('GSETTINGS_SCHEMA_DIR', '/home/fcanof/snap/code/154/.local/share/glib-2.0/schemas'), ('ROS_DOMAIN_ID', '8'), ('AMENT_PREFIX_PATH', '/home/fcanof/vanttec_sdv/install/sdv_can:/home/fcanof/vanttec_sdv/install/vectornav_msgs:/home/fcanof/vanttec_sdv/install/sdv_msgs:/opt/ros/humble'), ('ORIGINAL_XDG_CURRENT_DESKTOP', 'ubuntu:GNOME'), ('SHELL', '/bin/bash'), ('LC_NAME', 'es_MX.UTF-8'), ('QT_ACCESSIBILITY', '1'), ('GDMSESSION', 'ubuntu'), ('LESSCLOSE', '/usr/bin/lesspipe %s %s'), ('GTK_PATH_VSCODE_SNAP_ORIG', ''), ('GTK_IM_MODULE_FILE_VSCODE_SNAP_ORIG', ''), ('LC_MEASUREMENT', 'es_MX.UTF-8'), ('GPG_AGENT_INFO', '/run/user/1000/gnupg/S.gpg-agent:0:1'), ('GJS_DEBUG_OUTPUT', 'stderr'), ('LC_IDENTIFICATION', 'es_MX.UTF-8'), ('VSCODE_GIT_ASKPASS_EXTRA_ARGS', ''), ('QT_IM_MODULE', 'ibus'), ('PWD', '/home/fcanof/vanttec_sdv/build/vectornav_msgs'), ('LC_ALL', 'en_US.UTF-8'), ('XDG_CONFIG_DIRS', '/etc/xdg/xdg-ubuntu:/etc/xdg'), ('XDG_DATA_DIRS', '/home/fcanof/snap/code/154/.local/share:/home/fcanof/snap/code/154:/snap/code/154/usr/share:/usr/share/ubuntu:/usr/share/gnome:/usr/local/share/:/usr/share/:/var/lib/snapd/desktop'), ('PYTHONPATH', '/home/fcanof/vanttec_sdv/install/vectornav_msgs/local/lib/python3.10/dist-packages:/home/fcanof/vanttec_sdv/install/sdv_msgs/local/lib/python3.10/dist-packages:/opt/ros/humble/lib/python3.10/site-packages:/opt/ros/humble/local/lib/python3.10/dist-packages'), ('LC_NUMERIC', 'es_MX.UTF-8'), ('LC_PAPER', 'es_MX.UTF-8'), ('COLCON', '1'), ('CMAKE_PREFIX_PATH', '/home/fcanof/vanttec_sdv/install/sdv_can:/home/fcanof/vanttec_sdv/install/vectornav_msgs:/home/fcanof/vanttec_sdv/install/sdv_msgs:/opt/ros/humble')]), 'shell': False}
[0.790892] (vectornav_msgs) StdoutLine: {'line': b'-- Install configuration: ""\n'}
[0.791213] (vectornav_msgs) StdoutLine: {'line': b'-- Up-to-date: /home/fcanof/vanttec_sdv/install/vectornav_msgs/share/ament_index/resource_index/rosidl_interfaces/vectornav_msgs\n'}
[0.791338] (vectornav_msgs) StdoutLine: {'line': b'-- Up-to-date: /home/fcanof/vanttec_sdv/install/vectornav_msgs/include/vectornav_msgs/vectornav_msgs\n'}
[0.791448] (vectornav_msgs) StdoutLine: {'line': b'-- Up-to-date: /home/fcanof/vanttec_sdv/install/vectornav_msgs/include/vectornav_msgs/vectornav_msgs/action\n'}
[0.791616] (vectornav_msgs) StdoutLine: {'line': b'-- Up-to-date: /home/fcanof/vanttec_sdv/install/vectornav_msgs/include/vectornav_msgs/vectornav_msgs/action/detail\n'}
[0.791743] (vectornav_msgs) StdoutLine: {'line': b'-- Up-to-date: /home/fcanof/vanttec_sdv/install/vectornav_msgs/include/vectornav_msgs/vectornav_msgs/action/detail/mag_cal__type_support.h\n'}
[0.791834] (vectornav_msgs) StdoutLine: {'line': b'-- Up-to-date: /home/fcanof/vanttec_sdv/install/vectornav_msgs/include/vectornav_msgs/vectornav_msgs/action/detail/mag_cal__functions.c\n'}
[0.791934] (vectornav_msgs) StdoutLine: {'line': b'-- Up-to-date: /home/fcanof/vanttec_sdv/install/vectornav_msgs/include/vectornav_msgs/vectornav_msgs/action/detail/mag_cal__struct.h\n'}
[0.792023] (vectornav_msgs) StdoutLine: {'line': b'-- Up-to-date: /home/fcanof/vanttec_sdv/install/vectornav_msgs/include/vectornav_msgs/vectornav_msgs/action/detail/mag_cal__functions.h\n'}
[0.792174] (vectornav_msgs) StdoutLine: {'line': b'-- Up-to-date: /home/fcanof/vanttec_sdv/install/vectornav_msgs/include/vectornav_msgs/vectornav_msgs/action/mag_cal.h\n'}
[0.792284] (vectornav_msgs) StdoutLine: {'line': b'-- Up-to-date: /home/fcanof/vanttec_sdv/install/vectornav_msgs/include/vectornav_msgs/vectornav_msgs/msg\n'}
[0.792384] (vectornav_msgs) StdoutLine: {'line': b'-- Up-to-date: /home/fcanof/vanttec_sdv/install/vectornav_msgs/include/vectornav_msgs/vectornav_msgs/msg/vpe_status.h\n'}
[0.792473] (vectornav_msgs) StdoutLine: {'line': b'-- Up-to-date: /home/fcanof/vanttec_sdv/install/vectornav_msgs/include/vectornav_msgs/vectornav_msgs/msg/time_utc.h\n'}
[0.792587] (vectornav_msgs) StdoutLine: {'line': b'-- Up-to-date: /home/fcanof/vanttec_sdv/install/vectornav_msgs/include/vectornav_msgs/vectornav_msgs/msg/attitude_group.h\n'}
[0.792671] (vectornav_msgs) StdoutLine: {'line': b'-- Up-to-date: /home/fcanof/vanttec_sdv/install/vectornav_msgs/include/vectornav_msgs/vectornav_msgs/msg/ins_group.h\n'}
[0.792830] (vectornav_msgs) StdoutLine: {'line': b'-- Up-to-date: /home/fcanof/vanttec_sdv/install/vectornav_msgs/include/vectornav_msgs/vectornav_msgs/msg/time_group.h\n'}
[0.793095] (vectornav_msgs) StdoutLine: {'line': b'-- Up-to-date: /home/fcanof/vanttec_sdv/install/vectornav_msgs/include/vectornav_msgs/vectornav_msgs/msg/ins_status.h\n'}
[0.793198] (vectornav_msgs) StdoutLine: {'line': b'-- Up-to-date: /home/fcanof/vanttec_sdv/install/vectornav_msgs/include/vectornav_msgs/vectornav_msgs/msg/detail\n'}
[0.793346] (vectornav_msgs) StdoutLine: {'line': b'-- Up-to-date: /home/fcanof/vanttec_sdv/install/vectornav_msgs/include/vectornav_msgs/vectornav_msgs/msg/detail/common_group__type_support.h\n'}
[0.793475] (vectornav_msgs) StdoutLine: {'line': b'-- Up-to-date: /home/fcanof/vanttec_sdv/install/vectornav_msgs/include/vectornav_msgs/vectornav_msgs/msg/detail/time_status__struct.h\n'}
[0.793539] (vectornav_msgs) StdoutLine: {'line': b'-- Up-to-date: /home/fcanof/vanttec_sdv/install/vectornav_msgs/include/vectornav_msgs/vectornav_msgs/msg/detail/imu_group__struct.h\n'}
[0.793616] (vectornav_msgs) StdoutLine: {'line': b'-- Up-to-date: /home/fcanof/vanttec_sdv/install/vectornav_msgs/include/vectornav_msgs/vectornav_msgs/msg/detail/ins_status__struct.h\n'}
[0.793691] (vectornav_msgs) StdoutLine: {'line': b'-- Up-to-date: /home/fcanof/vanttec_sdv/install/vectornav_msgs/include/vectornav_msgs/vectornav_msgs/msg/detail/vpe_status__type_support.h\n'}
[0.793751] (vectornav_msgs) StdoutLine: {'line': b'-- Up-to-date: /home/fcanof/vanttec_sdv/install/vectornav_msgs/include/vectornav_msgs/vectornav_msgs/msg/detail/dop__functions.c\n'}
[0.793884] (vectornav_msgs) StdoutLine: {'line': b'-- Up-to-date: /home/fcanof/vanttec_sdv/install/vectornav_msgs/include/vectornav_msgs/vectornav_msgs/msg/detail/ins_status__type_support.h\n'}
[0.793960] (vectornav_msgs) StdoutLine: {'line': b'-- Up-to-date: /home/fcanof/vanttec_sdv/install/vectornav_msgs/include/vectornav_msgs/vectornav_msgs/msg/detail/gps_group__type_support.h\n'}
[0.794057] (vectornav_msgs) StdoutLine: {'line': b'-- Up-to-date: /home/fcanof/vanttec_sdv/install/vectornav_msgs/include/vectornav_msgs/vectornav_msgs/msg/detail/time_group__functions.c\n'}
[0.794183] (vectornav_msgs) StdoutLine: {'line': b'-- Up-to-date: /home/fcanof/vanttec_sdv/install/vectornav_msgs/include/vectornav_msgs/vectornav_msgs/msg/detail/time_status__functions.h\n'}
[0.794302] (vectornav_msgs) StdoutLine: {'line': b'-- Up-to-date: /home/fcanof/vanttec_sdv/install/vectornav_msgs/include/vectornav_msgs/vectornav_msgs/msg/detail/time_utc__functions.h\n'}
[0.794470] (vectornav_msgs) StdoutLine: {'line': b'-- Up-to-date: /home/fcanof/vanttec_sdv/install/vectornav_msgs/include/vectornav_msgs/vectornav_msgs/msg/detail/attitude_group__functions.c\n'}
[0.794579] (vectornav_msgs) StdoutLine: {'line': b'-- Up-to-date: /home/fcanof/vanttec_sdv/install/vectornav_msgs/include/vectornav_msgs/vectornav_msgs/msg/detail/ins_group__type_support.h\n'}
[0.794669] (vectornav_msgs) StdoutLine: {'line': b'-- Up-to-date: /home/fcanof/vanttec_sdv/install/vectornav_msgs/include/vectornav_msgs/vectornav_msgs/msg/detail/dop__struct.h\n'}
[0.794767] (vectornav_msgs) StdoutLine: {'line': b'-- Up-to-date: /home/fcanof/vanttec_sdv/install/vectornav_msgs/include/vectornav_msgs/vectornav_msgs/msg/detail/ins_group__struct.h\n'}
[0.794941] (vectornav_msgs) StdoutLine: {'line': b'-- Up-to-date: /home/fcanof/vanttec_sdv/install/vectornav_msgs/include/vectornav_msgs/vectornav_msgs/msg/detail/common_group__functions.c\n'}
[0.795017] (vectornav_msgs) StdoutLine: {'line': b'-- Up-to-date: /home/fcanof/vanttec_sdv/install/vectornav_msgs/include/vectornav_msgs/vectornav_msgs/msg/detail/ins_status__functions.c\n'}
[0.795102] (vectornav_msgs) StdoutLine: {'line': b'-- Up-to-date: /home/fcanof/vanttec_sdv/install/vectornav_msgs/include/vectornav_msgs/vectornav_msgs/msg/detail/vpe_status__functions.h\n'}
[0.795162] (vectornav_msgs) StdoutLine: {'line': b'-- Up-to-date: /home/fcanof/vanttec_sdv/install/vectornav_msgs/include/vectornav_msgs/vectornav_msgs/msg/detail/vpe_status__functions.c\n'}
[0.795222] (vectornav_msgs) StdoutLine: {'line': b'-- Up-to-date: /home/fcanof/vanttec_sdv/install/vectornav_msgs/include/vectornav_msgs/vectornav_msgs/msg/detail/vpe_status__struct.h\n'}
[0.795282] (vectornav_msgs) StdoutLine: {'line': b'-- Up-to-date: /home/fcanof/vanttec_sdv/install/vectornav_msgs/include/vectornav_msgs/vectornav_msgs/msg/detail/ins_group__functions.h\n'}
[0.795369] (vectornav_msgs) StdoutLine: {'line': b'-- Up-to-date: /home/fcanof/vanttec_sdv/install/vectornav_msgs/include/vectornav_msgs/vectornav_msgs/msg/detail/dop__functions.h\n'}
[0.795532] (vectornav_msgs) StdoutLine: {'line': b'-- Up-to-date: /home/fcanof/vanttec_sdv/install/vectornav_msgs/include/vectornav_msgs/vectornav_msgs/msg/detail/attitude_group__functions.h\n'}
[0.795628] (vectornav_msgs) StdoutLine: {'line': b'-- Up-to-date: /home/fcanof/vanttec_sdv/install/vectornav_msgs/include/vectornav_msgs/vectornav_msgs/msg/detail/gps_group__struct.h\n'}
[0.795725] (vectornav_msgs) StdoutLine: {'line': b'-- Up-to-date: /home/fcanof/vanttec_sdv/install/vectornav_msgs/include/vectornav_msgs/vectornav_msgs/msg/detail/gps_group__functions.c\n'}
[0.795801] (vectornav_msgs) StdoutLine: {'line': b'-- Up-to-date: /home/fcanof/vanttec_sdv/install/vectornav_msgs/include/vectornav_msgs/vectornav_msgs/msg/detail/time_utc__functions.c\n'}
[0.795887] (vectornav_msgs) StdoutLine: {'line': b'-- Up-to-date: /home/fcanof/vanttec_sdv/install/vectornav_msgs/include/vectornav_msgs/vectornav_msgs/msg/detail/time_utc__struct.h\n'}
[0.796035] (vectornav_msgs) StdoutLine: {'line': b'-- Up-to-date: /home/fcanof/vanttec_sdv/install/vectornav_msgs/include/vectornav_msgs/vectornav_msgs/msg/detail/time_group__functions.h\n'}
[0.796158] (vectornav_msgs) StdoutLine: {'line': b'-- Up-to-date: /home/fcanof/vanttec_sdv/install/vectornav_msgs/include/vectornav_msgs/vectornav_msgs/msg/detail/common_group__struct.h\n'}
[0.796246] (vectornav_msgs) StdoutLine: {'line': b'-- Up-to-date: /home/fcanof/vanttec_sdv/install/vectornav_msgs/include/vectornav_msgs/vectornav_msgs/msg/detail/imu_group__functions.h\n'}
[0.796341] (vectornav_msgs) StdoutLine: {'line': b'-- Up-to-date: /home/fcanof/vanttec_sdv/install/vectornav_msgs/include/vectornav_msgs/vectornav_msgs/msg/detail/imu_group__type_support.h\n'}
[0.796426] (vectornav_msgs) StdoutLine: {'line': b'-- Up-to-date: /home/fcanof/vanttec_sdv/install/vectornav_msgs/include/vectornav_msgs/vectornav_msgs/msg/detail/common_group__functions.h\n'}
[0.796609] (vectornav_msgs) StdoutLine: {'line': b'-- Up-to-date: /home/fcanof/vanttec_sdv/install/vectornav_msgs/include/vectornav_msgs/vectornav_msgs/msg/detail/ins_group__functions.c\n'}
[0.796709] (vectornav_msgs) StdoutLine: {'line': b'-- Up-to-date: /home/fcanof/vanttec_sdv/install/vectornav_msgs/include/vectornav_msgs/vectornav_msgs/msg/detail/attitude_group__type_support.h\n'}
[0.796805] (vectornav_msgs) StdoutLine: {'line': b'-- Up-to-date: /home/fcanof/vanttec_sdv/install/vectornav_msgs/include/vectornav_msgs/vectornav_msgs/msg/detail/time_status__type_support.h\n'}
[0.796891] (vectornav_msgs) StdoutLine: {'line': b'-- Up-to-date: /home/fcanof/vanttec_sdv/install/vectornav_msgs/include/vectornav_msgs/vectornav_msgs/msg/detail/imu_group__functions.c\n'}
[0.797055] (vectornav_msgs) StdoutLine: {'line': b'-- Up-to-date: /home/fcanof/vanttec_sdv/install/vectornav_msgs/include/vectornav_msgs/vectornav_msgs/msg/detail/time_group__struct.h\n'}
[0.797185] (vectornav_msgs) StdoutLine: {'line': b'-- Up-to-date: /home/fcanof/vanttec_sdv/install/vectornav_msgs/include/vectornav_msgs/vectornav_msgs/msg/detail/time_utc__type_support.h\n'}
[0.797272] (vectornav_msgs) StdoutLine: {'line': b'-- Up-to-date: /home/fcanof/vanttec_sdv/install/vectornav_msgs/include/vectornav_msgs/vectornav_msgs/msg/detail/time_group__type_support.h\n'}
[0.797351] (vectornav_msgs) StdoutLine: {'line': b'-- Up-to-date: /home/fcanof/vanttec_sdv/install/vectornav_msgs/include/vectornav_msgs/vectornav_msgs/msg/detail/time_status__functions.c\n'}
[0.797437] (vectornav_msgs) StdoutLine: {'line': b'-- Up-to-date: /home/fcanof/vanttec_sdv/install/vectornav_msgs/include/vectornav_msgs/vectornav_msgs/msg/detail/dop__type_support.h\n'}
[0.797513] (vectornav_msgs) StdoutLine: {'line': b'-- Up-to-date: /home/fcanof/vanttec_sdv/install/vectornav_msgs/include/vectornav_msgs/vectornav_msgs/msg/detail/attitude_group__struct.h\n'}
[0.797690] (vectornav_msgs) StdoutLine: {'line': b'-- Up-to-date: /home/fcanof/vanttec_sdv/install/vectornav_msgs/include/vectornav_msgs/vectornav_msgs/msg/detail/gps_group__functions.h\n'}
[0.797783] (vectornav_msgs) StdoutLine: {'line': b'-- Up-to-date: /home/fcanof/vanttec_sdv/install/vectornav_msgs/include/vectornav_msgs/vectornav_msgs/msg/detail/ins_status__functions.h\n'}
[0.797869] (vectornav_msgs) StdoutLine: {'line': b'-- Up-to-date: /home/fcanof/vanttec_sdv/install/vectornav_msgs/include/vectornav_msgs/vectornav_msgs/msg/time_status.h\n'}
[0.797955] (vectornav_msgs) StdoutLine: {'line': b'-- Up-to-date: /home/fcanof/vanttec_sdv/install/vectornav_msgs/include/vectornav_msgs/vectornav_msgs/msg/dop.h\n'}
[0.798137] (vectornav_msgs) StdoutLine: {'line': b'-- Up-to-date: /home/fcanof/vanttec_sdv/install/vectornav_msgs/include/vectornav_msgs/vectornav_msgs/msg/gps_group.h\n'}
[0.798237] (vectornav_msgs) StdoutLine: {'line': b'-- Up-to-date: /home/fcanof/vanttec_sdv/install/vectornav_msgs/include/vectornav_msgs/vectornav_msgs/msg/common_group.h\n'}
[0.798300] (vectornav_msgs) StdoutLine: {'line': b'-- Up-to-date: /home/fcanof/vanttec_sdv/install/vectornav_msgs/include/vectornav_msgs/vectornav_msgs/msg/rosidl_generator_c__visibility_control.h\n'}
[0.798361] (vectornav_msgs) StdoutLine: {'line': b'-- Up-to-date: /home/fcanof/vanttec_sdv/install/vectornav_msgs/include/vectornav_msgs/vectornav_msgs/msg/imu_group.h\n'}
[0.798437] (vectornav_msgs) StdoutLine: {'line': b'-- Up-to-date: /home/fcanof/vanttec_sdv/install/vectornav_msgs/share/vectornav_msgs/environment/library_path.sh\n'}
[0.798497] (vectornav_msgs) StdoutLine: {'line': b'-- Up-to-date: /home/fcanof/vanttec_sdv/install/vectornav_msgs/share/vectornav_msgs/environment/library_path.dsv\n'}
[0.798558] (vectornav_msgs) StdoutLine: {'line': b'-- Up-to-date: /home/fcanof/vanttec_sdv/install/vectornav_msgs/lib/libvectornav_msgs__rosidl_generator_c.so\n'}
[0.798707] (vectornav_msgs) StdoutLine: {'line': b'-- Up-to-date: /home/fcanof/vanttec_sdv/install/vectornav_msgs/include/vectornav_msgs/vectornav_msgs\n'}
[0.798804] (vectornav_msgs) StdoutLine: {'line': b'-- Up-to-date: /home/fcanof/vanttec_sdv/install/vectornav_msgs/include/vectornav_msgs/vectornav_msgs/action\n'}
[0.798890] (vectornav_msgs) StdoutLine: {'line': b'-- Up-to-date: /home/fcanof/vanttec_sdv/install/vectornav_msgs/include/vectornav_msgs/vectornav_msgs/action/detail\n'}
[0.798967] (vectornav_msgs) StdoutLine: {'line': b'-- Up-to-date: /home/fcanof/vanttec_sdv/install/vectornav_msgs/include/vectornav_msgs/vectornav_msgs/action/detail/mag_cal__rosidl_typesupport_fastrtps_c.h\n'}
[0.799057] (vectornav_msgs) StdoutLine: {'line': b'-- Up-to-date: /home/fcanof/vanttec_sdv/install/vectornav_msgs/include/vectornav_msgs/vectornav_msgs/msg\n'}
[0.799206] (vectornav_msgs) StdoutLine: {'line': b'-- Up-to-date: /home/fcanof/vanttec_sdv/install/vectornav_msgs/include/vectornav_msgs/vectornav_msgs/msg/rosidl_typesupport_fastrtps_c__visibility_control.h\n'}
[0.799319] (vectornav_msgs) StdoutLine: {'line': b'-- Up-to-date: /home/fcanof/vanttec_sdv/install/vectornav_msgs/include/vectornav_msgs/vectornav_msgs/msg/detail\n'}
[0.799422] (vectornav_msgs) StdoutLine: {'line': b'-- Up-to-date: /home/fcanof/vanttec_sdv/install/vectornav_msgs/include/vectornav_msgs/vectornav_msgs/msg/detail/imu_group__rosidl_typesupport_fastrtps_c.h\n'}
[0.799508] (vectornav_msgs) StdoutLine: {'line': b'-- Up-to-date: /home/fcanof/vanttec_sdv/install/vectornav_msgs/include/vectornav_msgs/vectornav_msgs/msg/detail/ins_group__rosidl_typesupport_fastrtps_c.h\n'}
[0.799605] (vectornav_msgs) StdoutLine: {'line': b'-- Up-to-date: /home/fcanof/vanttec_sdv/install/vectornav_msgs/include/vectornav_msgs/vectornav_msgs/msg/detail/ins_status__rosidl_typesupport_fastrtps_c.h\n'}
[0.799767] (vectornav_msgs) StdoutLine: {'line': b'-- Up-to-date: /home/fcanof/vanttec_sdv/install/vectornav_msgs/include/vectornav_msgs/vectornav_msgs/msg/detail/dop__rosidl_typesupport_fastrtps_c.h\n'}
[0.799845] (vectornav_msgs) StdoutLine: {'line': b'-- Up-to-date: /home/fcanof/vanttec_sdv/install/vectornav_msgs/include/vectornav_msgs/vectornav_msgs/msg/detail/common_group__rosidl_typesupport_fastrtps_c.h\n'}
[0.799912] (vectornav_msgs) StdoutLine: {'line': b'-- Up-to-date: /home/fcanof/vanttec_sdv/install/vectornav_msgs/include/vectornav_msgs/vectornav_msgs/msg/detail/time_status__rosidl_typesupport_fastrtps_c.h\n'}
[0.799976] (vectornav_msgs) StdoutLine: {'line': b'-- Up-to-date: /home/fcanof/vanttec_sdv/install/vectornav_msgs/include/vectornav_msgs/vectornav_msgs/msg/detail/time_group__rosidl_typesupport_fastrtps_c.h\n'}
[0.800080] (vectornav_msgs) StdoutLine: {'line': b'-- Up-to-date: /home/fcanof/vanttec_sdv/install/vectornav_msgs/include/vectornav_msgs/vectornav_msgs/msg/detail/attitude_group__rosidl_typesupport_fastrtps_c.h\n'}
[0.800143] (vectornav_msgs) StdoutLine: {'line': b'-- Up-to-date: /home/fcanof/vanttec_sdv/install/vectornav_msgs/include/vectornav_msgs/vectornav_msgs/msg/detail/vpe_status__rosidl_typesupport_fastrtps_c.h\n'}
[0.800205] (vectornav_msgs) StdoutLine: {'line': b'-- Up-to-date: /home/fcanof/vanttec_sdv/install/vectornav_msgs/include/vectornav_msgs/vectornav_msgs/msg/detail/gps_group__rosidl_typesupport_fastrtps_c.h\n'}
[0.800337] (vectornav_msgs) StdoutLine: {'line': b'-- Up-to-date: /home/fcanof/vanttec_sdv/install/vectornav_msgs/include/vectornav_msgs/vectornav_msgs/msg/detail/time_utc__rosidl_typesupport_fastrtps_c.h\n'}
[0.800427] (vectornav_msgs) StdoutLine: {'line': b'-- Up-to-date: /home/fcanof/vanttec_sdv/install/vectornav_msgs/lib/libvectornav_msgs__rosidl_typesupport_fastrtps_c.so\n'}
[0.800489] (vectornav_msgs) StdoutLine: {'line': b'-- Up-to-date: /home/fcanof/vanttec_sdv/install/vectornav_msgs/include/vectornav_msgs/vectornav_msgs\n'}
[0.800549] (vectornav_msgs) StdoutLine: {'line': b'-- Up-to-date: /home/fcanof/vanttec_sdv/install/vectornav_msgs/include/vectornav_msgs/vectornav_msgs/action\n'}
[0.800628] (vectornav_msgs) StdoutLine: {'line': b'-- Up-to-date: /home/fcanof/vanttec_sdv/install/vectornav_msgs/include/vectornav_msgs/vectornav_msgs/action/detail\n'}
[0.800714] (vectornav_msgs) StdoutLine: {'line': b'-- Up-to-date: /home/fcanof/vanttec_sdv/install/vectornav_msgs/include/vectornav_msgs/vectornav_msgs/action/detail/mag_cal__struct.hpp\n'}
[0.800860] (-) TimerEvent: {}
[0.800992] (vectornav_msgs) StdoutLine: {'line': b'-- Up-to-date: /home/fcanof/vanttec_sdv/install/vectornav_msgs/include/vectornav_msgs/vectornav_msgs/action/detail/mag_cal__traits.hpp\n'}
[0.801135] (vectornav_msgs) StdoutLine: {'line': b'-- Up-to-date: /home/fcanof/vanttec_sdv/install/vectornav_msgs/include/vectornav_msgs/vectornav_msgs/action/detail/mag_cal__builder.hpp\n'}
[0.801230] (vectornav_msgs) StdoutLine: {'line': b'-- Up-to-date: /home/fcanof/vanttec_sdv/install/vectornav_msgs/include/vectornav_msgs/vectornav_msgs/action/mag_cal.hpp\n'}
[0.801415] (vectornav_msgs) StdoutLine: {'line': b'-- Up-to-date: /home/fcanof/vanttec_sdv/install/vectornav_msgs/include/vectornav_msgs/vectornav_msgs/msg\n'}
[0.801527] (vectornav_msgs) StdoutLine: {'line': b'-- Up-to-date: /home/fcanof/vanttec_sdv/install/vectornav_msgs/include/vectornav_msgs/vectornav_msgs/msg/attitude_group.hpp\n'}
[0.801625] (vectornav_msgs) StdoutLine: {'line': b'-- Up-to-date: /home/fcanof/vanttec_sdv/install/vectornav_msgs/include/vectornav_msgs/vectornav_msgs/msg/time_utc.hpp\n'}
[0.801711] (vectornav_msgs) StdoutLine: {'line': b'-- Up-to-date: /home/fcanof/vanttec_sdv/install/vectornav_msgs/include/vectornav_msgs/vectornav_msgs/msg/detail\n'}
[0.801787] (vectornav_msgs) StdoutLine: {'line': b'-- Up-to-date: /home/fcanof/vanttec_sdv/install/vectornav_msgs/include/vectornav_msgs/vectornav_msgs/msg/detail/time_utc__builder.hpp\n'}
[0.801915] (vectornav_msgs) StdoutLine: {'line': b'-- Up-to-date: /home/fcanof/vanttec_sdv/install/vectornav_msgs/include/vectornav_msgs/vectornav_msgs/msg/detail/dop__builder.hpp\n'}
[0.802018] (vectornav_msgs) StdoutLine: {'line': b'-- Up-to-date: /home/fcanof/vanttec_sdv/install/vectornav_msgs/include/vectornav_msgs/vectornav_msgs/msg/detail/common_group__builder.hpp\n'}
[0.802087] (vectornav_msgs) StdoutLine: {'line': b'-- Up-to-date: /home/fcanof/vanttec_sdv/install/vectornav_msgs/include/vectornav_msgs/vectornav_msgs/msg/detail/ins_group__builder.hpp\n'}
[0.802148] (vectornav_msgs) StdoutLine: {'line': b'-- Up-to-date: /home/fcanof/vanttec_sdv/install/vectornav_msgs/include/vectornav_msgs/vectornav_msgs/msg/detail/common_group__traits.hpp\n'}
[0.802208] (vectornav_msgs) StdoutLine: {'line': b'-- Up-to-date: /home/fcanof/vanttec_sdv/install/vectornav_msgs/include/vectornav_msgs/vectornav_msgs/msg/detail/ins_group__struct.hpp\n'}
[0.802269] (vectornav_msgs) StdoutLine: {'line': b'-- Up-to-date: /home/fcanof/vanttec_sdv/install/vectornav_msgs/include/vectornav_msgs/vectornav_msgs/msg/detail/time_group__struct.hpp\n'}
[0.802332] (vectornav_msgs) StdoutLine: {'line': b'-- Up-to-date: /home/fcanof/vanttec_sdv/install/vectornav_msgs/include/vectornav_msgs/vectornav_msgs/msg/detail/time_group__traits.hpp\n'}
[0.802396] (vectornav_msgs) StdoutLine: {'line': b'-- Up-to-date: /home/fcanof/vanttec_sdv/install/vectornav_msgs/include/vectornav_msgs/vectornav_msgs/msg/detail/gps_group__builder.hpp\n'}
[0.802556] (vectornav_msgs) StdoutLine: {'line': b'-- Up-to-date: /home/fcanof/vanttec_sdv/install/vectornav_msgs/include/vectornav_msgs/vectornav_msgs/msg/detail/time_group__builder.hpp\n'}
[0.802646] (vectornav_msgs) StdoutLine: {'line': b'-- Up-to-date: /home/fcanof/vanttec_sdv/install/vectornav_msgs/include/vectornav_msgs/vectornav_msgs/msg/detail/gps_group__struct.hpp\n'}
[0.802750] (vectornav_msgs) StdoutLine: {'line': b'-- Up-to-date: /home/fcanof/vanttec_sdv/install/vectornav_msgs/include/vectornav_msgs/vectornav_msgs/msg/detail/gps_group__traits.hpp\n'}
[0.802813] (vectornav_msgs) StdoutLine: {'line': b'-- Up-to-date: /home/fcanof/vanttec_sdv/install/vectornav_msgs/include/vectornav_msgs/vectornav_msgs/msg/detail/dop__struct.hpp\n'}
[0.802874] (vectornav_msgs) StdoutLine: {'line': b'-- Up-to-date: /home/fcanof/vanttec_sdv/install/vectornav_msgs/include/vectornav_msgs/vectornav_msgs/msg/detail/attitude_group__struct.hpp\n'}
[0.802934] (vectornav_msgs) StdoutLine: {'line': b'-- Up-to-date: /home/fcanof/vanttec_sdv/install/vectornav_msgs/include/vectornav_msgs/vectornav_msgs/msg/detail/attitude_group__traits.hpp\n'}
[0.803050] (vectornav_msgs) StdoutLine: {'line': b'-- Up-to-date: /home/fcanof/vanttec_sdv/install/vectornav_msgs/include/vectornav_msgs/vectornav_msgs/msg/detail/ins_status__builder.hpp\n'}
[0.803134] (vectornav_msgs) StdoutLine: {'line': b'-- Up-to-date: /home/fcanof/vanttec_sdv/install/vectornav_msgs/include/vectornav_msgs/vectornav_msgs/msg/detail/time_status__builder.hpp\n'}
[0.803203] (vectornav_msgs) StdoutLine: {'line': b'-- Up-to-date: /home/fcanof/vanttec_sdv/install/vectornav_msgs/include/vectornav_msgs/vectornav_msgs/msg/detail/ins_status__struct.hpp\n'}
[0.803279] (vectornav_msgs) StdoutLine: {'line': b'-- Up-to-date: /home/fcanof/vanttec_sdv/install/vectornav_msgs/include/vectornav_msgs/vectornav_msgs/msg/detail/time_utc__traits.hpp\n'}
[0.803341] (vectornav_msgs) StdoutLine: {'line': b'-- Up-to-date: /home/fcanof/vanttec_sdv/install/vectornav_msgs/include/vectornav_msgs/vectornav_msgs/msg/detail/imu_group__traits.hpp\n'}
[0.803426] (vectornav_msgs) StdoutLine: {'line': b'-- Up-to-date: /home/fcanof/vanttec_sdv/install/vectornav_msgs/include/vectornav_msgs/vectornav_msgs/msg/detail/time_status__struct.hpp\n'}
[0.803504] (vectornav_msgs) StdoutLine: {'line': b'-- Up-to-date: /home/fcanof/vanttec_sdv/install/vectornav_msgs/include/vectornav_msgs/vectornav_msgs/msg/detail/vpe_status__traits.hpp\n'}
[0.803624] (vectornav_msgs) StdoutLine: {'line': b'-- Up-to-date: /home/fcanof/vanttec_sdv/install/vectornav_msgs/include/vectornav_msgs/vectornav_msgs/msg/detail/attitude_group__builder.hpp\n'}
[0.803710] (vectornav_msgs) StdoutLine: {'line': b'-- Up-to-date: /home/fcanof/vanttec_sdv/install/vectornav_msgs/include/vectornav_msgs/vectornav_msgs/msg/detail/dop__traits.hpp\n'}
[0.803800] (vectornav_msgs) StdoutLine: {'line': b'-- Up-to-date: /home/fcanof/vanttec_sdv/install/vectornav_msgs/include/vectornav_msgs/vectornav_msgs/msg/detail/time_utc__struct.hpp\n'}
[0.803885] (vectornav_msgs) StdoutLine: {'line': b'-- Up-to-date: /home/fcanof/vanttec_sdv/install/vectornav_msgs/include/vectornav_msgs/vectornav_msgs/msg/detail/vpe_status__struct.hpp\n'}
[0.803972] (vectornav_msgs) StdoutLine: {'line': b'-- Up-to-date: /home/fcanof/vanttec_sdv/install/vectornav_msgs/include/vectornav_msgs/vectornav_msgs/msg/detail/vpe_status__builder.hpp\n'}
[0.804064] (vectornav_msgs) StdoutLine: {'line': b'-- Up-to-date: /home/fcanof/vanttec_sdv/install/vectornav_msgs/include/vectornav_msgs/vectornav_msgs/msg/detail/ins_status__traits.hpp\n'}
[0.804238] (vectornav_msgs) StdoutLine: {'line': b'-- Up-to-date: /home/fcanof/vanttec_sdv/install/vectornav_msgs/include/vectornav_msgs/vectornav_msgs/msg/detail/imu_group__struct.hpp\n'}
[0.804335] (vectornav_msgs) StdoutLine: {'line': b'-- Up-to-date: /home/fcanof/vanttec_sdv/install/vectornav_msgs/include/vectornav_msgs/vectornav_msgs/msg/detail/time_status__traits.hpp\n'}
[0.804425] (vectornav_msgs) StdoutLine: {'line': b'-- Up-to-date: /home/fcanof/vanttec_sdv/install/vectornav_msgs/include/vectornav_msgs/vectornav_msgs/msg/detail/common_group__struct.hpp\n'}
[0.804527] (vectornav_msgs) StdoutLine: {'line': b'-- Up-to-date: /home/fcanof/vanttec_sdv/install/vectornav_msgs/include/vectornav_msgs/vectornav_msgs/msg/detail/imu_group__builder.hpp\n'}
[0.804702] (vectornav_msgs) StdoutLine: {'line': b'-- Up-to-date: /home/fcanof/vanttec_sdv/install/vectornav_msgs/include/vectornav_msgs/vectornav_msgs/msg/detail/ins_group__traits.hpp\n'}
[0.804805] (vectornav_msgs) StdoutLine: {'line': b'-- Up-to-date: /home/fcanof/vanttec_sdv/install/vectornav_msgs/include/vectornav_msgs/vectornav_msgs/msg/gps_group.hpp\n'}
[0.804901] (vectornav_msgs) StdoutLine: {'line': b'-- Up-to-date: /home/fcanof/vanttec_sdv/install/vectornav_msgs/include/vectornav_msgs/vectornav_msgs/msg/ins_status.hpp\n'}
[0.804988] (vectornav_msgs) StdoutLine: {'line': b'-- Up-to-date: /home/fcanof/vanttec_sdv/install/vectornav_msgs/include/vectornav_msgs/vectornav_msgs/msg/dop.hpp\n'}
[0.805073] (vectornav_msgs) StdoutLine: {'line': b'-- Up-to-date: /home/fcanof/vanttec_sdv/install/vectornav_msgs/include/vectornav_msgs/vectornav_msgs/msg/time_group.hpp\n'}
[0.805198] (vectornav_msgs) StdoutLine: {'line': b'-- Up-to-date: /home/fcanof/vanttec_sdv/install/vectornav_msgs/include/vectornav_msgs/vectornav_msgs/msg/imu_group.hpp\n'}
[0.805277] (vectornav_msgs) StdoutLine: {'line': b'-- Up-to-date: /home/fcanof/vanttec_sdv/install/vectornav_msgs/include/vectornav_msgs/vectornav_msgs/msg/vpe_status.hpp\n'}
[0.805340] (vectornav_msgs) StdoutLine: {'line': b'-- Up-to-date: /home/fcanof/vanttec_sdv/install/vectornav_msgs/include/vectornav_msgs/vectornav_msgs/msg/common_group.hpp\n'}
[0.805401] (vectornav_msgs) StdoutLine: {'line': b'-- Up-to-date: /home/fcanof/vanttec_sdv/install/vectornav_msgs/include/vectornav_msgs/vectornav_msgs/msg/ins_group.hpp\n'}
[0.805462] (vectornav_msgs) StdoutLine: {'line': b'-- Up-to-date: /home/fcanof/vanttec_sdv/install/vectornav_msgs/include/vectornav_msgs/vectornav_msgs/msg/time_status.hpp\n'}
[0.805523] (vectornav_msgs) StdoutLine: {'line': b'-- Up-to-date: /home/fcanof/vanttec_sdv/install/vectornav_msgs/include/vectornav_msgs/vectornav_msgs\n'}
[0.805583] (vectornav_msgs) StdoutLine: {'line': b'-- Up-to-date: /home/fcanof/vanttec_sdv/install/vectornav_msgs/include/vectornav_msgs/vectornav_msgs/action\n'}
[0.805643] (vectornav_msgs) StdoutLine: {'line': b'-- Up-to-date: /home/fcanof/vanttec_sdv/install/vectornav_msgs/include/vectornav_msgs/vectornav_msgs/action/detail\n'}
[0.805774] (vectornav_msgs) StdoutLine: {'line': b'-- Up-to-date: /home/fcanof/vanttec_sdv/install/vectornav_msgs/include/vectornav_msgs/vectornav_msgs/action/detail/dds_fastrtps\n'}
[0.805844] (vectornav_msgs) StdoutLine: {'line': b'-- Up-to-date: /home/fcanof/vanttec_sdv/install/vectornav_msgs/include/vectornav_msgs/vectornav_msgs/action/detail/mag_cal__rosidl_typesupport_fastrtps_cpp.hpp\n'}
[0.805914] (vectornav_msgs) StdoutLine: {'line': b'-- Up-to-date: /home/fcanof/vanttec_sdv/install/vectornav_msgs/include/vectornav_msgs/vectornav_msgs/msg\n'}
[0.805974] (vectornav_msgs) StdoutLine: {'line': b'-- Up-to-date: /home/fcanof/vanttec_sdv/install/vectornav_msgs/include/vectornav_msgs/vectornav_msgs/msg/rosidl_typesupport_fastrtps_cpp__visibility_control.h\n'}
[0.806096] (vectornav_msgs) StdoutLine: {'line': b'-- Up-to-date: /home/fcanof/vanttec_sdv/install/vectornav_msgs/include/vectornav_msgs/vectornav_msgs/msg/detail\n'}
[0.806169] (vectornav_msgs) StdoutLine: {'line': b'-- Up-to-date: /home/fcanof/vanttec_sdv/install/vectornav_msgs/include/vectornav_msgs/vectornav_msgs/msg/detail/ins_group__rosidl_typesupport_fastrtps_cpp.hpp\n'}
[0.806332] (vectornav_msgs) StdoutLine: {'line': b'-- Up-to-date: /home/fcanof/vanttec_sdv/install/vectornav_msgs/include/vectornav_msgs/vectornav_msgs/msg/detail/vpe_status__rosidl_typesupport_fastrtps_cpp.hpp\n'}
[0.806412] (vectornav_msgs) StdoutLine: {'line': b'-- Up-to-date: /home/fcanof/vanttec_sdv/install/vectornav_msgs/include/vectornav_msgs/vectornav_msgs/msg/detail/time_group__rosidl_typesupport_fastrtps_cpp.hpp\n'}
[0.806475] (vectornav_msgs) StdoutLine: {'line': b'-- Up-to-date: /home/fcanof/vanttec_sdv/install/vectornav_msgs/include/vectornav_msgs/vectornav_msgs/msg/detail/dds_fastrtps\n'}
[0.806535] (vectornav_msgs) StdoutLine: {'line': b'-- Up-to-date: /home/fcanof/vanttec_sdv/install/vectornav_msgs/include/vectornav_msgs/vectornav_msgs/msg/detail/time_utc__rosidl_typesupport_fastrtps_cpp.hpp\n'}
[0.806595] (vectornav_msgs) StdoutLine: {'line': b'-- Up-to-date: /home/fcanof/vanttec_sdv/install/vectornav_msgs/include/vectornav_msgs/vectornav_msgs/msg/detail/gps_group__rosidl_typesupport_fastrtps_cpp.hpp\n'}
[0.806655] (vectornav_msgs) StdoutLine: {'line': b'-- Up-to-date: /home/fcanof/vanttec_sdv/install/vectornav_msgs/include/vectornav_msgs/vectornav_msgs/msg/detail/ins_status__rosidl_typesupport_fastrtps_cpp.hpp\n'}
[0.806717] (vectornav_msgs) StdoutLine: {'line': b'-- Up-to-date: /home/fcanof/vanttec_sdv/install/vectornav_msgs/include/vectornav_msgs/vectornav_msgs/msg/detail/common_group__rosidl_typesupport_fastrtps_cpp.hpp\n'}
[0.806837] (vectornav_msgs) StdoutLine: {'line': b'-- Up-to-date: /home/fcanof/vanttec_sdv/install/vectornav_msgs/include/vectornav_msgs/vectornav_msgs/msg/detail/dop__rosidl_typesupport_fastrtps_cpp.hpp\n'}
[0.806946] (vectornav_msgs) StdoutLine: {'line': b'-- Up-to-date: /home/fcanof/vanttec_sdv/install/vectornav_msgs/include/vectornav_msgs/vectornav_msgs/msg/detail/attitude_group__rosidl_typesupport_fastrtps_cpp.hpp\n'}
[0.807057] (vectornav_msgs) StdoutLine: {'line': b'-- Up-to-date: /home/fcanof/vanttec_sdv/install/vectornav_msgs/include/vectornav_msgs/vectornav_msgs/msg/detail/imu_group__rosidl_typesupport_fastrtps_cpp.hpp\n'}
[0.807167] (vectornav_msgs) StdoutLine: {'line': b'-- Up-to-date: /home/fcanof/vanttec_sdv/install/vectornav_msgs/include/vectornav_msgs/vectornav_msgs/msg/detail/time_status__rosidl_typesupport_fastrtps_cpp.hpp\n'}
[0.807277] (vectornav_msgs) StdoutLine: {'line': b'-- Up-to-date: /home/fcanof/vanttec_sdv/install/vectornav_msgs/lib/libvectornav_msgs__rosidl_typesupport_fastrtps_cpp.so\n'}
[0.807449] (vectornav_msgs) StdoutLine: {'line': b'-- Up-to-date: /home/fcanof/vanttec_sdv/install/vectornav_msgs/include/vectornav_msgs/vectornav_msgs\n'}
[0.807554] (vectornav_msgs) StdoutLine: {'line': b'-- Up-to-date: /home/fcanof/vanttec_sdv/install/vectornav_msgs/include/vectornav_msgs/vectornav_msgs/action\n'}
[0.807660] (vectornav_msgs) StdoutLine: {'line': b'-- Up-to-date: /home/fcanof/vanttec_sdv/install/vectornav_msgs/include/vectornav_msgs/vectornav_msgs/action/detail\n'}
[0.807766] (vectornav_msgs) StdoutLine: {'line': b'-- Up-to-date: /home/fcanof/vanttec_sdv/install/vectornav_msgs/include/vectornav_msgs/vectornav_msgs/action/detail/mag_cal__type_support.c\n'}
[0.807944] (vectornav_msgs) StdoutLine: {'line': b'-- Up-to-date: /home/fcanof/vanttec_sdv/install/vectornav_msgs/include/vectornav_msgs/vectornav_msgs/action/detail/mag_cal__rosidl_typesupport_introspection_c.h\n'}
[0.808043] (vectornav_msgs) StdoutLine: {'line': b'-- Up-to-date: /home/fcanof/vanttec_sdv/install/vectornav_msgs/include/vectornav_msgs/vectornav_msgs/msg\n'}
[0.808135] (vectornav_msgs) StdoutLine: {'line': b'-- Up-to-date: /home/fcanof/vanttec_sdv/install/vectornav_msgs/include/vectornav_msgs/vectornav_msgs/msg/detail\n'}
[0.808239] (vectornav_msgs) StdoutLine: {'line': b'-- Up-to-date: /home/fcanof/vanttec_sdv/install/vectornav_msgs/include/vectornav_msgs/vectornav_msgs/msg/detail/time_status__type_support.c\n'}
[0.808335] (vectornav_msgs) StdoutLine: {'line': b'-- Up-to-date: /home/fcanof/vanttec_sdv/install/vectornav_msgs/include/vectornav_msgs/vectornav_msgs/msg/detail/time_utc__rosidl_typesupport_introspection_c.h\n'}
[0.808476] (vectornav_msgs) StdoutLine: {'line': b'-- Up-to-date: /home/fcanof/vanttec_sdv/install/vectornav_msgs/include/vectornav_msgs/vectornav_msgs/msg/detail/time_utc__type_support.c\n'}
[0.808570] (vectornav_msgs) StdoutLine: {'line': b'-- Up-to-date: /home/fcanof/vanttec_sdv/install/vectornav_msgs/include/vectornav_msgs/vectornav_msgs/msg/detail/gps_group__type_support.c\n'}
[0.808663] (vectornav_msgs) StdoutLine: {'line': b'-- Up-to-date: /home/fcanof/vanttec_sdv/install/vectornav_msgs/include/vectornav_msgs/vectornav_msgs/msg/detail/time_group__type_support.c\n'}
[0.808756] (vectornav_msgs) StdoutLine: {'line': b'-- Up-to-date: /home/fcanof/vanttec_sdv/install/vectornav_msgs/include/vectornav_msgs/vectornav_msgs/msg/detail/common_group__rosidl_typesupport_introspection_c.h\n'}
[0.808861] (vectornav_msgs) StdoutLine: {'line': b'-- Up-to-date: /home/fcanof/vanttec_sdv/install/vectornav_msgs/include/vectornav_msgs/vectornav_msgs/msg/detail/attitude_group__type_support.c\n'}
[0.808999] (vectornav_msgs) StdoutLine: {'line': b'-- Up-to-date: /home/fcanof/vanttec_sdv/install/vectornav_msgs/include/vectornav_msgs/vectornav_msgs/msg/detail/vpe_status__type_support.c\n'}
[0.809109] (vectornav_msgs) StdoutLine: {'line': b'-- Up-to-date: /home/fcanof/vanttec_sdv/install/vectornav_msgs/include/vectornav_msgs/vectornav_msgs/msg/detail/vpe_status__rosidl_typesupport_introspection_c.h\n'}
[0.809248] (vectornav_msgs) StdoutLine: {'line': b'-- Up-to-date: /home/fcanof/vanttec_sdv/install/vectornav_msgs/include/vectornav_msgs/vectornav_msgs/msg/detail/ins_group__rosidl_typesupport_introspection_c.h\n'}
[0.809361] (vectornav_msgs) StdoutLine: {'line': b'-- Up-to-date: /home/fcanof/vanttec_sdv/install/vectornav_msgs/include/vectornav_msgs/vectornav_msgs/msg/detail/ins_group__type_support.c\n'}
[0.809519] (vectornav_msgs) StdoutLine: {'line': b'-- Up-to-date: /home/fcanof/vanttec_sdv/install/vectornav_msgs/include/vectornav_msgs/vectornav_msgs/msg/detail/ins_status__type_support.c\n'}
[0.809622] (vectornav_msgs) StdoutLine: {'line': b'-- Up-to-date: /home/fcanof/vanttec_sdv/install/vectornav_msgs/include/vectornav_msgs/vectornav_msgs/msg/detail/attitude_group__rosidl_typesupport_introspection_c.h\n'}
[0.809728] (vectornav_msgs) StdoutLine: {'line': b'-- Up-to-date: /home/fcanof/vanttec_sdv/install/vectornav_msgs/include/vectornav_msgs/vectornav_msgs/msg/detail/imu_group__rosidl_typesupport_introspection_c.h\n'}
[0.809825] (vectornav_msgs) StdoutLine: {'line': b'-- Up-to-date: /home/fcanof/vanttec_sdv/install/vectornav_msgs/include/vectornav_msgs/vectornav_msgs/msg/detail/time_status__rosidl_typesupport_introspection_c.h\n'}
[0.809918] (vectornav_msgs) StdoutLine: {'line': b'-- Up-to-date: /home/fcanof/vanttec_sdv/install/vectornav_msgs/include/vectornav_msgs/vectornav_msgs/msg/detail/dop__type_support.c\n'}
[0.810073] (vectornav_msgs) StdoutLine: {'line': b'-- Up-to-date: /home/fcanof/vanttec_sdv/install/vectornav_msgs/include/vectornav_msgs/vectornav_msgs/msg/detail/imu_group__type_support.c\n'}
[0.810174] (vectornav_msgs) StdoutLine: {'line': b'-- Up-to-date: /home/fcanof/vanttec_sdv/install/vectornav_msgs/include/vectornav_msgs/vectornav_msgs/msg/detail/ins_status__rosidl_typesupport_introspection_c.h\n'}
[0.810267] (vectornav_msgs) StdoutLine: {'line': b'-- Up-to-date: /home/fcanof/vanttec_sdv/install/vectornav_msgs/include/vectornav_msgs/vectornav_msgs/msg/detail/dop__rosidl_typesupport_introspection_c.h\n'}
[0.810360] (vectornav_msgs) StdoutLine: {'line': b'-- Up-to-date: /home/fcanof/vanttec_sdv/install/vectornav_msgs/include/vectornav_msgs/vectornav_msgs/msg/detail/common_group__type_support.c\n'}
[0.810451] (vectornav_msgs) StdoutLine: {'line': b'-- Up-to-date: /home/fcanof/vanttec_sdv/install/vectornav_msgs/include/vectornav_msgs/vectornav_msgs/msg/detail/gps_group__rosidl_typesupport_introspection_c.h\n'}
[0.810608] (vectornav_msgs) StdoutLine: {'line': b'-- Up-to-date: /home/fcanof/vanttec_sdv/install/vectornav_msgs/include/vectornav_msgs/vectornav_msgs/msg/detail/time_group__rosidl_typesupport_introspection_c.h\n'}
[0.810751] (vectornav_msgs) StdoutLine: {'line': b'-- Up-to-date: /home/fcanof/vanttec_sdv/install/vectornav_msgs/include/vectornav_msgs/vectornav_msgs/msg/rosidl_typesupport_introspection_c__visibility_control.h\n'}
[0.810872] (vectornav_msgs) StdoutLine: {'line': b'-- Up-to-date: /home/fcanof/vanttec_sdv/install/vectornav_msgs/lib/libvectornav_msgs__rosidl_typesupport_introspection_c.so\n'}
[0.810962] (vectornav_msgs) StdoutLine: {'line': b'-- Up-to-date: /home/fcanof/vanttec_sdv/install/vectornav_msgs/lib/libvectornav_msgs__rosidl_typesupport_c.so\n'}
[0.811099] (vectornav_msgs) StdoutLine: {'line': b'-- Up-to-date: /home/fcanof/vanttec_sdv/install/vectornav_msgs/include/vectornav_msgs/vectornav_msgs\n'}
[0.811197] (vectornav_msgs) StdoutLine: {'line': b'-- Up-to-date: /home/fcanof/vanttec_sdv/install/vectornav_msgs/include/vectornav_msgs/vectornav_msgs/action\n'}
[0.811291] (vectornav_msgs) StdoutLine: {'line': b'-- Up-to-date: /home/fcanof/vanttec_sdv/install/vectornav_msgs/include/vectornav_msgs/vectornav_msgs/action/detail\n'}
[0.811386] (vectornav_msgs) StdoutLine: {'line': b'-- Up-to-date: /home/fcanof/vanttec_sdv/install/vectornav_msgs/include/vectornav_msgs/vectornav_msgs/action/detail/mag_cal__type_support.cpp\n'}
[0.811482] (vectornav_msgs) StdoutLine: {'line': b'-- Up-to-date: /home/fcanof/vanttec_sdv/install/vectornav_msgs/include/vectornav_msgs/vectornav_msgs/action/detail/mag_cal__rosidl_typesupport_introspection_cpp.hpp\n'}
[0.811554] (vectornav_msgs) StdoutLine: {'line': b'-- Up-to-date: /home/fcanof/vanttec_sdv/install/vectornav_msgs/include/vectornav_msgs/vectornav_msgs/msg\n'}
[0.811658] (vectornav_msgs) StdoutLine: {'line': b'-- Up-to-date: /home/fcanof/vanttec_sdv/install/vectornav_msgs/include/vectornav_msgs/vectornav_msgs/msg/detail\n'}
[0.811758] (vectornav_msgs) StdoutLine: {'line': b'-- Up-to-date: /home/fcanof/vanttec_sdv/install/vectornav_msgs/include/vectornav_msgs/vectornav_msgs/msg/detail/imu_group__rosidl_typesupport_introspection_cpp.hpp\n'}
[0.811864] (vectornav_msgs) StdoutLine: {'line': b'-- Up-to-date: /home/fcanof/vanttec_sdv/install/vectornav_msgs/include/vectornav_msgs/vectornav_msgs/msg/detail/time_status__rosidl_typesupport_introspection_cpp.hpp\n'}
[0.811968] (vectornav_msgs) StdoutLine: {'line': b'-- Up-to-date: /home/fcanof/vanttec_sdv/install/vectornav_msgs/include/vectornav_msgs/vectornav_msgs/msg/detail/time_status__type_support.cpp\n'}
[0.812075] (vectornav_msgs) StdoutLine: {'line': b'-- Up-to-date: /home/fcanof/vanttec_sdv/install/vectornav_msgs/include/vectornav_msgs/vectornav_msgs/msg/detail/attitude_group__type_support.cpp\n'}
[0.812172] (vectornav_msgs) StdoutLine: {'line': b'-- Up-to-date: /home/fcanof/vanttec_sdv/install/vectornav_msgs/include/vectornav_msgs/vectornav_msgs/msg/detail/vpe_status__type_support.cpp\n'}
[0.812271] (vectornav_msgs) StdoutLine: {'line': b'-- Up-to-date: /home/fcanof/vanttec_sdv/install/vectornav_msgs/include/vectornav_msgs/vectornav_msgs/msg/detail/ins_group__rosidl_typesupport_introspection_cpp.hpp\n'}
[0.812363] (vectornav_msgs) StdoutLine: {'line': b'-- Up-to-date: /home/fcanof/vanttec_sdv/install/vectornav_msgs/include/vectornav_msgs/vectornav_msgs/msg/detail/common_group__rosidl_typesupport_introspection_cpp.hpp\n'}
[0.812810] (vectornav_msgs) StdoutLine: {'line': b'-- Up-to-date: /home/fcanof/vanttec_sdv/install/vectornav_msgs/include/vectornav_msgs/vectornav_msgs/msg/detail/imu_group__type_support.cpp\n'}
[0.813465] (vectornav_msgs) StdoutLine: {'line': b'-- Up-to-date: /home/fcanof/vanttec_sdv/install/vectornav_msgs/include/vectornav_msgs/vectornav_msgs/msg/detail/gps_group__rosidl_typesupport_introspection_cpp.hpp\n'}
[0.814482] (vectornav_msgs) StdoutLine: {'line': b'-- Up-to-date: /home/fcanof/vanttec_sdv/install/vectornav_msgs/include/vectornav_msgs/vectornav_msgs/msg/detail/ins_status__rosidl_typesupport_introspection_cpp.hpp\n'}
[0.814730] (vectornav_msgs) StdoutLine: {'line': b'-- Up-to-date: /home/fcanof/vanttec_sdv/install/vectornav_msgs/include/vectornav_msgs/vectornav_msgs/msg/detail/attitude_group__rosidl_typesupport_introspection_cpp.hpp\n'}
[0.814852] (vectornav_msgs) StdoutLine: {'line': b'-- Up-to-date: /home/fcanof/vanttec_sdv/install/vectornav_msgs/include/vectornav_msgs/vectornav_msgs/msg/detail/common_group__type_support.cpp\n'}
[0.814978] (vectornav_msgs) StdoutLine: {'line': b'-- Up-to-date: /home/fcanof/vanttec_sdv/install/vectornav_msgs/include/vectornav_msgs/vectornav_msgs/msg/detail/dop__type_support.cpp\n'}
[0.815098] (vectornav_msgs) StdoutLine: {'line': b'-- Up-to-date: /home/fcanof/vanttec_sdv/install/vectornav_msgs/include/vectornav_msgs/vectornav_msgs/msg/detail/time_utc__type_support.cpp\n'}
[0.815215] (vectornav_msgs) StdoutLine: {'line': b'-- Up-to-date: /home/fcanof/vanttec_sdv/install/vectornav_msgs/include/vectornav_msgs/vectornav_msgs/msg/detail/vpe_status__rosidl_typesupport_introspection_cpp.hpp\n'}
[0.815329] (vectornav_msgs) StdoutLine: {'line': b'-- Up-to-date: /home/fcanof/vanttec_sdv/install/vectornav_msgs/include/vectornav_msgs/vectornav_msgs/msg/detail/time_group__rosidl_typesupport_introspection_cpp.hpp\n'}
[0.815440] (vectornav_msgs) StdoutLine: {'line': b'-- Up-to-date: /home/fcanof/vanttec_sdv/install/vectornav_msgs/include/vectornav_msgs/vectornav_msgs/msg/detail/dop__rosidl_typesupport_introspection_cpp.hpp\n'}
[0.815552] (vectornav_msgs) StdoutLine: {'line': b'-- Up-to-date: /home/fcanof/vanttec_sdv/install/vectornav_msgs/include/vectornav_msgs/vectornav_msgs/msg/detail/time_group__type_support.cpp\n'}
[0.815660] (vectornav_msgs) StdoutLine: {'line': b'-- Up-to-date: /home/fcanof/vanttec_sdv/install/vectornav_msgs/include/vectornav_msgs/vectornav_msgs/msg/detail/gps_group__type_support.cpp\n'}
[0.815769] (vectornav_msgs) StdoutLine: {'line': b'-- Up-to-date: /home/fcanof/vanttec_sdv/install/vectornav_msgs/include/vectornav_msgs/vectornav_msgs/msg/detail/time_utc__rosidl_typesupport_introspection_cpp.hpp\n'}
[0.815872] (vectornav_msgs) StdoutLine: {'line': b'-- Up-to-date: /home/fcanof/vanttec_sdv/install/vectornav_msgs/include/vectornav_msgs/vectornav_msgs/msg/detail/ins_group__type_support.cpp\n'}
[0.815972] (vectornav_msgs) StdoutLine: {'line': b'-- Up-to-date: /home/fcanof/vanttec_sdv/install/vectornav_msgs/include/vectornav_msgs/vectornav_msgs/msg/detail/ins_status__type_support.cpp\n'}
[0.816080] (vectornav_msgs) StdoutLine: {'line': b'-- Up-to-date: /home/fcanof/vanttec_sdv/install/vectornav_msgs/lib/libvectornav_msgs__rosidl_typesupport_introspection_cpp.so\n'}
[0.816196] (vectornav_msgs) StdoutLine: {'line': b'-- Up-to-date: /home/fcanof/vanttec_sdv/install/vectornav_msgs/lib/libvectornav_msgs__rosidl_typesupport_cpp.so\n'}
[0.816307] (vectornav_msgs) StdoutLine: {'line': b'-- Up-to-date: /home/fcanof/vanttec_sdv/install/vectornav_msgs/share/vectornav_msgs/environment/pythonpath.sh\n'}
[0.816419] (vectornav_msgs) StdoutLine: {'line': b'-- Up-to-date: /home/fcanof/vanttec_sdv/install/vectornav_msgs/share/vectornav_msgs/environment/pythonpath.dsv\n'}
[0.816533] (vectornav_msgs) StdoutLine: {'line': b'-- Up-to-date: /home/fcanof/vanttec_sdv/install/vectornav_msgs/local/lib/python3.10/dist-packages/vectornav_msgs-3.0.0-py3.10.egg-info\n'}
[0.816648] (vectornav_msgs) StdoutLine: {'line': b'-- Installing: /home/fcanof/vanttec_sdv/install/vectornav_msgs/local/lib/python3.10/dist-packages/vectornav_msgs-3.0.0-py3.10.egg-info/PKG-INFO\n'}
[0.816762] (vectornav_msgs) StdoutLine: {'line': b'-- Installing: /home/fcanof/vanttec_sdv/install/vectornav_msgs/local/lib/python3.10/dist-packages/vectornav_msgs-3.0.0-py3.10.egg-info/top_level.txt\n'}
[0.816875] (vectornav_msgs) StdoutLine: {'line': b'-- Installing: /home/fcanof/vanttec_sdv/install/vectornav_msgs/local/lib/python3.10/dist-packages/vectornav_msgs-3.0.0-py3.10.egg-info/SOURCES.txt\n'}
[0.816991] (vectornav_msgs) StdoutLine: {'line': b'-- Installing: /home/fcanof/vanttec_sdv/install/vectornav_msgs/local/lib/python3.10/dist-packages/vectornav_msgs-3.0.0-py3.10.egg-info/dependency_links.txt\n'}
[0.817121] (vectornav_msgs) StdoutLine: {'line': b'-- Up-to-date: /home/fcanof/vanttec_sdv/install/vectornav_msgs/local/lib/python3.10/dist-packages/vectornav_msgs\n'}
[0.817236] (vectornav_msgs) StdoutLine: {'line': b'-- Up-to-date: /home/fcanof/vanttec_sdv/install/vectornav_msgs/local/lib/python3.10/dist-packages/vectornav_msgs/action\n'}
[0.817349] (vectornav_msgs) StdoutLine: {'line': b'-- Up-to-date: /home/fcanof/vanttec_sdv/install/vectornav_msgs/local/lib/python3.10/dist-packages/vectornav_msgs/action/_mag_cal.py\n'}
[0.817465] (vectornav_msgs) StdoutLine: {'line': b'-- Up-to-date: /home/fcanof/vanttec_sdv/install/vectornav_msgs/local/lib/python3.10/dist-packages/vectornav_msgs/action/_mag_cal_s.c\n'}
[0.817577] (vectornav_msgs) StdoutLine: {'line': b'-- Up-to-date: /home/fcanof/vanttec_sdv/install/vectornav_msgs/local/lib/python3.10/dist-packages/vectornav_msgs/action/__init__.py\n'}
[0.817691] (vectornav_msgs) StdoutLine: {'line': b'-- Up-to-date: /home/fcanof/vanttec_sdv/install/vectornav_msgs/local/lib/python3.10/dist-packages/vectornav_msgs/_vectornav_msgs_s.ep.rosidl_typesupport_introspection_c.c\n'}
[0.817810] (vectornav_msgs) StdoutLine: {'line': b'-- Up-to-date: /home/fcanof/vanttec_sdv/install/vectornav_msgs/local/lib/python3.10/dist-packages/vectornav_msgs/libvectornav_msgs__rosidl_generator_py.so\n'}
[0.817924] (vectornav_msgs) StdoutLine: {'line': b'-- Up-to-date: /home/fcanof/vanttec_sdv/install/vectornav_msgs/local/lib/python3.10/dist-packages/vectornav_msgs/_vectornav_msgs_s.ep.rosidl_typesupport_c.c\n'}
[0.818061] (vectornav_msgs) StdoutLine: {'line': b'-- Up-to-date: /home/fcanof/vanttec_sdv/install/vectornav_msgs/local/lib/python3.10/dist-packages/vectornav_msgs/_vectornav_msgs_s.ep.rosidl_typesupport_fastrtps_c.c\n'}
[0.818184] (vectornav_msgs) StdoutLine: {'line': b'-- Up-to-date: /home/fcanof/vanttec_sdv/install/vectornav_msgs/local/lib/python3.10/dist-packages/vectornav_msgs/msg\n'}
[0.818298] (vectornav_msgs) StdoutLine: {'line': b'-- Up-to-date: /home/fcanof/vanttec_sdv/install/vectornav_msgs/local/lib/python3.10/dist-packages/vectornav_msgs/msg/_ins_group.py\n'}
[0.818410] (vectornav_msgs) StdoutLine: {'line': b'-- Up-to-date: /home/fcanof/vanttec_sdv/install/vectornav_msgs/local/lib/python3.10/dist-packages/vectornav_msgs/msg/_time_status.py\n'}
[0.818522] (vectornav_msgs) StdoutLine: {'line': b'-- Up-to-date: /home/fcanof/vanttec_sdv/install/vectornav_msgs/local/lib/python3.10/dist-packages/vectornav_msgs/msg/_common_group.py\n'}
[0.818636] (vectornav_msgs) StdoutLine: {'line': b'-- Up-to-date: /home/fcanof/vanttec_sdv/install/vectornav_msgs/local/lib/python3.10/dist-packages/vectornav_msgs/msg/_vpe_status.py\n'}
[0.818752] (vectornav_msgs) StdoutLine: {'line': b'-- Up-to-date: /home/fcanof/vanttec_sdv/install/vectornav_msgs/local/lib/python3.10/dist-packages/vectornav_msgs/msg/_imu_group_s.c\n'}
[0.818861] (vectornav_msgs) StdoutLine: {'line': b'-- Up-to-date: /home/fcanof/vanttec_sdv/install/vectornav_msgs/local/lib/python3.10/dist-packages/vectornav_msgs/msg/_ins_group_s.c\n'}
[0.818972] (vectornav_msgs) StdoutLine: {'line': b'-- Up-to-date: /home/fcanof/vanttec_sdv/install/vectornav_msgs/local/lib/python3.10/dist-packages/vectornav_msgs/msg/_attitude_group_s.c\n'}
[0.819079] (vectornav_msgs) StdoutLine: {'line': b'-- Up-to-date: /home/fcanof/vanttec_sdv/install/vectornav_msgs/local/lib/python3.10/dist-packages/vectornav_msgs/msg/_time_utc.py\n'}
[0.819190] (vectornav_msgs) StdoutLine: {'line': b'-- Up-to-date: /home/fcanof/vanttec_sdv/install/vectornav_msgs/local/lib/python3.10/dist-packages/vectornav_msgs/msg/_ins_status_s.c\n'}
[0.819302] (vectornav_msgs) StdoutLine: {'line': b'-- Up-to-date: /home/fcanof/vanttec_sdv/install/vectornav_msgs/local/lib/python3.10/dist-packages/vectornav_msgs/msg/_time_group_s.c\n'}
[0.819416] (vectornav_msgs) StdoutLine: {'line': b'-- Up-to-date: /home/fcanof/vanttec_sdv/install/vectornav_msgs/local/lib/python3.10/dist-packages/vectornav_msgs/msg/_dop.py\n'}
[0.819534] (vectornav_msgs) StdoutLine: {'line': b'-- Up-to-date: /home/fcanof/vanttec_sdv/install/vectornav_msgs/local/lib/python3.10/dist-packages/vectornav_msgs/msg/_time_status_s.c\n'}
[0.819650] (vectornav_msgs) StdoutLine: {'line': b'-- Up-to-date: /home/fcanof/vanttec_sdv/install/vectornav_msgs/local/lib/python3.10/dist-packages/vectornav_msgs/msg/_time_utc_s.c\n'}
[0.819762] (vectornav_msgs) StdoutLine: {'line': b'-- Up-to-date: /home/fcanof/vanttec_sdv/install/vectornav_msgs/local/lib/python3.10/dist-packages/vectornav_msgs/msg/_vpe_status_s.c\n'}
[0.819873] (vectornav_msgs) StdoutLine: {'line': b'-- Up-to-date: /home/fcanof/vanttec_sdv/install/vectornav_msgs/local/lib/python3.10/dist-packages/vectornav_msgs/msg/_imu_group.py\n'}
[0.819988] (vectornav_msgs) StdoutLine: {'line': b'-- Up-to-date: /home/fcanof/vanttec_sdv/install/vectornav_msgs/local/lib/python3.10/dist-packages/vectornav_msgs/msg/_ins_status.py\n'}
[0.820102] (vectornav_msgs) StdoutLine: {'line': b'-- Up-to-date: /home/fcanof/vanttec_sdv/install/vectornav_msgs/local/lib/python3.10/dist-packages/vectornav_msgs/msg/_time_group.py\n'}
[0.820216] (vectornav_msgs) StdoutLine: {'line': b'-- Up-to-date: /home/fcanof/vanttec_sdv/install/vectornav_msgs/local/lib/python3.10/dist-packages/vectornav_msgs/msg/__init__.py\n'}
[0.820334] (vectornav_msgs) StdoutLine: {'line': b'-- Up-to-date: /home/fcanof/vanttec_sdv/install/vectornav_msgs/local/lib/python3.10/dist-packages/vectornav_msgs/msg/_gps_group_s.c\n'}
[0.820445] (vectornav_msgs) StdoutLine: {'line': b'-- Up-to-date: /home/fcanof/vanttec_sdv/install/vectornav_msgs/local/lib/python3.10/dist-packages/vectornav_msgs/msg/_gps_group.py\n'}
[0.820546] (vectornav_msgs) StdoutLine: {'line': b'-- Up-to-date: /home/fcanof/vanttec_sdv/install/vectornav_msgs/local/lib/python3.10/dist-packages/vectornav_msgs/msg/_common_group_s.c\n'}
[0.820667] (vectornav_msgs) StdoutLine: {'line': b'-- Up-to-date: /home/fcanof/vanttec_sdv/install/vectornav_msgs/local/lib/python3.10/dist-packages/vectornav_msgs/msg/_attitude_group.py\n'}
[0.820776] (vectornav_msgs) StdoutLine: {'line': b'-- Up-to-date: /home/fcanof/vanttec_sdv/install/vectornav_msgs/local/lib/python3.10/dist-packages/vectornav_msgs/msg/_dop_s.c\n'}
[0.820890] (vectornav_msgs) StdoutLine: {'line': b'-- Up-to-date: /home/fcanof/vanttec_sdv/install/vectornav_msgs/local/lib/python3.10/dist-packages/vectornav_msgs/vectornav_msgs_s__rosidl_typesupport_fastrtps_c.cpython-310-x86_64-linux-gnu.so\n'}
[0.821002] (vectornav_msgs) StdoutLine: {'line': b'-- Up-to-date: /home/fcanof/vanttec_sdv/install/vectornav_msgs/local/lib/python3.10/dist-packages/vectornav_msgs/vectornav_msgs_s__rosidl_typesupport_introspection_c.cpython-310-x86_64-linux-gnu.so\n'}
[0.821175] (vectornav_msgs) StdoutLine: {'line': b'-- Up-to-date: /home/fcanof/vanttec_sdv/install/vectornav_msgs/local/lib/python3.10/dist-packages/vectornav_msgs/__init__.py\n'}
[0.821341] (vectornav_msgs) StdoutLine: {'line': b'-- Up-to-date: /home/fcanof/vanttec_sdv/install/vectornav_msgs/local/lib/python3.10/dist-packages/vectornav_msgs/vectornav_msgs_s__rosidl_typesupport_c.cpython-310-x86_64-linux-gnu.so\n'}
[0.821562] (sdv_msgs) JobProgress: {'identifier': 'sdv_msgs', 'progress': 'install'}
[0.821625] (sdv_msgs) Command: {'cmd': ['/usr/bin/cmake', '--install', '/home/fcanof/vanttec_sdv/build/sdv_msgs'], 'cwd': '/home/fcanof/vanttec_sdv/build/sdv_msgs', 'env': OrderedDict([('GJS_DEBUG_TOPICS', 'JS ERROR;JS LOG'), ('LESSOPEN', '| /usr/bin/lesspipe %s'), ('USER', 'fcanof'), ('LC_TIME', 'es_MX.UTF-8'), ('GIO_MODULE_DIR', '/home/fcanof/snap/code/common/.cache/gio-modules'), ('XDG_SESSION_TYPE', 'x11'), ('GIT_ASKPASS', '/snap/code/154/usr/share/code/resources/app/extensions/git/dist/askpass.sh'), ('GTK_EXE_PREFIX_VSCODE_SNAP_ORIG', ''), ('GDK_BACKEND_VSCODE_SNAP_ORIG', ''), ('SHLVL', '1'), ('LD_LIBRARY_PATH', '/home/fcanof/vanttec_sdv/install/vectornav_msgs/lib:/home/fcanof/vanttec_sdv/install/sdv_msgs/lib:/opt/ros/humble/opt/rviz_ogre_vendor/lib:/opt/ros/humble/lib/x86_64-linux-gnu:/opt/ros/humble/lib'), ('HOME', '/home/fcanof'), ('CHROME_DESKTOP', 'code-url-handler.desktop'), ('LOCPATH_VSCODE_SNAP_ORIG', ''), ('TERM_PROGRAM_VERSION', '1.87.1'), ('DESKTOP_SESSION', 'ubuntu'), ('GTK_PATH', '/snap/code/154/usr/lib/x86_64-linux-gnu/gtk-3.0'), ('GTK_IM_MODULE_FILE', '/home/fcanof/snap/code/common/.cache/immodules/immodules.cache'), ('GIO_LAUNCHED_DESKTOP_FILE', '/var/lib/snapd/desktop/applications/code_code.desktop'), ('ROS_PYTHON_VERSION', '3'), ('GNOME_SHELL_SESSION_MODE', 'ubuntu'), ('GTK_MODULES', 'gail:atk-bridge'), ('GSETTINGS_SCHEMA_DIR_VSCODE_SNAP_ORIG', ''), ('VSCODE_GIT_ASKPASS_MAIN', '/snap/code/154/usr/share/code/resources/app/extensions/git/dist/askpass-main.js'), ('LC_MONETARY', 'es_MX.UTF-8'), ('VSCODE_GIT_ASKPASS_NODE', '/snap/code/154/usr/share/code/code'), ('MANAGERPID', '2223'), ('SYSTEMD_EXEC_PID', '2758'), ('DBUS_SESSION_BUS_ADDRESS', 'unix:path=/run/user/1000/bus'), ('COLORTERM', 'truecolor'), ('GIO_LAUNCHED_DESKTOP_FILE_PID', '50274'), ('COLCON_PREFIX_PATH', '/home/fcanof/vanttec_sdv/install'), ('ROS_DISTRO', 'humble'), ('GTK_IM_MODULE', 'ibus'), ('LOGNAME', 'fcanof'), ('JOURNAL_STREAM', '8:41161'), ('_', '/usr/bin/colcon'), ('ROS_VERSION', '2'), ('XDG_CONFIG_DIRS_VSCODE_SNAP_ORIG', '/etc/xdg/xdg-ubuntu:/etc/xdg'), ('XDG_SESSION_CLASS', 'user'), ('XDG_DATA_DIRS_VSCODE_SNAP_ORIG', '/usr/share/ubuntu:/usr/share/gnome:/usr/local/share/:/usr/share/:/var/lib/snapd/desktop'), ('USERNAME', 'fcanof'), ('TERM', 'xterm-256color'), ('GNOME_DESKTOP_SESSION_ID', 'this-is-deprecated'), ('ROS_LOCALHOST_ONLY', '1'), ('WINDOWPATH', '2'), ('PATH', '/home/fcanof/.local/bin:/opt/ros/humble/bin:/home/fcanof/.local/bin:/usr/local/sbin:/usr/local/bin:/usr/sbin:/usr/bin:/sbin:/bin:/usr/games:/usr/local/games:/snap/bin:/snap/bin'), ('SESSION_MANAGER', 'local/fcanof:@/tmp/.ICE-unix/2736,unix/fcanof:/tmp/.ICE-unix/2736'), ('GTK_EXE_PREFIX', '/snap/code/154/usr'), ('INVOCATION_ID', '4c90a3b36feb4d8c9cb26423b3ecfd5d'), ('XDG_MENU_PREFIX', 'gnome-'), ('LC_ADDRESS', 'es_MX.UTF-8'), ('BAMF_DESKTOP_FILE_HINT', '/var/lib/snapd/desktop/applications/code_code.desktop'), ('XDG_RUNTIME_DIR', '/run/user/1000'), ('GDK_BACKEND', 'x11'), ('DISPLAY', ':1'), ('LOCPATH', '/snap/code/154/usr/lib/locale'), ('LANG', 'en_US.UTF-8'), ('XDG_CURRENT_DESKTOP', 'Unity'), ('LC_TELEPHONE', 'es_MX.UTF-8'), ('GIO_MODULE_DIR_VSCODE_SNAP_ORIG', ''), ('XMODIFIERS', '@im=ibus'), ('XDG_SESSION_DESKTOP', 'ubuntu'), ('XAUTHORITY', '/run/user/1000/gdm/Xauthority'), ('LS_COLORS', 'rs=0:di=01;34:ln=01;36:mh=00:pi=40;33:so=01;35:do=01;35:bd=40;33;01:cd=40;33;01:or=40;31;01:mi=00:su=37;41:sg=30;43:ca=30;41:tw=30;42:ow=34;42:st=37;44:ex=01;32:*.tar=01;31:*.tgz=01;31:*.arc=01;31:*.arj=01;31:*.taz=01;31:*.lha=01;31:*.lz4=01;31:*.lzh=01;31:*.lzma=01;31:*.tlz=01;31:*.txz=01;31:*.tzo=01;31:*.t7z=01;31:*.zip=01;31:*.z=01;31:*.dz=01;31:*.gz=01;31:*.lrz=01;31:*.lz=01;31:*.lzo=01;31:*.xz=01;31:*.zst=01;31:*.tzst=01;31:*.bz2=01;31:*.bz=01;31:*.tbz=01;31:*.tbz2=01;31:*.tz=01;31:*.deb=01;31:*.rpm=01;31:*.jar=01;31:*.war=01;31:*.ear=01;31:*.sar=01;31:*.rar=01;31:*.alz=01;31:*.ace=01;31:*.zoo=01;31:*.cpio=01;31:*.7z=01;31:*.rz=01;31:*.cab=01;31:*.wim=01;31:*.swm=01;31:*.dwm=01;31:*.esd=01;31:*.jpg=01;35:*.jpeg=01;35:*.mjpg=01;35:*.mjpeg=01;35:*.gif=01;35:*.bmp=01;35:*.pbm=01;35:*.pgm=01;35:*.ppm=01;35:*.tga=01;35:*.xbm=01;35:*.xpm=01;35:*.tif=01;35:*.tiff=01;35:*.png=01;35:*.svg=01;35:*.svgz=01;35:*.mng=01;35:*.pcx=01;35:*.mov=01;35:*.mpg=01;35:*.mpeg=01;35:*.m2v=01;35:*.mkv=01;35:*.webm=01;35:*.webp=01;35:*.ogm=01;35:*.mp4=01;35:*.m4v=01;35:*.mp4v=01;35:*.vob=01;35:*.qt=01;35:*.nuv=01;35:*.wmv=01;35:*.asf=01;35:*.rm=01;35:*.rmvb=01;35:*.flc=01;35:*.avi=01;35:*.fli=01;35:*.flv=01;35:*.gl=01;35:*.dl=01;35:*.xcf=01;35:*.xwd=01;35:*.yuv=01;35:*.cgm=01;35:*.emf=01;35:*.ogv=01;35:*.ogx=01;35:*.aac=00;36:*.au=00;36:*.flac=00;36:*.m4a=00;36:*.mid=00;36:*.midi=00;36:*.mka=00;36:*.mp3=00;36:*.mpc=00;36:*.ogg=00;36:*.ra=00;36:*.wav=00;36:*.oga=00;36:*.opus=00;36:*.spx=00;36:*.xspf=00;36:'), ('VSCODE_GIT_IPC_HANDLE', '/run/user/1000/vscode-git-676dc8d9e0.sock'), ('TERM_PROGRAM', 'vscode'), ('SSH_AGENT_LAUNCHER', 'gnome-keyring'), ('SSH_AUTH_SOCK', '/run/user/1000/keyring/ssh'), ('GSETTINGS_SCHEMA_DIR', '/home/fcanof/snap/code/154/.local/share/glib-2.0/schemas'), ('ROS_DOMAIN_ID', '8'), ('AMENT_PREFIX_PATH', '/home/fcanof/vanttec_sdv/install/sdv_can:/home/fcanof/vanttec_sdv/install/vectornav_msgs:/home/fcanof/vanttec_sdv/install/sdv_msgs:/opt/ros/humble'), ('ORIGINAL_XDG_CURRENT_DESKTOP', 'ubuntu:GNOME'), ('SHELL', '/bin/bash'), ('LC_NAME', 'es_MX.UTF-8'), ('QT_ACCESSIBILITY', '1'), ('GDMSESSION', 'ubuntu'), ('LESSCLOSE', '/usr/bin/lesspipe %s %s'), ('GTK_PATH_VSCODE_SNAP_ORIG', ''), ('GTK_IM_MODULE_FILE_VSCODE_SNAP_ORIG', ''), ('LC_MEASUREMENT', 'es_MX.UTF-8'), ('GPG_AGENT_INFO', '/run/user/1000/gnupg/S.gpg-agent:0:1'), ('GJS_DEBUG_OUTPUT', 'stderr'), ('LC_IDENTIFICATION', 'es_MX.UTF-8'), ('VSCODE_GIT_ASKPASS_EXTRA_ARGS', ''), ('QT_IM_MODULE', 'ibus'), ('PWD', '/home/fcanof/vanttec_sdv/build/sdv_msgs'), ('LC_ALL', 'en_US.UTF-8'), ('XDG_CONFIG_DIRS', '/etc/xdg/xdg-ubuntu:/etc/xdg'), ('XDG_DATA_DIRS', '/home/fcanof/snap/code/154/.local/share:/home/fcanof/snap/code/154:/snap/code/154/usr/share:/usr/share/ubuntu:/usr/share/gnome:/usr/local/share/:/usr/share/:/var/lib/snapd/desktop'), ('PYTHONPATH', '/home/fcanof/vanttec_sdv/install/vectornav_msgs/local/lib/python3.10/dist-packages:/home/fcanof/vanttec_sdv/install/sdv_msgs/local/lib/python3.10/dist-packages:/opt/ros/humble/lib/python3.10/site-packages:/opt/ros/humble/local/lib/python3.10/dist-packages'), ('LC_NUMERIC', 'es_MX.UTF-8'), ('LC_PAPER', 'es_MX.UTF-8'), ('COLCON', '1'), ('CMAKE_PREFIX_PATH', '/home/fcanof/vanttec_sdv/install/sdv_can:/home/fcanof/vanttec_sdv/install/vectornav_msgs:/home/fcanof/vanttec_sdv/install/sdv_msgs:/opt/ros/humble')]), 'shell': False}
[0.822529] (sdv_msgs) StdoutLine: {'line': b'-- Install configuration: ""\n'}
[0.822775] (sdv_msgs) StdoutLine: {'line': b'-- Up-to-date: /home/fcanof/vanttec_sdv/install/sdv_msgs/share/ament_index/resource_index/rosidl_interfaces/sdv_msgs\n'}
[0.822973] (sdv_msgs) StdoutLine: {'line': b'-- Up-to-date: /home/fcanof/vanttec_sdv/install/sdv_msgs/include/sdv_msgs/sdv_msgs\n'}
[0.823155] (sdv_msgs) StdoutLine: {'line': b'-- Up-to-date: /home/fcanof/vanttec_sdv/install/sdv_msgs/include/sdv_msgs/sdv_msgs/msg\n'}
[0.823302] (sdv_msgs) StdoutLine: {'line': b'-- Up-to-date: /home/fcanof/vanttec_sdv/install/sdv_msgs/include/sdv_msgs/sdv_msgs/msg/vehicle_info.h\n'}
[0.823422] (sdv_msgs) StdoutLine: {'line': b'-- Up-to-date: /home/fcanof/vanttec_sdv/install/sdv_msgs/include/sdv_msgs/sdv_msgs/msg/detail\n'}
[0.823572] (sdv_msgs) StdoutLine: {'line': b'-- Up-to-date: /home/fcanof/vanttec_sdv/install/sdv_msgs/include/sdv_msgs/sdv_msgs/msg/detail/xbox_msg__struct.h\n'}
[0.823732] (sdv_msgs) StdoutLine: {'line': b'-- Up-to-date: /home/fcanof/vanttec_sdv/install/sdv_msgs/include/sdv_msgs/sdv_msgs/msg/detail/vehicle_control__functions.h\n'}
[0.823919] (sdv_msgs) StdoutLine: {'line': b'-- Up-to-date: /home/fcanof/vanttec_sdv/install/sdv_msgs/include/sdv_msgs/sdv_msgs/msg/detail/status__struct.h\n'}
[0.824102] (sdv_msgs) StdoutLine: {'line': b'-- Up-to-date: /home/fcanof/vanttec_sdv/install/sdv_msgs/include/sdv_msgs/sdv_msgs/msg/detail/thrust_control__functions.c\n'}
[0.824234] (sdv_msgs) StdoutLine: {'line': b'-- Up-to-date: /home/fcanof/vanttec_sdv/install/sdv_msgs/include/sdv_msgs/sdv_msgs/msg/detail/vehicle_info__functions.c\n'}
[0.824364] (sdv_msgs) StdoutLine: {'line': b'-- Up-to-date: /home/fcanof/vanttec_sdv/install/sdv_msgs/include/sdv_msgs/sdv_msgs/msg/detail/panel_msg__functions.c\n'}
[0.824529] (sdv_msgs) StdoutLine: {'line': b'-- Up-to-date: /home/fcanof/vanttec_sdv/install/sdv_msgs/include/sdv_msgs/sdv_msgs/msg/detail/vehicle_control__struct.h\n'}
[0.824702] (sdv_msgs) StdoutLine: {'line': b'-- Up-to-date: /home/fcanof/vanttec_sdv/install/sdv_msgs/include/sdv_msgs/sdv_msgs/msg/detail/vehicle_status__functions.c\n'}
[0.824876] (sdv_msgs) StdoutLine: {'line': b'-- Up-to-date: /home/fcanof/vanttec_sdv/install/sdv_msgs/include/sdv_msgs/sdv_msgs/msg/detail/guidance_waypoints__functions.h\n'}
[0.825076] (sdv_msgs) StdoutLine: {'line': b'-- Up-to-date: /home/fcanof/vanttec_sdv/install/sdv_msgs/include/sdv_msgs/sdv_msgs/msg/detail/collision_event__type_support.h\n'}
[0.825249] (sdv_msgs) StdoutLine: {'line': b'-- Up-to-date: /home/fcanof/vanttec_sdv/install/sdv_msgs/include/sdv_msgs/sdv_msgs/msg/detail/status__type_support.h\n'}
[0.825425] (sdv_msgs) StdoutLine: {'line': b'-- Up-to-date: /home/fcanof/vanttec_sdv/install/sdv_msgs/include/sdv_msgs/sdv_msgs/msg/detail/collision_event__functions.h\n'}
[0.825606] (sdv_msgs) StdoutLine: {'line': b'-- Up-to-date: /home/fcanof/vanttec_sdv/install/sdv_msgs/include/sdv_msgs/sdv_msgs/msg/detail/status__functions.c\n'}
[0.825768] (sdv_msgs) StdoutLine: {'line': b'-- Up-to-date: /home/fcanof/vanttec_sdv/install/sdv_msgs/include/sdv_msgs/sdv_msgs/msg/detail/eta_pose__functions.h\n'}
[0.825920] (sdv_msgs) StdoutLine: {'line': b'-- Up-to-date: /home/fcanof/vanttec_sdv/install/sdv_msgs/include/sdv_msgs/sdv_msgs/msg/detail/system_dynamics__type_support.h\n'}
[0.826103] (sdv_msgs) StdoutLine: {'line': b'-- Up-to-date: /home/fcanof/vanttec_sdv/install/sdv_msgs/include/sdv_msgs/sdv_msgs/msg/detail/vehicle_control__functions.c\n'}
[0.826269] (sdv_msgs) StdoutLine: {'line': b'-- Up-to-date: /home/fcanof/vanttec_sdv/install/sdv_msgs/include/sdv_msgs/sdv_msgs/msg/detail/throttle_msg__struct.h\n'}
[0.826386] (sdv_msgs) StdoutLine: {'line': b'-- Up-to-date: /home/fcanof/vanttec_sdv/install/sdv_msgs/include/sdv_msgs/sdv_msgs/msg/detail/throttle_msg__functions.c\n'}
[0.826515] (sdv_msgs) StdoutLine: {'line': b'-- Up-to-date: /home/fcanof/vanttec_sdv/install/sdv_msgs/include/sdv_msgs/sdv_msgs/msg/detail/vehicle_info_wheel__type_support.h\n'}
[0.826665] (sdv_msgs) StdoutLine: {'line': b'-- Up-to-date: /home/fcanof/vanttec_sdv/install/sdv_msgs/include/sdv_msgs/sdv_msgs/msg/detail/encoder__struct.h\n'}
[0.826846] (sdv_msgs) StdoutLine: {'line': b'-- Up-to-date: /home/fcanof/vanttec_sdv/install/sdv_msgs/include/sdv_msgs/sdv_msgs/msg/detail/vehicle_info__functions.h\n'}
[0.827023] (sdv_msgs) StdoutLine: {'line': b'-- Up-to-date: /home/fcanof/vanttec_sdv/install/sdv_msgs/include/sdv_msgs/sdv_msgs/msg/detail/thrust_control__type_support.h\n'}
[0.827175] (sdv_msgs) StdoutLine: {'line': b'-- Up-to-date: /home/fcanof/vanttec_sdv/install/sdv_msgs/include/sdv_msgs/sdv_msgs/msg/detail/system_dynamics__functions.h\n'}
[0.827358] (sdv_msgs) StdoutLine: {'line': b'-- Up-to-date: /home/fcanof/vanttec_sdv/install/sdv_msgs/include/sdv_msgs/sdv_msgs/msg/detail/panel_msg__type_support.h\n'}
[0.827530] (sdv_msgs) StdoutLine: {'line': b'-- Up-to-date: /home/fcanof/vanttec_sdv/install/sdv_msgs/include/sdv_msgs/sdv_msgs/msg/detail/vehicle_info__type_support.h\n'}
[0.827660] (sdv_msgs) StdoutLine: {'line': b'-- Up-to-date: /home/fcanof/vanttec_sdv/install/sdv_msgs/include/sdv_msgs/sdv_msgs/msg/detail/collision_event__functions.c\n'}
[0.827780] (sdv_msgs) StdoutLine: {'line': b'-- Up-to-date: /home/fcanof/vanttec_sdv/install/sdv_msgs/include/sdv_msgs/sdv_msgs/msg/detail/encoder__type_support.h\n'}
[0.827917] (sdv_msgs) StdoutLine: {'line': b'-- Up-to-date: /home/fcanof/vanttec_sdv/install/sdv_msgs/include/sdv_msgs/sdv_msgs/msg/detail/vehicle_status__functions.h\n'}
[0.828053] (sdv_msgs) StdoutLine: {'line': b'-- Up-to-date: /home/fcanof/vanttec_sdv/install/sdv_msgs/include/sdv_msgs/sdv_msgs/msg/detail/system_dynamics__functions.c\n'}
[0.828224] (sdv_msgs) StdoutLine: {'line': b'-- Up-to-date: /home/fcanof/vanttec_sdv/install/sdv_msgs/include/sdv_msgs/sdv_msgs/msg/detail/lane_invasion_event__struct.h\n'}
[0.828403] (sdv_msgs) StdoutLine: {'line': b'-- Up-to-date: /home/fcanof/vanttec_sdv/install/sdv_msgs/include/sdv_msgs/sdv_msgs/msg/detail/xbox_msg__functions.h\n'}
[0.828580] (sdv_msgs) StdoutLine: {'line': b'-- Up-to-date: /home/fcanof/vanttec_sdv/install/sdv_msgs/include/sdv_msgs/sdv_msgs/msg/detail/throttle_msg__type_support.h\n'}
[0.828755] (sdv_msgs) StdoutLine: {'line': b'-- Up-to-date: /home/fcanof/vanttec_sdv/install/sdv_msgs/include/sdv_msgs/sdv_msgs/msg/detail/xbox_msg__type_support.h\n'}
[0.828888] (sdv_msgs) StdoutLine: {'line': b'-- Up-to-date: /home/fcanof/vanttec_sdv/install/sdv_msgs/include/sdv_msgs/sdv_msgs/msg/detail/vehicle_info_wheel__functions.c\n'}
[0.829017] (sdv_msgs) StdoutLine: {'line': b'-- Up-to-date: /home/fcanof/vanttec_sdv/install/sdv_msgs/include/sdv_msgs/sdv_msgs/msg/detail/xbox_msg__functions.c\n'}
[0.829146] (sdv_msgs) StdoutLine: {'line': b'-- Up-to-date: /home/fcanof/vanttec_sdv/install/sdv_msgs/include/sdv_msgs/sdv_msgs/msg/detail/eta_pose__type_support.h\n'}
[0.829273] (sdv_msgs) StdoutLine: {'line': b'-- Up-to-date: /home/fcanof/vanttec_sdv/install/sdv_msgs/include/sdv_msgs/sdv_msgs/msg/detail/encoder__functions.c\n'}
[0.829420] (sdv_msgs) StdoutLine: {'line': b'-- Up-to-date: /home/fcanof/vanttec_sdv/install/sdv_msgs/include/sdv_msgs/sdv_msgs/msg/detail/lane_invasion_event__functions.h\n'}
[0.829555] (sdv_msgs) StdoutLine: {'line': b'-- Up-to-date: /home/fcanof/vanttec_sdv/install/sdv_msgs/include/sdv_msgs/sdv_msgs/msg/detail/panel_msg__functions.h\n'}
[0.829683] (sdv_msgs) StdoutLine: {'line': b'-- Up-to-date: /home/fcanof/vanttec_sdv/install/sdv_msgs/include/sdv_msgs/sdv_msgs/msg/detail/vehicle_info_wheel__struct.h\n'}
[0.829810] (sdv_msgs) StdoutLine: {'line': b'-- Up-to-date: /home/fcanof/vanttec_sdv/install/sdv_msgs/include/sdv_msgs/sdv_msgs/msg/detail/vehicle_status__type_support.h\n'}
[0.829961] (sdv_msgs) StdoutLine: {'line': b'-- Up-to-date: /home/fcanof/vanttec_sdv/install/sdv_msgs/include/sdv_msgs/sdv_msgs/msg/detail/thrust_control__struct.h\n'}
[0.830136] (sdv_msgs) StdoutLine: {'line': b'-- Up-to-date: /home/fcanof/vanttec_sdv/install/sdv_msgs/include/sdv_msgs/sdv_msgs/msg/detail/vehicle_info_wheel__functions.h\n'}
[0.830313] (sdv_msgs) StdoutLine: {'line': b'-- Up-to-date: /home/fcanof/vanttec_sdv/install/sdv_msgs/include/sdv_msgs/sdv_msgs/msg/detail/eta_pose__struct.h\n'}
[0.830491] (sdv_msgs) StdoutLine: {'line': b'-- Up-to-date: /home/fcanof/vanttec_sdv/install/sdv_msgs/include/sdv_msgs/sdv_msgs/msg/detail/throttle_msg__functions.h\n'}
[0.830666] (sdv_msgs) StdoutLine: {'line': b'-- Up-to-date: /home/fcanof/vanttec_sdv/install/sdv_msgs/include/sdv_msgs/sdv_msgs/msg/detail/vehicle_info__struct.h\n'}
[0.830824] (sdv_msgs) StdoutLine: {'line': b'-- Up-to-date: /home/fcanof/vanttec_sdv/install/sdv_msgs/include/sdv_msgs/sdv_msgs/msg/detail/lane_invasion_event__type_support.h\n'}
[0.830940] (sdv_msgs) StdoutLine: {'line': b'-- Up-to-date: /home/fcanof/vanttec_sdv/install/sdv_msgs/include/sdv_msgs/sdv_msgs/msg/detail/guidance_waypoints__struct.h\n'}
[0.831056] (sdv_msgs) StdoutLine: {'line': b'-- Up-to-date: /home/fcanof/vanttec_sdv/install/sdv_msgs/include/sdv_msgs/sdv_msgs/msg/detail/guidance_waypoints__type_support.h\n'}
[0.831168] (sdv_msgs) StdoutLine: {'line': b'-- Up-to-date: /home/fcanof/vanttec_sdv/install/sdv_msgs/include/sdv_msgs/sdv_msgs/msg/detail/status__functions.h\n'}
[0.831280] (sdv_msgs) StdoutLine: {'line': b'-- Up-to-date: /home/fcanof/vanttec_sdv/install/sdv_msgs/include/sdv_msgs/sdv_msgs/msg/detail/vehicle_control__type_support.h\n'}
[0.831394] (sdv_msgs) StdoutLine: {'line': b'-- Up-to-date: /home/fcanof/vanttec_sdv/install/sdv_msgs/include/sdv_msgs/sdv_msgs/msg/detail/guidance_waypoints__functions.c\n'}
[0.831506] (sdv_msgs) StdoutLine: {'line': b'-- Up-to-date: /home/fcanof/vanttec_sdv/install/sdv_msgs/include/sdv_msgs/sdv_msgs/msg/detail/lane_invasion_event__functions.c\n'}
[0.831620] (sdv_msgs) StdoutLine: {'line': b'-- Up-to-date: /home/fcanof/vanttec_sdv/install/sdv_msgs/include/sdv_msgs/sdv_msgs/msg/detail/vehicle_status__struct.h\n'}
[0.831732] (sdv_msgs) StdoutLine: {'line': b'-- Up-to-date: /home/fcanof/vanttec_sdv/install/sdv_msgs/include/sdv_msgs/sdv_msgs/msg/detail/eta_pose__functions.c\n'}
[0.831850] (sdv_msgs) StdoutLine: {'line': b'-- Up-to-date: /home/fcanof/vanttec_sdv/install/sdv_msgs/include/sdv_msgs/sdv_msgs/msg/detail/panel_msg__struct.h\n'}
[0.831957] (sdv_msgs) StdoutLine: {'line': b'-- Up-to-date: /home/fcanof/vanttec_sdv/install/sdv_msgs/include/sdv_msgs/sdv_msgs/msg/detail/thrust_control__functions.h\n'}
[0.832071] (sdv_msgs) StdoutLine: {'line': b'-- Up-to-date: /home/fcanof/vanttec_sdv/install/sdv_msgs/include/sdv_msgs/sdv_msgs/msg/detail/system_dynamics__struct.h\n'}
[0.832183] (sdv_msgs) StdoutLine: {'line': b'-- Up-to-date: /home/fcanof/vanttec_sdv/install/sdv_msgs/include/sdv_msgs/sdv_msgs/msg/detail/encoder__functions.h\n'}
[0.832299] (sdv_msgs) StdoutLine: {'line': b'-- Up-to-date: /home/fcanof/vanttec_sdv/install/sdv_msgs/include/sdv_msgs/sdv_msgs/msg/detail/collision_event__struct.h\n'}
[0.832413] (sdv_msgs) StdoutLine: {'line': b'-- Up-to-date: /home/fcanof/vanttec_sdv/install/sdv_msgs/include/sdv_msgs/sdv_msgs/msg/vehicle_info_wheel.h\n'}
[0.832525] (sdv_msgs) StdoutLine: {'line': b'-- Up-to-date: /home/fcanof/vanttec_sdv/install/sdv_msgs/include/sdv_msgs/sdv_msgs/msg/encoder.h\n'}
[0.832642] (sdv_msgs) StdoutLine: {'line': b'-- Up-to-date: /home/fcanof/vanttec_sdv/install/sdv_msgs/include/sdv_msgs/sdv_msgs/msg/vehicle_status.h\n'}
[0.832755] (sdv_msgs) StdoutLine: {'line': b'-- Up-to-date: /home/fcanof/vanttec_sdv/install/sdv_msgs/include/sdv_msgs/sdv_msgs/msg/xbox_msg.h\n'}
[0.832866] (sdv_msgs) StdoutLine: {'line': b'-- Up-to-date: /home/fcanof/vanttec_sdv/install/sdv_msgs/include/sdv_msgs/sdv_msgs/msg/panel_msg.h\n'}
[0.832979] (sdv_msgs) StdoutLine: {'line': b'-- Up-to-date: /home/fcanof/vanttec_sdv/install/sdv_msgs/include/sdv_msgs/sdv_msgs/msg/collision_event.h\n'}
[0.833093] (sdv_msgs) StdoutLine: {'line': b'-- Up-to-date: /home/fcanof/vanttec_sdv/install/sdv_msgs/include/sdv_msgs/sdv_msgs/msg/vehicle_control.h\n'}
[0.833204] (sdv_msgs) StdoutLine: {'line': b'-- Up-to-date: /home/fcanof/vanttec_sdv/install/sdv_msgs/include/sdv_msgs/sdv_msgs/msg/throttle_msg.h\n'}
[0.833318] (sdv_msgs) StdoutLine: {'line': b'-- Up-to-date: /home/fcanof/vanttec_sdv/install/sdv_msgs/include/sdv_msgs/sdv_msgs/msg/status.h\n'}
[0.833425] (sdv_msgs) StdoutLine: {'line': b'-- Up-to-date: /home/fcanof/vanttec_sdv/install/sdv_msgs/include/sdv_msgs/sdv_msgs/msg/eta_pose.h\n'}
[0.833538] (sdv_msgs) StdoutLine: {'line': b'-- Up-to-date: /home/fcanof/vanttec_sdv/install/sdv_msgs/include/sdv_msgs/sdv_msgs/msg/guidance_waypoints.h\n'}
[0.833651] (sdv_msgs) StdoutLine: {'line': b'-- Up-to-date: /home/fcanof/vanttec_sdv/install/sdv_msgs/include/sdv_msgs/sdv_msgs/msg/thrust_control.h\n'}
[0.833762] (sdv_msgs) StdoutLine: {'line': b'-- Up-to-date: /home/fcanof/vanttec_sdv/install/sdv_msgs/include/sdv_msgs/sdv_msgs/msg/lane_invasion_event.h\n'}
[0.833878] (sdv_msgs) StdoutLine: {'line': b'-- Up-to-date: /home/fcanof/vanttec_sdv/install/sdv_msgs/include/sdv_msgs/sdv_msgs/msg/rosidl_generator_c__visibility_control.h\n'}
[0.833999] (sdv_msgs) StdoutLine: {'line': b'-- Up-to-date: /home/fcanof/vanttec_sdv/install/sdv_msgs/include/sdv_msgs/sdv_msgs/msg/system_dynamics.h\n'}
[0.834105] (sdv_msgs) StdoutLine: {'line': b'-- Up-to-date: /home/fcanof/vanttec_sdv/install/sdv_msgs/share/sdv_msgs/environment/library_path.sh\n'}
[0.834210] (sdv_msgs) StdoutLine: {'line': b'-- Up-to-date: /home/fcanof/vanttec_sdv/install/sdv_msgs/share/sdv_msgs/environment/library_path.dsv\n'}
[0.834320] (sdv_msgs) StdoutLine: {'line': b'-- Up-to-date: /home/fcanof/vanttec_sdv/install/sdv_msgs/lib/libsdv_msgs__rosidl_generator_c.so\n'}
[0.834436] (sdv_msgs) StdoutLine: {'line': b'-- Up-to-date: /home/fcanof/vanttec_sdv/install/sdv_msgs/include/sdv_msgs/sdv_msgs\n'}
[0.834544] (sdv_msgs) StdoutLine: {'line': b'-- Up-to-date: /home/fcanof/vanttec_sdv/install/sdv_msgs/include/sdv_msgs/sdv_msgs/msg\n'}
[0.834655] (sdv_msgs) StdoutLine: {'line': b'-- Up-to-date: /home/fcanof/vanttec_sdv/install/sdv_msgs/include/sdv_msgs/sdv_msgs/msg/rosidl_typesupport_fastrtps_c__visibility_control.h\n'}
[0.834762] (sdv_msgs) StdoutLine: {'line': b'-- Up-to-date: /home/fcanof/vanttec_sdv/install/sdv_msgs/include/sdv_msgs/sdv_msgs/msg/detail\n'}
[0.834872] (sdv_msgs) StdoutLine: {'line': b'-- Up-to-date: /home/fcanof/vanttec_sdv/install/sdv_msgs/include/sdv_msgs/sdv_msgs/msg/detail/status__rosidl_typesupport_fastrtps_c.h\n'}
[0.834980] (sdv_msgs) StdoutLine: {'line': b'-- Up-to-date: /home/fcanof/vanttec_sdv/install/sdv_msgs/include/sdv_msgs/sdv_msgs/msg/detail/collision_event__rosidl_typesupport_fastrtps_c.h\n'}
[0.835087] (sdv_msgs) StdoutLine: {'line': b'-- Up-to-date: /home/fcanof/vanttec_sdv/install/sdv_msgs/include/sdv_msgs/sdv_msgs/msg/detail/throttle_msg__rosidl_typesupport_fastrtps_c.h\n'}
[0.835195] (sdv_msgs) StdoutLine: {'line': b'-- Up-to-date: /home/fcanof/vanttec_sdv/install/sdv_msgs/include/sdv_msgs/sdv_msgs/msg/detail/panel_msg__rosidl_typesupport_fastrtps_c.h\n'}
[0.835301] (sdv_msgs) StdoutLine: {'line': b'-- Up-to-date: /home/fcanof/vanttec_sdv/install/sdv_msgs/include/sdv_msgs/sdv_msgs/msg/detail/encoder__rosidl_typesupport_fastrtps_c.h\n'}
[0.835410] (sdv_msgs) StdoutLine: {'line': b'-- Up-to-date: /home/fcanof/vanttec_sdv/install/sdv_msgs/include/sdv_msgs/sdv_msgs/msg/detail/lane_invasion_event__rosidl_typesupport_fastrtps_c.h\n'}
[0.835522] (sdv_msgs) StdoutLine: {'line': b'-- Up-to-date: /home/fcanof/vanttec_sdv/install/sdv_msgs/include/sdv_msgs/sdv_msgs/msg/detail/vehicle_info_wheel__rosidl_typesupport_fastrtps_c.h\n'}
[0.835636] (sdv_msgs) StdoutLine: {'line': b'-- Up-to-date: /home/fcanof/vanttec_sdv/install/sdv_msgs/include/sdv_msgs/sdv_msgs/msg/detail/vehicle_status__rosidl_typesupport_fastrtps_c.h\n'}
[0.835765] (sdv_msgs) StdoutLine: {'line': b'-- Up-to-date: /home/fcanof/vanttec_sdv/install/sdv_msgs/include/sdv_msgs/sdv_msgs/msg/detail/vehicle_info__rosidl_typesupport_fastrtps_c.h\n'}
[0.835882] (sdv_msgs) StdoutLine: {'line': b'-- Up-to-date: /home/fcanof/vanttec_sdv/install/sdv_msgs/include/sdv_msgs/sdv_msgs/msg/detail/thrust_control__rosidl_typesupport_fastrtps_c.h\n'}
[0.835995] (sdv_msgs) StdoutLine: {'line': b'-- Up-to-date: /home/fcanof/vanttec_sdv/install/sdv_msgs/include/sdv_msgs/sdv_msgs/msg/detail/eta_pose__rosidl_typesupport_fastrtps_c.h\n'}
[0.836105] (sdv_msgs) StdoutLine: {'line': b'-- Up-to-date: /home/fcanof/vanttec_sdv/install/sdv_msgs/include/sdv_msgs/sdv_msgs/msg/detail/guidance_waypoints__rosidl_typesupport_fastrtps_c.h\n'}
[0.836225] (sdv_msgs) StdoutLine: {'line': b'-- Up-to-date: /home/fcanof/vanttec_sdv/install/sdv_msgs/include/sdv_msgs/sdv_msgs/msg/detail/system_dynamics__rosidl_typesupport_fastrtps_c.h\n'}
[0.836338] (sdv_msgs) StdoutLine: {'line': b'-- Up-to-date: /home/fcanof/vanttec_sdv/install/sdv_msgs/include/sdv_msgs/sdv_msgs/msg/detail/xbox_msg__rosidl_typesupport_fastrtps_c.h\n'}
[0.836454] (sdv_msgs) StdoutLine: {'line': b'-- Up-to-date: /home/fcanof/vanttec_sdv/install/sdv_msgs/include/sdv_msgs/sdv_msgs/msg/detail/vehicle_control__rosidl_typesupport_fastrtps_c.h\n'}
[0.836570] (sdv_msgs) StdoutLine: {'line': b'-- Up-to-date: /home/fcanof/vanttec_sdv/install/sdv_msgs/lib/libsdv_msgs__rosidl_typesupport_fastrtps_c.so\n'}
[0.836683] (sdv_msgs) StdoutLine: {'line': b'-- Up-to-date: /home/fcanof/vanttec_sdv/install/sdv_msgs/include/sdv_msgs/sdv_msgs\n'}
[0.836793] (sdv_msgs) StdoutLine: {'line': b'-- Up-to-date: /home/fcanof/vanttec_sdv/install/sdv_msgs/include/sdv_msgs/sdv_msgs/msg\n'}
[0.836907] (sdv_msgs) StdoutLine: {'line': b'-- Up-to-date: /home/fcanof/vanttec_sdv/install/sdv_msgs/include/sdv_msgs/sdv_msgs/msg/vehicle_info_wheel.hpp\n'}
[0.837018] (sdv_msgs) StdoutLine: {'line': b'-- Up-to-date: /home/fcanof/vanttec_sdv/install/sdv_msgs/include/sdv_msgs/sdv_msgs/msg/vehicle_info.hpp\n'}
[0.837128] (sdv_msgs) StdoutLine: {'line': b'-- Up-to-date: /home/fcanof/vanttec_sdv/install/sdv_msgs/include/sdv_msgs/sdv_msgs/msg/guidance_waypoints.hpp\n'}
[0.837239] (sdv_msgs) StdoutLine: {'line': b'-- Up-to-date: /home/fcanof/vanttec_sdv/install/sdv_msgs/include/sdv_msgs/sdv_msgs/msg/system_dynamics.hpp\n'}
[0.837353] (sdv_msgs) StdoutLine: {'line': b'-- Up-to-date: /home/fcanof/vanttec_sdv/install/sdv_msgs/include/sdv_msgs/sdv_msgs/msg/detail\n'}
[0.837467] (sdv_msgs) StdoutLine: {'line': b'-- Up-to-date: /home/fcanof/vanttec_sdv/install/sdv_msgs/include/sdv_msgs/sdv_msgs/msg/detail/vehicle_info__builder.hpp\n'}
[0.837580] (sdv_msgs) StdoutLine: {'line': b'-- Up-to-date: /home/fcanof/vanttec_sdv/install/sdv_msgs/include/sdv_msgs/sdv_msgs/msg/detail/xbox_msg__struct.hpp\n'}
[0.837695] (sdv_msgs) StdoutLine: {'line': b'-- Up-to-date: /home/fcanof/vanttec_sdv/install/sdv_msgs/include/sdv_msgs/sdv_msgs/msg/detail/collision_event__traits.hpp\n'}
[0.837803] (sdv_msgs) StdoutLine: {'line': b'-- Up-to-date: /home/fcanof/vanttec_sdv/install/sdv_msgs/include/sdv_msgs/sdv_msgs/msg/detail/encoder__traits.hpp\n'}
[0.837915] (sdv_msgs) StdoutLine: {'line': b'-- Up-to-date: /home/fcanof/vanttec_sdv/install/sdv_msgs/include/sdv_msgs/sdv_msgs/msg/detail/collision_event__struct.hpp\n'}
[0.838031] (sdv_msgs) StdoutLine: {'line': b'-- Up-to-date: /home/fcanof/vanttec_sdv/install/sdv_msgs/include/sdv_msgs/sdv_msgs/msg/detail/guidance_waypoints__traits.hpp\n'}
[0.838147] (sdv_msgs) StdoutLine: {'line': b'-- Up-to-date: /home/fcanof/vanttec_sdv/install/sdv_msgs/include/sdv_msgs/sdv_msgs/msg/detail/vehicle_control__struct.hpp\n'}
[0.838263] (sdv_msgs) StdoutLine: {'line': b'-- Up-to-date: /home/fcanof/vanttec_sdv/install/sdv_msgs/include/sdv_msgs/sdv_msgs/msg/detail/panel_msg__struct.hpp\n'}
[0.838372] (sdv_msgs) StdoutLine: {'line': b'-- Up-to-date: /home/fcanof/vanttec_sdv/install/sdv_msgs/include/sdv_msgs/sdv_msgs/msg/detail/status__builder.hpp\n'}
[0.838482] (sdv_msgs) StdoutLine: {'line': b'-- Up-to-date: /home/fcanof/vanttec_sdv/install/sdv_msgs/include/sdv_msgs/sdv_msgs/msg/detail/thrust_control__struct.hpp\n'}
[0.838590] (sdv_msgs) StdoutLine: {'line': b'-- Up-to-date: /home/fcanof/vanttec_sdv/install/sdv_msgs/include/sdv_msgs/sdv_msgs/msg/detail/vehicle_info__struct.hpp\n'}
[0.838696] (sdv_msgs) StdoutLine: {'line': b'-- Up-to-date: /home/fcanof/vanttec_sdv/install/sdv_msgs/include/sdv_msgs/sdv_msgs/msg/detail/vehicle_control__traits.hpp\n'}
[0.838801] (sdv_msgs) StdoutLine: {'line': b'-- Up-to-date: /home/fcanof/vanttec_sdv/install/sdv_msgs/include/sdv_msgs/sdv_msgs/msg/detail/system_dynamics__traits.hpp\n'}
[0.838914] (sdv_msgs) StdoutLine: {'line': b'-- Up-to-date: /home/fcanof/vanttec_sdv/install/sdv_msgs/include/sdv_msgs/sdv_msgs/msg/detail/panel_msg__builder.hpp\n'}
[0.839016] (sdv_msgs) StdoutLine: {'line': b'-- Up-to-date: /home/fcanof/vanttec_sdv/install/sdv_msgs/include/sdv_msgs/sdv_msgs/msg/detail/lane_invasion_event__builder.hpp\n'}
[0.839111] (sdv_msgs) StdoutLine: {'line': b'-- Up-to-date: /home/fcanof/vanttec_sdv/install/sdv_msgs/include/sdv_msgs/sdv_msgs/msg/detail/encoder__builder.hpp\n'}
[0.839214] (sdv_msgs) StdoutLine: {'line': b'-- Up-to-date: /home/fcanof/vanttec_sdv/install/sdv_msgs/include/sdv_msgs/sdv_msgs/msg/detail/encoder__struct.hpp\n'}
[0.839327] (sdv_msgs) StdoutLine: {'line': b'-- Up-to-date: /home/fcanof/vanttec_sdv/install/sdv_msgs/include/sdv_msgs/sdv_msgs/msg/detail/vehicle_status__traits.hpp\n'}
[0.839438] (sdv_msgs) StdoutLine: {'line': b'-- Up-to-date: /home/fcanof/vanttec_sdv/install/sdv_msgs/include/sdv_msgs/sdv_msgs/msg/detail/vehicle_status__struct.hpp\n'}
[0.839548] (sdv_msgs) StdoutLine: {'line': b'-- Up-to-date: /home/fcanof/vanttec_sdv/install/sdv_msgs/include/sdv_msgs/sdv_msgs/msg/detail/vehicle_info_wheel__traits.hpp\n'}
[0.839672] (sdv_msgs) StdoutLine: {'line': b'-- Up-to-date: /home/fcanof/vanttec_sdv/install/sdv_msgs/include/sdv_msgs/sdv_msgs/msg/detail/thrust_control__traits.hpp\n'}
[0.839781] (sdv_msgs) StdoutLine: {'line': b'-- Up-to-date: /home/fcanof/vanttec_sdv/install/sdv_msgs/include/sdv_msgs/sdv_msgs/msg/detail/lane_invasion_event__traits.hpp\n'}
[0.839887] (sdv_msgs) StdoutLine: {'line': b'-- Up-to-date: /home/fcanof/vanttec_sdv/install/sdv_msgs/include/sdv_msgs/sdv_msgs/msg/detail/vehicle_info_wheel__struct.hpp\n'}
[0.839993] (sdv_msgs) StdoutLine: {'line': b'-- Up-to-date: /home/fcanof/vanttec_sdv/install/sdv_msgs/include/sdv_msgs/sdv_msgs/msg/detail/guidance_waypoints__builder.hpp\n'}
[0.840104] (sdv_msgs) StdoutLine: {'line': b'-- Up-to-date: /home/fcanof/vanttec_sdv/install/sdv_msgs/include/sdv_msgs/sdv_msgs/msg/detail/vehicle_info__traits.hpp\n'}
[0.840217] (sdv_msgs) StdoutLine: {'line': b'-- Up-to-date: /home/fcanof/vanttec_sdv/install/sdv_msgs/include/sdv_msgs/sdv_msgs/msg/detail/status__struct.hpp\n'}
[0.840332] (sdv_msgs) StdoutLine: {'line': b'-- Up-to-date: /home/fcanof/vanttec_sdv/install/sdv_msgs/include/sdv_msgs/sdv_msgs/msg/detail/throttle_msg__traits.hpp\n'}
[0.840444] (sdv_msgs) StdoutLine: {'line': b'-- Up-to-date: /home/fcanof/vanttec_sdv/install/sdv_msgs/include/sdv_msgs/sdv_msgs/msg/detail/xbox_msg__traits.hpp\n'}
[0.840560] (sdv_msgs) StdoutLine: {'line': b'-- Up-to-date: /home/fcanof/vanttec_sdv/install/sdv_msgs/include/sdv_msgs/sdv_msgs/msg/detail/vehicle_control__builder.hpp\n'}
[0.840657] (sdv_msgs) StdoutLine: {'line': b'-- Up-to-date: /home/fcanof/vanttec_sdv/install/sdv_msgs/include/sdv_msgs/sdv_msgs/msg/detail/eta_pose__traits.hpp\n'}
[0.840758] (sdv_msgs) StdoutLine: {'line': b'-- Up-to-date: /home/fcanof/vanttec_sdv/install/sdv_msgs/include/sdv_msgs/sdv_msgs/msg/detail/eta_pose__builder.hpp\n'}
[0.840861] (sdv_msgs) StdoutLine: {'line': b'-- Up-to-date: /home/fcanof/vanttec_sdv/install/sdv_msgs/include/sdv_msgs/sdv_msgs/msg/detail/throttle_msg__struct.hpp\n'}
[0.840963] (sdv_msgs) StdoutLine: {'line': b'-- Up-to-date: /home/fcanof/vanttec_sdv/install/sdv_msgs/include/sdv_msgs/sdv_msgs/msg/detail/throttle_msg__builder.hpp\n'}
[0.841070] (sdv_msgs) StdoutLine: {'line': b'-- Up-to-date: /home/fcanof/vanttec_sdv/install/sdv_msgs/include/sdv_msgs/sdv_msgs/msg/detail/vehicle_info_wheel__builder.hpp\n'}
[0.841182] (sdv_msgs) StdoutLine: {'line': b'-- Up-to-date: /home/fcanof/vanttec_sdv/install/sdv_msgs/include/sdv_msgs/sdv_msgs/msg/detail/panel_msg__traits.hpp\n'}
[0.841294] (sdv_msgs) StdoutLine: {'line': b'-- Up-to-date: /home/fcanof/vanttec_sdv/install/sdv_msgs/include/sdv_msgs/sdv_msgs/msg/detail/thrust_control__builder.hpp\n'}
[0.841412] (sdv_msgs) StdoutLine: {'line': b'-- Up-to-date: /home/fcanof/vanttec_sdv/install/sdv_msgs/include/sdv_msgs/sdv_msgs/msg/detail/xbox_msg__builder.hpp\n'}
[0.841518] (sdv_msgs) StdoutLine: {'line': b'-- Up-to-date: /home/fcanof/vanttec_sdv/install/sdv_msgs/include/sdv_msgs/sdv_msgs/msg/detail/status__traits.hpp\n'}
[0.841637] (sdv_msgs) StdoutLine: {'line': b'-- Up-to-date: /home/fcanof/vanttec_sdv/install/sdv_msgs/include/sdv_msgs/sdv_msgs/msg/detail/system_dynamics__builder.hpp\n'}
[0.841750] (sdv_msgs) StdoutLine: {'line': b'-- Up-to-date: /home/fcanof/vanttec_sdv/install/sdv_msgs/include/sdv_msgs/sdv_msgs/msg/detail/collision_event__builder.hpp\n'}
[0.841864] (sdv_msgs) StdoutLine: {'line': b'-- Up-to-date: /home/fcanof/vanttec_sdv/install/sdv_msgs/include/sdv_msgs/sdv_msgs/msg/detail/guidance_waypoints__struct.hpp\n'}
[0.841979] (sdv_msgs) StdoutLine: {'line': b'-- Up-to-date: /home/fcanof/vanttec_sdv/install/sdv_msgs/include/sdv_msgs/sdv_msgs/msg/detail/system_dynamics__struct.hpp\n'}
[0.842101] (sdv_msgs) StdoutLine: {'line': b'-- Up-to-date: /home/fcanof/vanttec_sdv/install/sdv_msgs/include/sdv_msgs/sdv_msgs/msg/detail/vehicle_status__builder.hpp\n'}
[0.842213] (sdv_msgs) StdoutLine: {'line': b'-- Up-to-date: /home/fcanof/vanttec_sdv/install/sdv_msgs/include/sdv_msgs/sdv_msgs/msg/detail/lane_invasion_event__struct.hpp\n'}
[0.842321] (sdv_msgs) StdoutLine: {'line': b'-- Up-to-date: /home/fcanof/vanttec_sdv/install/sdv_msgs/include/sdv_msgs/sdv_msgs/msg/detail/eta_pose__struct.hpp\n'}
[0.842434] (sdv_msgs) StdoutLine: {'line': b'-- Up-to-date: /home/fcanof/vanttec_sdv/install/sdv_msgs/include/sdv_msgs/sdv_msgs/msg/throttle_msg.hpp\n'}
[0.842547] (sdv_msgs) StdoutLine: {'line': b'-- Up-to-date: /home/fcanof/vanttec_sdv/install/sdv_msgs/include/sdv_msgs/sdv_msgs/msg/vehicle_control.hpp\n'}
[0.842660] (sdv_msgs) StdoutLine: {'line': b'-- Up-to-date: /home/fcanof/vanttec_sdv/install/sdv_msgs/include/sdv_msgs/sdv_msgs/msg/lane_invasion_event.hpp\n'}
[0.842776] (sdv_msgs) StdoutLine: {'line': b'-- Up-to-date: /home/fcanof/vanttec_sdv/install/sdv_msgs/include/sdv_msgs/sdv_msgs/msg/collision_event.hpp\n'}
[0.842892] (sdv_msgs) StdoutLine: {'line': b'-- Up-to-date: /home/fcanof/vanttec_sdv/install/sdv_msgs/include/sdv_msgs/sdv_msgs/msg/vehicle_status.hpp\n'}
[0.843004] (sdv_msgs) StdoutLine: {'line': b'-- Up-to-date: /home/fcanof/vanttec_sdv/install/sdv_msgs/include/sdv_msgs/sdv_msgs/msg/status.hpp\n'}
[0.843118] (sdv_msgs) StdoutLine: {'line': b'-- Up-to-date: /home/fcanof/vanttec_sdv/install/sdv_msgs/include/sdv_msgs/sdv_msgs/msg/xbox_msg.hpp\n'}
[0.843229] (sdv_msgs) StdoutLine: {'line': b'-- Up-to-date: /home/fcanof/vanttec_sdv/install/sdv_msgs/include/sdv_msgs/sdv_msgs/msg/panel_msg.hpp\n'}
[0.843341] (sdv_msgs) StdoutLine: {'line': b'-- Up-to-date: /home/fcanof/vanttec_sdv/install/sdv_msgs/include/sdv_msgs/sdv_msgs/msg/encoder.hpp\n'}
[0.843453] (sdv_msgs) StdoutLine: {'line': b'-- Up-to-date: /home/fcanof/vanttec_sdv/install/sdv_msgs/include/sdv_msgs/sdv_msgs/msg/eta_pose.hpp\n'}
[0.843571] (sdv_msgs) StdoutLine: {'line': b'-- Up-to-date: /home/fcanof/vanttec_sdv/install/sdv_msgs/include/sdv_msgs/sdv_msgs/msg/thrust_control.hpp\n'}
[0.843683] (sdv_msgs) StdoutLine: {'line': b'-- Up-to-date: /home/fcanof/vanttec_sdv/install/sdv_msgs/include/sdv_msgs/sdv_msgs\n'}
[0.843795] (sdv_msgs) StdoutLine: {'line': b'-- Up-to-date: /home/fcanof/vanttec_sdv/install/sdv_msgs/include/sdv_msgs/sdv_msgs/msg\n'}
[0.843908] (sdv_msgs) StdoutLine: {'line': b'-- Up-to-date: /home/fcanof/vanttec_sdv/install/sdv_msgs/include/sdv_msgs/sdv_msgs/msg/rosidl_typesupport_fastrtps_cpp__visibility_control.h\n'}
[0.844021] (sdv_msgs) StdoutLine: {'line': b'-- Up-to-date: /home/fcanof/vanttec_sdv/install/sdv_msgs/include/sdv_msgs/sdv_msgs/msg/detail\n'}
[0.844133] (sdv_msgs) StdoutLine: {'line': b'-- Up-to-date: /home/fcanof/vanttec_sdv/install/sdv_msgs/include/sdv_msgs/sdv_msgs/msg/detail/system_dynamics__rosidl_typesupport_fastrtps_cpp.hpp\n'}
[0.844248] (sdv_msgs) StdoutLine: {'line': b'-- Up-to-date: /home/fcanof/vanttec_sdv/install/sdv_msgs/include/sdv_msgs/sdv_msgs/msg/detail/dds_fastrtps\n'}
[0.844355] (sdv_msgs) StdoutLine: {'line': b'-- Up-to-date: /home/fcanof/vanttec_sdv/install/sdv_msgs/include/sdv_msgs/sdv_msgs/msg/detail/vehicle_info__rosidl_typesupport_fastrtps_cpp.hpp\n'}
[0.844471] (sdv_msgs) StdoutLine: {'line': b'-- Up-to-date: /home/fcanof/vanttec_sdv/install/sdv_msgs/include/sdv_msgs/sdv_msgs/msg/detail/vehicle_status__rosidl_typesupport_fastrtps_cpp.hpp\n'}
[0.844584] (sdv_msgs) StdoutLine: {'line': b'-- Up-to-date: /home/fcanof/vanttec_sdv/install/sdv_msgs/include/sdv_msgs/sdv_msgs/msg/detail/vehicle_info_wheel__rosidl_typesupport_fastrtps_cpp.hpp\n'}
[0.844693] (sdv_msgs) StdoutLine: {'line': b'-- Up-to-date: /home/fcanof/vanttec_sdv/install/sdv_msgs/include/sdv_msgs/sdv_msgs/msg/detail/guidance_waypoints__rosidl_typesupport_fastrtps_cpp.hpp\n'}
[0.844808] (sdv_msgs) StdoutLine: {'line': b'-- Up-to-date: /home/fcanof/vanttec_sdv/install/sdv_msgs/include/sdv_msgs/sdv_msgs/msg/detail/status__rosidl_typesupport_fastrtps_cpp.hpp\n'}
[0.844922] (sdv_msgs) StdoutLine: {'line': b'-- Up-to-date: /home/fcanof/vanttec_sdv/install/sdv_msgs/include/sdv_msgs/sdv_msgs/msg/detail/encoder__rosidl_typesupport_fastrtps_cpp.hpp\n'}
[0.845036] (sdv_msgs) StdoutLine: {'line': b'-- Up-to-date: /home/fcanof/vanttec_sdv/install/sdv_msgs/include/sdv_msgs/sdv_msgs/msg/detail/thrust_control__rosidl_typesupport_fastrtps_cpp.hpp\n'}
[0.845159] (sdv_msgs) StdoutLine: {'line': b'-- Up-to-date: /home/fcanof/vanttec_sdv/install/sdv_msgs/include/sdv_msgs/sdv_msgs/msg/detail/panel_msg__rosidl_typesupport_fastrtps_cpp.hpp\n'}
[0.845274] (sdv_msgs) StdoutLine: {'line': b'-- Up-to-date: /home/fcanof/vanttec_sdv/install/sdv_msgs/include/sdv_msgs/sdv_msgs/msg/detail/xbox_msg__rosidl_typesupport_fastrtps_cpp.hpp\n'}
[0.845390] (sdv_msgs) StdoutLine: {'line': b'-- Up-to-date: /home/fcanof/vanttec_sdv/install/sdv_msgs/include/sdv_msgs/sdv_msgs/msg/detail/collision_event__rosidl_typesupport_fastrtps_cpp.hpp\n'}
[0.845504] (sdv_msgs) StdoutLine: {'line': b'-- Up-to-date: /home/fcanof/vanttec_sdv/install/sdv_msgs/include/sdv_msgs/sdv_msgs/msg/detail/vehicle_control__rosidl_typesupport_fastrtps_cpp.hpp\n'}
[0.845619] (sdv_msgs) StdoutLine: {'line': b'-- Up-to-date: /home/fcanof/vanttec_sdv/install/sdv_msgs/include/sdv_msgs/sdv_msgs/msg/detail/eta_pose__rosidl_typesupport_fastrtps_cpp.hpp\n'}
[0.845733] (sdv_msgs) StdoutLine: {'line': b'-- Up-to-date: /home/fcanof/vanttec_sdv/install/sdv_msgs/include/sdv_msgs/sdv_msgs/msg/detail/lane_invasion_event__rosidl_typesupport_fastrtps_cpp.hpp\n'}
[0.845847] (sdv_msgs) StdoutLine: {'line': b'-- Up-to-date: /home/fcanof/vanttec_sdv/install/sdv_msgs/include/sdv_msgs/sdv_msgs/msg/detail/throttle_msg__rosidl_typesupport_fastrtps_cpp.hpp\n'}
[0.845962] (sdv_msgs) StdoutLine: {'line': b'-- Up-to-date: /home/fcanof/vanttec_sdv/install/sdv_msgs/lib/libsdv_msgs__rosidl_typesupport_fastrtps_cpp.so\n'}
[0.846085] (sdv_msgs) StdoutLine: {'line': b'-- Up-to-date: /home/fcanof/vanttec_sdv/install/sdv_msgs/include/sdv_msgs/sdv_msgs\n'}
[0.846196] (sdv_msgs) StdoutLine: {'line': b'-- Up-to-date: /home/fcanof/vanttec_sdv/install/sdv_msgs/include/sdv_msgs/sdv_msgs/msg\n'}
[0.846310] (sdv_msgs) StdoutLine: {'line': b'-- Up-to-date: /home/fcanof/vanttec_sdv/install/sdv_msgs/include/sdv_msgs/sdv_msgs/msg/detail\n'}
[0.846420] (sdv_msgs) StdoutLine: {'line': b'-- Up-to-date: /home/fcanof/vanttec_sdv/install/sdv_msgs/include/sdv_msgs/sdv_msgs/msg/detail/vehicle_status__type_support.c\n'}
[0.846533] (sdv_msgs) StdoutLine: {'line': b'-- Up-to-date: /home/fcanof/vanttec_sdv/install/sdv_msgs/include/sdv_msgs/sdv_msgs/msg/detail/throttle_msg__type_support.c\n'}
[0.846645] (sdv_msgs) StdoutLine: {'line': b'-- Up-to-date: /home/fcanof/vanttec_sdv/install/sdv_msgs/include/sdv_msgs/sdv_msgs/msg/detail/vehicle_status__rosidl_typesupport_introspection_c.h\n'}
[0.846755] (sdv_msgs) StdoutLine: {'line': b'-- Up-to-date: /home/fcanof/vanttec_sdv/install/sdv_msgs/include/sdv_msgs/sdv_msgs/msg/detail/guidance_waypoints__rosidl_typesupport_introspection_c.h\n'}
[0.846866] (sdv_msgs) StdoutLine: {'line': b'-- Up-to-date: /home/fcanof/vanttec_sdv/install/sdv_msgs/include/sdv_msgs/sdv_msgs/msg/detail/guidance_waypoints__type_support.c\n'}
[0.846975] (sdv_msgs) StdoutLine: {'line': b'-- Up-to-date: /home/fcanof/vanttec_sdv/install/sdv_msgs/include/sdv_msgs/sdv_msgs/msg/detail/panel_msg__type_support.c\n'}
[0.847093] (sdv_msgs) StdoutLine: {'line': b'-- Up-to-date: /home/fcanof/vanttec_sdv/install/sdv_msgs/include/sdv_msgs/sdv_msgs/msg/detail/encoder__rosidl_typesupport_introspection_c.h\n'}
[0.847214] (sdv_msgs) StdoutLine: {'line': b'-- Up-to-date: /home/fcanof/vanttec_sdv/install/sdv_msgs/include/sdv_msgs/sdv_msgs/msg/detail/vehicle_info__type_support.c\n'}
[0.847325] (sdv_msgs) StdoutLine: {'line': b'-- Up-to-date: /home/fcanof/vanttec_sdv/install/sdv_msgs/include/sdv_msgs/sdv_msgs/msg/detail/vehicle_info_wheel__rosidl_typesupport_introspection_c.h\n'}
[0.847434] (sdv_msgs) StdoutLine: {'line': b'-- Up-to-date: /home/fcanof/vanttec_sdv/install/sdv_msgs/include/sdv_msgs/sdv_msgs/msg/detail/panel_msg__rosidl_typesupport_introspection_c.h\n'}
[0.847545] (sdv_msgs) StdoutLine: {'line': b'-- Up-to-date: /home/fcanof/vanttec_sdv/install/sdv_msgs/include/sdv_msgs/sdv_msgs/msg/detail/vehicle_info_wheel__type_support.c\n'}
[0.847700] (sdv_msgs) StdoutLine: {'line': b'-- Up-to-date: /home/fcanof/vanttec_sdv/install/sdv_msgs/include/sdv_msgs/sdv_msgs/msg/detail/collision_event__type_support.c\n'}
[0.847804] (sdv_msgs) StdoutLine: {'line': b'-- Up-to-date: /home/fcanof/vanttec_sdv/install/sdv_msgs/include/sdv_msgs/sdv_msgs/msg/detail/collision_event__rosidl_typesupport_introspection_c.h\n'}
[0.847906] (sdv_msgs) StdoutLine: {'line': b'-- Up-to-date: /home/fcanof/vanttec_sdv/install/sdv_msgs/include/sdv_msgs/sdv_msgs/msg/detail/eta_pose__rosidl_typesupport_introspection_c.h\n'}
[0.848008] (sdv_msgs) StdoutLine: {'line': b'-- Up-to-date: /home/fcanof/vanttec_sdv/install/sdv_msgs/include/sdv_msgs/sdv_msgs/msg/detail/xbox_msg__rosidl_typesupport_introspection_c.h\n'}
[0.848111] (sdv_msgs) StdoutLine: {'line': b'-- Up-to-date: /home/fcanof/vanttec_sdv/install/sdv_msgs/include/sdv_msgs/sdv_msgs/msg/detail/xbox_msg__type_support.c\n'}
[0.848219] (sdv_msgs) StdoutLine: {'line': b'-- Up-to-date: /home/fcanof/vanttec_sdv/install/sdv_msgs/include/sdv_msgs/sdv_msgs/msg/detail/thrust_control__rosidl_typesupport_introspection_c.h\n'}
[0.848325] (sdv_msgs) StdoutLine: {'line': b'-- Up-to-date: /home/fcanof/vanttec_sdv/install/sdv_msgs/include/sdv_msgs/sdv_msgs/msg/detail/throttle_msg__rosidl_typesupport_introspection_c.h\n'}
[0.848437] (sdv_msgs) StdoutLine: {'line': b'-- Up-to-date: /home/fcanof/vanttec_sdv/install/sdv_msgs/include/sdv_msgs/sdv_msgs/msg/detail/vehicle_control__type_support.c\n'}
[0.848544] (sdv_msgs) StdoutLine: {'line': b'-- Up-to-date: /home/fcanof/vanttec_sdv/install/sdv_msgs/include/sdv_msgs/sdv_msgs/msg/detail/lane_invasion_event__rosidl_typesupport_introspection_c.h\n'}
[0.848659] (sdv_msgs) StdoutLine: {'line': b'-- Up-to-date: /home/fcanof/vanttec_sdv/install/sdv_msgs/include/sdv_msgs/sdv_msgs/msg/detail/system_dynamics__type_support.c\n'}
[0.848770] (sdv_msgs) StdoutLine: {'line': b'-- Up-to-date: /home/fcanof/vanttec_sdv/install/sdv_msgs/include/sdv_msgs/sdv_msgs/msg/detail/vehicle_control__rosidl_typesupport_introspection_c.h\n'}
[0.848876] (sdv_msgs) StdoutLine: {'line': b'-- Up-to-date: /home/fcanof/vanttec_sdv/install/sdv_msgs/include/sdv_msgs/sdv_msgs/msg/detail/encoder__type_support.c\n'}
[0.848990] (sdv_msgs) StdoutLine: {'line': b'-- Up-to-date: /home/fcanof/vanttec_sdv/install/sdv_msgs/include/sdv_msgs/sdv_msgs/msg/detail/thrust_control__type_support.c\n'}
[0.849105] (sdv_msgs) StdoutLine: {'line': b'-- Up-to-date: /home/fcanof/vanttec_sdv/install/sdv_msgs/include/sdv_msgs/sdv_msgs/msg/detail/eta_pose__type_support.c\n'}
[0.849220] (sdv_msgs) StdoutLine: {'line': b'-- Up-to-date: /home/fcanof/vanttec_sdv/install/sdv_msgs/include/sdv_msgs/sdv_msgs/msg/detail/status__rosidl_typesupport_introspection_c.h\n'}
[0.849335] (sdv_msgs) StdoutLine: {'line': b'-- Up-to-date: /home/fcanof/vanttec_sdv/install/sdv_msgs/include/sdv_msgs/sdv_msgs/msg/detail/vehicle_info__rosidl_typesupport_introspection_c.h\n'}
[0.849445] (sdv_msgs) StdoutLine: {'line': b'-- Up-to-date: /home/fcanof/vanttec_sdv/install/sdv_msgs/include/sdv_msgs/sdv_msgs/msg/detail/status__type_support.c\n'}
[0.849568] (sdv_msgs) StdoutLine: {'line': b'-- Up-to-date: /home/fcanof/vanttec_sdv/install/sdv_msgs/include/sdv_msgs/sdv_msgs/msg/detail/lane_invasion_event__type_support.c\n'}
[0.849672] (sdv_msgs) StdoutLine: {'line': b'-- Up-to-date: /home/fcanof/vanttec_sdv/install/sdv_msgs/include/sdv_msgs/sdv_msgs/msg/detail/system_dynamics__rosidl_typesupport_introspection_c.h\n'}
[0.849782] (sdv_msgs) StdoutLine: {'line': b'-- Up-to-date: /home/fcanof/vanttec_sdv/install/sdv_msgs/include/sdv_msgs/sdv_msgs/msg/rosidl_typesupport_introspection_c__visibility_control.h\n'}
[0.849892] (sdv_msgs) StdoutLine: {'line': b'-- Up-to-date: /home/fcanof/vanttec_sdv/install/sdv_msgs/lib/libsdv_msgs__rosidl_typesupport_introspection_c.so\n'}
[0.850006] (sdv_msgs) StdoutLine: {'line': b'-- Up-to-date: /home/fcanof/vanttec_sdv/install/sdv_msgs/lib/libsdv_msgs__rosidl_typesupport_c.so\n'}
[0.850094] (sdv_msgs) StdoutLine: {'line': b'-- Up-to-date: /home/fcanof/vanttec_sdv/install/sdv_msgs/include/sdv_msgs/sdv_msgs\n'}
[0.850157] (sdv_msgs) StdoutLine: {'line': b'-- Up-to-date: /home/fcanof/vanttec_sdv/install/sdv_msgs/include/sdv_msgs/sdv_msgs/msg\n'}
[0.850217] (sdv_msgs) StdoutLine: {'line': b'-- Up-to-date: /home/fcanof/vanttec_sdv/install/sdv_msgs/include/sdv_msgs/sdv_msgs/msg/detail\n'}
[0.850275] (sdv_msgs) StdoutLine: {'line': b'-- Up-to-date: /home/fcanof/vanttec_sdv/install/sdv_msgs/include/sdv_msgs/sdv_msgs/msg/detail/panel_msg__rosidl_typesupport_introspection_cpp.hpp\n'}
[0.850334] (sdv_msgs) StdoutLine: {'line': b'-- Up-to-date: /home/fcanof/vanttec_sdv/install/sdv_msgs/include/sdv_msgs/sdv_msgs/msg/detail/collision_event__rosidl_typesupport_introspection_cpp.hpp\n'}
[0.850392] (sdv_msgs) StdoutLine: {'line': b'-- Up-to-date: /home/fcanof/vanttec_sdv/install/sdv_msgs/include/sdv_msgs/sdv_msgs/msg/detail/status__rosidl_typesupport_introspection_cpp.hpp\n'}
[0.850459] (sdv_msgs) StdoutLine: {'line': b'-- Up-to-date: /home/fcanof/vanttec_sdv/install/sdv_msgs/include/sdv_msgs/sdv_msgs/msg/detail/guidance_waypoints__type_support.cpp\n'}
[0.850518] (sdv_msgs) StdoutLine: {'line': b'-- Up-to-date: /home/fcanof/vanttec_sdv/install/sdv_msgs/include/sdv_msgs/sdv_msgs/msg/detail/xbox_msg__type_support.cpp\n'}
[0.850577] (sdv_msgs) StdoutLine: {'line': b'-- Up-to-date: /home/fcanof/vanttec_sdv/install/sdv_msgs/include/sdv_msgs/sdv_msgs/msg/detail/vehicle_control__rosidl_typesupport_introspection_cpp.hpp\n'}
[0.850635] (sdv_msgs) StdoutLine: {'line': b'-- Up-to-date: /home/fcanof/vanttec_sdv/install/sdv_msgs/include/sdv_msgs/sdv_msgs/msg/detail/throttle_msg__rosidl_typesupport_introspection_cpp.hpp\n'}
[0.850697] (sdv_msgs) StdoutLine: {'line': b'-- Up-to-date: /home/fcanof/vanttec_sdv/install/sdv_msgs/include/sdv_msgs/sdv_msgs/msg/detail/vehicle_control__type_support.cpp\n'}
[0.850755] (sdv_msgs) StdoutLine: {'line': b'-- Up-to-date: /home/fcanof/vanttec_sdv/install/sdv_msgs/include/sdv_msgs/sdv_msgs/msg/detail/eta_pose__rosidl_typesupport_introspection_cpp.hpp\n'}
[0.850815] (sdv_msgs) StdoutLine: {'line': b'-- Up-to-date: /home/fcanof/vanttec_sdv/install/sdv_msgs/include/sdv_msgs/sdv_msgs/msg/detail/vehicle_info_wheel__type_support.cpp\n'}
[0.850873] (sdv_msgs) StdoutLine: {'line': b'-- Up-to-date: /home/fcanof/vanttec_sdv/install/sdv_msgs/include/sdv_msgs/sdv_msgs/msg/detail/vehicle_status__rosidl_typesupport_introspection_cpp.hpp\n'}
[0.850935] (sdv_msgs) StdoutLine: {'line': b'-- Up-to-date: /home/fcanof/vanttec_sdv/install/sdv_msgs/include/sdv_msgs/sdv_msgs/msg/detail/vehicle_status__type_support.cpp\n'}
[0.850994] (sdv_msgs) StdoutLine: {'line': b'-- Up-to-date: /home/fcanof/vanttec_sdv/install/sdv_msgs/include/sdv_msgs/sdv_msgs/msg/detail/vehicle_info_wheel__rosidl_typesupport_introspection_cpp.hpp\n'}
[0.851053] (sdv_msgs) StdoutLine: {'line': b'-- Up-to-date: /home/fcanof/vanttec_sdv/install/sdv_msgs/include/sdv_msgs/sdv_msgs/msg/detail/lane_invasion_event__rosidl_typesupport_introspection_cpp.hpp\n'}
[0.851110] (sdv_msgs) StdoutLine: {'line': b'-- Up-to-date: /home/fcanof/vanttec_sdv/install/sdv_msgs/include/sdv_msgs/sdv_msgs/msg/detail/eta_pose__type_support.cpp\n'}
[0.851172] (sdv_msgs) StdoutLine: {'line': b'-- Up-to-date: /home/fcanof/vanttec_sdv/install/sdv_msgs/include/sdv_msgs/sdv_msgs/msg/detail/encoder__type_support.cpp\n'}
[0.851230] (sdv_msgs) StdoutLine: {'line': b'-- Up-to-date: /home/fcanof/vanttec_sdv/install/sdv_msgs/include/sdv_msgs/sdv_msgs/msg/detail/thrust_control__type_support.cpp\n'}
[0.851288] (sdv_msgs) StdoutLine: {'line': b'-- Up-to-date: /home/fcanof/vanttec_sdv/install/sdv_msgs/include/sdv_msgs/sdv_msgs/msg/detail/system_dynamics__rosidl_typesupport_introspection_cpp.hpp\n'}
[0.851346] (sdv_msgs) StdoutLine: {'line': b'-- Up-to-date: /home/fcanof/vanttec_sdv/install/sdv_msgs/include/sdv_msgs/sdv_msgs/msg/detail/collision_event__type_support.cpp\n'}
[0.851404] (sdv_msgs) StdoutLine: {'line': b'-- Up-to-date: /home/fcanof/vanttec_sdv/install/sdv_msgs/include/sdv_msgs/sdv_msgs/msg/detail/thrust_control__rosidl_typesupport_introspection_cpp.hpp\n'}
[0.851462] (sdv_msgs) StdoutLine: {'line': b'-- Up-to-date: /home/fcanof/vanttec_sdv/install/sdv_msgs/include/sdv_msgs/sdv_msgs/msg/detail/lane_invasion_event__type_support.cpp\n'}
[0.851519] (sdv_msgs) StdoutLine: {'line': b'-- Up-to-date: /home/fcanof/vanttec_sdv/install/sdv_msgs/include/sdv_msgs/sdv_msgs/msg/detail/guidance_waypoints__rosidl_typesupport_introspection_cpp.hpp\n'}
[0.851578] (sdv_msgs) StdoutLine: {'line': b'-- Up-to-date: /home/fcanof/vanttec_sdv/install/sdv_msgs/include/sdv_msgs/sdv_msgs/msg/detail/status__type_support.cpp\n'}
[0.851639] (sdv_msgs) StdoutLine: {'line': b'-- Up-to-date: /home/fcanof/vanttec_sdv/install/sdv_msgs/include/sdv_msgs/sdv_msgs/msg/detail/vehicle_info__type_support.cpp\n'}
[0.851698] (sdv_msgs) StdoutLine: {'line': b'-- Up-to-date: /home/fcanof/vanttec_sdv/install/sdv_msgs/include/sdv_msgs/sdv_msgs/msg/detail/xbox_msg__rosidl_typesupport_introspection_cpp.hpp\n'}
[0.851759] (sdv_msgs) StdoutLine: {'line': b'-- Up-to-date: /home/fcanof/vanttec_sdv/install/sdv_msgs/include/sdv_msgs/sdv_msgs/msg/detail/panel_msg__type_support.cpp\n'}
[0.851817] (sdv_msgs) StdoutLine: {'line': b'-- Up-to-date: /home/fcanof/vanttec_sdv/install/sdv_msgs/include/sdv_msgs/sdv_msgs/msg/detail/vehicle_info__rosidl_typesupport_introspection_cpp.hpp\n'}
[0.851874] (sdv_msgs) StdoutLine: {'line': b'-- Up-to-date: /home/fcanof/vanttec_sdv/install/sdv_msgs/include/sdv_msgs/sdv_msgs/msg/detail/system_dynamics__type_support.cpp\n'}
[0.851932] (sdv_msgs) StdoutLine: {'line': b'-- Up-to-date: /home/fcanof/vanttec_sdv/install/sdv_msgs/include/sdv_msgs/sdv_msgs/msg/detail/encoder__rosidl_typesupport_introspection_cpp.hpp\n'}
[0.851990] (sdv_msgs) StdoutLine: {'line': b'-- Up-to-date: /home/fcanof/vanttec_sdv/install/sdv_msgs/include/sdv_msgs/sdv_msgs/msg/detail/throttle_msg__type_support.cpp\n'}
[0.852049] (sdv_msgs) StdoutLine: {'line': b'-- Up-to-date: /home/fcanof/vanttec_sdv/install/sdv_msgs/lib/libsdv_msgs__rosidl_typesupport_introspection_cpp.so\n'}
[0.852107] (sdv_msgs) StdoutLine: {'line': b'-- Up-to-date: /home/fcanof/vanttec_sdv/install/sdv_msgs/lib/libsdv_msgs__rosidl_typesupport_cpp.so\n'}
[0.852166] (sdv_msgs) StdoutLine: {'line': b'-- Up-to-date: /home/fcanof/vanttec_sdv/install/sdv_msgs/share/sdv_msgs/environment/pythonpath.sh\n'}
[0.852232] (sdv_msgs) StdoutLine: {'line': b'-- Up-to-date: /home/fcanof/vanttec_sdv/install/sdv_msgs/share/sdv_msgs/environment/pythonpath.dsv\n'}
[0.852291] (sdv_msgs) StdoutLine: {'line': b'-- Up-to-date: /home/fcanof/vanttec_sdv/install/sdv_msgs/local/lib/python3.10/dist-packages/sdv_msgs-0.0.0-py3.10.egg-info\n'}
[0.852351] (sdv_msgs) StdoutLine: {'line': b'-- Installing: /home/fcanof/vanttec_sdv/install/sdv_msgs/local/lib/python3.10/dist-packages/sdv_msgs-0.0.0-py3.10.egg-info/PKG-INFO\n'}
[0.852410] (sdv_msgs) StdoutLine: {'line': b'-- Installing: /home/fcanof/vanttec_sdv/install/sdv_msgs/local/lib/python3.10/dist-packages/sdv_msgs-0.0.0-py3.10.egg-info/top_level.txt\n'}
[0.852470] (sdv_msgs) StdoutLine: {'line': b'-- Installing: /home/fcanof/vanttec_sdv/install/sdv_msgs/local/lib/python3.10/dist-packages/sdv_msgs-0.0.0-py3.10.egg-info/SOURCES.txt\n'}
[0.852533] (sdv_msgs) StdoutLine: {'line': b'-- Installing: /home/fcanof/vanttec_sdv/install/sdv_msgs/local/lib/python3.10/dist-packages/sdv_msgs-0.0.0-py3.10.egg-info/dependency_links.txt\n'}
[0.852633] (sdv_msgs) StdoutLine: {'line': b'-- Up-to-date: /home/fcanof/vanttec_sdv/install/sdv_msgs/local/lib/python3.10/dist-packages/sdv_msgs\n'}
[0.852693] (sdv_msgs) StdoutLine: {'line': b'-- Up-to-date: /home/fcanof/vanttec_sdv/install/sdv_msgs/local/lib/python3.10/dist-packages/sdv_msgs/sdv_msgs_s__rosidl_typesupport_c.cpython-310-x86_64-linux-gnu.so\n'}
[0.852756] (sdv_msgs) StdoutLine: {'line': b'-- Up-to-date: /home/fcanof/vanttec_sdv/install/sdv_msgs/local/lib/python3.10/dist-packages/sdv_msgs/_sdv_msgs_s.ep.rosidl_typesupport_c.c\n'}
[0.852833] (sdv_msgs) StdoutLine: {'line': b'-- Up-to-date: /home/fcanof/vanttec_sdv/install/sdv_msgs/local/lib/python3.10/dist-packages/sdv_msgs/_sdv_msgs_s.ep.rosidl_typesupport_introspection_c.c\n'}
[0.852892] (sdv_msgs) StdoutLine: {'line': b'-- Up-to-date: /home/fcanof/vanttec_sdv/install/sdv_msgs/local/lib/python3.10/dist-packages/sdv_msgs/sdv_msgs_s__rosidl_typesupport_fastrtps_c.cpython-310-x86_64-linux-gnu.so\n'}
[0.852950] (sdv_msgs) StdoutLine: {'line': b'-- Up-to-date: /home/fcanof/vanttec_sdv/install/sdv_msgs/local/lib/python3.10/dist-packages/sdv_msgs/libsdv_msgs__rosidl_generator_py.so\n'}
[0.853024] (sdv_msgs) StdoutLine: {'line': b'-- Up-to-date: /home/fcanof/vanttec_sdv/install/sdv_msgs/local/lib/python3.10/dist-packages/sdv_msgs/msg\n'}
[0.853082] (sdv_msgs) StdoutLine: {'line': b'-- Up-to-date: /home/fcanof/vanttec_sdv/install/sdv_msgs/local/lib/python3.10/dist-packages/sdv_msgs/msg/_throttle_msg_s.c\n'}
[0.853157] (sdv_msgs) StdoutLine: {'line': b'-- Up-to-date: /home/fcanof/vanttec_sdv/install/sdv_msgs/local/lib/python3.10/dist-packages/sdv_msgs/msg/_system_dynamics_s.c\n'}
[0.853241] (sdv_msgs) StdoutLine: {'line': b'-- Up-to-date: /home/fcanof/vanttec_sdv/install/sdv_msgs/local/lib/python3.10/dist-packages/sdv_msgs/msg/_vehicle_info_wheel.py\n'}
[0.853316] (sdv_msgs) StdoutLine: {'line': b'-- Up-to-date: /home/fcanof/vanttec_sdv/install/sdv_msgs/local/lib/python3.10/dist-packages/sdv_msgs/msg/_guidance_waypoints.py\n'}
[0.853386] (sdv_msgs) StdoutLine: {'line': b'-- Up-to-date: /home/fcanof/vanttec_sdv/install/sdv_msgs/local/lib/python3.10/dist-packages/sdv_msgs/msg/_vehicle_status_s.c\n'}
[0.853471] (sdv_msgs) StdoutLine: {'line': b'-- Up-to-date: /home/fcanof/vanttec_sdv/install/sdv_msgs/local/lib/python3.10/dist-packages/sdv_msgs/msg/_collision_event_s.c\n'}
[0.853552] (sdv_msgs) StdoutLine: {'line': b'-- Up-to-date: /home/fcanof/vanttec_sdv/install/sdv_msgs/local/lib/python3.10/dist-packages/sdv_msgs/msg/_vehicle_control.py\n'}
[0.853639] (sdv_msgs) StdoutLine: {'line': b'-- Up-to-date: /home/fcanof/vanttec_sdv/install/sdv_msgs/local/lib/python3.10/dist-packages/sdv_msgs/msg/_vehicle_control_s.c\n'}
[0.853714] (sdv_msgs) StdoutLine: {'line': b'-- Up-to-date: /home/fcanof/vanttec_sdv/install/sdv_msgs/local/lib/python3.10/dist-packages/sdv_msgs/msg/_lane_invasion_event.py\n'}
[0.853785] (sdv_msgs) StdoutLine: {'line': b'-- Up-to-date: /home/fcanof/vanttec_sdv/install/sdv_msgs/local/lib/python3.10/dist-packages/sdv_msgs/msg/_collision_event.py\n'}
[0.853869] (sdv_msgs) StdoutLine: {'line': b'-- Up-to-date: /home/fcanof/vanttec_sdv/install/sdv_msgs/local/lib/python3.10/dist-packages/sdv_msgs/msg/_eta_pose_s.c\n'}
[0.853952] (sdv_msgs) StdoutLine: {'line': b'-- Up-to-date: /home/fcanof/vanttec_sdv/install/sdv_msgs/local/lib/python3.10/dist-packages/sdv_msgs/msg/_system_dynamics.py\n'}
[0.854105] (sdv_msgs) StdoutLine: {'line': b'-- Up-to-date: /home/fcanof/vanttec_sdv/install/sdv_msgs/local/lib/python3.10/dist-packages/sdv_msgs/msg/_panel_msg_s.c\n'}
[0.854226] (sdv_msgs) StdoutLine: {'line': b'-- Up-to-date: /home/fcanof/vanttec_sdv/install/sdv_msgs/local/lib/python3.10/dist-packages/sdv_msgs/msg/_eta_pose.py\n'}
[0.854317] (sdv_msgs) StdoutLine: {'line': b'-- Up-to-date: /home/fcanof/vanttec_sdv/install/sdv_msgs/local/lib/python3.10/dist-packages/sdv_msgs/msg/_encoder.py\n'}
[0.854404] (sdv_msgs) StdoutLine: {'line': b'-- Up-to-date: /home/fcanof/vanttec_sdv/install/sdv_msgs/local/lib/python3.10/dist-packages/sdv_msgs/msg/_thrust_control.py\n'}
[0.854489] (sdv_msgs) StdoutLine: {'line': b'-- Up-to-date: /home/fcanof/vanttec_sdv/install/sdv_msgs/local/lib/python3.10/dist-packages/sdv_msgs/msg/_vehicle_status.py\n'}
[0.854562] (sdv_msgs) StdoutLine: {'line': b'-- Up-to-date: /home/fcanof/vanttec_sdv/install/sdv_msgs/local/lib/python3.10/dist-packages/sdv_msgs/msg/_vehicle_info.py\n'}
[0.854646] (sdv_msgs) StdoutLine: {'line': b'-- Up-to-date: /home/fcanof/vanttec_sdv/install/sdv_msgs/local/lib/python3.10/dist-packages/sdv_msgs/msg/_guidance_waypoints_s.c\n'}
[0.854737] (sdv_msgs) StdoutLine: {'line': b'-- Up-to-date: /home/fcanof/vanttec_sdv/install/sdv_msgs/local/lib/python3.10/dist-packages/sdv_msgs/msg/_status_s.c\n'}
[0.854812] (sdv_msgs) StdoutLine: {'line': b'-- Up-to-date: /home/fcanof/vanttec_sdv/install/sdv_msgs/local/lib/python3.10/dist-packages/sdv_msgs/msg/_status.py\n'}
[0.854894] (sdv_msgs) StdoutLine: {'line': b'-- Up-to-date: /home/fcanof/vanttec_sdv/install/sdv_msgs/local/lib/python3.10/dist-packages/sdv_msgs/msg/_thrust_control_s.c\n'}
[0.854954] (sdv_msgs) StdoutLine: {'line': b'-- Up-to-date: /home/fcanof/vanttec_sdv/install/sdv_msgs/local/lib/python3.10/dist-packages/sdv_msgs/msg/_vehicle_info_s.c\n'}
[0.855013] (sdv_msgs) StdoutLine: {'line': b'-- Up-to-date: /home/fcanof/vanttec_sdv/install/sdv_msgs/local/lib/python3.10/dist-packages/sdv_msgs/msg/_xbox_msg.py\n'}
[0.855087] (sdv_msgs) StdoutLine: {'line': b'-- Up-to-date: /home/fcanof/vanttec_sdv/install/sdv_msgs/local/lib/python3.10/dist-packages/sdv_msgs/msg/_throttle_msg.py\n'}
[0.855165] (sdv_msgs) StdoutLine: {'line': b'-- Up-to-date: /home/fcanof/vanttec_sdv/install/sdv_msgs/local/lib/python3.10/dist-packages/sdv_msgs/msg/_vehicle_info_wheel_s.c\n'}
[0.855241] (sdv_msgs) StdoutLine: {'line': b'-- Up-to-date: /home/fcanof/vanttec_sdv/install/sdv_msgs/local/lib/python3.10/dist-packages/sdv_msgs/msg/__init__.py\n'}
[0.855301] (sdv_msgs) StdoutLine: {'line': b'-- Up-to-date: /home/fcanof/vanttec_sdv/install/sdv_msgs/local/lib/python3.10/dist-packages/sdv_msgs/msg/_lane_invasion_event_s.c\n'}
[0.855383] (sdv_msgs) StdoutLine: {'line': b'-- Up-to-date: /home/fcanof/vanttec_sdv/install/sdv_msgs/local/lib/python3.10/dist-packages/sdv_msgs/msg/_panel_msg.py\n'}
[0.855444] (sdv_msgs) StdoutLine: {'line': b'-- Up-to-date: /home/fcanof/vanttec_sdv/install/sdv_msgs/local/lib/python3.10/dist-packages/sdv_msgs/msg/_encoder_s.c\n'}
[0.855515] (sdv_msgs) StdoutLine: {'line': b'-- Up-to-date: /home/fcanof/vanttec_sdv/install/sdv_msgs/local/lib/python3.10/dist-packages/sdv_msgs/msg/_xbox_msg_s.c\n'}
[0.855590] (sdv_msgs) StdoutLine: {'line': b'-- Up-to-date: /home/fcanof/vanttec_sdv/install/sdv_msgs/local/lib/python3.10/dist-packages/sdv_msgs/sdv_msgs_s__rosidl_typesupport_introspection_c.cpython-310-x86_64-linux-gnu.so\n'}
[0.855667] (sdv_msgs) StdoutLine: {'line': b'-- Up-to-date: /home/fcanof/vanttec_sdv/install/sdv_msgs/local/lib/python3.10/dist-packages/sdv_msgs/_sdv_msgs_s.ep.rosidl_typesupport_fastrtps_c.c\n'}
[0.855741] (sdv_msgs) StdoutLine: {'line': b'-- Up-to-date: /home/fcanof/vanttec_sdv/install/sdv_msgs/local/lib/python3.10/dist-packages/sdv_msgs/__init__.py\n'}
[0.855818] (vectornav_msgs) StdoutLine: {'line': b"Listing '/home/fcanof/vanttec_sdv/install/vectornav_msgs/local/lib/python3.10/dist-packages/vectornav_msgs'...\n"}
[0.855897] (vectornav_msgs) StdoutLine: {'line': b"Listing '/home/fcanof/vanttec_sdv/install/vectornav_msgs/local/lib/python3.10/dist-packages/vectornav_msgs/action'...\n"}
[0.855973] (vectornav_msgs) StdoutLine: {'line': b"Listing '/home/fcanof/vanttec_sdv/install/vectornav_msgs/local/lib/python3.10/dist-packages/vectornav_msgs/msg'...\n"}
[0.856049] (vectornav_msgs) StdoutLine: {'line': b'-- Up-to-date: /home/fcanof/vanttec_sdv/install/vectornav_msgs/local/lib/python3.10/dist-packages/vectornav_msgs/vectornav_msgs_s__rosidl_typesupport_fastrtps_c.cpython-310-x86_64-linux-gnu.so\n'}
[0.856130] (vectornav_msgs) StdoutLine: {'line': b'-- Up-to-date: /home/fcanof/vanttec_sdv/install/vectornav_msgs/local/lib/python3.10/dist-packages/vectornav_msgs/vectornav_msgs_s__rosidl_typesupport_introspection_c.cpython-310-x86_64-linux-gnu.so\n'}
[0.856205] (vectornav_msgs) StdoutLine: {'line': b'-- Up-to-date: /home/fcanof/vanttec_sdv/install/vectornav_msgs/local/lib/python3.10/dist-packages/vectornav_msgs/vectornav_msgs_s__rosidl_typesupport_c.cpython-310-x86_64-linux-gnu.so\n'}
[0.856277] (vectornav_msgs) StdoutLine: {'line': b'-- Up-to-date: /home/fcanof/vanttec_sdv/install/vectornav_msgs/lib/libvectornav_msgs__rosidl_generator_py.so\n'}
[0.856353] (vectornav_msgs) StdoutLine: {'line': b'-- Up-to-date: /home/fcanof/vanttec_sdv/install/vectornav_msgs/share/vectornav_msgs/msg/AttitudeGroup.idl\n'}
[0.856427] (vectornav_msgs) StdoutLine: {'line': b'-- Up-to-date: /home/fcanof/vanttec_sdv/install/vectornav_msgs/share/vectornav_msgs/msg/CommonGroup.idl\n'}
[0.856510] (vectornav_msgs) StdoutLine: {'line': b'-- Up-to-date: /home/fcanof/vanttec_sdv/install/vectornav_msgs/share/vectornav_msgs/msg/DOP.idl\n'}
[0.856585] (vectornav_msgs) StdoutLine: {'line': b'-- Up-to-date: /home/fcanof/vanttec_sdv/install/vectornav_msgs/share/vectornav_msgs/msg/GpsGroup.idl\n'}
[0.856666] (vectornav_msgs) StdoutLine: {'line': b'-- Up-to-date: /home/fcanof/vanttec_sdv/install/vectornav_msgs/share/vectornav_msgs/msg/ImuGroup.idl\n'}
[0.856740] (vectornav_msgs) StdoutLine: {'line': b'-- Up-to-date: /home/fcanof/vanttec_sdv/install/vectornav_msgs/share/vectornav_msgs/msg/InsGroup.idl\n'}
[0.856812] (vectornav_msgs) StdoutLine: {'line': b'-- Up-to-date: /home/fcanof/vanttec_sdv/install/vectornav_msgs/share/vectornav_msgs/msg/InsStatus.idl\n'}
[0.856889] (vectornav_msgs) StdoutLine: {'line': b'-- Up-to-date: /home/fcanof/vanttec_sdv/install/vectornav_msgs/share/vectornav_msgs/msg/TimeGroup.idl\n'}
[0.856963] (vectornav_msgs) StdoutLine: {'line': b'-- Up-to-date: /home/fcanof/vanttec_sdv/install/vectornav_msgs/share/vectornav_msgs/msg/TimeStatus.idl\n'}
[0.857021] (vectornav_msgs) StdoutLine: {'line': b'-- Up-to-date: /home/fcanof/vanttec_sdv/install/vectornav_msgs/share/vectornav_msgs/msg/TimeUTC.idl\n'}
[0.857079] (vectornav_msgs) StdoutLine: {'line': b'-- Up-to-date: /home/fcanof/vanttec_sdv/install/vectornav_msgs/share/vectornav_msgs/msg/VpeStatus.idl\n'}
[0.857136] (vectornav_msgs) StdoutLine: {'line': b'-- Up-to-date: /home/fcanof/vanttec_sdv/install/vectornav_msgs/share/vectornav_msgs/action/MagCal.idl\n'}
[0.857194] (vectornav_msgs) StdoutLine: {'line': b'-- Up-to-date: /home/fcanof/vanttec_sdv/install/vectornav_msgs/share/vectornav_msgs/msg/AttitudeGroup.msg\n'}
[0.857252] (vectornav_msgs) StdoutLine: {'line': b'-- Up-to-date: /home/fcanof/vanttec_sdv/install/vectornav_msgs/share/vectornav_msgs/msg/CommonGroup.msg\n'}
[0.857309] (vectornav_msgs) StdoutLine: {'line': b'-- Up-to-date: /home/fcanof/vanttec_sdv/install/vectornav_msgs/share/vectornav_msgs/msg/DOP.msg\n'}
[0.857367] (vectornav_msgs) StdoutLine: {'line': b'-- Up-to-date: /home/fcanof/vanttec_sdv/install/vectornav_msgs/share/vectornav_msgs/msg/GpsGroup.msg\n'}
[0.857424] (vectornav_msgs) StdoutLine: {'line': b'-- Up-to-date: /home/fcanof/vanttec_sdv/install/vectornav_msgs/share/vectornav_msgs/msg/ImuGroup.msg\n'}
[0.857482] (vectornav_msgs) StdoutLine: {'line': b'-- Up-to-date: /home/fcanof/vanttec_sdv/install/vectornav_msgs/share/vectornav_msgs/msg/InsGroup.msg\n'}
[0.857540] (vectornav_msgs) StdoutLine: {'line': b'-- Up-to-date: /home/fcanof/vanttec_sdv/install/vectornav_msgs/share/vectornav_msgs/msg/InsStatus.msg\n'}
[0.857598] (vectornav_msgs) StdoutLine: {'line': b'-- Up-to-date: /home/fcanof/vanttec_sdv/install/vectornav_msgs/share/vectornav_msgs/msg/TimeGroup.msg\n'}
[0.857664] (vectornav_msgs) StdoutLine: {'line': b'-- Up-to-date: /home/fcanof/vanttec_sdv/install/vectornav_msgs/share/vectornav_msgs/msg/TimeStatus.msg\n'}
[0.857722] (vectornav_msgs) StdoutLine: {'line': b'-- Up-to-date: /home/fcanof/vanttec_sdv/install/vectornav_msgs/share/vectornav_msgs/msg/TimeUTC.msg\n'}
[0.857785] (vectornav_msgs) StdoutLine: {'line': b'-- Up-to-date: /home/fcanof/vanttec_sdv/install/vectornav_msgs/share/vectornav_msgs/msg/VpeStatus.msg\n'}
[0.857843] (vectornav_msgs) StdoutLine: {'line': b'-- Up-to-date: /home/fcanof/vanttec_sdv/install/vectornav_msgs/share/vectornav_msgs/action/MagCal.action\n'}
[0.857901] (vectornav_msgs) StdoutLine: {'line': b'-- Up-to-date: /home/fcanof/vanttec_sdv/install/vectornav_msgs/share/ament_index/resource_index/package_run_dependencies/vectornav_msgs\n'}
[0.857963] (vectornav_msgs) StdoutLine: {'line': b'-- Up-to-date: /home/fcanof/vanttec_sdv/install/vectornav_msgs/share/ament_index/resource_index/parent_prefix_path/vectornav_msgs\n'}
[0.858037] (vectornav_msgs) StdoutLine: {'line': b'-- Up-to-date: /home/fcanof/vanttec_sdv/install/vectornav_msgs/share/vectornav_msgs/environment/ament_prefix_path.sh\n'}
[0.858097] (vectornav_msgs) StdoutLine: {'line': b'-- Up-to-date: /home/fcanof/vanttec_sdv/install/vectornav_msgs/share/vectornav_msgs/environment/ament_prefix_path.dsv\n'}
[0.858155] (vectornav_msgs) StdoutLine: {'line': b'-- Up-to-date: /home/fcanof/vanttec_sdv/install/vectornav_msgs/share/vectornav_msgs/environment/path.sh\n'}
[0.858214] (vectornav_msgs) StdoutLine: {'line': b'-- Up-to-date: /home/fcanof/vanttec_sdv/install/vectornav_msgs/share/vectornav_msgs/environment/path.dsv\n'}
[0.858272] (vectornav_msgs) StdoutLine: {'line': b'-- Up-to-date: /home/fcanof/vanttec_sdv/install/vectornav_msgs/share/vectornav_msgs/local_setup.bash\n'}
[0.858330] (vectornav_msgs) StdoutLine: {'line': b'-- Up-to-date: /home/fcanof/vanttec_sdv/install/vectornav_msgs/share/vectornav_msgs/local_setup.sh\n'}
[0.858389] (vectornav_msgs) StdoutLine: {'line': b'-- Up-to-date: /home/fcanof/vanttec_sdv/install/vectornav_msgs/share/vectornav_msgs/local_setup.zsh\n'}
[0.858447] (vectornav_msgs) StdoutLine: {'line': b'-- Up-to-date: /home/fcanof/vanttec_sdv/install/vectornav_msgs/share/vectornav_msgs/local_setup.dsv\n'}
[0.858523] (vectornav_msgs) StdoutLine: {'line': b'-- Installing: /home/fcanof/vanttec_sdv/install/vectornav_msgs/share/vectornav_msgs/package.dsv\n'}
[0.858762] (vectornav_msgs) StdoutLine: {'line': b'-- Up-to-date: /home/fcanof/vanttec_sdv/install/vectornav_msgs/share/ament_index/resource_index/packages/vectornav_msgs\n'}
[0.858979] (vectornav_msgs) StdoutLine: {'line': b'-- Up-to-date: /home/fcanof/vanttec_sdv/install/vectornav_msgs/share/vectornav_msgs/cmake/export_vectornav_msgs__rosidl_generator_cExport.cmake\n'}
[0.859044] (vectornav_msgs) StdoutLine: {'line': b'-- Up-to-date: /home/fcanof/vanttec_sdv/install/vectornav_msgs/share/vectornav_msgs/cmake/export_vectornav_msgs__rosidl_generator_cExport-noconfig.cmake\n'}
[0.859106] (vectornav_msgs) StdoutLine: {'line': b'-- Up-to-date: /home/fcanof/vanttec_sdv/install/vectornav_msgs/share/vectornav_msgs/cmake/export_vectornav_msgs__rosidl_typesupport_fastrtps_cExport.cmake\n'}
[0.859168] (vectornav_msgs) StdoutLine: {'line': b'-- Up-to-date: /home/fcanof/vanttec_sdv/install/vectornav_msgs/share/vectornav_msgs/cmake/export_vectornav_msgs__rosidl_typesupport_fastrtps_cExport-noconfig.cmake\n'}
[0.859229] (vectornav_msgs) StdoutLine: {'line': b'-- Up-to-date: /home/fcanof/vanttec_sdv/install/vectornav_msgs/share/vectornav_msgs/cmake/export_vectornav_msgs__rosidl_generator_cppExport.cmake\n'}
[0.859291] (vectornav_msgs) StdoutLine: {'line': b'-- Up-to-date: /home/fcanof/vanttec_sdv/install/vectornav_msgs/share/vectornav_msgs/cmake/export_vectornav_msgs__rosidl_typesupport_fastrtps_cppExport.cmake\n'}
[0.859353] (vectornav_msgs) StdoutLine: {'line': b'-- Up-to-date: /home/fcanof/vanttec_sdv/install/vectornav_msgs/share/vectornav_msgs/cmake/export_vectornav_msgs__rosidl_typesupport_fastrtps_cppExport-noconfig.cmake\n'}
[0.859415] (vectornav_msgs) StdoutLine: {'line': b'-- Up-to-date: /home/fcanof/vanttec_sdv/install/vectornav_msgs/share/vectornav_msgs/cmake/vectornav_msgs__rosidl_typesupport_introspection_cExport.cmake\n'}
[0.859477] (vectornav_msgs) StdoutLine: {'line': b'-- Up-to-date: /home/fcanof/vanttec_sdv/install/vectornav_msgs/share/vectornav_msgs/cmake/vectornav_msgs__rosidl_typesupport_introspection_cExport-noconfig.cmake\n'}
[0.859752] (vectornav_msgs) StdoutLine: {'line': b'-- Up-to-date: /home/fcanof/vanttec_sdv/install/vectornav_msgs/share/vectornav_msgs/cmake/vectornav_msgs__rosidl_typesupport_cExport.cmake\n'}
[0.860028] (vectornav_msgs) StdoutLine: {'line': b'-- Up-to-date: /home/fcanof/vanttec_sdv/install/vectornav_msgs/share/vectornav_msgs/cmake/vectornav_msgs__rosidl_typesupport_cExport-noconfig.cmake\n'}
[0.860206] (vectornav_msgs) StdoutLine: {'line': b'-- Up-to-date: /home/fcanof/vanttec_sdv/install/vectornav_msgs/share/vectornav_msgs/cmake/vectornav_msgs__rosidl_typesupport_introspection_cppExport.cmake\n'}
[0.860298] (vectornav_msgs) StdoutLine: {'line': b'-- Up-to-date: /home/fcanof/vanttec_sdv/install/vectornav_msgs/share/vectornav_msgs/cmake/vectornav_msgs__rosidl_typesupport_introspection_cppExport-noconfig.cmake\n'}
[0.860474] (vectornav_msgs) StdoutLine: {'line': b'-- Up-to-date: /home/fcanof/vanttec_sdv/install/vectornav_msgs/share/vectornav_msgs/cmake/vectornav_msgs__rosidl_typesupport_cppExport.cmake\n'}
[0.860619] (vectornav_msgs) StdoutLine: {'line': b'-- Up-to-date: /home/fcanof/vanttec_sdv/install/vectornav_msgs/share/vectornav_msgs/cmake/vectornav_msgs__rosidl_typesupport_cppExport-noconfig.cmake\n'}
[0.860786] (vectornav_msgs) StdoutLine: {'line': b'-- Up-to-date: /home/fcanof/vanttec_sdv/install/vectornav_msgs/share/vectornav_msgs/cmake/export_vectornav_msgs__rosidl_generator_pyExport.cmake\n'}
[0.860931] (vectornav_msgs) StdoutLine: {'line': b'-- Up-to-date: /home/fcanof/vanttec_sdv/install/vectornav_msgs/share/vectornav_msgs/cmake/export_vectornav_msgs__rosidl_generator_pyExport-noconfig.cmake\n'}
[0.861013] (vectornav_msgs) StdoutLine: {'line': b'-- Up-to-date: /home/fcanof/vanttec_sdv/install/vectornav_msgs/share/vectornav_msgs/cmake/rosidl_cmake-extras.cmake\n'}
[0.861206] (vectornav_msgs) StdoutLine: {'line': b'-- Up-to-date: /home/fcanof/vanttec_sdv/install/vectornav_msgs/share/vectornav_msgs/cmake/ament_cmake_export_dependencies-extras.cmake\n'}
[0.861566] (vectornav_msgs) StdoutLine: {'line': b'-- Up-to-date: /home/fcanof/vanttec_sdv/install/vectornav_msgs/share/vectornav_msgs/cmake/ament_cmake_export_include_directories-extras.cmake\n'}
[0.861760] (vectornav_msgs) StdoutLine: {'line': b'-- Up-to-date: /home/fcanof/vanttec_sdv/install/vectornav_msgs/share/vectornav_msgs/cmake/ament_cmake_export_libraries-extras.cmake\n'}
[0.861940] (vectornav_msgs) StdoutLine: {'line': b'-- Up-to-date: /home/fcanof/vanttec_sdv/install/vectornav_msgs/share/vectornav_msgs/cmake/ament_cmake_export_targets-extras.cmake\n'}
[0.862170] (vectornav_msgs) StdoutLine: {'line': b'-- Up-to-date: /home/fcanof/vanttec_sdv/install/vectornav_msgs/share/vectornav_msgs/cmake/rosidl_cmake_export_typesupport_targets-extras.cmake\n'}
[0.862288] (vectornav_msgs) StdoutLine: {'line': b'-- Up-to-date: /home/fcanof/vanttec_sdv/install/vectornav_msgs/share/vectornav_msgs/cmake/rosidl_cmake_export_typesupport_libraries-extras.cmake\n'}
[0.862520] (vectornav_msgs) StdoutLine: {'line': b'-- Up-to-date: /home/fcanof/vanttec_sdv/install/vectornav_msgs/share/vectornav_msgs/cmake/vectornav_msgsConfig.cmake\n'}
[0.862638] (vectornav_msgs) StdoutLine: {'line': b'-- Up-to-date: /home/fcanof/vanttec_sdv/install/vectornav_msgs/share/vectornav_msgs/cmake/vectornav_msgsConfig-version.cmake\n'}
[0.862852] (vectornav_msgs) StdoutLine: {'line': b'-- Up-to-date: /home/fcanof/vanttec_sdv/install/vectornav_msgs/share/vectornav_msgs/package.xml\n'}
[0.863030] (vectornav_msgs) CommandEnded: {'returncode': 0}
[0.863399] (sdv_msgs) StdoutLine: {'line': b"Listing '/home/fcanof/vanttec_sdv/install/sdv_msgs/local/lib/python3.10/dist-packages/sdv_msgs'...\n"}
[0.863612] (sdv_msgs) StdoutLine: {'line': b"Listing '/home/fcanof/vanttec_sdv/install/sdv_msgs/local/lib/python3.10/dist-packages/sdv_msgs/msg'...\n"}
[0.863832] (sdv_msgs) StdoutLine: {'line': b'-- Up-to-date: /home/fcanof/vanttec_sdv/install/sdv_msgs/local/lib/python3.10/dist-packages/sdv_msgs/sdv_msgs_s__rosidl_typesupport_fastrtps_c.cpython-310-x86_64-linux-gnu.so\n'}
[0.864008] (sdv_msgs) StdoutLine: {'line': b'-- Up-to-date: /home/fcanof/vanttec_sdv/install/sdv_msgs/local/lib/python3.10/dist-packages/sdv_msgs/sdv_msgs_s__rosidl_typesupport_introspection_c.cpython-310-x86_64-linux-gnu.so\n'}
[0.864319] (sdv_msgs) StdoutLine: {'line': b'-- Up-to-date: /home/fcanof/vanttec_sdv/install/sdv_msgs/local/lib/python3.10/dist-packages/sdv_msgs/sdv_msgs_s__rosidl_typesupport_c.cpython-310-x86_64-linux-gnu.so\n'}
[0.864453] (sdv_msgs) StdoutLine: {'line': b'-- Up-to-date: /home/fcanof/vanttec_sdv/install/sdv_msgs/lib/libsdv_msgs__rosidl_generator_py.so\n'}
[0.864713] (sdv_msgs) StdoutLine: {'line': b'-- Up-to-date: /home/fcanof/vanttec_sdv/install/sdv_msgs/share/sdv_msgs/msg/PanelMsg.idl\n'}
[0.864955] (sdv_msgs) StdoutLine: {'line': b'-- Up-to-date: /home/fcanof/vanttec_sdv/install/sdv_msgs/share/sdv_msgs/msg/XboxMsg.idl\n'}
[0.865193] (sdv_msgs) StdoutLine: {'line': b'-- Up-to-date: /home/fcanof/vanttec_sdv/install/sdv_msgs/share/sdv_msgs/msg/ThrottleMsg.idl\n'}
[0.865408] (sdv_msgs) StdoutLine: {'line': b'-- Up-to-date: /home/fcanof/vanttec_sdv/install/sdv_msgs/share/sdv_msgs/msg/CollisionEvent.idl\n'}
[0.865631] (sdv_msgs) StdoutLine: {'line': b'-- Up-to-date: /home/fcanof/vanttec_sdv/install/sdv_msgs/share/sdv_msgs/msg/LaneInvasionEvent.idl\n'}
[0.865826] (sdv_msgs) StdoutLine: {'line': b'-- Up-to-date: /home/fcanof/vanttec_sdv/install/sdv_msgs/share/sdv_msgs/msg/Status.idl\n'}
[0.865947] (sdv_msgs) StdoutLine: {'line': b'-- Up-to-date: /home/fcanof/vanttec_sdv/install/sdv_msgs/share/sdv_msgs/msg/VehicleControl.idl\n'}
[0.866218] (sdv_msgs) StdoutLine: {'line': b'-- Up-to-date: /home/fcanof/vanttec_sdv/install/sdv_msgs/share/sdv_msgs/msg/VehicleInfo.idl\n'}
[0.866429] (sdv_msgs) StdoutLine: {'line': b'-- Up-to-date: /home/fcanof/vanttec_sdv/install/sdv_msgs/share/sdv_msgs/msg/VehicleStatus.idl\n'}
[0.866551] (sdv_msgs) StdoutLine: {'line': b'-- Up-to-date: /home/fcanof/vanttec_sdv/install/sdv_msgs/share/sdv_msgs/msg/VehicleInfoWheel.idl\n'}
[0.866723] (sdv_msgs) StdoutLine: {'line': b'-- Up-to-date: /home/fcanof/vanttec_sdv/install/sdv_msgs/share/sdv_msgs/msg/GuidanceWaypoints.idl\n'}
[0.866873] (sdv_msgs) StdoutLine: {'line': b'-- Up-to-date: /home/fcanof/vanttec_sdv/install/sdv_msgs/share/sdv_msgs/msg/EtaPose.idl\n'}
[0.867055] (sdv_msgs) StdoutLine: {'line': b'-- Up-to-date: /home/fcanof/vanttec_sdv/install/sdv_msgs/share/sdv_msgs/msg/SystemDynamics.idl\n'}
[0.867290] (sdv_msgs) StdoutLine: {'line': b'-- Up-to-date: /home/fcanof/vanttec_sdv/install/sdv_msgs/share/sdv_msgs/msg/ThrustControl.idl\n'}
[0.867420] (sdv_msgs) StdoutLine: {'line': b'-- Up-to-date: /home/fcanof/vanttec_sdv/install/sdv_msgs/share/sdv_msgs/msg/Encoder.idl\n'}
[0.867657] (sdv_msgs) StdoutLine: {'line': b'-- Up-to-date: /home/fcanof/vanttec_sdv/install/sdv_msgs/share/sdv_msgs/msg/PanelMsg.msg\n'}
[0.867789] (sdv_msgs) StdoutLine: {'line': b'-- Up-to-date: /home/fcanof/vanttec_sdv/install/sdv_msgs/share/sdv_msgs/msg/XboxMsg.msg\n'}
[0.868051] (sdv_msgs) StdoutLine: {'line': b'-- Up-to-date: /home/fcanof/vanttec_sdv/install/sdv_msgs/share/sdv_msgs/msg/ThrottleMsg.msg\n'}
[0.868220] (sdv_msgs) StdoutLine: {'line': b'-- Up-to-date: /home/fcanof/vanttec_sdv/install/sdv_msgs/share/sdv_msgs/msg/CollisionEvent.msg\n'}
[0.868378] (sdv_msgs) StdoutLine: {'line': b'-- Up-to-date: /home/fcanof/vanttec_sdv/install/sdv_msgs/share/sdv_msgs/msg/LaneInvasionEvent.msg\n'}
[0.868545] (sdv_msgs) StdoutLine: {'line': b'-- Up-to-date: /home/fcanof/vanttec_sdv/install/sdv_msgs/share/sdv_msgs/msg/Status.msg\n'}
[0.868633] (sdv_msgs) StdoutLine: {'line': b'-- Up-to-date: /home/fcanof/vanttec_sdv/install/sdv_msgs/share/sdv_msgs/msg/VehicleControl.msg\n'}
[0.868771] (sdv_msgs) StdoutLine: {'line': b'-- Up-to-date: /home/fcanof/vanttec_sdv/install/sdv_msgs/share/sdv_msgs/msg/VehicleInfo.msg\n'}
[0.868928] (sdv_msgs) StdoutLine: {'line': b'-- Up-to-date: /home/fcanof/vanttec_sdv/install/sdv_msgs/share/sdv_msgs/msg/VehicleStatus.msg\n'}
[0.869096] (sdv_msgs) StdoutLine: {'line': b'-- Up-to-date: /home/fcanof/vanttec_sdv/install/sdv_msgs/share/sdv_msgs/msg/VehicleInfoWheel.msg\n'}
[0.869237] (sdv_msgs) StdoutLine: {'line': b'-- Up-to-date: /home/fcanof/vanttec_sdv/install/sdv_msgs/share/sdv_msgs/msg/GuidanceWaypoints.msg\n'}
[0.869324] (sdv_msgs) StdoutLine: {'line': b'-- Up-to-date: /home/fcanof/vanttec_sdv/install/sdv_msgs/share/sdv_msgs/msg/EtaPose.msg\n'}
[0.869500] (sdv_msgs) StdoutLine: {'line': b'-- Up-to-date: /home/fcanof/vanttec_sdv/install/sdv_msgs/share/sdv_msgs/msg/SystemDynamics.msg\n'}
[0.869644] (sdv_msgs) StdoutLine: {'line': b'-- Up-to-date: /home/fcanof/vanttec_sdv/install/sdv_msgs/share/sdv_msgs/msg/ThrustControl.msg\n'}
[0.869765] (sdv_msgs) StdoutLine: {'line': b'-- Up-to-date: /home/fcanof/vanttec_sdv/install/sdv_msgs/share/sdv_msgs/msg/Encoder.msg\n'}
[0.870000] (sdv_msgs) StdoutLine: {'line': b'-- Up-to-date: /home/fcanof/vanttec_sdv/install/sdv_msgs/share/ament_index/resource_index/package_run_dependencies/sdv_msgs\n'}
[0.870127] (sdv_msgs) StdoutLine: {'line': b'-- Up-to-date: /home/fcanof/vanttec_sdv/install/sdv_msgs/share/ament_index/resource_index/parent_prefix_path/sdv_msgs\n'}
[0.870324] (sdv_msgs) StdoutLine: {'line': b'-- Up-to-date: /home/fcanof/vanttec_sdv/install/sdv_msgs/share/sdv_msgs/environment/ament_prefix_path.sh\n'}
[0.870442] (sdv_msgs) StdoutLine: {'line': b'-- Up-to-date: /home/fcanof/vanttec_sdv/install/sdv_msgs/share/sdv_msgs/environment/ament_prefix_path.dsv\n'}
[0.870634] (sdv_msgs) StdoutLine: {'line': b'-- Up-to-date: /home/fcanof/vanttec_sdv/install/sdv_msgs/share/sdv_msgs/environment/path.sh\n'}
[0.870823] (sdv_msgs) StdoutLine: {'line': b'-- Up-to-date: /home/fcanof/vanttec_sdv/install/sdv_msgs/share/sdv_msgs/environment/path.dsv\n'}
[0.871012] (sdv_msgs) StdoutLine: {'line': b'-- Up-to-date: /home/fcanof/vanttec_sdv/install/sdv_msgs/share/sdv_msgs/local_setup.bash\n'}
[0.871206] (sdv_msgs) StdoutLine: {'line': b'-- Up-to-date: /home/fcanof/vanttec_sdv/install/sdv_msgs/share/sdv_msgs/local_setup.sh\n'}
[0.871402] (sdv_msgs) StdoutLine: {'line': b'-- Up-to-date: /home/fcanof/vanttec_sdv/install/sdv_msgs/share/sdv_msgs/local_setup.zsh\n'}
[0.871543] (sdv_msgs) StdoutLine: {'line': b'-- Up-to-date: /home/fcanof/vanttec_sdv/install/sdv_msgs/share/sdv_msgs/local_setup.dsv\n'}
[0.871708] (sdv_msgs) StdoutLine: {'line': b'-- Installing: /home/fcanof/vanttec_sdv/install/sdv_msgs/share/sdv_msgs/package.dsv\n'}
[0.871794] (sdv_msgs) StdoutLine: {'line': b'-- Up-to-date: /home/fcanof/vanttec_sdv/install/sdv_msgs/share/ament_index/resource_index/packages/sdv_msgs\n'}
[0.871927] (sdv_msgs) StdoutLine: {'line': b'-- Up-to-date: /home/fcanof/vanttec_sdv/install/sdv_msgs/share/sdv_msgs/cmake/export_sdv_msgs__rosidl_generator_cExport.cmake\n'}
[0.872077] (sdv_msgs) StdoutLine: {'line': b'-- Up-to-date: /home/fcanof/vanttec_sdv/install/sdv_msgs/share/sdv_msgs/cmake/export_sdv_msgs__rosidl_generator_cExport-noconfig.cmake\n'}
[0.872221] (sdv_msgs) StdoutLine: {'line': b'-- Up-to-date: /home/fcanof/vanttec_sdv/install/sdv_msgs/share/sdv_msgs/cmake/export_sdv_msgs__rosidl_typesupport_fastrtps_cExport.cmake\n'}
[0.872350] (sdv_msgs) StdoutLine: {'line': b'-- Up-to-date: /home/fcanof/vanttec_sdv/install/sdv_msgs/share/sdv_msgs/cmake/export_sdv_msgs__rosidl_typesupport_fastrtps_cExport-noconfig.cmake\n'}
[0.872498] (sdv_msgs) StdoutLine: {'line': b'-- Up-to-date: /home/fcanof/vanttec_sdv/install/sdv_msgs/share/sdv_msgs/cmake/export_sdv_msgs__rosidl_generator_cppExport.cmake\n'}
[0.872672] (sdv_msgs) StdoutLine: {'line': b'-- Up-to-date: /home/fcanof/vanttec_sdv/install/sdv_msgs/share/sdv_msgs/cmake/export_sdv_msgs__rosidl_typesupport_fastrtps_cppExport.cmake\n'}
[0.872798] (sdv_msgs) StdoutLine: {'line': b'-- Up-to-date: /home/fcanof/vanttec_sdv/install/sdv_msgs/share/sdv_msgs/cmake/export_sdv_msgs__rosidl_typesupport_fastrtps_cppExport-noconfig.cmake\n'}
[0.872881] (sdv_msgs) StdoutLine: {'line': b'-- Up-to-date: /home/fcanof/vanttec_sdv/install/sdv_msgs/share/sdv_msgs/cmake/sdv_msgs__rosidl_typesupport_introspection_cExport.cmake\n'}
[0.873012] (sdv_msgs) StdoutLine: {'line': b'-- Up-to-date: /home/fcanof/vanttec_sdv/install/sdv_msgs/share/sdv_msgs/cmake/sdv_msgs__rosidl_typesupport_introspection_cExport-noconfig.cmake\n'}
[0.873141] (sdv_msgs) StdoutLine: {'line': b'-- Up-to-date: /home/fcanof/vanttec_sdv/install/sdv_msgs/share/sdv_msgs/cmake/sdv_msgs__rosidl_typesupport_cExport.cmake\n'}
[0.873269] (sdv_msgs) StdoutLine: {'line': b'-- Up-to-date: /home/fcanof/vanttec_sdv/install/sdv_msgs/share/sdv_msgs/cmake/sdv_msgs__rosidl_typesupport_cExport-noconfig.cmake\n'}
[0.873399] (sdv_msgs) StdoutLine: {'line': b'-- Up-to-date: /home/fcanof/vanttec_sdv/install/sdv_msgs/share/sdv_msgs/cmake/sdv_msgs__rosidl_typesupport_introspection_cppExport.cmake\n'}
[0.873574] (sdv_msgs) StdoutLine: {'line': b'-- Up-to-date: /home/fcanof/vanttec_sdv/install/sdv_msgs/share/sdv_msgs/cmake/sdv_msgs__rosidl_typesupport_introspection_cppExport-noconfig.cmake\n'}
[0.873736] (sdv_msgs) StdoutLine: {'line': b'-- Up-to-date: /home/fcanof/vanttec_sdv/install/sdv_msgs/share/sdv_msgs/cmake/sdv_msgs__rosidl_typesupport_cppExport.cmake\n'}
[0.873861] (sdv_msgs) StdoutLine: {'line': b'-- Up-to-date: /home/fcanof/vanttec_sdv/install/sdv_msgs/share/sdv_msgs/cmake/sdv_msgs__rosidl_typesupport_cppExport-noconfig.cmake\n'}
[0.874000] (sdv_msgs) StdoutLine: {'line': b'-- Up-to-date: /home/fcanof/vanttec_sdv/install/sdv_msgs/share/sdv_msgs/cmake/export_sdv_msgs__rosidl_generator_pyExport.cmake\n'}
[0.874132] (sdv_msgs) StdoutLine: {'line': b'-- Up-to-date: /home/fcanof/vanttec_sdv/install/sdv_msgs/share/sdv_msgs/cmake/export_sdv_msgs__rosidl_generator_pyExport-noconfig.cmake\n'}
[0.874217] (sdv_msgs) StdoutLine: {'line': b'-- Up-to-date: /home/fcanof/vanttec_sdv/install/sdv_msgs/share/sdv_msgs/cmake/rosidl_cmake-extras.cmake\n'}
[0.874348] (sdv_msgs) StdoutLine: {'line': b'-- Up-to-date: /home/fcanof/vanttec_sdv/install/sdv_msgs/share/sdv_msgs/cmake/ament_cmake_export_dependencies-extras.cmake\n'}
[0.874531] (sdv_msgs) StdoutLine: {'line': b'-- Up-to-date: /home/fcanof/vanttec_sdv/install/sdv_msgs/share/sdv_msgs/cmake/ament_cmake_export_include_directories-extras.cmake\n'}
[0.874747] (sdv_msgs) StdoutLine: {'line': b'-- Up-to-date: /home/fcanof/vanttec_sdv/install/sdv_msgs/share/sdv_msgs/cmake/ament_cmake_export_libraries-extras.cmake\n'}
[0.874959] (sdv_msgs) StdoutLine: {'line': b'-- Up-to-date: /home/fcanof/vanttec_sdv/install/sdv_msgs/share/sdv_msgs/cmake/ament_cmake_export_targets-extras.cmake\n'}
[0.875136] (sdv_msgs) StdoutLine: {'line': b'-- Up-to-date: /home/fcanof/vanttec_sdv/install/sdv_msgs/share/sdv_msgs/cmake/rosidl_cmake_export_typesupport_targets-extras.cmake\n'}
[0.875220] (sdv_msgs) StdoutLine: {'line': b'-- Up-to-date: /home/fcanof/vanttec_sdv/install/sdv_msgs/share/sdv_msgs/cmake/rosidl_cmake_export_typesupport_libraries-extras.cmake\n'}
[0.875444] (sdv_msgs) StdoutLine: {'line': b'-- Up-to-date: /home/fcanof/vanttec_sdv/install/sdv_msgs/share/sdv_msgs/cmake/sdv_msgsConfig.cmake\n'}
[0.875650] (sdv_msgs) StdoutLine: {'line': b'-- Up-to-date: /home/fcanof/vanttec_sdv/install/sdv_msgs/share/sdv_msgs/cmake/sdv_msgsConfig-version.cmake\n'}
[0.875736] (sdv_msgs) StdoutLine: {'line': b'-- Up-to-date: /home/fcanof/vanttec_sdv/install/sdv_msgs/share/sdv_msgs/package.xml\n'}
[0.901027] (-) TimerEvent: {}
[0.953490] (sdv_msgs) CommandEnded: {'returncode': 0}
[1.001117] (-) TimerEvent: {}
[1.101405] (-) TimerEvent: {}
[1.202254] (-) TimerEvent: {}
[1.247137] (vectornav_msgs) JobEnded: {'identifier': 'vectornav_msgs', 'rc': 0}
[1.302365] (-) TimerEvent: {}
[1.367821] (sdv_msgs) JobEnded: {'identifier': 'sdv_msgs', 'rc': 0}
[1.368332] (sdv_can) JobStarted: {'identifier': 'sdv_can'}
[1.402563] (-) TimerEvent: {}
[1.456697] (sdv_can) JobProgress: {'identifier': 'sdv_can', 'progress': 'cmake'}
[1.457204] (sdv_can) JobProgress: {'identifier': 'sdv_can', 'progress': 'build'}
[1.457418] (sdv_can) Command: {'cmd': ['/usr/bin/cmake', '--build', '/home/fcanof/vanttec_sdv/build/sdv_can', '--', '-j12', '-l12'], 'cwd': '/home/fcanof/vanttec_sdv/build/sdv_can', 'env': OrderedDict([('GJS_DEBUG_TOPICS', 'JS ERROR;JS LOG'), ('LESSOPEN', '| /usr/bin/lesspipe %s'), ('USER', 'fcanof'), ('LC_TIME', 'es_MX.UTF-8'), ('GIO_MODULE_DIR', '/home/fcanof/snap/code/common/.cache/gio-modules'), ('XDG_SESSION_TYPE', 'x11'), ('GIT_ASKPASS', '/snap/code/154/usr/share/code/resources/app/extensions/git/dist/askpass.sh'), ('GTK_EXE_PREFIX_VSCODE_SNAP_ORIG', ''), ('GDK_BACKEND_VSCODE_SNAP_ORIG', ''), ('SHLVL', '1'), ('LD_LIBRARY_PATH', '/home/fcanof/vanttec_sdv/install/vectornav_msgs/lib:/home/fcanof/vanttec_sdv/install/sdv_msgs/lib:/opt/ros/humble/opt/rviz_ogre_vendor/lib:/opt/ros/humble/lib/x86_64-linux-gnu:/opt/ros/humble/lib'), ('HOME', '/home/fcanof'), ('CHROME_DESKTOP', 'code-url-handler.desktop'), ('LOCPATH_VSCODE_SNAP_ORIG', ''), ('TERM_PROGRAM_VERSION', '1.87.1'), ('DESKTOP_SESSION', 'ubuntu'), ('GTK_PATH', '/snap/code/154/usr/lib/x86_64-linux-gnu/gtk-3.0'), ('GTK_IM_MODULE_FILE', '/home/fcanof/snap/code/common/.cache/immodules/immodules.cache'), ('GIO_LAUNCHED_DESKTOP_FILE', '/var/lib/snapd/desktop/applications/code_code.desktop'), ('ROS_PYTHON_VERSION', '3'), ('GNOME_SHELL_SESSION_MODE', 'ubuntu'), ('GTK_MODULES', 'gail:atk-bridge'), ('GSETTINGS_SCHEMA_DIR_VSCODE_SNAP_ORIG', ''), ('VSCODE_GIT_ASKPASS_MAIN', '/snap/code/154/usr/share/code/resources/app/extensions/git/dist/askpass-main.js'), ('LC_MONETARY', 'es_MX.UTF-8'), ('VSCODE_GIT_ASKPASS_NODE', '/snap/code/154/usr/share/code/code'), ('MANAGERPID', '2223'), ('SYSTEMD_EXEC_PID', '2758'), ('DBUS_SESSION_BUS_ADDRESS', 'unix:path=/run/user/1000/bus'), ('COLORTERM', 'truecolor'), ('GIO_LAUNCHED_DESKTOP_FILE_PID', '50274'), ('COLCON_PREFIX_PATH', '/home/fcanof/vanttec_sdv/install'), ('ROS_DISTRO', 'humble'), ('GTK_IM_MODULE', 'ibus'), ('LOGNAME', 'fcanof'), ('JOURNAL_STREAM', '8:41161'), ('_', '/usr/bin/colcon'), ('ROS_VERSION', '2'), ('XDG_CONFIG_DIRS_VSCODE_SNAP_ORIG', '/etc/xdg/xdg-ubuntu:/etc/xdg'), ('XDG_SESSION_CLASS', 'user'), ('XDG_DATA_DIRS_VSCODE_SNAP_ORIG', '/usr/share/ubuntu:/usr/share/gnome:/usr/local/share/:/usr/share/:/var/lib/snapd/desktop'), ('USERNAME', 'fcanof'), ('TERM', 'xterm-256color'), ('GNOME_DESKTOP_SESSION_ID', 'this-is-deprecated'), ('ROS_LOCALHOST_ONLY', '1'), ('WINDOWPATH', '2'), ('PATH', '/home/fcanof/.local/bin:/opt/ros/humble/bin:/home/fcanof/.local/bin:/usr/local/sbin:/usr/local/bin:/usr/sbin:/usr/bin:/sbin:/bin:/usr/games:/usr/local/games:/snap/bin:/snap/bin'), ('SESSION_MANAGER', 'local/fcanof:@/tmp/.ICE-unix/2736,unix/fcanof:/tmp/.ICE-unix/2736'), ('GTK_EXE_PREFIX', '/snap/code/154/usr'), ('INVOCATION_ID', '4c90a3b36feb4d8c9cb26423b3ecfd5d'), ('XDG_MENU_PREFIX', 'gnome-'), ('LC_ADDRESS', 'es_MX.UTF-8'), ('BAMF_DESKTOP_FILE_HINT', '/var/lib/snapd/desktop/applications/code_code.desktop'), ('XDG_RUNTIME_DIR', '/run/user/1000'), ('GDK_BACKEND', 'x11'), ('DISPLAY', ':1'), ('LOCPATH', '/snap/code/154/usr/lib/locale'), ('LANG', 'en_US.UTF-8'), ('XDG_CURRENT_DESKTOP', 'Unity'), ('LC_TELEPHONE', 'es_MX.UTF-8'), ('GIO_MODULE_DIR_VSCODE_SNAP_ORIG', ''), ('XMODIFIERS', '@im=ibus'), ('XDG_SESSION_DESKTOP', 'ubuntu'), ('XAUTHORITY', '/run/user/1000/gdm/Xauthority'), ('LS_COLORS', 'rs=0:di=01;34:ln=01;36:mh=00:pi=40;33:so=01;35:do=01;35:bd=40;33;01:cd=40;33;01:or=40;31;01:mi=00:su=37;41:sg=30;43:ca=30;41:tw=30;42:ow=34;42:st=37;44:ex=01;32:*.tar=01;31:*.tgz=01;31:*.arc=01;31:*.arj=01;31:*.taz=01;31:*.lha=01;31:*.lz4=01;31:*.lzh=01;31:*.lzma=01;31:*.tlz=01;31:*.txz=01;31:*.tzo=01;31:*.t7z=01;31:*.zip=01;31:*.z=01;31:*.dz=01;31:*.gz=01;31:*.lrz=01;31:*.lz=01;31:*.lzo=01;31:*.xz=01;31:*.zst=01;31:*.tzst=01;31:*.bz2=01;31:*.bz=01;31:*.tbz=01;31:*.tbz2=01;31:*.tz=01;31:*.deb=01;31:*.rpm=01;31:*.jar=01;31:*.war=01;31:*.ear=01;31:*.sar=01;31:*.rar=01;31:*.alz=01;31:*.ace=01;31:*.zoo=01;31:*.cpio=01;31:*.7z=01;31:*.rz=01;31:*.cab=01;31:*.wim=01;31:*.swm=01;31:*.dwm=01;31:*.esd=01;31:*.jpg=01;35:*.jpeg=01;35:*.mjpg=01;35:*.mjpeg=01;35:*.gif=01;35:*.bmp=01;35:*.pbm=01;35:*.pgm=01;35:*.ppm=01;35:*.tga=01;35:*.xbm=01;35:*.xpm=01;35:*.tif=01;35:*.tiff=01;35:*.png=01;35:*.svg=01;35:*.svgz=01;35:*.mng=01;35:*.pcx=01;35:*.mov=01;35:*.mpg=01;35:*.mpeg=01;35:*.m2v=01;35:*.mkv=01;35:*.webm=01;35:*.webp=01;35:*.ogm=01;35:*.mp4=01;35:*.m4v=01;35:*.mp4v=01;35:*.vob=01;35:*.qt=01;35:*.nuv=01;35:*.wmv=01;35:*.asf=01;35:*.rm=01;35:*.rmvb=01;35:*.flc=01;35:*.avi=01;35:*.fli=01;35:*.flv=01;35:*.gl=01;35:*.dl=01;35:*.xcf=01;35:*.xwd=01;35:*.yuv=01;35:*.cgm=01;35:*.emf=01;35:*.ogv=01;35:*.ogx=01;35:*.aac=00;36:*.au=00;36:*.flac=00;36:*.m4a=00;36:*.mid=00;36:*.midi=00;36:*.mka=00;36:*.mp3=00;36:*.mpc=00;36:*.ogg=00;36:*.ra=00;36:*.wav=00;36:*.oga=00;36:*.opus=00;36:*.spx=00;36:*.xspf=00;36:'), ('VSCODE_GIT_IPC_HANDLE', '/run/user/1000/vscode-git-676dc8d9e0.sock'), ('TERM_PROGRAM', 'vscode'), ('SSH_AGENT_LAUNCHER', 'gnome-keyring'), ('SSH_AUTH_SOCK', '/run/user/1000/keyring/ssh'), ('GSETTINGS_SCHEMA_DIR', '/home/fcanof/snap/code/154/.local/share/glib-2.0/schemas'), ('ROS_DOMAIN_ID', '8'), ('AMENT_PREFIX_PATH', '/home/fcanof/vanttec_sdv/install/sdv_can:/home/fcanof/vanttec_sdv/install/vectornav_msgs:/home/fcanof/vanttec_sdv/install/sdv_msgs:/opt/ros/humble'), ('ORIGINAL_XDG_CURRENT_DESKTOP', 'ubuntu:GNOME'), ('SHELL', '/bin/bash'), ('LC_NAME', 'es_MX.UTF-8'), ('QT_ACCESSIBILITY', '1'), ('GDMSESSION', 'ubuntu'), ('LESSCLOSE', '/usr/bin/lesspipe %s %s'), ('GTK_PATH_VSCODE_SNAP_ORIG', ''), ('GTK_IM_MODULE_FILE_VSCODE_SNAP_ORIG', ''), ('LC_MEASUREMENT', 'es_MX.UTF-8'), ('GPG_AGENT_INFO', '/run/user/1000/gnupg/S.gpg-agent:0:1'), ('GJS_DEBUG_OUTPUT', 'stderr'), ('LC_IDENTIFICATION', 'es_MX.UTF-8'), ('VSCODE_GIT_ASKPASS_EXTRA_ARGS', ''), ('QT_IM_MODULE', 'ibus'), ('PWD', '/home/fcanof/vanttec_sdv/build/sdv_can'), ('LC_ALL', 'en_US.UTF-8'), ('XDG_CONFIG_DIRS', '/etc/xdg/xdg-ubuntu:/etc/xdg'), ('XDG_DATA_DIRS', '/home/fcanof/snap/code/154/.local/share:/home/fcanof/snap/code/154:/snap/code/154/usr/share:/usr/share/ubuntu:/usr/share/gnome:/usr/local/share/:/usr/share/:/var/lib/snapd/desktop'), ('PYTHONPATH', '/home/fcanof/vanttec_sdv/install/vectornav_msgs/local/lib/python3.10/dist-packages:/home/fcanof/vanttec_sdv/install/sdv_msgs/local/lib/python3.10/dist-packages:/opt/ros/humble/lib/python3.10/site-packages:/opt/ros/humble/local/lib/python3.10/dist-packages'), ('LC_NUMERIC', 'es_MX.UTF-8'), ('LC_PAPER', 'es_MX.UTF-8'), ('COLCON', '1'), ('CMAKE_PREFIX_PATH', '/home/fcanof/vanttec_sdv/install/vectornav_msgs:/home/fcanof/vanttec_sdv/install/sdv_msgs:/home/fcanof/vanttec_sdv/install/sdv_can:/opt/ros/humble')]), 'shell': False}
[1.501187] (sdv_can) StdoutLine: {'line': b'[ 50%] Built target Vanttec_CANLibLIB\n'}
[1.502630] (-) TimerEvent: {}
[1.516049] (sdv_can) StdoutLine: {'line': b'\x1b[35m\x1b[1mConsolidate compiler generated dependencies of target can_node\x1b[0m\n'}
[1.542893] (sdv_can) StdoutLine: {'line': b'[ 60%] \x1b[32mBuilding CXX object CMakeFiles/can_node.dir/src/can_node.cpp.o\x1b[0m\n'}
[1.602724] (-) TimerEvent: {}
[1.702949] (-) TimerEvent: {}
[1.803176] (-) TimerEvent: {}
[1.903407] (-) TimerEvent: {}
[2.003639] (-) TimerEvent: {}
[2.103867] (-) TimerEvent: {}
[2.204104] (-) TimerEvent: {}
[2.304337] (-) TimerEvent: {}
[2.404569] (-) TimerEvent: {}
[2.504832] (-) TimerEvent: {}
[2.605091] (-) TimerEvent: {}
[2.705324] (-) TimerEvent: {}
[2.805565] (-) TimerEvent: {}
[2.905801] (-) TimerEvent: {}
[3.006036] (-) TimerEvent: {}
[3.106280] (-) TimerEvent: {}
[3.206522] (-) TimerEvent: {}
[3.306785] (-) TimerEvent: {}
[3.407022] (-) TimerEvent: {}
[3.507270] (-) TimerEvent: {}
[3.607530] (-) TimerEvent: {}
[3.707776] (-) TimerEvent: {}
[3.808011] (-) TimerEvent: {}
[3.908247] (-) TimerEvent: {}
[4.008481] (-) TimerEvent: {}
[4.108735] (-) TimerEvent: {}
[4.208996] (-) TimerEvent: {}
[4.309235] (-) TimerEvent: {}
[4.357171] (sdv_can) StdoutLine: {'line': b'[ 70%] \x1b[32m\x1b[1mLinking CXX executable can_node\x1b[0m\n'}
[4.409331] (-) TimerEvent: {}
[4.509575] (-) TimerEvent: {}
[4.609813] (-) TimerEvent: {}
[4.710047] (-) TimerEvent: {}
[4.810294] (-) TimerEvent: {}
[4.873181] (sdv_can) StdoutLine: {'line': b'[100%] Built target can_node\n'}
[4.882710] (sdv_can) CommandEnded: {'returncode': 0}
[4.909582] (sdv_can) JobProgress: {'identifier': 'sdv_can', 'progress': 'install'}
[4.909828] (sdv_can) Command: {'cmd': ['/usr/bin/cmake', '--install', '/home/fcanof/vanttec_sdv/build/sdv_can'], 'cwd': '/home/fcanof/vanttec_sdv/build/sdv_can', 'env': OrderedDict([('GJS_DEBUG_TOPICS', 'JS ERROR;JS LOG'), ('LESSOPEN', '| /usr/bin/lesspipe %s'), ('USER', 'fcanof'), ('LC_TIME', 'es_MX.UTF-8'), ('GIO_MODULE_DIR', '/home/fcanof/snap/code/common/.cache/gio-modules'), ('XDG_SESSION_TYPE', 'x11'), ('GIT_ASKPASS', '/snap/code/154/usr/share/code/resources/app/extensions/git/dist/askpass.sh'), ('GTK_EXE_PREFIX_VSCODE_SNAP_ORIG', ''), ('GDK_BACKEND_VSCODE_SNAP_ORIG', ''), ('SHLVL', '1'), ('LD_LIBRARY_PATH', '/home/fcanof/vanttec_sdv/install/vectornav_msgs/lib:/home/fcanof/vanttec_sdv/install/sdv_msgs/lib:/opt/ros/humble/opt/rviz_ogre_vendor/lib:/opt/ros/humble/lib/x86_64-linux-gnu:/opt/ros/humble/lib'), ('HOME', '/home/fcanof'), ('CHROME_DESKTOP', 'code-url-handler.desktop'), ('LOCPATH_VSCODE_SNAP_ORIG', ''), ('TERM_PROGRAM_VERSION', '1.87.1'), ('DESKTOP_SESSION', 'ubuntu'), ('GTK_PATH', '/snap/code/154/usr/lib/x86_64-linux-gnu/gtk-3.0'), ('GTK_IM_MODULE_FILE', '/home/fcanof/snap/code/common/.cache/immodules/immodules.cache'), ('GIO_LAUNCHED_DESKTOP_FILE', '/var/lib/snapd/desktop/applications/code_code.desktop'), ('ROS_PYTHON_VERSION', '3'), ('GNOME_SHELL_SESSION_MODE', 'ubuntu'), ('GTK_MODULES', 'gail:atk-bridge'), ('GSETTINGS_SCHEMA_DIR_VSCODE_SNAP_ORIG', ''), ('VSCODE_GIT_ASKPASS_MAIN', '/snap/code/154/usr/share/code/resources/app/extensions/git/dist/askpass-main.js'), ('LC_MONETARY', 'es_MX.UTF-8'), ('VSCODE_GIT_ASKPASS_NODE', '/snap/code/154/usr/share/code/code'), ('MANAGERPID', '2223'), ('SYSTEMD_EXEC_PID', '2758'), ('DBUS_SESSION_BUS_ADDRESS', 'unix:path=/run/user/1000/bus'), ('COLORTERM', 'truecolor'), ('GIO_LAUNCHED_DESKTOP_FILE_PID', '50274'), ('COLCON_PREFIX_PATH', '/home/fcanof/vanttec_sdv/install'), ('ROS_DISTRO', 'humble'), ('GTK_IM_MODULE', 'ibus'), ('LOGNAME', 'fcanof'), ('JOURNAL_STREAM', '8:41161'), ('_', '/usr/bin/colcon'), ('ROS_VERSION', '2'), ('XDG_CONFIG_DIRS_VSCODE_SNAP_ORIG', '/etc/xdg/xdg-ubuntu:/etc/xdg'), ('XDG_SESSION_CLASS', 'user'), ('XDG_DATA_DIRS_VSCODE_SNAP_ORIG', '/usr/share/ubuntu:/usr/share/gnome:/usr/local/share/:/usr/share/:/var/lib/snapd/desktop'), ('USERNAME', 'fcanof'), ('TERM', 'xterm-256color'), ('GNOME_DESKTOP_SESSION_ID', 'this-is-deprecated'), ('ROS_LOCALHOST_ONLY', '1'), ('WINDOWPATH', '2'), ('PATH', '/home/fcanof/.local/bin:/opt/ros/humble/bin:/home/fcanof/.local/bin:/usr/local/sbin:/usr/local/bin:/usr/sbin:/usr/bin:/sbin:/bin:/usr/games:/usr/local/games:/snap/bin:/snap/bin'), ('SESSION_MANAGER', 'local/fcanof:@/tmp/.ICE-unix/2736,unix/fcanof:/tmp/.ICE-unix/2736'), ('GTK_EXE_PREFIX', '/snap/code/154/usr'), ('INVOCATION_ID', '4c90a3b36feb4d8c9cb26423b3ecfd5d'), ('XDG_MENU_PREFIX', 'gnome-'), ('LC_ADDRESS', 'es_MX.UTF-8'), ('BAMF_DESKTOP_FILE_HINT', '/var/lib/snapd/desktop/applications/code_code.desktop'), ('XDG_RUNTIME_DIR', '/run/user/1000'), ('GDK_BACKEND', 'x11'), ('DISPLAY', ':1'), ('LOCPATH', '/snap/code/154/usr/lib/locale'), ('LANG', 'en_US.UTF-8'), ('XDG_CURRENT_DESKTOP', 'Unity'), ('LC_TELEPHONE', 'es_MX.UTF-8'), ('GIO_MODULE_DIR_VSCODE_SNAP_ORIG', ''), ('XMODIFIERS', '@im=ibus'), ('XDG_SESSION_DESKTOP', 'ubuntu'), ('XAUTHORITY', '/run/user/1000/gdm/Xauthority'), ('LS_COLORS', 'rs=0:di=01;34:ln=01;36:mh=00:pi=40;33:so=01;35:do=01;35:bd=40;33;01:cd=40;33;01:or=40;31;01:mi=00:su=37;41:sg=30;43:ca=30;41:tw=30;42:ow=34;42:st=37;44:ex=01;32:*.tar=01;31:*.tgz=01;31:*.arc=01;31:*.arj=01;31:*.taz=01;31:*.lha=01;31:*.lz4=01;31:*.lzh=01;31:*.lzma=01;31:*.tlz=01;31:*.txz=01;31:*.tzo=01;31:*.t7z=01;31:*.zip=01;31:*.z=01;31:*.dz=01;31:*.gz=01;31:*.lrz=01;31:*.lz=01;31:*.lzo=01;31:*.xz=01;31:*.zst=01;31:*.tzst=01;31:*.bz2=01;31:*.bz=01;31:*.tbz=01;31:*.tbz2=01;31:*.tz=01;31:*.deb=01;31:*.rpm=01;31:*.jar=01;31:*.war=01;31:*.ear=01;31:*.sar=01;31:*.rar=01;31:*.alz=01;31:*.ace=01;31:*.zoo=01;31:*.cpio=01;31:*.7z=01;31:*.rz=01;31:*.cab=01;31:*.wim=01;31:*.swm=01;31:*.dwm=01;31:*.esd=01;31:*.jpg=01;35:*.jpeg=01;35:*.mjpg=01;35:*.mjpeg=01;35:*.gif=01;35:*.bmp=01;35:*.pbm=01;35:*.pgm=01;35:*.ppm=01;35:*.tga=01;35:*.xbm=01;35:*.xpm=01;35:*.tif=01;35:*.tiff=01;35:*.png=01;35:*.svg=01;35:*.svgz=01;35:*.mng=01;35:*.pcx=01;35:*.mov=01;35:*.mpg=01;35:*.mpeg=01;35:*.m2v=01;35:*.mkv=01;35:*.webm=01;35:*.webp=01;35:*.ogm=01;35:*.mp4=01;35:*.m4v=01;35:*.mp4v=01;35:*.vob=01;35:*.qt=01;35:*.nuv=01;35:*.wmv=01;35:*.asf=01;35:*.rm=01;35:*.rmvb=01;35:*.flc=01;35:*.avi=01;35:*.fli=01;35:*.flv=01;35:*.gl=01;35:*.dl=01;35:*.xcf=01;35:*.xwd=01;35:*.yuv=01;35:*.cgm=01;35:*.emf=01;35:*.ogv=01;35:*.ogx=01;35:*.aac=00;36:*.au=00;36:*.flac=00;36:*.m4a=00;36:*.mid=00;36:*.midi=00;36:*.mka=00;36:*.mp3=00;36:*.mpc=00;36:*.ogg=00;36:*.ra=00;36:*.wav=00;36:*.oga=00;36:*.opus=00;36:*.spx=00;36:*.xspf=00;36:'), ('VSCODE_GIT_IPC_HANDLE', '/run/user/1000/vscode-git-676dc8d9e0.sock'), ('TERM_PROGRAM', 'vscode'), ('SSH_AGENT_LAUNCHER', 'gnome-keyring'), ('SSH_AUTH_SOCK', '/run/user/1000/keyring/ssh'), ('GSETTINGS_SCHEMA_DIR', '/home/fcanof/snap/code/154/.local/share/glib-2.0/schemas'), ('ROS_DOMAIN_ID', '8'), ('AMENT_PREFIX_PATH', '/home/fcanof/vanttec_sdv/install/sdv_can:/home/fcanof/vanttec_sdv/install/vectornav_msgs:/home/fcanof/vanttec_sdv/install/sdv_msgs:/opt/ros/humble'), ('ORIGINAL_XDG_CURRENT_DESKTOP', 'ubuntu:GNOME'), ('SHELL', '/bin/bash'), ('LC_NAME', 'es_MX.UTF-8'), ('QT_ACCESSIBILITY', '1'), ('GDMSESSION', 'ubuntu'), ('LESSCLOSE', '/usr/bin/lesspipe %s %s'), ('GTK_PATH_VSCODE_SNAP_ORIG', ''), ('GTK_IM_MODULE_FILE_VSCODE_SNAP_ORIG', ''), ('LC_MEASUREMENT', 'es_MX.UTF-8'), ('GPG_AGENT_INFO', '/run/user/1000/gnupg/S.gpg-agent:0:1'), ('GJS_DEBUG_OUTPUT', 'stderr'), ('LC_IDENTIFICATION', 'es_MX.UTF-8'), ('VSCODE_GIT_ASKPASS_EXTRA_ARGS', ''), ('QT_IM_MODULE', 'ibus'), ('PWD', '/home/fcanof/vanttec_sdv/build/sdv_can'), ('LC_ALL', 'en_US.UTF-8'), ('XDG_CONFIG_DIRS', '/etc/xdg/xdg-ubuntu:/etc/xdg'), ('XDG_DATA_DIRS', '/home/fcanof/snap/code/154/.local/share:/home/fcanof/snap/code/154:/snap/code/154/usr/share:/usr/share/ubuntu:/usr/share/gnome:/usr/local/share/:/usr/share/:/var/lib/snapd/desktop'), ('PYTHONPATH', '/home/fcanof/vanttec_sdv/install/vectornav_msgs/local/lib/python3.10/dist-packages:/home/fcanof/vanttec_sdv/install/sdv_msgs/local/lib/python3.10/dist-packages:/opt/ros/humble/lib/python3.10/site-packages:/opt/ros/humble/local/lib/python3.10/dist-packages'), ('LC_NUMERIC', 'es_MX.UTF-8'), ('LC_PAPER', 'es_MX.UTF-8'), ('COLCON', '1'), ('CMAKE_PREFIX_PATH', '/home/fcanof/vanttec_sdv/install/vectornav_msgs:/home/fcanof/vanttec_sdv/install/sdv_msgs:/home/fcanof/vanttec_sdv/install/sdv_can:/opt/ros/humble')]), 'shell': False}
[4.911106] (-) TimerEvent: {}
[4.916603] (sdv_can) StdoutLine: {'line': b'-- Install configuration: ""\n'}
[4.916775] (sdv_can) StdoutLine: {'line': b'-- Up-to-date: /home/fcanof/vanttec_sdv/install/sdv_can/share/sdv_can/launch\n'}
[4.916881] (sdv_can) StdoutLine: {'line': b'-- Up-to-date: /home/fcanof/vanttec_sdv/install/sdv_can/share/sdv_can/launch/panel.launch.py\n'}
[4.916944] (sdv_can) StdoutLine: {'line': b'-- Up-to-date: /home/fcanof/vanttec_sdv/install/sdv_can/share/sdv_can/launch/can_devices.launch.py\n'}
[4.917005] (sdv_can) StdoutLine: {'line': b'-- Up-to-date: /home/fcanof/vanttec_sdv/install/sdv_can/share/sdv_can/config\n'}
[4.917069] (sdv_can) StdoutLine: {'line': b'-- Up-to-date: /home/fcanof/vanttec_sdv/install/sdv_can/share/sdv_can/config/can_params.yaml\n'}
[4.917163] (sdv_can) StdoutLine: {'line': b'-- Installing: /home/fcanof/vanttec_sdv/install/sdv_can/lib/sdv_can/can_node\n'}
[4.922245] (sdv_can) StdoutLine: {'line': b'-- Set runtime path of "/home/fcanof/vanttec_sdv/install/sdv_can/lib/sdv_can/can_node" to ""\n'}
[4.922555] (sdv_can) StdoutLine: {'line': b'-- Up-to-date: /home/fcanof/vanttec_sdv/install/sdv_can/lib/sdv_can/can_node.py\n'}
[4.922660] (sdv_can) StdoutLine: {'line': b'-- Up-to-date: /home/fcanof/vanttec_sdv/install/sdv_can/lib/sdv_can/encoder_rm8004.py\n'}
[4.922728] (sdv_can) StdoutLine: {'line': b'-- Up-to-date: /home/fcanof/vanttec_sdv/install/sdv_can/lib/sdv_can/encoder_briter.py\n'}
[4.922793] (sdv_can) StdoutLine: {'line': b'-- Up-to-date: /home/fcanof/vanttec_sdv/install/sdv_can/lib/sdv_can/xbox_driver.py\n'}
[4.922910] (sdv_can) StdoutLine: {'line': b'-- Up-to-date: /home/fcanof/vanttec_sdv/install/sdv_can/lib/sdv_can/xbox_node.py\n'}
[4.922975] (sdv_can) StdoutLine: {'line': b'-- Up-to-date: /home/fcanof/vanttec_sdv/install/sdv_can/lib/sdv_can/speech.py\n'}
[4.923039] (sdv_can) StdoutLine: {'line': b'-- Up-to-date: /home/fcanof/vanttec_sdv/install/sdv_can/lib/sdv_can/panel_modulev2.py\n'}
[4.923102] (sdv_can) StdoutLine: {'line': b'-- Up-to-date: /home/fcanof/vanttec_sdv/install/sdv_can/lib/sdv_can/heartbeat_node.py\n'}
[4.923166] (sdv_can) StdoutLine: {'line': b'-- Up-to-date: /home/fcanof/vanttec_sdv/install/sdv_can/lib/sdv_can/velocitydata.py\n'}
[4.923228] (sdv_can) StdoutLine: {'line': b'-- Up-to-date: /home/fcanof/vanttec_sdv/install/sdv_can/lib/sdv_can/direcciondata.py\n'}
[4.923294] (sdv_can) StdoutLine: {'line': b'-- Up-to-date: /home/fcanof/vanttec_sdv/install/sdv_can/share/ament_index/resource_index/package_run_dependencies/sdv_can\n'}
[4.923436] (sdv_can) StdoutLine: {'line': b'-- Up-to-date: /home/fcanof/vanttec_sdv/install/sdv_can/share/ament_index/resource_index/parent_prefix_path/sdv_can\n'}
[4.923499] (sdv_can) StdoutLine: {'line': b'-- Up-to-date: /home/fcanof/vanttec_sdv/install/sdv_can/share/sdv_can/environment/ament_prefix_path.sh\n'}
[4.923558] (sdv_can) StdoutLine: {'line': b'-- Up-to-date: /home/fcanof/vanttec_sdv/install/sdv_can/share/sdv_can/environment/ament_prefix_path.dsv\n'}
[4.923616] (sdv_can) StdoutLine: {'line': b'-- Up-to-date: /home/fcanof/vanttec_sdv/install/sdv_can/share/sdv_can/environment/path.sh\n'}
[4.923674] (sdv_can) StdoutLine: {'line': b'-- Up-to-date: /home/fcanof/vanttec_sdv/install/sdv_can/share/sdv_can/environment/path.dsv\n'}
[4.923733] (sdv_can) StdoutLine: {'line': b'-- Up-to-date: /home/fcanof/vanttec_sdv/install/sdv_can/share/sdv_can/local_setup.bash\n'}
[4.923792] (sdv_can) StdoutLine: {'line': b'-- Up-to-date: /home/fcanof/vanttec_sdv/install/sdv_can/share/sdv_can/local_setup.sh\n'}
[4.923849] (sdv_can) StdoutLine: {'line': b'-- Up-to-date: /home/fcanof/vanttec_sdv/install/sdv_can/share/sdv_can/local_setup.zsh\n'}
[4.923907] (sdv_can) StdoutLine: {'line': b'-- Up-to-date: /home/fcanof/vanttec_sdv/install/sdv_can/share/sdv_can/local_setup.dsv\n'}
[4.923966] (sdv_can) StdoutLine: {'line': b'-- Installing: /home/fcanof/vanttec_sdv/install/sdv_can/share/sdv_can/package.dsv\n'}
[4.924024] (sdv_can) StdoutLine: {'line': b'-- Up-to-date: /home/fcanof/vanttec_sdv/install/sdv_can/share/ament_index/resource_index/packages/sdv_can\n'}
[4.924088] (sdv_can) StdoutLine: {'line': b'-- Up-to-date: /home/fcanof/vanttec_sdv/install/sdv_can/share/sdv_can/cmake/sdv_canConfig.cmake\n'}
[4.924147] (sdv_can) StdoutLine: {'line': b'-- Up-to-date: /home/fcanof/vanttec_sdv/install/sdv_can/share/sdv_can/cmake/sdv_canConfig-version.cmake\n'}
[4.924204] (sdv_can) StdoutLine: {'line': b'-- Up-to-date: /home/fcanof/vanttec_sdv/install/sdv_can/share/sdv_can/package.xml\n'}
[4.924869] (sdv_can) CommandEnded: {'returncode': 0}
[5.011203] (-) TimerEvent: {}
[5.090823] (sdv_can) JobEnded: {'identifier': 'sdv_can', 'rc': 0}
[5.091510] (-) EventReactorShutdown: {}
