[0.000000] (-) TimerEvent: {}
[0.000341] (-) JobUnselected: {'identifier': 'isaac_ros_apriltag_interfaces'}
[0.000641] (-) JobUnselected: {'identifier': 'isaac_ros_bi3d_interfaces'}
[0.000948] (-) JobUnselected: {'identifier': 'isaac_ros_common'}
[0.001009] (-) JobUnselected: {'identifier': 'isaac_ros_nitros_bridge_interfaces'}
[0.001031] (-) JobUnselected: {'identifier': 'isaac_ros_nova_interfaces'}
[0.001051] (-) JobUnselected: {'identifier': 'isaac_ros_pointcloud_interfaces'}
[0.001070] (-) JobUnselected: {'identifier': 'isaac_ros_tensor_list_interfaces'}
[0.001088] (-) JobUnselected: {'identifier': 'isaac_ros_test'}
[0.001107] (-) JobUnselected: {'identifier': 'lidar3d_clustering'}
[0.001125] (-) JobUnselected: {'identifier': 'lidar_ground_getter'}
[0.001143] (-) JobUnselected: {'identifier': 'lidar_imu_sync'}
[0.001161] (-) JobUnselected: {'identifier': 'lidar_path_to_odom'}
[0.001180] (-) JobUnselected: {'identifier': 'lio_sam'}
[0.001199] (-) JobUnselected: {'identifier': 'ros_compatibility'}
[0.001217] (-) JobUnselected: {'identifier': 'sdv_can'}
[0.001235] (-) JobUnselected: {'identifier': 'sdv_control'}
[0.001254] (-) JobUnselected: {'identifier': 'sdv_description'}
[0.001272] (-) JobUnselected: {'identifier': 'sdv_launch'}
[0.001289] (-) JobUnselected: {'identifier': 'sdv_lidar_processing'}
[0.001308] (-) JobUnselected: {'identifier': 'sdv_localization'}
[0.001326] (-) JobUnselected: {'identifier': 'sdv_manual_control'}
[0.001345] (-) JobUnselected: {'identifier': 'sdv_robot_description'}
[0.001363] (-) JobUnselected: {'identifier': 'vectornav'}
[0.001381] (-) JobUnselected: {'identifier': 'vectornav_msgs'}
[0.001399] (-) JobUnselected: {'identifier': 'voxel_grid_filter'}
[0.001417] (-) JobUnselected: {'identifier': 'waypoints_niagara_creator'}
[0.001435] (-) JobUnselected: {'identifier': 'waypoints_niagara_loader'}
[0.001457] (sdv_msgs) JobQueued: {'identifier': 'sdv_msgs', 'dependencies': OrderedDict()}
[0.001481] (sdv_msgs) JobStarted: {'identifier': 'sdv_msgs'}
[0.011148] (sdv_msgs) JobProgress: {'identifier': 'sdv_msgs', 'progress': 'cmake'}
[0.012163] (sdv_msgs) JobProgress: {'identifier': 'sdv_msgs', 'progress': 'build'}
[0.012873] (sdv_msgs) Command: {'cmd': ['/usr/bin/cmake', '--build', '/home/fectec151/Downloads/Projects/vanttec_sdv/workspace/src/build/sdv_msgs', '--', '-j12', '-l12'], 'cwd': '/home/fectec151/Downloads/Projects/vanttec_sdv/workspace/src/build/sdv_msgs', 'env': OrderedDict([('LESSOPEN', '| /usr/bin/lesspipe %s'), ('USER', 'fectec151'), ('LC_TIME', 'es_MX.UTF-8'), ('XDG_SESSION_TYPE', 'wayland'), ('SHLVL', '1'), ('LD_LIBRARY_PATH', '/usr/lib/x86_64-linux-gnu/gazebo-11/plugins:/opt/ros/humble/opt/rviz_ogre_vendor/lib:/opt/ros/humble/lib/x86_64-linux-gnu:/opt/ros/humble/lib'), ('HOME', '/home/fectec151'), ('OLDPWD', '/home/fectec151/Downloads/Projects/vanttec_sdv'), ('DESKTOP_SESSION', 'ubuntu'), ('ROS_PYTHON_VERSION', '3'), ('GNOME_SHELL_SESSION_MODE', 'ubuntu'), ('GTK_MODULES', 'gail:atk-bridge'), ('LC_MONETARY', 'es_MX.UTF-8'), ('MANAGERPID', '2215'), ('SYSTEMD_EXEC_PID', '2569'), ('DBUS_SESSION_BUS_ADDRESS', 'unix:path=/run/user/1000/bus'), ('COLORTERM', 'truecolor'), ('TERMINATOR_DBUS_NAME', 'net.tenshu.Terminator25ef4b219e3b005583550f2b0f9f990c3'), ('GIO_LAUNCHED_DESKTOP_FILE_PID', '10917'), ('NVM_DIR', '/home/fectec151/.nvm'), ('IM_CONFIG_PHASE', '1'), ('WAYLAND_DISPLAY', 'wayland-0'), ('ROS_DISTRO', 'humble'), ('LOGNAME', 'fectec151'), ('JOURNAL_STREAM', '8:41217'), ('_', '/usr/bin/colcon'), ('ROS_VERSION', '2'), ('XDG_SESSION_CLASS', 'user'), ('USERNAME', 'fectec151'), ('TERM', 'xterm-256color'), ('GNOME_DESKTOP_SESSION_ID', 'this-is-deprecated'), ('ROS_LOCALHOST_ONLY', '0'), ('HISTCONTROL', 'ignoredups'), ('PATH', '/opt/ros/humble/bin:/home/fectec151/.local/bin:/usr/local/sbin:/usr/local/bin:/usr/sbin:/usr/bin:/sbin:/bin:/usr/games:/usr/local/games:/snap/bin:/snap/bin'), ('SESSION_MANAGER', 'local/fec-pc:@/tmp/.ICE-unix/2366,unix/fec-pc:/tmp/.ICE-unix/2366'), ('INVOCATION_ID', 'e0218aa67945489db8c2a4360534ca1a'), ('XDG_MENU_PREFIX', 'gnome-'), ('LC_ADDRESS', 'es_MX.UTF-8'), ('GNOME_SETUP_DISPLAY', ':1'), ('XDG_RUNTIME_DIR', '/run/user/1000'), ('DISPLAY', ':0'), ('HISTSIZE', '1000'), ('TERMINATOR_DBUS_PATH', '/net/tenshu/Terminator2'), ('LANG', 'en_US.UTF-8'), ('XDG_CURRENT_DESKTOP', 'ubuntu:GNOME'), ('IBUS_DISABLE_SNOOPER', '1'), ('LC_TELEPHONE', 'es_MX.UTF-8'), ('XMODIFIERS', '@im=ibus'), ('XDG_SESSION_DESKTOP', 'ubuntu'), ('XAUTHORITY', '/run/user/1000/.mutter-Xwaylandauth.F9RUO2'), ('LS_COLORS', 'rs=0:di=01;34:ln=01;36:mh=00:pi=40;33:so=01;35:do=01;35:bd=40;33;01:cd=40;33;01:or=40;31;01:mi=00:su=37;41:sg=30;43:ca=30;41:tw=30;42:ow=34;42:st=37;44:ex=01;32:*.tar=01;31:*.tgz=01;31:*.arc=01;31:*.arj=01;31:*.taz=01;31:*.lha=01;31:*.lz4=01;31:*.lzh=01;31:*.lzma=01;31:*.tlz=01;31:*.txz=01;31:*.tzo=01;31:*.t7z=01;31:*.zip=01;31:*.z=01;31:*.dz=01;31:*.gz=01;31:*.lrz=01;31:*.lz=01;31:*.lzo=01;31:*.xz=01;31:*.zst=01;31:*.tzst=01;31:*.bz2=01;31:*.bz=01;31:*.tbz=01;31:*.tbz2=01;31:*.tz=01;31:*.deb=01;31:*.rpm=01;31:*.jar=01;31:*.war=01;31:*.ear=01;31:*.sar=01;31:*.rar=01;31:*.alz=01;31:*.ace=01;31:*.zoo=01;31:*.cpio=01;31:*.7z=01;31:*.rz=01;31:*.cab=01;31:*.wim=01;31:*.swm=01;31:*.dwm=01;31:*.esd=01;31:*.jpg=01;35:*.jpeg=01;35:*.mjpg=01;35:*.mjpeg=01;35:*.gif=01;35:*.bmp=01;35:*.pbm=01;35:*.pgm=01;35:*.ppm=01;35:*.tga=01;35:*.xbm=01;35:*.xpm=01;35:*.tif=01;35:*.tiff=01;35:*.png=01;35:*.svg=01;35:*.svgz=01;35:*.mng=01;35:*.pcx=01;35:*.mov=01;35:*.mpg=01;35:*.mpeg=01;35:*.m2v=01;35:*.mkv=01;35:*.webm=01;35:*.webp=01;35:*.ogm=01;35:*.mp4=01;35:*.m4v=01;35:*.mp4v=01;35:*.vob=01;35:*.qt=01;35:*.nuv=01;35:*.wmv=01;35:*.asf=01;35:*.rm=01;35:*.rmvb=01;35:*.flc=01;35:*.avi=01;35:*.fli=01;35:*.flv=01;35:*.gl=01;35:*.dl=01;35:*.xcf=01;35:*.xwd=01;35:*.yuv=01;35:*.cgm=01;35:*.emf=01;35:*.ogv=01;35:*.ogx=01;35:*.aac=00;36:*.au=00;36:*.flac=00;36:*.m4a=00;36:*.mid=00;36:*.midi=00;36:*.mka=00;36:*.mp3=00;36:*.mpc=00;36:*.ogg=00;36:*.ra=00;36:*.wav=00;36:*.oga=00;36:*.opus=00;36:*.spx=00;36:*.xspf=00;36:'), ('SSH_AGENT_LAUNCHER', 'gnome-keyring'), ('SSH_AUTH_SOCK', '/run/user/1000/keyring/ssh'), ('AMENT_PREFIX_PATH', '/opt/ros/humble'), ('SHELL', '/bin/bash'), ('LC_NAME', 'es_MX.UTF-8'), ('TERMINATOR_UUID', 'urn:uuid:9d7c22ac-30dc-434b-b23b-62e8d3d32d62'), ('QT_ACCESSIBILITY', '1'), ('GDMSESSION', 'ubuntu'), ('LESSCLOSE', '/usr/bin/lesspipe %s %s'), ('LC_MEASUREMENT', 'es_MX.UTF-8'), ('LC_IDENTIFICATION', 'es_MX.UTF-8'), ('QT_IM_MODULE', 'ibus'), ('PWD', '/home/fectec151/Downloads/Projects/vanttec_sdv/workspace/src/build/sdv_msgs'), ('LC_ALL', 'en_US.UTF-8'), ('XDG_CONFIG_DIRS', '/etc/xdg/xdg-ubuntu:/etc/xdg'), ('NVM_CD_FLAGS', ''), ('XDG_DATA_DIRS', '/usr/share/ubuntu:/usr/local/share/:/usr/share/:/var/lib/snapd/desktop'), ('PYTHONPATH', '/opt/ros/humble/lib/python3.10/site-packages:/opt/ros/humble/local/lib/python3.10/dist-packages'), ('LC_NUMERIC', 'es_MX.UTF-8'), ('LC_PAPER', 'es_MX.UTF-8'), ('COLCON', '1'), ('VTE_VERSION', '6800'), ('NVM_RC_VERSION', ''), ('CMAKE_PREFIX_PATH', '/opt/ros/humble')]), 'shell': False}
[0.072432] (sdv_msgs) StdoutLine: {'line': b'-- Found ament_cmake: 1.3.8 (/opt/ros/humble/share/ament_cmake/cmake)\n'}
[0.099704] (-) TimerEvent: {}
[0.200085] (-) TimerEvent: {}
[0.268357] (sdv_msgs) StdoutLine: {'line': b'-- Found rosidl_default_generators: 1.2.0 (/opt/ros/humble/share/rosidl_default_generators/cmake)\n'}
[0.271875] (sdv_msgs) StdoutLine: {'line': b'-- Using all available rosidl_typesupport_c: rosidl_typesupport_fastrtps_c;rosidl_typesupport_introspection_c\n'}
[0.276719] (sdv_msgs) StdoutLine: {'line': b'-- Found rosidl_adapter: 3.1.5 (/opt/ros/humble/share/rosidl_adapter/cmake)\n'}
[0.300258] (-) TimerEvent: {}
[0.327611] (sdv_msgs) StdoutLine: {'line': b'-- Using all available rosidl_typesupport_cpp: rosidl_typesupport_fastrtps_cpp;rosidl_typesupport_introspection_cpp\n'}
[0.400373] (-) TimerEvent: {}
[0.401010] (sdv_msgs) StdoutLine: {'line': b'-- Found geometry_msgs: 4.2.3 (/opt/ros/humble/share/geometry_msgs/cmake)\n'}
[0.500521] (-) TimerEvent: {}
[0.600938] (-) TimerEvent: {}
[0.701357] (-) TimerEvent: {}
[0.801732] (-) TimerEvent: {}
[0.902122] (-) TimerEvent: {}
[1.002527] (-) TimerEvent: {}
[1.102890] (-) TimerEvent: {}
[1.111954] (sdv_msgs) StdoutLine: {'line': b'-- Found ament_cmake_ros: 0.10.0 (/opt/ros/humble/share/ament_cmake_ros/cmake)\n'}
[1.203000] (-) TimerEvent: {}
[1.303338] (-) TimerEvent: {}
[1.403744] (-) TimerEvent: {}
[1.408180] (sdv_msgs) StdoutLine: {'line': b'-- Using all available rosidl_typesupport_c: rosidl_typesupport_fastrtps_c;rosidl_typesupport_introspection_c\n'}
[1.503935] (-) TimerEvent: {}
[1.604241] (-) TimerEvent: {}
[1.704590] (-) TimerEvent: {}
[1.799697] (sdv_msgs) StdoutLine: {'line': b'-- Using all available rosidl_typesupport_cpp: rosidl_typesupport_fastrtps_cpp;rosidl_typesupport_introspection_cpp\n'}
[1.804672] (-) TimerEvent: {}
[1.826388] (sdv_msgs) StdoutLine: {'line': b'-- Found python_cmake_module: 0.10.0 (/opt/ros/humble/share/python_cmake_module/cmake)\n'}
[1.862454] (sdv_msgs) StdoutLine: {'line': b'-- Using PYTHON_EXECUTABLE: /usr/bin/python3\n'}
[1.862651] (sdv_msgs) StdoutLine: {'line': b'-- Using PYTHON_INCLUDE_DIRS: /usr/include/python3.10\n'}
[1.862718] (sdv_msgs) StdoutLine: {'line': b'-- Using PYTHON_LIBRARIES: /usr/lib/x86_64-linux-gnu/libpython3.10.so\n'}
[1.904796] (-) TimerEvent: {}
[1.919860] (sdv_msgs) StdoutLine: {'line': b'-- Configuring done\n'}
[1.997977] (sdv_msgs) StdoutLine: {'line': b'-- Generating done\n'}
[2.002295] (sdv_msgs) StdoutLine: {'line': b'-- Build files have been written to: /home/fectec151/Downloads/Projects/vanttec_sdv/workspace/src/build/sdv_msgs\n'}
[2.004911] (-) TimerEvent: {}
[2.038825] (sdv_msgs) StdoutLine: {'line': b'\x1b[35m\x1b[1mConsolidate compiler generated dependencies of target sdv_msgs__rosidl_generator_c\x1b[0m\n'}
[2.045037] (sdv_msgs) StdoutLine: {'line': b'[  0%] Built target sdv_msgs__cpp\n'}
[2.061522] (sdv_msgs) StdoutLine: {'line': b'[ 12%] Built target sdv_msgs__rosidl_generator_c\n'}
[2.062130] (sdv_msgs) StdoutLine: {'line': b'\x1b[35m\x1b[1mConsolidate compiler generated dependencies of target sdv_msgs__rosidl_typesupport_cpp\x1b[0m\n'}
[2.062336] (sdv_msgs) StdoutLine: {'line': b'[ 12%] Built target ament_cmake_python_copy_sdv_msgs\n'}
[2.063610] (sdv_msgs) StdoutLine: {'line': b'\x1b[35m\x1b[1mConsolidate compiler generated dependencies of target sdv_msgs__rosidl_typesupport_fastrtps_cpp\x1b[0m\n'}
[2.063856] (sdv_msgs) StdoutLine: {'line': b'\x1b[35m\x1b[1mConsolidate compiler generated dependencies of target sdv_msgs__rosidl_typesupport_introspection_cpp\x1b[0m\n'}
[2.075539] (sdv_msgs) StdoutLine: {'line': b'\x1b[35m\x1b[1mConsolidate compiler generated dependencies of target sdv_msgs__rosidl_typesupport_c\x1b[0m\n'}
[2.076561] (sdv_msgs) StdoutLine: {'line': b'\x1b[35m\x1b[1mConsolidate compiler generated dependencies of target sdv_msgs__rosidl_typesupport_introspection_c\x1b[0m\n'}
[2.083732] (sdv_msgs) StdoutLine: {'line': b'\x1b[35m\x1b[1mConsolidate compiler generated dependencies of target sdv_msgs__rosidl_typesupport_fastrtps_c\x1b[0m\n'}
[2.093078] (sdv_msgs) StdoutLine: {'line': b'[ 24%] Built target sdv_msgs__rosidl_typesupport_introspection_cpp\n'}
[2.094680] (sdv_msgs) StdoutLine: {'line': b'[ 36%] Built target sdv_msgs__rosidl_typesupport_c\n'}
[2.100588] (sdv_msgs) StdoutLine: {'line': b'[ 48%] Built target sdv_msgs__rosidl_typesupport_cpp\n'}
[2.100875] (sdv_msgs) StdoutLine: {'line': b'[ 67%] Built target sdv_msgs__rosidl_typesupport_fastrtps_cpp\n'}
[2.101226] (sdv_msgs) StdoutLine: {'line': b'[ 72%] Built target sdv_msgs__rosidl_typesupport_introspection_c\n'}
[2.105012] (-) TimerEvent: {}
[2.120777] (sdv_msgs) StdoutLine: {'line': b'[ 84%] Built target sdv_msgs__rosidl_typesupport_fastrtps_c\n'}
[2.149537] (sdv_msgs) StdoutLine: {'line': b'[ 84%] Built target sdv_msgs\n'}
[2.174008] (sdv_msgs) StdoutLine: {'line': b'[ 85%] Built target sdv_msgs__py\n'}
[2.191927] (sdv_msgs) StdoutLine: {'line': b'\x1b[35m\x1b[1mConsolidate compiler generated dependencies of target sdv_msgs__rosidl_generator_py\x1b[0m\n'}
[2.205141] (-) TimerEvent: {}
[2.230891] (sdv_msgs) StdoutLine: {'line': b'[ 96%] Built target sdv_msgs__rosidl_generator_py\n'}
[2.250980] (sdv_msgs) StdoutLine: {'line': b'\x1b[35m\x1b[1mConsolidate compiler generated dependencies of target sdv_msgs__rosidl_typesupport_fastrtps_c__pyext\x1b[0m\n'}
[2.253031] (sdv_msgs) StdoutLine: {'line': b'\x1b[35m\x1b[1mConsolidate compiler generated dependencies of target sdv_msgs__rosidl_typesupport_introspection_c__pyext\x1b[0m\n'}
[2.258925] (sdv_msgs) StdoutLine: {'line': b'\x1b[35m\x1b[1mConsolidate compiler generated dependencies of target sdv_msgs__rosidl_typesupport_c__pyext\x1b[0m\n'}
[2.267795] (sdv_msgs) StdoutLine: {'line': b'[ 97%] Built target sdv_msgs__rosidl_typesupport_fastrtps_c__pyext\n'}
[2.276301] (sdv_msgs) StdoutLine: {'line': b'[ 99%] Built target sdv_msgs__rosidl_typesupport_introspection_c__pyext\n'}
[2.281501] (sdv_msgs) StdoutLine: {'line': b'[100%] Built target sdv_msgs__rosidl_typesupport_c__pyext\n'}
[2.305253] (-) TimerEvent: {}
[2.392906] (sdv_msgs) StdoutLine: {'line': b'running egg_info\n'}
[2.394481] (sdv_msgs) StdoutLine: {'line': b'writing sdv_msgs.egg-info/PKG-INFO\n'}
[2.394899] (sdv_msgs) StdoutLine: {'line': b'writing dependency_links to sdv_msgs.egg-info/dependency_links.txt\n'}
[2.395282] (sdv_msgs) StdoutLine: {'line': b'writing top-level names to sdv_msgs.egg-info/top_level.txt\n'}
[2.401587] (sdv_msgs) StdoutLine: {'line': b"reading manifest file 'sdv_msgs.egg-info/SOURCES.txt'\n"}
[2.403260] (sdv_msgs) StdoutLine: {'line': b"writing manifest file 'sdv_msgs.egg-info/SOURCES.txt'\n"}
[2.405350] (-) TimerEvent: {}
[2.447155] (sdv_msgs) StdoutLine: {'line': b'[100%] Built target ament_cmake_python_build_sdv_msgs_egg\n'}
[2.459708] (sdv_msgs) CommandEnded: {'returncode': 0}
[2.505465] (-) TimerEvent: {}
[2.606001] (-) TimerEvent: {}
[2.706505] (-) TimerEvent: {}
[2.806994] (-) TimerEvent: {}
[2.907424] (-) TimerEvent: {}
[2.913681] (sdv_msgs) JobProgress: {'identifier': 'sdv_msgs', 'progress': 'install'}
[2.922510] (sdv_msgs) Command: {'cmd': ['/usr/bin/cmake', '--install', '/home/fectec151/Downloads/Projects/vanttec_sdv/workspace/src/build/sdv_msgs'], 'cwd': '/home/fectec151/Downloads/Projects/vanttec_sdv/workspace/src/build/sdv_msgs', 'env': OrderedDict([('LESSOPEN', '| /usr/bin/lesspipe %s'), ('USER', 'fectec151'), ('LC_TIME', 'es_MX.UTF-8'), ('XDG_SESSION_TYPE', 'wayland'), ('SHLVL', '1'), ('LD_LIBRARY_PATH', '/usr/lib/x86_64-linux-gnu/gazebo-11/plugins:/opt/ros/humble/opt/rviz_ogre_vendor/lib:/opt/ros/humble/lib/x86_64-linux-gnu:/opt/ros/humble/lib'), ('HOME', '/home/fectec151'), ('OLDPWD', '/home/fectec151/Downloads/Projects/vanttec_sdv'), ('DESKTOP_SESSION', 'ubuntu'), ('ROS_PYTHON_VERSION', '3'), ('GNOME_SHELL_SESSION_MODE', 'ubuntu'), ('GTK_MODULES', 'gail:atk-bridge'), ('LC_MONETARY', 'es_MX.UTF-8'), ('MANAGERPID', '2215'), ('SYSTEMD_EXEC_PID', '2569'), ('DBUS_SESSION_BUS_ADDRESS', 'unix:path=/run/user/1000/bus'), ('COLORTERM', 'truecolor'), ('TERMINATOR_DBUS_NAME', 'net.tenshu.Terminator25ef4b219e3b005583550f2b0f9f990c3'), ('GIO_LAUNCHED_DESKTOP_FILE_PID', '10917'), ('NVM_DIR', '/home/fectec151/.nvm'), ('IM_CONFIG_PHASE', '1'), ('WAYLAND_DISPLAY', 'wayland-0'), ('ROS_DISTRO', 'humble'), ('LOGNAME', 'fectec151'), ('JOURNAL_STREAM', '8:41217'), ('_', '/usr/bin/colcon'), ('ROS_VERSION', '2'), ('XDG_SESSION_CLASS', 'user'), ('USERNAME', 'fectec151'), ('TERM', 'xterm-256color'), ('GNOME_DESKTOP_SESSION_ID', 'this-is-deprecated'), ('ROS_LOCALHOST_ONLY', '0'), ('HISTCONTROL', 'ignoredups'), ('PATH', '/opt/ros/humble/bin:/home/fectec151/.local/bin:/usr/local/sbin:/usr/local/bin:/usr/sbin:/usr/bin:/sbin:/bin:/usr/games:/usr/local/games:/snap/bin:/snap/bin'), ('SESSION_MANAGER', 'local/fec-pc:@/tmp/.ICE-unix/2366,unix/fec-pc:/tmp/.ICE-unix/2366'), ('INVOCATION_ID', 'e0218aa67945489db8c2a4360534ca1a'), ('XDG_MENU_PREFIX', 'gnome-'), ('LC_ADDRESS', 'es_MX.UTF-8'), ('GNOME_SETUP_DISPLAY', ':1'), ('XDG_RUNTIME_DIR', '/run/user/1000'), ('DISPLAY', ':0'), ('HISTSIZE', '1000'), ('TERMINATOR_DBUS_PATH', '/net/tenshu/Terminator2'), ('LANG', 'en_US.UTF-8'), ('XDG_CURRENT_DESKTOP', 'ubuntu:GNOME'), ('IBUS_DISABLE_SNOOPER', '1'), ('LC_TELEPHONE', 'es_MX.UTF-8'), ('XMODIFIERS', '@im=ibus'), ('XDG_SESSION_DESKTOP', 'ubuntu'), ('XAUTHORITY', '/run/user/1000/.mutter-Xwaylandauth.F9RUO2'), ('LS_COLORS', 'rs=0:di=01;34:ln=01;36:mh=00:pi=40;33:so=01;35:do=01;35:bd=40;33;01:cd=40;33;01:or=40;31;01:mi=00:su=37;41:sg=30;43:ca=30;41:tw=30;42:ow=34;42:st=37;44:ex=01;32:*.tar=01;31:*.tgz=01;31:*.arc=01;31:*.arj=01;31:*.taz=01;31:*.lha=01;31:*.lz4=01;31:*.lzh=01;31:*.lzma=01;31:*.tlz=01;31:*.txz=01;31:*.tzo=01;31:*.t7z=01;31:*.zip=01;31:*.z=01;31:*.dz=01;31:*.gz=01;31:*.lrz=01;31:*.lz=01;31:*.lzo=01;31:*.xz=01;31:*.zst=01;31:*.tzst=01;31:*.bz2=01;31:*.bz=01;31:*.tbz=01;31:*.tbz2=01;31:*.tz=01;31:*.deb=01;31:*.rpm=01;31:*.jar=01;31:*.war=01;31:*.ear=01;31:*.sar=01;31:*.rar=01;31:*.alz=01;31:*.ace=01;31:*.zoo=01;31:*.cpio=01;31:*.7z=01;31:*.rz=01;31:*.cab=01;31:*.wim=01;31:*.swm=01;31:*.dwm=01;31:*.esd=01;31:*.jpg=01;35:*.jpeg=01;35:*.mjpg=01;35:*.mjpeg=01;35:*.gif=01;35:*.bmp=01;35:*.pbm=01;35:*.pgm=01;35:*.ppm=01;35:*.tga=01;35:*.xbm=01;35:*.xpm=01;35:*.tif=01;35:*.tiff=01;35:*.png=01;35:*.svg=01;35:*.svgz=01;35:*.mng=01;35:*.pcx=01;35:*.mov=01;35:*.mpg=01;35:*.mpeg=01;35:*.m2v=01;35:*.mkv=01;35:*.webm=01;35:*.webp=01;35:*.ogm=01;35:*.mp4=01;35:*.m4v=01;35:*.mp4v=01;35:*.vob=01;35:*.qt=01;35:*.nuv=01;35:*.wmv=01;35:*.asf=01;35:*.rm=01;35:*.rmvb=01;35:*.flc=01;35:*.avi=01;35:*.fli=01;35:*.flv=01;35:*.gl=01;35:*.dl=01;35:*.xcf=01;35:*.xwd=01;35:*.yuv=01;35:*.cgm=01;35:*.emf=01;35:*.ogv=01;35:*.ogx=01;35:*.aac=00;36:*.au=00;36:*.flac=00;36:*.m4a=00;36:*.mid=00;36:*.midi=00;36:*.mka=00;36:*.mp3=00;36:*.mpc=00;36:*.ogg=00;36:*.ra=00;36:*.wav=00;36:*.oga=00;36:*.opus=00;36:*.spx=00;36:*.xspf=00;36:'), ('SSH_AGENT_LAUNCHER', 'gnome-keyring'), ('SSH_AUTH_SOCK', '/run/user/1000/keyring/ssh'), ('AMENT_PREFIX_PATH', '/opt/ros/humble'), ('SHELL', '/bin/bash'), ('LC_NAME', 'es_MX.UTF-8'), ('TERMINATOR_UUID', 'urn:uuid:9d7c22ac-30dc-434b-b23b-62e8d3d32d62'), ('QT_ACCESSIBILITY', '1'), ('GDMSESSION', 'ubuntu'), ('LESSCLOSE', '/usr/bin/lesspipe %s %s'), ('LC_MEASUREMENT', 'es_MX.UTF-8'), ('LC_IDENTIFICATION', 'es_MX.UTF-8'), ('QT_IM_MODULE', 'ibus'), ('PWD', '/home/fectec151/Downloads/Projects/vanttec_sdv/workspace/src/build/sdv_msgs'), ('LC_ALL', 'en_US.UTF-8'), ('XDG_CONFIG_DIRS', '/etc/xdg/xdg-ubuntu:/etc/xdg'), ('NVM_CD_FLAGS', ''), ('XDG_DATA_DIRS', '/usr/share/ubuntu:/usr/local/share/:/usr/share/:/var/lib/snapd/desktop'), ('PYTHONPATH', '/opt/ros/humble/lib/python3.10/site-packages:/opt/ros/humble/local/lib/python3.10/dist-packages'), ('LC_NUMERIC', 'es_MX.UTF-8'), ('LC_PAPER', 'es_MX.UTF-8'), ('COLCON', '1'), ('VTE_VERSION', '6800'), ('NVM_RC_VERSION', ''), ('CMAKE_PREFIX_PATH', '/opt/ros/humble')]), 'shell': False}
[2.930577] (sdv_msgs) StdoutLine: {'line': b'-- Install configuration: ""\n'}
[2.930902] (sdv_msgs) StdoutLine: {'line': b'-- Up-to-date: /home/fectec151/Downloads/Projects/vanttec_sdv/workspace/src/install/sdv_msgs/share/ament_index/resource_index/rosidl_interfaces/sdv_msgs\n'}
[2.931045] (sdv_msgs) StdoutLine: {'line': b'-- Up-to-date: /home/fectec151/Downloads/Projects/vanttec_sdv/workspace/src/install/sdv_msgs/include/sdv_msgs/sdv_msgs\n'}
[2.931125] (sdv_msgs) StdoutLine: {'line': b'-- Up-to-date: /home/fectec151/Downloads/Projects/vanttec_sdv/workspace/src/install/sdv_msgs/include/sdv_msgs/sdv_msgs/srv\n'}
[2.931362] (sdv_msgs) StdoutLine: {'line': b'-- Up-to-date: /home/fectec151/Downloads/Projects/vanttec_sdv/workspace/src/install/sdv_msgs/include/sdv_msgs/sdv_msgs/srv/detail\n'}
[2.931690] (sdv_msgs) StdoutLine: {'line': b'-- Up-to-date: /home/fectec151/Downloads/Projects/vanttec_sdv/workspace/src/install/sdv_msgs/include/sdv_msgs/sdv_msgs/srv/detail/uint8__functions.h\n'}
[2.931776] (sdv_msgs) StdoutLine: {'line': b'-- Up-to-date: /home/fectec151/Downloads/Projects/vanttec_sdv/workspace/src/install/sdv_msgs/include/sdv_msgs/sdv_msgs/srv/detail/uint8__functions.c\n'}
[2.931841] (sdv_msgs) StdoutLine: {'line': b'-- Up-to-date: /home/fectec151/Downloads/Projects/vanttec_sdv/workspace/src/install/sdv_msgs/include/sdv_msgs/sdv_msgs/srv/detail/uint8__struct.h\n'}
[2.931901] (sdv_msgs) StdoutLine: {'line': b'-- Up-to-date: /home/fectec151/Downloads/Projects/vanttec_sdv/workspace/src/install/sdv_msgs/include/sdv_msgs/sdv_msgs/srv/detail/uint8__type_support.h\n'}
[2.931997] (sdv_msgs) StdoutLine: {'line': b'-- Up-to-date: /home/fectec151/Downloads/Projects/vanttec_sdv/workspace/src/install/sdv_msgs/include/sdv_msgs/sdv_msgs/srv/uint8.h\n'}
[2.932149] (sdv_msgs) StdoutLine: {'line': b'-- Up-to-date: /home/fectec151/Downloads/Projects/vanttec_sdv/workspace/src/install/sdv_msgs/include/sdv_msgs/sdv_msgs/msg\n'}
[2.932200] (sdv_msgs) StdoutLine: {'line': b'-- Up-to-date: /home/fectec151/Downloads/Projects/vanttec_sdv/workspace/src/install/sdv_msgs/include/sdv_msgs/sdv_msgs/msg/vehicle_status.h\n'}
[2.932249] (sdv_msgs) StdoutLine: {'line': b'-- Up-to-date: /home/fectec151/Downloads/Projects/vanttec_sdv/workspace/src/install/sdv_msgs/include/sdv_msgs/sdv_msgs/msg/vehicle_info.h\n'}
[2.932298] (sdv_msgs) StdoutLine: {'line': b'-- Up-to-date: /home/fectec151/Downloads/Projects/vanttec_sdv/workspace/src/install/sdv_msgs/include/sdv_msgs/sdv_msgs/msg/lane_invasion_event.h\n'}
[2.932345] (sdv_msgs) StdoutLine: {'line': b'-- Up-to-date: /home/fectec151/Downloads/Projects/vanttec_sdv/workspace/src/install/sdv_msgs/include/sdv_msgs/sdv_msgs/msg/vehicle_control.h\n'}
[2.932391] (sdv_msgs) StdoutLine: {'line': b'-- Up-to-date: /home/fectec151/Downloads/Projects/vanttec_sdv/workspace/src/install/sdv_msgs/include/sdv_msgs/sdv_msgs/msg/waypoint_vector.h\n'}
[2.932438] (sdv_msgs) StdoutLine: {'line': b'-- Up-to-date: /home/fectec151/Downloads/Projects/vanttec_sdv/workspace/src/install/sdv_msgs/include/sdv_msgs/sdv_msgs/msg/encoder.h\n'}
[2.932568] (sdv_msgs) StdoutLine: {'line': b'-- Up-to-date: /home/fectec151/Downloads/Projects/vanttec_sdv/workspace/src/install/sdv_msgs/include/sdv_msgs/sdv_msgs/msg/state.h\n'}
[2.932631] (sdv_msgs) StdoutLine: {'line': b'-- Up-to-date: /home/fectec151/Downloads/Projects/vanttec_sdv/workspace/src/install/sdv_msgs/include/sdv_msgs/sdv_msgs/msg/panel_msg.h\n'}
[2.932680] (sdv_msgs) StdoutLine: {'line': b'-- Up-to-date: /home/fectec151/Downloads/Projects/vanttec_sdv/workspace/src/install/sdv_msgs/include/sdv_msgs/sdv_msgs/msg/throttle_msg.h\n'}
[2.932728] (sdv_msgs) StdoutLine: {'line': b'-- Up-to-date: /home/fectec151/Downloads/Projects/vanttec_sdv/workspace/src/install/sdv_msgs/include/sdv_msgs/sdv_msgs/msg/rosidl_generator_c__visibility_control.h\n'}
[2.932775] (sdv_msgs) StdoutLine: {'line': b'-- Up-to-date: /home/fectec151/Downloads/Projects/vanttec_sdv/workspace/src/install/sdv_msgs/include/sdv_msgs/sdv_msgs/msg/xbox_msg.h\n'}
[2.932828] (sdv_msgs) StdoutLine: {'line': b'-- Up-to-date: /home/fectec151/Downloads/Projects/vanttec_sdv/workspace/src/install/sdv_msgs/include/sdv_msgs/sdv_msgs/msg/vehicle_info_wheel.h\n'}
[2.932897] (sdv_msgs) StdoutLine: {'line': b'-- Up-to-date: /home/fectec151/Downloads/Projects/vanttec_sdv/workspace/src/install/sdv_msgs/include/sdv_msgs/sdv_msgs/msg/collision_event.h\n'}
[2.932987] (sdv_msgs) StdoutLine: {'line': b'-- Up-to-date: /home/fectec151/Downloads/Projects/vanttec_sdv/workspace/src/install/sdv_msgs/include/sdv_msgs/sdv_msgs/msg/eta_pose.h\n'}
[2.933033] (sdv_msgs) StdoutLine: {'line': b'-- Up-to-date: /home/fectec151/Downloads/Projects/vanttec_sdv/workspace/src/install/sdv_msgs/include/sdv_msgs/sdv_msgs/msg/guidance_waypoints.h\n'}
[2.933077] (sdv_msgs) StdoutLine: {'line': b'-- Up-to-date: /home/fectec151/Downloads/Projects/vanttec_sdv/workspace/src/install/sdv_msgs/include/sdv_msgs/sdv_msgs/msg/status.h\n'}
[2.933127] (sdv_msgs) StdoutLine: {'line': b'-- Up-to-date: /home/fectec151/Downloads/Projects/vanttec_sdv/workspace/src/install/sdv_msgs/include/sdv_msgs/sdv_msgs/msg/system_dynamics.h\n'}
[2.933192] (sdv_msgs) StdoutLine: {'line': b'-- Up-to-date: /home/fectec151/Downloads/Projects/vanttec_sdv/workspace/src/install/sdv_msgs/include/sdv_msgs/sdv_msgs/msg/thrust_control.h\n'}
[2.933256] (sdv_msgs) StdoutLine: {'line': b'-- Up-to-date: /home/fectec151/Downloads/Projects/vanttec_sdv/workspace/src/install/sdv_msgs/include/sdv_msgs/sdv_msgs/msg/detail\n'}
[2.933318] (sdv_msgs) StdoutLine: {'line': b'-- Up-to-date: /home/fectec151/Downloads/Projects/vanttec_sdv/workspace/src/install/sdv_msgs/include/sdv_msgs/sdv_msgs/msg/detail/waypoint_vector__struct.h\n'}
[2.933377] (sdv_msgs) StdoutLine: {'line': b'-- Up-to-date: /home/fectec151/Downloads/Projects/vanttec_sdv/workspace/src/install/sdv_msgs/include/sdv_msgs/sdv_msgs/msg/detail/vehicle_status__functions.c\n'}
[2.933443] (sdv_msgs) StdoutLine: {'line': b'-- Up-to-date: /home/fectec151/Downloads/Projects/vanttec_sdv/workspace/src/install/sdv_msgs/include/sdv_msgs/sdv_msgs/msg/detail/thrust_control__functions.h\n'}
[2.933514] (sdv_msgs) StdoutLine: {'line': b'-- Up-to-date: /home/fectec151/Downloads/Projects/vanttec_sdv/workspace/src/install/sdv_msgs/include/sdv_msgs/sdv_msgs/msg/detail/xbox_msg__functions.c\n'}
[2.933581] (sdv_msgs) StdoutLine: {'line': b'-- Up-to-date: /home/fectec151/Downloads/Projects/vanttec_sdv/workspace/src/install/sdv_msgs/include/sdv_msgs/sdv_msgs/msg/detail/waypoint_vector__functions.h\n'}
[2.933649] (sdv_msgs) StdoutLine: {'line': b'-- Up-to-date: /home/fectec151/Downloads/Projects/vanttec_sdv/workspace/src/install/sdv_msgs/include/sdv_msgs/sdv_msgs/msg/detail/vehicle_status__functions.h\n'}
[2.933733] (sdv_msgs) StdoutLine: {'line': b'-- Up-to-date: /home/fectec151/Downloads/Projects/vanttec_sdv/workspace/src/install/sdv_msgs/include/sdv_msgs/sdv_msgs/msg/detail/vehicle_info__struct.h\n'}
[2.933778] (sdv_msgs) StdoutLine: {'line': b'-- Up-to-date: /home/fectec151/Downloads/Projects/vanttec_sdv/workspace/src/install/sdv_msgs/include/sdv_msgs/sdv_msgs/msg/detail/collision_event__functions.h\n'}
[2.933840] (sdv_msgs) StdoutLine: {'line': b'-- Up-to-date: /home/fectec151/Downloads/Projects/vanttec_sdv/workspace/src/install/sdv_msgs/include/sdv_msgs/sdv_msgs/msg/detail/throttle_msg__functions.c\n'}
[2.933890] (sdv_msgs) StdoutLine: {'line': b'-- Up-to-date: /home/fectec151/Downloads/Projects/vanttec_sdv/workspace/src/install/sdv_msgs/include/sdv_msgs/sdv_msgs/msg/detail/encoder__functions.c\n'}
[2.933934] (sdv_msgs) StdoutLine: {'line': b'-- Up-to-date: /home/fectec151/Downloads/Projects/vanttec_sdv/workspace/src/install/sdv_msgs/include/sdv_msgs/sdv_msgs/msg/detail/system_dynamics__functions.h\n'}
[2.933977] (sdv_msgs) StdoutLine: {'line': b'-- Up-to-date: /home/fectec151/Downloads/Projects/vanttec_sdv/workspace/src/install/sdv_msgs/include/sdv_msgs/sdv_msgs/msg/detail/vehicle_control__struct.h\n'}
[2.934020] (sdv_msgs) StdoutLine: {'line': b'-- Up-to-date: /home/fectec151/Downloads/Projects/vanttec_sdv/workspace/src/install/sdv_msgs/include/sdv_msgs/sdv_msgs/msg/detail/vehicle_control__functions.c\n'}
[2.934061] (sdv_msgs) StdoutLine: {'line': b'-- Up-to-date: /home/fectec151/Downloads/Projects/vanttec_sdv/workspace/src/install/sdv_msgs/include/sdv_msgs/sdv_msgs/msg/detail/xbox_msg__functions.h\n'}
[2.934102] (sdv_msgs) StdoutLine: {'line': b'-- Up-to-date: /home/fectec151/Downloads/Projects/vanttec_sdv/workspace/src/install/sdv_msgs/include/sdv_msgs/sdv_msgs/msg/detail/throttle_msg__type_support.h\n'}
[2.934144] (sdv_msgs) StdoutLine: {'line': b'-- Up-to-date: /home/fectec151/Downloads/Projects/vanttec_sdv/workspace/src/install/sdv_msgs/include/sdv_msgs/sdv_msgs/msg/detail/lane_invasion_event__struct.h\n'}
[2.934185] (sdv_msgs) StdoutLine: {'line': b'-- Up-to-date: /home/fectec151/Downloads/Projects/vanttec_sdv/workspace/src/install/sdv_msgs/include/sdv_msgs/sdv_msgs/msg/detail/collision_event__struct.h\n'}
[2.934233] (sdv_msgs) StdoutLine: {'line': b'-- Up-to-date: /home/fectec151/Downloads/Projects/vanttec_sdv/workspace/src/install/sdv_msgs/include/sdv_msgs/sdv_msgs/msg/detail/status__functions.c\n'}
[2.934282] (sdv_msgs) StdoutLine: {'line': b'-- Up-to-date: /home/fectec151/Downloads/Projects/vanttec_sdv/workspace/src/install/sdv_msgs/include/sdv_msgs/sdv_msgs/msg/detail/vehicle_info__functions.h\n'}
[2.934328] (sdv_msgs) StdoutLine: {'line': b'-- Up-to-date: /home/fectec151/Downloads/Projects/vanttec_sdv/workspace/src/install/sdv_msgs/include/sdv_msgs/sdv_msgs/msg/detail/eta_pose__functions.h\n'}
[2.934375] (sdv_msgs) StdoutLine: {'line': b'-- Up-to-date: /home/fectec151/Downloads/Projects/vanttec_sdv/workspace/src/install/sdv_msgs/include/sdv_msgs/sdv_msgs/msg/detail/lane_invasion_event__functions.h\n'}
[2.934427] (sdv_msgs) StdoutLine: {'line': b'-- Up-to-date: /home/fectec151/Downloads/Projects/vanttec_sdv/workspace/src/install/sdv_msgs/include/sdv_msgs/sdv_msgs/msg/detail/thrust_control__struct.h\n'}
[2.934471] (sdv_msgs) StdoutLine: {'line': b'-- Up-to-date: /home/fectec151/Downloads/Projects/vanttec_sdv/workspace/src/install/sdv_msgs/include/sdv_msgs/sdv_msgs/msg/detail/vehicle_info_wheel__struct.h\n'}
[2.934514] (sdv_msgs) StdoutLine: {'line': b'-- Up-to-date: /home/fectec151/Downloads/Projects/vanttec_sdv/workspace/src/install/sdv_msgs/include/sdv_msgs/sdv_msgs/msg/detail/system_dynamics__functions.c\n'}
[2.934557] (sdv_msgs) StdoutLine: {'line': b'-- Up-to-date: /home/fectec151/Downloads/Projects/vanttec_sdv/workspace/src/install/sdv_msgs/include/sdv_msgs/sdv_msgs/msg/detail/panel_msg__struct.h\n'}
[2.934611] (sdv_msgs) StdoutLine: {'line': b'-- Up-to-date: /home/fectec151/Downloads/Projects/vanttec_sdv/workspace/src/install/sdv_msgs/include/sdv_msgs/sdv_msgs/msg/detail/state__type_support.h\n'}
[2.934664] (sdv_msgs) StdoutLine: {'line': b'-- Up-to-date: /home/fectec151/Downloads/Projects/vanttec_sdv/workspace/src/install/sdv_msgs/include/sdv_msgs/sdv_msgs/msg/detail/state__functions.h\n'}
[2.934722] (sdv_msgs) StdoutLine: {'line': b'-- Up-to-date: /home/fectec151/Downloads/Projects/vanttec_sdv/workspace/src/install/sdv_msgs/include/sdv_msgs/sdv_msgs/msg/detail/vehicle_info_wheel__type_support.h\n'}
[2.934790] (sdv_msgs) StdoutLine: {'line': b'-- Up-to-date: /home/fectec151/Downloads/Projects/vanttec_sdv/workspace/src/install/sdv_msgs/include/sdv_msgs/sdv_msgs/msg/detail/guidance_waypoints__struct.h\n'}
[2.934845] (sdv_msgs) StdoutLine: {'line': b'-- Up-to-date: /home/fectec151/Downloads/Projects/vanttec_sdv/workspace/src/install/sdv_msgs/include/sdv_msgs/sdv_msgs/msg/detail/status__type_support.h\n'}
[2.934906] (sdv_msgs) StdoutLine: {'line': b'-- Up-to-date: /home/fectec151/Downloads/Projects/vanttec_sdv/workspace/src/install/sdv_msgs/include/sdv_msgs/sdv_msgs/msg/detail/vehicle_info_wheel__functions.c\n'}
[2.935021] (sdv_msgs) StdoutLine: {'line': b'-- Up-to-date: /home/fectec151/Downloads/Projects/vanttec_sdv/workspace/src/install/sdv_msgs/include/sdv_msgs/sdv_msgs/msg/detail/vehicle_control__type_support.h\n'}
[2.935065] (sdv_msgs) StdoutLine: {'line': b'-- Up-to-date: /home/fectec151/Downloads/Projects/vanttec_sdv/workspace/src/install/sdv_msgs/include/sdv_msgs/sdv_msgs/msg/detail/vehicle_info_wheel__functions.h\n'}
[2.935107] (sdv_msgs) StdoutLine: {'line': b'-- Up-to-date: /home/fectec151/Downloads/Projects/vanttec_sdv/workspace/src/install/sdv_msgs/include/sdv_msgs/sdv_msgs/msg/detail/panel_msg__functions.h\n'}
[2.935153] (sdv_msgs) StdoutLine: {'line': b'-- Up-to-date: /home/fectec151/Downloads/Projects/vanttec_sdv/workspace/src/install/sdv_msgs/include/sdv_msgs/sdv_msgs/msg/detail/eta_pose__struct.h\n'}
[2.935198] (sdv_msgs) StdoutLine: {'line': b'-- Up-to-date: /home/fectec151/Downloads/Projects/vanttec_sdv/workspace/src/install/sdv_msgs/include/sdv_msgs/sdv_msgs/msg/detail/waypoint_vector__type_support.h\n'}
[2.935242] (sdv_msgs) StdoutLine: {'line': b'-- Up-to-date: /home/fectec151/Downloads/Projects/vanttec_sdv/workspace/src/install/sdv_msgs/include/sdv_msgs/sdv_msgs/msg/detail/thrust_control__functions.c\n'}
[2.935303] (sdv_msgs) StdoutLine: {'line': b'-- Up-to-date: /home/fectec151/Downloads/Projects/vanttec_sdv/workspace/src/install/sdv_msgs/include/sdv_msgs/sdv_msgs/msg/detail/panel_msg__type_support.h\n'}
[2.935368] (sdv_msgs) StdoutLine: {'line': b'-- Up-to-date: /home/fectec151/Downloads/Projects/vanttec_sdv/workspace/src/install/sdv_msgs/include/sdv_msgs/sdv_msgs/msg/detail/vehicle_status__struct.h\n'}
[2.935429] (sdv_msgs) StdoutLine: {'line': b'-- Up-to-date: /home/fectec151/Downloads/Projects/vanttec_sdv/workspace/src/install/sdv_msgs/include/sdv_msgs/sdv_msgs/msg/detail/status__functions.h\n'}
[2.935491] (sdv_msgs) StdoutLine: {'line': b'-- Up-to-date: /home/fectec151/Downloads/Projects/vanttec_sdv/workspace/src/install/sdv_msgs/include/sdv_msgs/sdv_msgs/msg/detail/state__functions.c\n'}
[2.935580] (sdv_msgs) StdoutLine: {'line': b'-- Up-to-date: /home/fectec151/Downloads/Projects/vanttec_sdv/workspace/src/install/sdv_msgs/include/sdv_msgs/sdv_msgs/msg/detail/guidance_waypoints__type_support.h\n'}
[2.935643] (sdv_msgs) StdoutLine: {'line': b'-- Up-to-date: /home/fectec151/Downloads/Projects/vanttec_sdv/workspace/src/install/sdv_msgs/include/sdv_msgs/sdv_msgs/msg/detail/status__struct.h\n'}
[2.935785] (sdv_msgs) StdoutLine: {'line': b'-- Up-to-date: /home/fectec151/Downloads/Projects/vanttec_sdv/workspace/src/install/sdv_msgs/include/sdv_msgs/sdv_msgs/msg/detail/lane_invasion_event__functions.c\n'}
[2.935858] (sdv_msgs) StdoutLine: {'line': b'-- Up-to-date: /home/fectec151/Downloads/Projects/vanttec_sdv/workspace/src/install/sdv_msgs/include/sdv_msgs/sdv_msgs/msg/detail/collision_event__type_support.h\n'}
[2.935957] (sdv_msgs) StdoutLine: {'line': b'-- Up-to-date: /home/fectec151/Downloads/Projects/vanttec_sdv/workspace/src/install/sdv_msgs/include/sdv_msgs/sdv_msgs/msg/detail/state__struct.h\n'}
[2.936006] (sdv_msgs) StdoutLine: {'line': b'-- Up-to-date: /home/fectec151/Downloads/Projects/vanttec_sdv/workspace/src/install/sdv_msgs/include/sdv_msgs/sdv_msgs/msg/detail/lane_invasion_event__type_support.h\n'}
[2.936047] (sdv_msgs) StdoutLine: {'line': b'-- Up-to-date: /home/fectec151/Downloads/Projects/vanttec_sdv/workspace/src/install/sdv_msgs/include/sdv_msgs/sdv_msgs/msg/detail/vehicle_info__functions.c\n'}
[2.936090] (sdv_msgs) StdoutLine: {'line': b'-- Up-to-date: /home/fectec151/Downloads/Projects/vanttec_sdv/workspace/src/install/sdv_msgs/include/sdv_msgs/sdv_msgs/msg/detail/xbox_msg__type_support.h\n'}
[2.936133] (sdv_msgs) StdoutLine: {'line': b'-- Up-to-date: /home/fectec151/Downloads/Projects/vanttec_sdv/workspace/src/install/sdv_msgs/include/sdv_msgs/sdv_msgs/msg/detail/eta_pose__functions.c\n'}
[2.936176] (sdv_msgs) StdoutLine: {'line': b'-- Up-to-date: /home/fectec151/Downloads/Projects/vanttec_sdv/workspace/src/install/sdv_msgs/include/sdv_msgs/sdv_msgs/msg/detail/vehicle_control__functions.h\n'}
[2.936216] (sdv_msgs) StdoutLine: {'line': b'-- Up-to-date: /home/fectec151/Downloads/Projects/vanttec_sdv/workspace/src/install/sdv_msgs/include/sdv_msgs/sdv_msgs/msg/detail/throttle_msg__struct.h\n'}
[2.936258] (sdv_msgs) StdoutLine: {'line': b'-- Up-to-date: /home/fectec151/Downloads/Projects/vanttec_sdv/workspace/src/install/sdv_msgs/include/sdv_msgs/sdv_msgs/msg/detail/encoder__struct.h\n'}
[2.936334] (sdv_msgs) StdoutLine: {'line': b'-- Up-to-date: /home/fectec151/Downloads/Projects/vanttec_sdv/workspace/src/install/sdv_msgs/include/sdv_msgs/sdv_msgs/msg/detail/throttle_msg__functions.h\n'}
[2.936379] (sdv_msgs) StdoutLine: {'line': b'-- Up-to-date: /home/fectec151/Downloads/Projects/vanttec_sdv/workspace/src/install/sdv_msgs/include/sdv_msgs/sdv_msgs/msg/detail/guidance_waypoints__functions.c\n'}
[2.936421] (sdv_msgs) StdoutLine: {'line': b'-- Up-to-date: /home/fectec151/Downloads/Projects/vanttec_sdv/workspace/src/install/sdv_msgs/include/sdv_msgs/sdv_msgs/msg/detail/eta_pose__type_support.h\n'}
[2.936469] (sdv_msgs) StdoutLine: {'line': b'-- Up-to-date: /home/fectec151/Downloads/Projects/vanttec_sdv/workspace/src/install/sdv_msgs/include/sdv_msgs/sdv_msgs/msg/detail/vehicle_info__type_support.h\n'}
[2.936524] (sdv_msgs) StdoutLine: {'line': b'-- Up-to-date: /home/fectec151/Downloads/Projects/vanttec_sdv/workspace/src/install/sdv_msgs/include/sdv_msgs/sdv_msgs/msg/detail/waypoint_vector__functions.c\n'}
[2.936689] (sdv_msgs) StdoutLine: {'line': b'-- Up-to-date: /home/fectec151/Downloads/Projects/vanttec_sdv/workspace/src/install/sdv_msgs/include/sdv_msgs/sdv_msgs/msg/detail/system_dynamics__type_support.h\n'}
[2.937152] (sdv_msgs) StdoutLine: {'line': b'-- Up-to-date: /home/fectec151/Downloads/Projects/vanttec_sdv/workspace/src/install/sdv_msgs/include/sdv_msgs/sdv_msgs/msg/detail/encoder__type_support.h\n'}
[2.937449] (sdv_msgs) StdoutLine: {'line': b'-- Up-to-date: /home/fectec151/Downloads/Projects/vanttec_sdv/workspace/src/install/sdv_msgs/include/sdv_msgs/sdv_msgs/msg/detail/xbox_msg__struct.h\n'}
[2.937576] (sdv_msgs) StdoutLine: {'line': b'-- Up-to-date: /home/fectec151/Downloads/Projects/vanttec_sdv/workspace/src/install/sdv_msgs/include/sdv_msgs/sdv_msgs/msg/detail/guidance_waypoints__functions.h\n'}
[2.937690] (sdv_msgs) StdoutLine: {'line': b'-- Up-to-date: /home/fectec151/Downloads/Projects/vanttec_sdv/workspace/src/install/sdv_msgs/include/sdv_msgs/sdv_msgs/msg/detail/panel_msg__functions.c\n'}
[2.937806] (sdv_msgs) StdoutLine: {'line': b'-- Up-to-date: /home/fectec151/Downloads/Projects/vanttec_sdv/workspace/src/install/sdv_msgs/include/sdv_msgs/sdv_msgs/msg/detail/system_dynamics__struct.h\n'}
[2.937917] (sdv_msgs) StdoutLine: {'line': b'-- Up-to-date: /home/fectec151/Downloads/Projects/vanttec_sdv/workspace/src/install/sdv_msgs/include/sdv_msgs/sdv_msgs/msg/detail/thrust_control__type_support.h\n'}
[2.938049] (sdv_msgs) StdoutLine: {'line': b'-- Up-to-date: /home/fectec151/Downloads/Projects/vanttec_sdv/workspace/src/install/sdv_msgs/include/sdv_msgs/sdv_msgs/msg/detail/vehicle_status__type_support.h\n'}
[2.938154] (sdv_msgs) StdoutLine: {'line': b'-- Up-to-date: /home/fectec151/Downloads/Projects/vanttec_sdv/workspace/src/install/sdv_msgs/include/sdv_msgs/sdv_msgs/msg/detail/collision_event__functions.c\n'}
[2.938255] (sdv_msgs) StdoutLine: {'line': b'-- Up-to-date: /home/fectec151/Downloads/Projects/vanttec_sdv/workspace/src/install/sdv_msgs/include/sdv_msgs/sdv_msgs/msg/detail/encoder__functions.h\n'}
[2.938357] (sdv_msgs) StdoutLine: {'line': b'-- Up-to-date: /home/fectec151/Downloads/Projects/vanttec_sdv/workspace/src/install/sdv_msgs/share/sdv_msgs/environment/library_path.sh\n'}
[2.938472] (sdv_msgs) StdoutLine: {'line': b'-- Installing: /home/fectec151/Downloads/Projects/vanttec_sdv/workspace/src/install/sdv_msgs/share/sdv_msgs/environment/library_path.dsv\n'}
[2.938602] (sdv_msgs) StdoutLine: {'line': b'-- Up-to-date: /home/fectec151/Downloads/Projects/vanttec_sdv/workspace/src/install/sdv_msgs/lib/libsdv_msgs__rosidl_generator_c.so\n'}
[2.938791] (sdv_msgs) StdoutLine: {'line': b'-- Up-to-date: /home/fectec151/Downloads/Projects/vanttec_sdv/workspace/src/install/sdv_msgs/include/sdv_msgs/sdv_msgs\n'}
[2.939036] (sdv_msgs) StdoutLine: {'line': b'-- Up-to-date: /home/fectec151/Downloads/Projects/vanttec_sdv/workspace/src/install/sdv_msgs/include/sdv_msgs/sdv_msgs/srv\n'}
[2.939267] (sdv_msgs) StdoutLine: {'line': b'-- Up-to-date: /home/fectec151/Downloads/Projects/vanttec_sdv/workspace/src/install/sdv_msgs/include/sdv_msgs/sdv_msgs/srv/detail\n'}
[2.939419] (sdv_msgs) StdoutLine: {'line': b'-- Up-to-date: /home/fectec151/Downloads/Projects/vanttec_sdv/workspace/src/install/sdv_msgs/include/sdv_msgs/sdv_msgs/srv/detail/uint8__rosidl_typesupport_fastrtps_c.h\n'}
[2.939896] (sdv_msgs) StdoutLine: {'line': b'-- Up-to-date: /home/fectec151/Downloads/Projects/vanttec_sdv/workspace/src/install/sdv_msgs/include/sdv_msgs/sdv_msgs/msg\n'}
[2.940115] (sdv_msgs) StdoutLine: {'line': b'-- Up-to-date: /home/fectec151/Downloads/Projects/vanttec_sdv/workspace/src/install/sdv_msgs/include/sdv_msgs/sdv_msgs/msg/rosidl_typesupport_fastrtps_c__visibility_control.h\n'}
[2.940293] (sdv_msgs) StdoutLine: {'line': b'-- Up-to-date: /home/fectec151/Downloads/Projects/vanttec_sdv/workspace/src/install/sdv_msgs/include/sdv_msgs/sdv_msgs/msg/detail\n'}
[2.940443] (sdv_msgs) StdoutLine: {'line': b'-- Up-to-date: /home/fectec151/Downloads/Projects/vanttec_sdv/workspace/src/install/sdv_msgs/include/sdv_msgs/sdv_msgs/msg/detail/vehicle_control__rosidl_typesupport_fastrtps_c.h\n'}
[2.940809] (sdv_msgs) StdoutLine: {'line': b'-- Up-to-date: /home/fectec151/Downloads/Projects/vanttec_sdv/workspace/src/install/sdv_msgs/include/sdv_msgs/sdv_msgs/msg/detail/vehicle_info_wheel__rosidl_typesupport_fastrtps_c.h\n'}
[2.940921] (sdv_msgs) StdoutLine: {'line': b'-- Up-to-date: /home/fectec151/Downloads/Projects/vanttec_sdv/workspace/src/install/sdv_msgs/include/sdv_msgs/sdv_msgs/msg/detail/waypoint_vector__rosidl_typesupport_fastrtps_c.h\n'}
[2.940982] (sdv_msgs) StdoutLine: {'line': b'-- Up-to-date: /home/fectec151/Downloads/Projects/vanttec_sdv/workspace/src/install/sdv_msgs/include/sdv_msgs/sdv_msgs/msg/detail/thrust_control__rosidl_typesupport_fastrtps_c.h\n'}
[2.941031] (sdv_msgs) StdoutLine: {'line': b'-- Up-to-date: /home/fectec151/Downloads/Projects/vanttec_sdv/workspace/src/install/sdv_msgs/include/sdv_msgs/sdv_msgs/msg/detail/guidance_waypoints__rosidl_typesupport_fastrtps_c.h\n'}
[2.941083] (sdv_msgs) StdoutLine: {'line': b'-- Up-to-date: /home/fectec151/Downloads/Projects/vanttec_sdv/workspace/src/install/sdv_msgs/include/sdv_msgs/sdv_msgs/msg/detail/xbox_msg__rosidl_typesupport_fastrtps_c.h\n'}
[2.941127] (sdv_msgs) StdoutLine: {'line': b'-- Up-to-date: /home/fectec151/Downloads/Projects/vanttec_sdv/workspace/src/install/sdv_msgs/include/sdv_msgs/sdv_msgs/msg/detail/state__rosidl_typesupport_fastrtps_c.h\n'}
[2.941171] (sdv_msgs) StdoutLine: {'line': b'-- Up-to-date: /home/fectec151/Downloads/Projects/vanttec_sdv/workspace/src/install/sdv_msgs/include/sdv_msgs/sdv_msgs/msg/detail/collision_event__rosidl_typesupport_fastrtps_c.h\n'}
[2.941214] (sdv_msgs) StdoutLine: {'line': b'-- Up-to-date: /home/fectec151/Downloads/Projects/vanttec_sdv/workspace/src/install/sdv_msgs/include/sdv_msgs/sdv_msgs/msg/detail/eta_pose__rosidl_typesupport_fastrtps_c.h\n'}
[2.941261] (sdv_msgs) StdoutLine: {'line': b'-- Up-to-date: /home/fectec151/Downloads/Projects/vanttec_sdv/workspace/src/install/sdv_msgs/include/sdv_msgs/sdv_msgs/msg/detail/vehicle_status__rosidl_typesupport_fastrtps_c.h\n'}
[2.941310] (sdv_msgs) StdoutLine: {'line': b'-- Up-to-date: /home/fectec151/Downloads/Projects/vanttec_sdv/workspace/src/install/sdv_msgs/include/sdv_msgs/sdv_msgs/msg/detail/throttle_msg__rosidl_typesupport_fastrtps_c.h\n'}
[2.941359] (sdv_msgs) StdoutLine: {'line': b'-- Up-to-date: /home/fectec151/Downloads/Projects/vanttec_sdv/workspace/src/install/sdv_msgs/include/sdv_msgs/sdv_msgs/msg/detail/lane_invasion_event__rosidl_typesupport_fastrtps_c.h\n'}
[2.941408] (sdv_msgs) StdoutLine: {'line': b'-- Up-to-date: /home/fectec151/Downloads/Projects/vanttec_sdv/workspace/src/install/sdv_msgs/include/sdv_msgs/sdv_msgs/msg/detail/panel_msg__rosidl_typesupport_fastrtps_c.h\n'}
[2.941459] (sdv_msgs) StdoutLine: {'line': b'-- Up-to-date: /home/fectec151/Downloads/Projects/vanttec_sdv/workspace/src/install/sdv_msgs/include/sdv_msgs/sdv_msgs/msg/detail/system_dynamics__rosidl_typesupport_fastrtps_c.h\n'}
[2.941509] (sdv_msgs) StdoutLine: {'line': b'-- Up-to-date: /home/fectec151/Downloads/Projects/vanttec_sdv/workspace/src/install/sdv_msgs/include/sdv_msgs/sdv_msgs/msg/detail/status__rosidl_typesupport_fastrtps_c.h\n'}
[2.941564] (sdv_msgs) StdoutLine: {'line': b'-- Up-to-date: /home/fectec151/Downloads/Projects/vanttec_sdv/workspace/src/install/sdv_msgs/include/sdv_msgs/sdv_msgs/msg/detail/encoder__rosidl_typesupport_fastrtps_c.h\n'}
[2.941615] (sdv_msgs) StdoutLine: {'line': b'-- Up-to-date: /home/fectec151/Downloads/Projects/vanttec_sdv/workspace/src/install/sdv_msgs/include/sdv_msgs/sdv_msgs/msg/detail/vehicle_info__rosidl_typesupport_fastrtps_c.h\n'}
[2.941667] (sdv_msgs) StdoutLine: {'line': b'-- Up-to-date: /home/fectec151/Downloads/Projects/vanttec_sdv/workspace/src/install/sdv_msgs/lib/libsdv_msgs__rosidl_typesupport_fastrtps_c.so\n'}
[2.941720] (sdv_msgs) StdoutLine: {'line': b'-- Up-to-date: /home/fectec151/Downloads/Projects/vanttec_sdv/workspace/src/install/sdv_msgs/include/sdv_msgs/sdv_msgs\n'}
[2.941772] (sdv_msgs) StdoutLine: {'line': b'-- Up-to-date: /home/fectec151/Downloads/Projects/vanttec_sdv/workspace/src/install/sdv_msgs/include/sdv_msgs/sdv_msgs/srv\n'}
[2.941820] (sdv_msgs) StdoutLine: {'line': b'-- Up-to-date: /home/fectec151/Downloads/Projects/vanttec_sdv/workspace/src/install/sdv_msgs/include/sdv_msgs/sdv_msgs/srv/detail\n'}
[2.941876] (sdv_msgs) StdoutLine: {'line': b'-- Up-to-date: /home/fectec151/Downloads/Projects/vanttec_sdv/workspace/src/install/sdv_msgs/include/sdv_msgs/sdv_msgs/srv/detail/uint8__rosidl_typesupport_introspection_c.h\n'}
[2.942442] (sdv_msgs) StdoutLine: {'line': b'-- Up-to-date: /home/fectec151/Downloads/Projects/vanttec_sdv/workspace/src/install/sdv_msgs/include/sdv_msgs/sdv_msgs/srv/detail/uint8__type_support.c\n'}
[2.942525] (sdv_msgs) StdoutLine: {'line': b'-- Up-to-date: /home/fectec151/Downloads/Projects/vanttec_sdv/workspace/src/install/sdv_msgs/include/sdv_msgs/sdv_msgs/msg\n'}
[2.942622] (sdv_msgs) StdoutLine: {'line': b'-- Up-to-date: /home/fectec151/Downloads/Projects/vanttec_sdv/workspace/src/install/sdv_msgs/include/sdv_msgs/sdv_msgs/msg/rosidl_typesupport_introspection_c__visibility_control.h\n'}
[2.942673] (sdv_msgs) StdoutLine: {'line': b'-- Up-to-date: /home/fectec151/Downloads/Projects/vanttec_sdv/workspace/src/install/sdv_msgs/include/sdv_msgs/sdv_msgs/msg/detail\n'}
[2.942721] (sdv_msgs) StdoutLine: {'line': b'-- Up-to-date: /home/fectec151/Downloads/Projects/vanttec_sdv/workspace/src/install/sdv_msgs/include/sdv_msgs/sdv_msgs/msg/detail/status__rosidl_typesupport_introspection_c.h\n'}
[2.942768] (sdv_msgs) StdoutLine: {'line': b'-- Up-to-date: /home/fectec151/Downloads/Projects/vanttec_sdv/workspace/src/install/sdv_msgs/include/sdv_msgs/sdv_msgs/msg/detail/vehicle_status__type_support.c\n'}
[2.942815] (sdv_msgs) StdoutLine: {'line': b'-- Up-to-date: /home/fectec151/Downloads/Projects/vanttec_sdv/workspace/src/install/sdv_msgs/include/sdv_msgs/sdv_msgs/msg/detail/state__type_support.c\n'}
[2.942864] (sdv_msgs) StdoutLine: {'line': b'-- Up-to-date: /home/fectec151/Downloads/Projects/vanttec_sdv/workspace/src/install/sdv_msgs/include/sdv_msgs/sdv_msgs/msg/detail/vehicle_info_wheel__type_support.c\n'}
[2.942939] (sdv_msgs) StdoutLine: {'line': b'-- Up-to-date: /home/fectec151/Downloads/Projects/vanttec_sdv/workspace/src/install/sdv_msgs/include/sdv_msgs/sdv_msgs/msg/detail/status__type_support.c\n'}
[2.943002] (sdv_msgs) StdoutLine: {'line': b'-- Up-to-date: /home/fectec151/Downloads/Projects/vanttec_sdv/workspace/src/install/sdv_msgs/include/sdv_msgs/sdv_msgs/msg/detail/waypoint_vector__type_support.c\n'}
[2.943050] (sdv_msgs) StdoutLine: {'line': b'-- Up-to-date: /home/fectec151/Downloads/Projects/vanttec_sdv/workspace/src/install/sdv_msgs/include/sdv_msgs/sdv_msgs/msg/detail/collision_event__type_support.c\n'}
[2.943098] (sdv_msgs) StdoutLine: {'line': b'-- Up-to-date: /home/fectec151/Downloads/Projects/vanttec_sdv/workspace/src/install/sdv_msgs/include/sdv_msgs/sdv_msgs/msg/detail/eta_pose__type_support.c\n'}
[2.943145] (sdv_msgs) StdoutLine: {'line': b'-- Up-to-date: /home/fectec151/Downloads/Projects/vanttec_sdv/workspace/src/install/sdv_msgs/include/sdv_msgs/sdv_msgs/msg/detail/lane_invasion_event__rosidl_typesupport_introspection_c.h\n'}
[2.943190] (sdv_msgs) StdoutLine: {'line': b'-- Up-to-date: /home/fectec151/Downloads/Projects/vanttec_sdv/workspace/src/install/sdv_msgs/include/sdv_msgs/sdv_msgs/msg/detail/encoder__rosidl_typesupport_introspection_c.h\n'}
[2.943238] (sdv_msgs) StdoutLine: {'line': b'-- Up-to-date: /home/fectec151/Downloads/Projects/vanttec_sdv/workspace/src/install/sdv_msgs/include/sdv_msgs/sdv_msgs/msg/detail/guidance_waypoints__rosidl_typesupport_introspection_c.h\n'}
[2.943284] (sdv_msgs) StdoutLine: {'line': b'-- Up-to-date: /home/fectec151/Downloads/Projects/vanttec_sdv/workspace/src/install/sdv_msgs/include/sdv_msgs/sdv_msgs/msg/detail/eta_pose__rosidl_typesupport_introspection_c.h\n'}
[2.943331] (sdv_msgs) StdoutLine: {'line': b'-- Up-to-date: /home/fectec151/Downloads/Projects/vanttec_sdv/workspace/src/install/sdv_msgs/include/sdv_msgs/sdv_msgs/msg/detail/vehicle_control__rosidl_typesupport_introspection_c.h\n'}
[2.943377] (sdv_msgs) StdoutLine: {'line': b'-- Up-to-date: /home/fectec151/Downloads/Projects/vanttec_sdv/workspace/src/install/sdv_msgs/include/sdv_msgs/sdv_msgs/msg/detail/vehicle_info__type_support.c\n'}
[2.943425] (sdv_msgs) StdoutLine: {'line': b'-- Up-to-date: /home/fectec151/Downloads/Projects/vanttec_sdv/workspace/src/install/sdv_msgs/include/sdv_msgs/sdv_msgs/msg/detail/encoder__type_support.c\n'}
[2.943480] (sdv_msgs) StdoutLine: {'line': b'-- Up-to-date: /home/fectec151/Downloads/Projects/vanttec_sdv/workspace/src/install/sdv_msgs/include/sdv_msgs/sdv_msgs/msg/detail/vehicle_status__rosidl_typesupport_introspection_c.h\n'}
[2.943531] (sdv_msgs) StdoutLine: {'line': b'-- Up-to-date: /home/fectec151/Downloads/Projects/vanttec_sdv/workspace/src/install/sdv_msgs/include/sdv_msgs/sdv_msgs/msg/detail/xbox_msg__rosidl_typesupport_introspection_c.h\n'}
[2.943583] (sdv_msgs) StdoutLine: {'line': b'-- Up-to-date: /home/fectec151/Downloads/Projects/vanttec_sdv/workspace/src/install/sdv_msgs/include/sdv_msgs/sdv_msgs/msg/detail/waypoint_vector__rosidl_typesupport_introspection_c.h\n'}
[2.943637] (sdv_msgs) StdoutLine: {'line': b'-- Up-to-date: /home/fectec151/Downloads/Projects/vanttec_sdv/workspace/src/install/sdv_msgs/include/sdv_msgs/sdv_msgs/msg/detail/thrust_control__rosidl_typesupport_introspection_c.h\n'}
[2.943687] (sdv_msgs) StdoutLine: {'line': b'-- Up-to-date: /home/fectec151/Downloads/Projects/vanttec_sdv/workspace/src/install/sdv_msgs/include/sdv_msgs/sdv_msgs/msg/detail/xbox_msg__type_support.c\n'}
[2.943746] (sdv_msgs) StdoutLine: {'line': b'-- Up-to-date: /home/fectec151/Downloads/Projects/vanttec_sdv/workspace/src/install/sdv_msgs/include/sdv_msgs/sdv_msgs/msg/detail/throttle_msg__type_support.c\n'}
[2.943799] (sdv_msgs) StdoutLine: {'line': b'-- Up-to-date: /home/fectec151/Downloads/Projects/vanttec_sdv/workspace/src/install/sdv_msgs/include/sdv_msgs/sdv_msgs/msg/detail/lane_invasion_event__type_support.c\n'}
[2.943851] (sdv_msgs) StdoutLine: {'line': b'-- Up-to-date: /home/fectec151/Downloads/Projects/vanttec_sdv/workspace/src/install/sdv_msgs/include/sdv_msgs/sdv_msgs/msg/detail/panel_msg__rosidl_typesupport_introspection_c.h\n'}
[2.943903] (sdv_msgs) StdoutLine: {'line': b'-- Up-to-date: /home/fectec151/Downloads/Projects/vanttec_sdv/workspace/src/install/sdv_msgs/include/sdv_msgs/sdv_msgs/msg/detail/panel_msg__type_support.c\n'}
[2.943957] (sdv_msgs) StdoutLine: {'line': b'-- Up-to-date: /home/fectec151/Downloads/Projects/vanttec_sdv/workspace/src/install/sdv_msgs/include/sdv_msgs/sdv_msgs/msg/detail/vehicle_control__type_support.c\n'}
[2.944009] (sdv_msgs) StdoutLine: {'line': b'-- Up-to-date: /home/fectec151/Downloads/Projects/vanttec_sdv/workspace/src/install/sdv_msgs/include/sdv_msgs/sdv_msgs/msg/detail/vehicle_info_wheel__rosidl_typesupport_introspection_c.h\n'}
[2.944061] (sdv_msgs) StdoutLine: {'line': b'-- Up-to-date: /home/fectec151/Downloads/Projects/vanttec_sdv/workspace/src/install/sdv_msgs/include/sdv_msgs/sdv_msgs/msg/detail/system_dynamics__type_support.c\n'}
[2.944115] (sdv_msgs) StdoutLine: {'line': b'-- Up-to-date: /home/fectec151/Downloads/Projects/vanttec_sdv/workspace/src/install/sdv_msgs/include/sdv_msgs/sdv_msgs/msg/detail/state__rosidl_typesupport_introspection_c.h\n'}
[2.944199] (sdv_msgs) StdoutLine: {'line': b'-- Up-to-date: /home/fectec151/Downloads/Projects/vanttec_sdv/workspace/src/install/sdv_msgs/include/sdv_msgs/sdv_msgs/msg/detail/thrust_control__type_support.c\n'}
[2.944285] (sdv_msgs) StdoutLine: {'line': b'-- Up-to-date: /home/fectec151/Downloads/Projects/vanttec_sdv/workspace/src/install/sdv_msgs/include/sdv_msgs/sdv_msgs/msg/detail/collision_event__rosidl_typesupport_introspection_c.h\n'}
[2.944363] (sdv_msgs) StdoutLine: {'line': b'-- Up-to-date: /home/fectec151/Downloads/Projects/vanttec_sdv/workspace/src/install/sdv_msgs/include/sdv_msgs/sdv_msgs/msg/detail/vehicle_info__rosidl_typesupport_introspection_c.h\n'}
[2.944583] (sdv_msgs) StdoutLine: {'line': b'-- Up-to-date: /home/fectec151/Downloads/Projects/vanttec_sdv/workspace/src/install/sdv_msgs/include/sdv_msgs/sdv_msgs/msg/detail/throttle_msg__rosidl_typesupport_introspection_c.h\n'}
[2.944707] (sdv_msgs) StdoutLine: {'line': b'-- Up-to-date: /home/fectec151/Downloads/Projects/vanttec_sdv/workspace/src/install/sdv_msgs/include/sdv_msgs/sdv_msgs/msg/detail/system_dynamics__rosidl_typesupport_introspection_c.h\n'}
[2.944797] (sdv_msgs) StdoutLine: {'line': b'-- Up-to-date: /home/fectec151/Downloads/Projects/vanttec_sdv/workspace/src/install/sdv_msgs/include/sdv_msgs/sdv_msgs/msg/detail/guidance_waypoints__type_support.c\n'}
[2.944903] (sdv_msgs) StdoutLine: {'line': b'-- Up-to-date: /home/fectec151/Downloads/Projects/vanttec_sdv/workspace/src/install/sdv_msgs/lib/libsdv_msgs__rosidl_typesupport_introspection_c.so\n'}
[2.944989] (sdv_msgs) StdoutLine: {'line': b'-- Up-to-date: /home/fectec151/Downloads/Projects/vanttec_sdv/workspace/src/install/sdv_msgs/lib/libsdv_msgs__rosidl_typesupport_c.so\n'}
[2.945084] (sdv_msgs) StdoutLine: {'line': b'-- Up-to-date: /home/fectec151/Downloads/Projects/vanttec_sdv/workspace/src/install/sdv_msgs/include/sdv_msgs/sdv_msgs\n'}
[2.945389] (sdv_msgs) StdoutLine: {'line': b'-- Up-to-date: /home/fectec151/Downloads/Projects/vanttec_sdv/workspace/src/install/sdv_msgs/include/sdv_msgs/sdv_msgs/srv\n'}
[2.945506] (sdv_msgs) StdoutLine: {'line': b'-- Up-to-date: /home/fectec151/Downloads/Projects/vanttec_sdv/workspace/src/install/sdv_msgs/include/sdv_msgs/sdv_msgs/srv/uint8.hpp\n'}
[2.945597] (sdv_msgs) StdoutLine: {'line': b'-- Up-to-date: /home/fectec151/Downloads/Projects/vanttec_sdv/workspace/src/install/sdv_msgs/include/sdv_msgs/sdv_msgs/srv/detail\n'}
[2.945687] (sdv_msgs) StdoutLine: {'line': b'-- Up-to-date: /home/fectec151/Downloads/Projects/vanttec_sdv/workspace/src/install/sdv_msgs/include/sdv_msgs/sdv_msgs/srv/detail/uint8__builder.hpp\n'}
[2.945772] (sdv_msgs) StdoutLine: {'line': b'-- Up-to-date: /home/fectec151/Downloads/Projects/vanttec_sdv/workspace/src/install/sdv_msgs/include/sdv_msgs/sdv_msgs/srv/detail/uint8__traits.hpp\n'}
[2.945852] (sdv_msgs) StdoutLine: {'line': b'-- Up-to-date: /home/fectec151/Downloads/Projects/vanttec_sdv/workspace/src/install/sdv_msgs/include/sdv_msgs/sdv_msgs/srv/detail/uint8__struct.hpp\n'}
[2.945935] (sdv_msgs) StdoutLine: {'line': b'-- Up-to-date: /home/fectec151/Downloads/Projects/vanttec_sdv/workspace/src/install/sdv_msgs/include/sdv_msgs/sdv_msgs/msg\n'}
[2.946016] (sdv_msgs) StdoutLine: {'line': b'-- Up-to-date: /home/fectec151/Downloads/Projects/vanttec_sdv/workspace/src/install/sdv_msgs/include/sdv_msgs/sdv_msgs/msg/xbox_msg.hpp\n'}
[2.946095] (sdv_msgs) StdoutLine: {'line': b'-- Up-to-date: /home/fectec151/Downloads/Projects/vanttec_sdv/workspace/src/install/sdv_msgs/include/sdv_msgs/sdv_msgs/msg/status.hpp\n'}
[2.946176] (sdv_msgs) StdoutLine: {'line': b'-- Up-to-date: /home/fectec151/Downloads/Projects/vanttec_sdv/workspace/src/install/sdv_msgs/include/sdv_msgs/sdv_msgs/msg/vehicle_info_wheel.hpp\n'}
[2.946261] (sdv_msgs) StdoutLine: {'line': b'-- Up-to-date: /home/fectec151/Downloads/Projects/vanttec_sdv/workspace/src/install/sdv_msgs/include/sdv_msgs/sdv_msgs/msg/thrust_control.hpp\n'}
[2.946341] (sdv_msgs) StdoutLine: {'line': b'-- Up-to-date: /home/fectec151/Downloads/Projects/vanttec_sdv/workspace/src/install/sdv_msgs/include/sdv_msgs/sdv_msgs/msg/vehicle_info.hpp\n'}
[2.946420] (sdv_msgs) StdoutLine: {'line': b'-- Up-to-date: /home/fectec151/Downloads/Projects/vanttec_sdv/workspace/src/install/sdv_msgs/include/sdv_msgs/sdv_msgs/msg/throttle_msg.hpp\n'}
[2.946498] (sdv_msgs) StdoutLine: {'line': b'-- Up-to-date: /home/fectec151/Downloads/Projects/vanttec_sdv/workspace/src/install/sdv_msgs/include/sdv_msgs/sdv_msgs/msg/vehicle_control.hpp\n'}
[2.946575] (sdv_msgs) StdoutLine: {'line': b'-- Up-to-date: /home/fectec151/Downloads/Projects/vanttec_sdv/workspace/src/install/sdv_msgs/include/sdv_msgs/sdv_msgs/msg/guidance_waypoints.hpp\n'}
[2.946649] (sdv_msgs) StdoutLine: {'line': b'-- Up-to-date: /home/fectec151/Downloads/Projects/vanttec_sdv/workspace/src/install/sdv_msgs/include/sdv_msgs/sdv_msgs/msg/lane_invasion_event.hpp\n'}
[2.946723] (sdv_msgs) StdoutLine: {'line': b'-- Up-to-date: /home/fectec151/Downloads/Projects/vanttec_sdv/workspace/src/install/sdv_msgs/include/sdv_msgs/sdv_msgs/msg/system_dynamics.hpp\n'}
[2.946803] (sdv_msgs) StdoutLine: {'line': b'-- Up-to-date: /home/fectec151/Downloads/Projects/vanttec_sdv/workspace/src/install/sdv_msgs/include/sdv_msgs/sdv_msgs/msg/collision_event.hpp\n'}
[2.946891] (sdv_msgs) StdoutLine: {'line': b'-- Up-to-date: /home/fectec151/Downloads/Projects/vanttec_sdv/workspace/src/install/sdv_msgs/include/sdv_msgs/sdv_msgs/msg/state.hpp\n'}
[2.946988] (sdv_msgs) StdoutLine: {'line': b'-- Up-to-date: /home/fectec151/Downloads/Projects/vanttec_sdv/workspace/src/install/sdv_msgs/include/sdv_msgs/sdv_msgs/msg/waypoint_vector.hpp\n'}
[2.947080] (sdv_msgs) StdoutLine: {'line': b'-- Up-to-date: /home/fectec151/Downloads/Projects/vanttec_sdv/workspace/src/install/sdv_msgs/include/sdv_msgs/sdv_msgs/msg/detail\n'}
[2.947161] (sdv_msgs) StdoutLine: {'line': b'-- Up-to-date: /home/fectec151/Downloads/Projects/vanttec_sdv/workspace/src/install/sdv_msgs/include/sdv_msgs/sdv_msgs/msg/detail/status__builder.hpp\n'}
[2.947242] (sdv_msgs) StdoutLine: {'line': b'-- Up-to-date: /home/fectec151/Downloads/Projects/vanttec_sdv/workspace/src/install/sdv_msgs/include/sdv_msgs/sdv_msgs/msg/detail/panel_msg__traits.hpp\n'}
[2.947322] (sdv_msgs) StdoutLine: {'line': b'-- Up-to-date: /home/fectec151/Downloads/Projects/vanttec_sdv/workspace/src/install/sdv_msgs/include/sdv_msgs/sdv_msgs/msg/detail/vehicle_status__builder.hpp\n'}
[2.947395] (sdv_msgs) StdoutLine: {'line': b'-- Up-to-date: /home/fectec151/Downloads/Projects/vanttec_sdv/workspace/src/install/sdv_msgs/include/sdv_msgs/sdv_msgs/msg/detail/collision_event__traits.hpp\n'}
[2.947471] (sdv_msgs) StdoutLine: {'line': b'-- Up-to-date: /home/fectec151/Downloads/Projects/vanttec_sdv/workspace/src/install/sdv_msgs/include/sdv_msgs/sdv_msgs/msg/detail/encoder__struct.hpp\n'}
[2.947546] (sdv_msgs) StdoutLine: {'line': b'-- Up-to-date: /home/fectec151/Downloads/Projects/vanttec_sdv/workspace/src/install/sdv_msgs/include/sdv_msgs/sdv_msgs/msg/detail/throttle_msg__struct.hpp\n'}
[2.947629] (sdv_msgs) StdoutLine: {'line': b'-- Up-to-date: /home/fectec151/Downloads/Projects/vanttec_sdv/workspace/src/install/sdv_msgs/include/sdv_msgs/sdv_msgs/msg/detail/status__traits.hpp\n'}
[2.947824] (sdv_msgs) StdoutLine: {'line': b'-- Up-to-date: /home/fectec151/Downloads/Projects/vanttec_sdv/workspace/src/install/sdv_msgs/include/sdv_msgs/sdv_msgs/msg/detail/eta_pose__builder.hpp\n'}
[2.947906] (sdv_msgs) StdoutLine: {'line': b'-- Up-to-date: /home/fectec151/Downloads/Projects/vanttec_sdv/workspace/src/install/sdv_msgs/include/sdv_msgs/sdv_msgs/msg/detail/vehicle_info_wheel__builder.hpp\n'}
[2.947980] (sdv_msgs) StdoutLine: {'line': b'-- Up-to-date: /home/fectec151/Downloads/Projects/vanttec_sdv/workspace/src/install/sdv_msgs/include/sdv_msgs/sdv_msgs/msg/detail/thrust_control__traits.hpp\n'}
[2.948052] (sdv_msgs) StdoutLine: {'line': b'-- Up-to-date: /home/fectec151/Downloads/Projects/vanttec_sdv/workspace/src/install/sdv_msgs/include/sdv_msgs/sdv_msgs/msg/detail/xbox_msg__builder.hpp\n'}
[2.948127] (sdv_msgs) StdoutLine: {'line': b'-- Up-to-date: /home/fectec151/Downloads/Projects/vanttec_sdv/workspace/src/install/sdv_msgs/include/sdv_msgs/sdv_msgs/msg/detail/system_dynamics__builder.hpp\n'}
[2.948203] (sdv_msgs) StdoutLine: {'line': b'-- Up-to-date: /home/fectec151/Downloads/Projects/vanttec_sdv/workspace/src/install/sdv_msgs/include/sdv_msgs/sdv_msgs/msg/detail/vehicle_info_wheel__traits.hpp\n'}
[2.948277] (sdv_msgs) StdoutLine: {'line': b'-- Up-to-date: /home/fectec151/Downloads/Projects/vanttec_sdv/workspace/src/install/sdv_msgs/include/sdv_msgs/sdv_msgs/msg/detail/throttle_msg__builder.hpp\n'}
[2.948352] (sdv_msgs) StdoutLine: {'line': b'-- Up-to-date: /home/fectec151/Downloads/Projects/vanttec_sdv/workspace/src/install/sdv_msgs/include/sdv_msgs/sdv_msgs/msg/detail/waypoint_vector__struct.hpp\n'}
[2.948431] (sdv_msgs) StdoutLine: {'line': b'-- Up-to-date: /home/fectec151/Downloads/Projects/vanttec_sdv/workspace/src/install/sdv_msgs/include/sdv_msgs/sdv_msgs/msg/detail/state__traits.hpp\n'}
[2.948527] (sdv_msgs) StdoutLine: {'line': b'-- Up-to-date: /home/fectec151/Downloads/Projects/vanttec_sdv/workspace/src/install/sdv_msgs/include/sdv_msgs/sdv_msgs/msg/detail/panel_msg__struct.hpp\n'}
[2.948606] (sdv_msgs) StdoutLine: {'line': b'-- Up-to-date: /home/fectec151/Downloads/Projects/vanttec_sdv/workspace/src/install/sdv_msgs/include/sdv_msgs/sdv_msgs/msg/detail/vehicle_info_wheel__struct.hpp\n'}
[2.948696] (sdv_msgs) StdoutLine: {'line': b'-- Up-to-date: /home/fectec151/Downloads/Projects/vanttec_sdv/workspace/src/install/sdv_msgs/include/sdv_msgs/sdv_msgs/msg/detail/vehicle_status__traits.hpp\n'}
[2.948777] (sdv_msgs) StdoutLine: {'line': b'-- Up-to-date: /home/fectec151/Downloads/Projects/vanttec_sdv/workspace/src/install/sdv_msgs/include/sdv_msgs/sdv_msgs/msg/detail/collision_event__builder.hpp\n'}
[2.948855] (sdv_msgs) StdoutLine: {'line': b'-- Up-to-date: /home/fectec151/Downloads/Projects/vanttec_sdv/workspace/src/install/sdv_msgs/include/sdv_msgs/sdv_msgs/msg/detail/eta_pose__traits.hpp\n'}
[2.948935] (sdv_msgs) StdoutLine: {'line': b'-- Up-to-date: /home/fectec151/Downloads/Projects/vanttec_sdv/workspace/src/install/sdv_msgs/include/sdv_msgs/sdv_msgs/msg/detail/status__struct.hpp\n'}
[2.949013] (sdv_msgs) StdoutLine: {'line': b'-- Up-to-date: /home/fectec151/Downloads/Projects/vanttec_sdv/workspace/src/install/sdv_msgs/include/sdv_msgs/sdv_msgs/msg/detail/guidance_waypoints__struct.hpp\n'}
[2.949094] (sdv_msgs) StdoutLine: {'line': b'-- Up-to-date: /home/fectec151/Downloads/Projects/vanttec_sdv/workspace/src/install/sdv_msgs/include/sdv_msgs/sdv_msgs/msg/detail/system_dynamics__struct.hpp\n'}
[2.949176] (sdv_msgs) StdoutLine: {'line': b'-- Up-to-date: /home/fectec151/Downloads/Projects/vanttec_sdv/workspace/src/install/sdv_msgs/include/sdv_msgs/sdv_msgs/msg/detail/waypoint_vector__traits.hpp\n'}
[2.949270] (sdv_msgs) StdoutLine: {'line': b'-- Up-to-date: /home/fectec151/Downloads/Projects/vanttec_sdv/workspace/src/install/sdv_msgs/include/sdv_msgs/sdv_msgs/msg/detail/state__builder.hpp\n'}
[2.949352] (sdv_msgs) StdoutLine: {'line': b'-- Up-to-date: /home/fectec151/Downloads/Projects/vanttec_sdv/workspace/src/install/sdv_msgs/include/sdv_msgs/sdv_msgs/msg/detail/lane_invasion_event__builder.hpp\n'}
[2.949432] (sdv_msgs) StdoutLine: {'line': b'-- Up-to-date: /home/fectec151/Downloads/Projects/vanttec_sdv/workspace/src/install/sdv_msgs/include/sdv_msgs/sdv_msgs/msg/detail/vehicle_control__builder.hpp\n'}
[2.949511] (sdv_msgs) StdoutLine: {'line': b'-- Up-to-date: /home/fectec151/Downloads/Projects/vanttec_sdv/workspace/src/install/sdv_msgs/include/sdv_msgs/sdv_msgs/msg/detail/xbox_msg__traits.hpp\n'}
[2.949589] (sdv_msgs) StdoutLine: {'line': b'-- Up-to-date: /home/fectec151/Downloads/Projects/vanttec_sdv/workspace/src/install/sdv_msgs/include/sdv_msgs/sdv_msgs/msg/detail/waypoint_vector__builder.hpp\n'}
[2.949674] (sdv_msgs) StdoutLine: {'line': b'-- Up-to-date: /home/fectec151/Downloads/Projects/vanttec_sdv/workspace/src/install/sdv_msgs/include/sdv_msgs/sdv_msgs/msg/detail/guidance_waypoints__traits.hpp\n'}
[2.949766] (sdv_msgs) StdoutLine: {'line': b'-- Up-to-date: /home/fectec151/Downloads/Projects/vanttec_sdv/workspace/src/install/sdv_msgs/include/sdv_msgs/sdv_msgs/msg/detail/vehicle_info__struct.hpp\n'}
[2.949854] (sdv_msgs) StdoutLine: {'line': b'-- Up-to-date: /home/fectec151/Downloads/Projects/vanttec_sdv/workspace/src/install/sdv_msgs/include/sdv_msgs/sdv_msgs/msg/detail/guidance_waypoints__builder.hpp\n'}
[2.949938] (sdv_msgs) StdoutLine: {'line': b'-- Up-to-date: /home/fectec151/Downloads/Projects/vanttec_sdv/workspace/src/install/sdv_msgs/include/sdv_msgs/sdv_msgs/msg/detail/state__struct.hpp\n'}
[2.950021] (sdv_msgs) StdoutLine: {'line': b'-- Up-to-date: /home/fectec151/Downloads/Projects/vanttec_sdv/workspace/src/install/sdv_msgs/include/sdv_msgs/sdv_msgs/msg/detail/vehicle_control__traits.hpp\n'}
[2.950103] (sdv_msgs) StdoutLine: {'line': b'-- Up-to-date: /home/fectec151/Downloads/Projects/vanttec_sdv/workspace/src/install/sdv_msgs/include/sdv_msgs/sdv_msgs/msg/detail/lane_invasion_event__struct.hpp\n'}
[2.950188] (sdv_msgs) StdoutLine: {'line': b'-- Up-to-date: /home/fectec151/Downloads/Projects/vanttec_sdv/workspace/src/install/sdv_msgs/include/sdv_msgs/sdv_msgs/msg/detail/vehicle_control__struct.hpp\n'}
[2.950270] (sdv_msgs) StdoutLine: {'line': b'-- Up-to-date: /home/fectec151/Downloads/Projects/vanttec_sdv/workspace/src/install/sdv_msgs/include/sdv_msgs/sdv_msgs/msg/detail/lane_invasion_event__traits.hpp\n'}
[2.950357] (sdv_msgs) StdoutLine: {'line': b'-- Up-to-date: /home/fectec151/Downloads/Projects/vanttec_sdv/workspace/src/install/sdv_msgs/include/sdv_msgs/sdv_msgs/msg/detail/xbox_msg__struct.hpp\n'}
[2.950438] (sdv_msgs) StdoutLine: {'line': b'-- Up-to-date: /home/fectec151/Downloads/Projects/vanttec_sdv/workspace/src/install/sdv_msgs/include/sdv_msgs/sdv_msgs/msg/detail/vehicle_status__struct.hpp\n'}
[2.950520] (sdv_msgs) StdoutLine: {'line': b'-- Up-to-date: /home/fectec151/Downloads/Projects/vanttec_sdv/workspace/src/install/sdv_msgs/include/sdv_msgs/sdv_msgs/msg/detail/encoder__traits.hpp\n'}
[2.950599] (sdv_msgs) StdoutLine: {'line': b'-- Up-to-date: /home/fectec151/Downloads/Projects/vanttec_sdv/workspace/src/install/sdv_msgs/include/sdv_msgs/sdv_msgs/msg/detail/encoder__builder.hpp\n'}
[2.950678] (sdv_msgs) StdoutLine: {'line': b'-- Up-to-date: /home/fectec151/Downloads/Projects/vanttec_sdv/workspace/src/install/sdv_msgs/include/sdv_msgs/sdv_msgs/msg/detail/vehicle_info__builder.hpp\n'}
[2.950758] (sdv_msgs) StdoutLine: {'line': b'-- Up-to-date: /home/fectec151/Downloads/Projects/vanttec_sdv/workspace/src/install/sdv_msgs/include/sdv_msgs/sdv_msgs/msg/detail/collision_event__struct.hpp\n'}
[2.950835] (sdv_msgs) StdoutLine: {'line': b'-- Up-to-date: /home/fectec151/Downloads/Projects/vanttec_sdv/workspace/src/install/sdv_msgs/include/sdv_msgs/sdv_msgs/msg/detail/vehicle_info__traits.hpp\n'}
[2.950912] (sdv_msgs) StdoutLine: {'line': b'-- Up-to-date: /home/fectec151/Downloads/Projects/vanttec_sdv/workspace/src/install/sdv_msgs/include/sdv_msgs/sdv_msgs/msg/detail/thrust_control__builder.hpp\n'}
[2.950990] (sdv_msgs) StdoutLine: {'line': b'-- Up-to-date: /home/fectec151/Downloads/Projects/vanttec_sdv/workspace/src/install/sdv_msgs/include/sdv_msgs/sdv_msgs/msg/detail/throttle_msg__traits.hpp\n'}
[2.951070] (sdv_msgs) StdoutLine: {'line': b'-- Up-to-date: /home/fectec151/Downloads/Projects/vanttec_sdv/workspace/src/install/sdv_msgs/include/sdv_msgs/sdv_msgs/msg/detail/system_dynamics__traits.hpp\n'}
[2.951149] (sdv_msgs) StdoutLine: {'line': b'-- Up-to-date: /home/fectec151/Downloads/Projects/vanttec_sdv/workspace/src/install/sdv_msgs/include/sdv_msgs/sdv_msgs/msg/detail/panel_msg__builder.hpp\n'}
[2.951228] (sdv_msgs) StdoutLine: {'line': b'-- Up-to-date: /home/fectec151/Downloads/Projects/vanttec_sdv/workspace/src/install/sdv_msgs/include/sdv_msgs/sdv_msgs/msg/detail/thrust_control__struct.hpp\n'}
[2.951306] (sdv_msgs) StdoutLine: {'line': b'-- Up-to-date: /home/fectec151/Downloads/Projects/vanttec_sdv/workspace/src/install/sdv_msgs/include/sdv_msgs/sdv_msgs/msg/detail/eta_pose__struct.hpp\n'}
[2.951387] (sdv_msgs) StdoutLine: {'line': b'-- Up-to-date: /home/fectec151/Downloads/Projects/vanttec_sdv/workspace/src/install/sdv_msgs/include/sdv_msgs/sdv_msgs/msg/panel_msg.hpp\n'}
[2.951488] (sdv_msgs) StdoutLine: {'line': b'-- Up-to-date: /home/fectec151/Downloads/Projects/vanttec_sdv/workspace/src/install/sdv_msgs/include/sdv_msgs/sdv_msgs/msg/eta_pose.hpp\n'}
[2.951570] (sdv_msgs) StdoutLine: {'line': b'-- Up-to-date: /home/fectec151/Downloads/Projects/vanttec_sdv/workspace/src/install/sdv_msgs/include/sdv_msgs/sdv_msgs/msg/encoder.hpp\n'}
[2.951652] (sdv_msgs) StdoutLine: {'line': b'-- Up-to-date: /home/fectec151/Downloads/Projects/vanttec_sdv/workspace/src/install/sdv_msgs/include/sdv_msgs/sdv_msgs/msg/vehicle_status.hpp\n'}
[2.951734] (sdv_msgs) StdoutLine: {'line': b'-- Up-to-date: /home/fectec151/Downloads/Projects/vanttec_sdv/workspace/src/install/sdv_msgs/include/sdv_msgs/sdv_msgs\n'}
[2.951820] (sdv_msgs) StdoutLine: {'line': b'-- Up-to-date: /home/fectec151/Downloads/Projects/vanttec_sdv/workspace/src/install/sdv_msgs/include/sdv_msgs/sdv_msgs/srv\n'}
[2.951908] (sdv_msgs) StdoutLine: {'line': b'-- Up-to-date: /home/fectec151/Downloads/Projects/vanttec_sdv/workspace/src/install/sdv_msgs/include/sdv_msgs/sdv_msgs/srv/detail\n'}
[2.951994] (sdv_msgs) StdoutLine: {'line': b'-- Up-to-date: /home/fectec151/Downloads/Projects/vanttec_sdv/workspace/src/install/sdv_msgs/include/sdv_msgs/sdv_msgs/srv/detail/dds_fastrtps\n'}
[2.952085] (sdv_msgs) StdoutLine: {'line': b'-- Up-to-date: /home/fectec151/Downloads/Projects/vanttec_sdv/workspace/src/install/sdv_msgs/include/sdv_msgs/sdv_msgs/srv/detail/uint8__rosidl_typesupport_fastrtps_cpp.hpp\n'}
[2.952171] (sdv_msgs) StdoutLine: {'line': b'-- Up-to-date: /home/fectec151/Downloads/Projects/vanttec_sdv/workspace/src/install/sdv_msgs/include/sdv_msgs/sdv_msgs/msg\n'}
[2.952253] (sdv_msgs) StdoutLine: {'line': b'-- Up-to-date: /home/fectec151/Downloads/Projects/vanttec_sdv/workspace/src/install/sdv_msgs/include/sdv_msgs/sdv_msgs/msg/rosidl_typesupport_fastrtps_cpp__visibility_control.h\n'}
[2.952339] (sdv_msgs) StdoutLine: {'line': b'-- Up-to-date: /home/fectec151/Downloads/Projects/vanttec_sdv/workspace/src/install/sdv_msgs/include/sdv_msgs/sdv_msgs/msg/detail\n'}
[2.952419] (sdv_msgs) StdoutLine: {'line': b'-- Up-to-date: /home/fectec151/Downloads/Projects/vanttec_sdv/workspace/src/install/sdv_msgs/include/sdv_msgs/sdv_msgs/msg/detail/panel_msg__rosidl_typesupport_fastrtps_cpp.hpp\n'}
[2.952514] (sdv_msgs) StdoutLine: {'line': b'-- Up-to-date: /home/fectec151/Downloads/Projects/vanttec_sdv/workspace/src/install/sdv_msgs/include/sdv_msgs/sdv_msgs/msg/detail/eta_pose__rosidl_typesupport_fastrtps_cpp.hpp\n'}
[2.952595] (sdv_msgs) StdoutLine: {'line': b'-- Up-to-date: /home/fectec151/Downloads/Projects/vanttec_sdv/workspace/src/install/sdv_msgs/include/sdv_msgs/sdv_msgs/msg/detail/dds_fastrtps\n'}
[2.952675] (sdv_msgs) StdoutLine: {'line': b'-- Up-to-date: /home/fectec151/Downloads/Projects/vanttec_sdv/workspace/src/install/sdv_msgs/include/sdv_msgs/sdv_msgs/msg/detail/vehicle_info__rosidl_typesupport_fastrtps_cpp.hpp\n'}
[2.952755] (sdv_msgs) StdoutLine: {'line': b'-- Up-to-date: /home/fectec151/Downloads/Projects/vanttec_sdv/workspace/src/install/sdv_msgs/include/sdv_msgs/sdv_msgs/msg/detail/system_dynamics__rosidl_typesupport_fastrtps_cpp.hpp\n'}
[2.952837] (sdv_msgs) StdoutLine: {'line': b'-- Up-to-date: /home/fectec151/Downloads/Projects/vanttec_sdv/workspace/src/install/sdv_msgs/include/sdv_msgs/sdv_msgs/msg/detail/collision_event__rosidl_typesupport_fastrtps_cpp.hpp\n'}
[2.952918] (sdv_msgs) StdoutLine: {'line': b'-- Up-to-date: /home/fectec151/Downloads/Projects/vanttec_sdv/workspace/src/install/sdv_msgs/include/sdv_msgs/sdv_msgs/msg/detail/encoder__rosidl_typesupport_fastrtps_cpp.hpp\n'}
[2.953000] (sdv_msgs) StdoutLine: {'line': b'-- Up-to-date: /home/fectec151/Downloads/Projects/vanttec_sdv/workspace/src/install/sdv_msgs/include/sdv_msgs/sdv_msgs/msg/detail/vehicle_control__rosidl_typesupport_fastrtps_cpp.hpp\n'}
[2.953084] (sdv_msgs) StdoutLine: {'line': b'-- Up-to-date: /home/fectec151/Downloads/Projects/vanttec_sdv/workspace/src/install/sdv_msgs/include/sdv_msgs/sdv_msgs/msg/detail/state__rosidl_typesupport_fastrtps_cpp.hpp\n'}
[2.953166] (sdv_msgs) StdoutLine: {'line': b'-- Up-to-date: /home/fectec151/Downloads/Projects/vanttec_sdv/workspace/src/install/sdv_msgs/include/sdv_msgs/sdv_msgs/msg/detail/xbox_msg__rosidl_typesupport_fastrtps_cpp.hpp\n'}
[2.953249] (sdv_msgs) StdoutLine: {'line': b'-- Up-to-date: /home/fectec151/Downloads/Projects/vanttec_sdv/workspace/src/install/sdv_msgs/include/sdv_msgs/sdv_msgs/msg/detail/thrust_control__rosidl_typesupport_fastrtps_cpp.hpp\n'}
[2.953335] (sdv_msgs) StdoutLine: {'line': b'-- Up-to-date: /home/fectec151/Downloads/Projects/vanttec_sdv/workspace/src/install/sdv_msgs/include/sdv_msgs/sdv_msgs/msg/detail/guidance_waypoints__rosidl_typesupport_fastrtps_cpp.hpp\n'}
[2.953416] (sdv_msgs) StdoutLine: {'line': b'-- Up-to-date: /home/fectec151/Downloads/Projects/vanttec_sdv/workspace/src/install/sdv_msgs/include/sdv_msgs/sdv_msgs/msg/detail/waypoint_vector__rosidl_typesupport_fastrtps_cpp.hpp\n'}
[2.953499] (sdv_msgs) StdoutLine: {'line': b'-- Up-to-date: /home/fectec151/Downloads/Projects/vanttec_sdv/workspace/src/install/sdv_msgs/include/sdv_msgs/sdv_msgs/msg/detail/status__rosidl_typesupport_fastrtps_cpp.hpp\n'}
[2.954001] (sdv_msgs) StdoutLine: {'line': b'-- Up-to-date: /home/fectec151/Downloads/Projects/vanttec_sdv/workspace/src/install/sdv_msgs/include/sdv_msgs/sdv_msgs/msg/detail/lane_invasion_event__rosidl_typesupport_fastrtps_cpp.hpp\n'}
[2.954113] (sdv_msgs) StdoutLine: {'line': b'-- Up-to-date: /home/fectec151/Downloads/Projects/vanttec_sdv/workspace/src/install/sdv_msgs/include/sdv_msgs/sdv_msgs/msg/detail/throttle_msg__rosidl_typesupport_fastrtps_cpp.hpp\n'}
[2.954201] (sdv_msgs) StdoutLine: {'line': b'-- Up-to-date: /home/fectec151/Downloads/Projects/vanttec_sdv/workspace/src/install/sdv_msgs/include/sdv_msgs/sdv_msgs/msg/detail/vehicle_info_wheel__rosidl_typesupport_fastrtps_cpp.hpp\n'}
[2.954297] (sdv_msgs) StdoutLine: {'line': b'-- Up-to-date: /home/fectec151/Downloads/Projects/vanttec_sdv/workspace/src/install/sdv_msgs/include/sdv_msgs/sdv_msgs/msg/detail/vehicle_status__rosidl_typesupport_fastrtps_cpp.hpp\n'}
[2.954389] (sdv_msgs) StdoutLine: {'line': b'-- Up-to-date: /home/fectec151/Downloads/Projects/vanttec_sdv/workspace/src/install/sdv_msgs/lib/libsdv_msgs__rosidl_typesupport_fastrtps_cpp.so\n'}
[2.954477] (sdv_msgs) StdoutLine: {'line': b'-- Up-to-date: /home/fectec151/Downloads/Projects/vanttec_sdv/workspace/src/install/sdv_msgs/include/sdv_msgs/sdv_msgs\n'}
[2.954565] (sdv_msgs) StdoutLine: {'line': b'-- Up-to-date: /home/fectec151/Downloads/Projects/vanttec_sdv/workspace/src/install/sdv_msgs/include/sdv_msgs/sdv_msgs/srv\n'}
[2.954652] (sdv_msgs) StdoutLine: {'line': b'-- Up-to-date: /home/fectec151/Downloads/Projects/vanttec_sdv/workspace/src/install/sdv_msgs/include/sdv_msgs/sdv_msgs/srv/detail\n'}
[2.954743] (sdv_msgs) StdoutLine: {'line': b'-- Up-to-date: /home/fectec151/Downloads/Projects/vanttec_sdv/workspace/src/install/sdv_msgs/include/sdv_msgs/sdv_msgs/srv/detail/uint8__type_support.cpp\n'}
[2.954828] (sdv_msgs) StdoutLine: {'line': b'-- Up-to-date: /home/fectec151/Downloads/Projects/vanttec_sdv/workspace/src/install/sdv_msgs/include/sdv_msgs/sdv_msgs/srv/detail/uint8__rosidl_typesupport_introspection_cpp.hpp\n'}
[2.954914] (sdv_msgs) StdoutLine: {'line': b'-- Up-to-date: /home/fectec151/Downloads/Projects/vanttec_sdv/workspace/src/install/sdv_msgs/include/sdv_msgs/sdv_msgs/msg\n'}
[2.955003] (sdv_msgs) StdoutLine: {'line': b'-- Up-to-date: /home/fectec151/Downloads/Projects/vanttec_sdv/workspace/src/install/sdv_msgs/include/sdv_msgs/sdv_msgs/msg/detail\n'}
[2.955095] (sdv_msgs) StdoutLine: {'line': b'-- Up-to-date: /home/fectec151/Downloads/Projects/vanttec_sdv/workspace/src/install/sdv_msgs/include/sdv_msgs/sdv_msgs/msg/detail/panel_msg__type_support.cpp\n'}
[2.955185] (sdv_msgs) StdoutLine: {'line': b'-- Up-to-date: /home/fectec151/Downloads/Projects/vanttec_sdv/workspace/src/install/sdv_msgs/include/sdv_msgs/sdv_msgs/msg/detail/vehicle_info_wheel__type_support.cpp\n'}
[2.955276] (sdv_msgs) StdoutLine: {'line': b'-- Up-to-date: /home/fectec151/Downloads/Projects/vanttec_sdv/workspace/src/install/sdv_msgs/include/sdv_msgs/sdv_msgs/msg/detail/guidance_waypoints__type_support.cpp\n'}
[2.955364] (sdv_msgs) StdoutLine: {'line': b'-- Up-to-date: /home/fectec151/Downloads/Projects/vanttec_sdv/workspace/src/install/sdv_msgs/include/sdv_msgs/sdv_msgs/msg/detail/vehicle_status__type_support.cpp\n'}
[2.955448] (sdv_msgs) StdoutLine: {'line': b'-- Up-to-date: /home/fectec151/Downloads/Projects/vanttec_sdv/workspace/src/install/sdv_msgs/include/sdv_msgs/sdv_msgs/msg/detail/vehicle_status__rosidl_typesupport_introspection_cpp.hpp\n'}
[2.955540] (sdv_msgs) StdoutLine: {'line': b'-- Up-to-date: /home/fectec151/Downloads/Projects/vanttec_sdv/workspace/src/install/sdv_msgs/include/sdv_msgs/sdv_msgs/msg/detail/vehicle_info__rosidl_typesupport_introspection_cpp.hpp\n'}
[2.955630] (sdv_msgs) StdoutLine: {'line': b'-- Up-to-date: /home/fectec151/Downloads/Projects/vanttec_sdv/workspace/src/install/sdv_msgs/include/sdv_msgs/sdv_msgs/msg/detail/vehicle_control__rosidl_typesupport_introspection_cpp.hpp\n'}
[2.955723] (sdv_msgs) StdoutLine: {'line': b'-- Up-to-date: /home/fectec151/Downloads/Projects/vanttec_sdv/workspace/src/install/sdv_msgs/include/sdv_msgs/sdv_msgs/msg/detail/lane_invasion_event__rosidl_typesupport_introspection_cpp.hpp\n'}
[2.955833] (sdv_msgs) StdoutLine: {'line': b'-- Up-to-date: /home/fectec151/Downloads/Projects/vanttec_sdv/workspace/src/install/sdv_msgs/include/sdv_msgs/sdv_msgs/msg/detail/thrust_control__rosidl_typesupport_introspection_cpp.hpp\n'}
[2.955927] (sdv_msgs) StdoutLine: {'line': b'-- Up-to-date: /home/fectec151/Downloads/Projects/vanttec_sdv/workspace/src/install/sdv_msgs/include/sdv_msgs/sdv_msgs/msg/detail/collision_event__type_support.cpp\n'}
[2.956024] (sdv_msgs) StdoutLine: {'line': b'-- Up-to-date: /home/fectec151/Downloads/Projects/vanttec_sdv/workspace/src/install/sdv_msgs/include/sdv_msgs/sdv_msgs/msg/detail/throttle_msg__type_support.cpp\n'}
[2.956115] (sdv_msgs) StdoutLine: {'line': b'-- Up-to-date: /home/fectec151/Downloads/Projects/vanttec_sdv/workspace/src/install/sdv_msgs/include/sdv_msgs/sdv_msgs/msg/detail/system_dynamics__rosidl_typesupport_introspection_cpp.hpp\n'}
[2.956203] (sdv_msgs) StdoutLine: {'line': b'-- Up-to-date: /home/fectec151/Downloads/Projects/vanttec_sdv/workspace/src/install/sdv_msgs/include/sdv_msgs/sdv_msgs/msg/detail/eta_pose__rosidl_typesupport_introspection_cpp.hpp\n'}
[2.956301] (sdv_msgs) StdoutLine: {'line': b'-- Up-to-date: /home/fectec151/Downloads/Projects/vanttec_sdv/workspace/src/install/sdv_msgs/include/sdv_msgs/sdv_msgs/msg/detail/eta_pose__type_support.cpp\n'}
[2.956385] (sdv_msgs) StdoutLine: {'line': b'-- Up-to-date: /home/fectec151/Downloads/Projects/vanttec_sdv/workspace/src/install/sdv_msgs/include/sdv_msgs/sdv_msgs/msg/detail/lane_invasion_event__type_support.cpp\n'}
[2.956485] (sdv_msgs) StdoutLine: {'line': b'-- Up-to-date: /home/fectec151/Downloads/Projects/vanttec_sdv/workspace/src/install/sdv_msgs/include/sdv_msgs/sdv_msgs/msg/detail/state__type_support.cpp\n'}
[2.956569] (sdv_msgs) StdoutLine: {'line': b'-- Up-to-date: /home/fectec151/Downloads/Projects/vanttec_sdv/workspace/src/install/sdv_msgs/include/sdv_msgs/sdv_msgs/msg/detail/vehicle_info_wheel__rosidl_typesupport_introspection_cpp.hpp\n'}
[2.956647] (sdv_msgs) StdoutLine: {'line': b'-- Up-to-date: /home/fectec151/Downloads/Projects/vanttec_sdv/workspace/src/install/sdv_msgs/include/sdv_msgs/sdv_msgs/msg/detail/throttle_msg__rosidl_typesupport_introspection_cpp.hpp\n'}
[2.956731] (sdv_msgs) StdoutLine: {'line': b'-- Up-to-date: /home/fectec151/Downloads/Projects/vanttec_sdv/workspace/src/install/sdv_msgs/include/sdv_msgs/sdv_msgs/msg/detail/xbox_msg__rosidl_typesupport_introspection_cpp.hpp\n'}
[2.956820] (sdv_msgs) StdoutLine: {'line': b'-- Up-to-date: /home/fectec151/Downloads/Projects/vanttec_sdv/workspace/src/install/sdv_msgs/include/sdv_msgs/sdv_msgs/msg/detail/waypoint_vector__type_support.cpp\n'}
[2.956913] (sdv_msgs) StdoutLine: {'line': b'-- Up-to-date: /home/fectec151/Downloads/Projects/vanttec_sdv/workspace/src/install/sdv_msgs/include/sdv_msgs/sdv_msgs/msg/detail/system_dynamics__type_support.cpp\n'}
[2.957002] (sdv_msgs) StdoutLine: {'line': b'-- Up-to-date: /home/fectec151/Downloads/Projects/vanttec_sdv/workspace/src/install/sdv_msgs/include/sdv_msgs/sdv_msgs/msg/detail/encoder__rosidl_typesupport_introspection_cpp.hpp\n'}
[2.957084] (sdv_msgs) StdoutLine: {'line': b'-- Up-to-date: /home/fectec151/Downloads/Projects/vanttec_sdv/workspace/src/install/sdv_msgs/include/sdv_msgs/sdv_msgs/msg/detail/xbox_msg__type_support.cpp\n'}
[2.957171] (sdv_msgs) StdoutLine: {'line': b'-- Up-to-date: /home/fectec151/Downloads/Projects/vanttec_sdv/workspace/src/install/sdv_msgs/include/sdv_msgs/sdv_msgs/msg/detail/status__type_support.cpp\n'}
[2.957257] (sdv_msgs) StdoutLine: {'line': b'-- Up-to-date: /home/fectec151/Downloads/Projects/vanttec_sdv/workspace/src/install/sdv_msgs/include/sdv_msgs/sdv_msgs/msg/detail/encoder__type_support.cpp\n'}
[2.957349] (sdv_msgs) StdoutLine: {'line': b'-- Up-to-date: /home/fectec151/Downloads/Projects/vanttec_sdv/workspace/src/install/sdv_msgs/include/sdv_msgs/sdv_msgs/msg/detail/waypoint_vector__rosidl_typesupport_introspection_cpp.hpp\n'}
[2.957438] (sdv_msgs) StdoutLine: {'line': b'-- Up-to-date: /home/fectec151/Downloads/Projects/vanttec_sdv/workspace/src/install/sdv_msgs/include/sdv_msgs/sdv_msgs/msg/detail/vehicle_control__type_support.cpp\n'}
[2.957535] (sdv_msgs) StdoutLine: {'line': b'-- Up-to-date: /home/fectec151/Downloads/Projects/vanttec_sdv/workspace/src/install/sdv_msgs/include/sdv_msgs/sdv_msgs/msg/detail/collision_event__rosidl_typesupport_introspection_cpp.hpp\n'}
[2.957628] (sdv_msgs) StdoutLine: {'line': b'-- Up-to-date: /home/fectec151/Downloads/Projects/vanttec_sdv/workspace/src/install/sdv_msgs/include/sdv_msgs/sdv_msgs/msg/detail/thrust_control__type_support.cpp\n'}
[2.957722] (sdv_msgs) StdoutLine: {'line': b'-- Up-to-date: /home/fectec151/Downloads/Projects/vanttec_sdv/workspace/src/install/sdv_msgs/include/sdv_msgs/sdv_msgs/msg/detail/vehicle_info__type_support.cpp\n'}
[2.957818] (sdv_msgs) StdoutLine: {'line': b'-- Up-to-date: /home/fectec151/Downloads/Projects/vanttec_sdv/workspace/src/install/sdv_msgs/include/sdv_msgs/sdv_msgs/msg/detail/guidance_waypoints__rosidl_typesupport_introspection_cpp.hpp\n'}
[2.957909] (sdv_msgs) StdoutLine: {'line': b'-- Up-to-date: /home/fectec151/Downloads/Projects/vanttec_sdv/workspace/src/install/sdv_msgs/include/sdv_msgs/sdv_msgs/msg/detail/status__rosidl_typesupport_introspection_cpp.hpp\n'}
[2.957996] (sdv_msgs) StdoutLine: {'line': b'-- Up-to-date: /home/fectec151/Downloads/Projects/vanttec_sdv/workspace/src/install/sdv_msgs/include/sdv_msgs/sdv_msgs/msg/detail/panel_msg__rosidl_typesupport_introspection_cpp.hpp\n'}
[2.958082] (sdv_msgs) StdoutLine: {'line': b'-- Up-to-date: /home/fectec151/Downloads/Projects/vanttec_sdv/workspace/src/install/sdv_msgs/include/sdv_msgs/sdv_msgs/msg/detail/state__rosidl_typesupport_introspection_cpp.hpp\n'}
[2.958176] (sdv_msgs) StdoutLine: {'line': b'-- Up-to-date: /home/fectec151/Downloads/Projects/vanttec_sdv/workspace/src/install/sdv_msgs/lib/libsdv_msgs__rosidl_typesupport_introspection_cpp.so\n'}
[2.958268] (sdv_msgs) StdoutLine: {'line': b'-- Up-to-date: /home/fectec151/Downloads/Projects/vanttec_sdv/workspace/src/install/sdv_msgs/lib/libsdv_msgs__rosidl_typesupport_cpp.so\n'}
[2.958357] (sdv_msgs) StdoutLine: {'line': b'-- Up-to-date: /home/fectec151/Downloads/Projects/vanttec_sdv/workspace/src/install/sdv_msgs/share/sdv_msgs/environment/pythonpath.sh\n'}
[2.958467] (sdv_msgs) StdoutLine: {'line': b'-- Installing: /home/fectec151/Downloads/Projects/vanttec_sdv/workspace/src/install/sdv_msgs/share/sdv_msgs/environment/pythonpath.dsv\n'}
[2.958569] (sdv_msgs) StdoutLine: {'line': b'-- Up-to-date: /home/fectec151/Downloads/Projects/vanttec_sdv/workspace/src/install/sdv_msgs/local/lib/python3.10/dist-packages/sdv_msgs-0.0.0-py3.10.egg-info\n'}
[2.958669] (sdv_msgs) StdoutLine: {'line': b'-- Installing: /home/fectec151/Downloads/Projects/vanttec_sdv/workspace/src/install/sdv_msgs/local/lib/python3.10/dist-packages/sdv_msgs-0.0.0-py3.10.egg-info/PKG-INFO\n'}
[2.958769] (sdv_msgs) StdoutLine: {'line': b'-- Installing: /home/fectec151/Downloads/Projects/vanttec_sdv/workspace/src/install/sdv_msgs/local/lib/python3.10/dist-packages/sdv_msgs-0.0.0-py3.10.egg-info/top_level.txt\n'}
[2.958863] (sdv_msgs) StdoutLine: {'line': b'-- Installing: /home/fectec151/Downloads/Projects/vanttec_sdv/workspace/src/install/sdv_msgs/local/lib/python3.10/dist-packages/sdv_msgs-0.0.0-py3.10.egg-info/SOURCES.txt\n'}
[2.958960] (sdv_msgs) StdoutLine: {'line': b'-- Installing: /home/fectec151/Downloads/Projects/vanttec_sdv/workspace/src/install/sdv_msgs/local/lib/python3.10/dist-packages/sdv_msgs-0.0.0-py3.10.egg-info/dependency_links.txt\n'}
[2.959052] (sdv_msgs) StdoutLine: {'line': b'-- Up-to-date: /home/fectec151/Downloads/Projects/vanttec_sdv/workspace/src/install/sdv_msgs/local/lib/python3.10/dist-packages/sdv_msgs\n'}
[2.959142] (sdv_msgs) StdoutLine: {'line': b'-- Up-to-date: /home/fectec151/Downloads/Projects/vanttec_sdv/workspace/src/install/sdv_msgs/local/lib/python3.10/dist-packages/sdv_msgs/sdv_msgs_s__rosidl_typesupport_c.cpython-310-x86_64-linux-gnu.so\n'}
[2.959231] (sdv_msgs) StdoutLine: {'line': b'-- Up-to-date: /home/fectec151/Downloads/Projects/vanttec_sdv/workspace/src/install/sdv_msgs/local/lib/python3.10/dist-packages/sdv_msgs/_sdv_msgs_s.ep.rosidl_typesupport_c.c\n'}
[2.959332] (sdv_msgs) StdoutLine: {'line': b'-- Up-to-date: /home/fectec151/Downloads/Projects/vanttec_sdv/workspace/src/install/sdv_msgs/local/lib/python3.10/dist-packages/sdv_msgs/srv\n'}
[2.959421] (sdv_msgs) StdoutLine: {'line': b'-- Up-to-date: /home/fectec151/Downloads/Projects/vanttec_sdv/workspace/src/install/sdv_msgs/local/lib/python3.10/dist-packages/sdv_msgs/srv/_uint8.py\n'}
[2.959511] (sdv_msgs) StdoutLine: {'line': b'-- Up-to-date: /home/fectec151/Downloads/Projects/vanttec_sdv/workspace/src/install/sdv_msgs/local/lib/python3.10/dist-packages/sdv_msgs/srv/__init__.py\n'}
[2.959602] (sdv_msgs) StdoutLine: {'line': b'-- Up-to-date: /home/fectec151/Downloads/Projects/vanttec_sdv/workspace/src/install/sdv_msgs/local/lib/python3.10/dist-packages/sdv_msgs/srv/_uint8_s.c\n'}
[2.959696] (sdv_msgs) StdoutLine: {'line': b'-- Up-to-date: /home/fectec151/Downloads/Projects/vanttec_sdv/workspace/src/install/sdv_msgs/local/lib/python3.10/dist-packages/sdv_msgs/sdv_msgs_s__rosidl_typesupport_introspection_c.cpython-310-x86_64-linux-gnu.so\n'}
[2.959790] (sdv_msgs) StdoutLine: {'line': b'-- Up-to-date: /home/fectec151/Downloads/Projects/vanttec_sdv/workspace/src/install/sdv_msgs/local/lib/python3.10/dist-packages/sdv_msgs/msg\n'}
[2.959878] (sdv_msgs) StdoutLine: {'line': b'-- Up-to-date: /home/fectec151/Downloads/Projects/vanttec_sdv/workspace/src/install/sdv_msgs/local/lib/python3.10/dist-packages/sdv_msgs/msg/_guidance_waypoints_s.c\n'}
[2.959966] (sdv_msgs) StdoutLine: {'line': b'-- Up-to-date: /home/fectec151/Downloads/Projects/vanttec_sdv/workspace/src/install/sdv_msgs/local/lib/python3.10/dist-packages/sdv_msgs/msg/_vehicle_info_wheel.py\n'}
[2.960054] (sdv_msgs) StdoutLine: {'line': b'-- Up-to-date: /home/fectec151/Downloads/Projects/vanttec_sdv/workspace/src/install/sdv_msgs/local/lib/python3.10/dist-packages/sdv_msgs/msg/_vehicle_info.py\n'}
[2.960143] (sdv_msgs) StdoutLine: {'line': b'-- Up-to-date: /home/fectec151/Downloads/Projects/vanttec_sdv/workspace/src/install/sdv_msgs/local/lib/python3.10/dist-packages/sdv_msgs/msg/_vehicle_status_s.c\n'}
[2.960229] (sdv_msgs) StdoutLine: {'line': b'-- Up-to-date: /home/fectec151/Downloads/Projects/vanttec_sdv/workspace/src/install/sdv_msgs/local/lib/python3.10/dist-packages/sdv_msgs/msg/_panel_msg_s.c\n'}
[2.960317] (sdv_msgs) StdoutLine: {'line': b'-- Up-to-date: /home/fectec151/Downloads/Projects/vanttec_sdv/workspace/src/install/sdv_msgs/local/lib/python3.10/dist-packages/sdv_msgs/msg/_status_s.c\n'}
[2.960404] (sdv_msgs) StdoutLine: {'line': b'-- Up-to-date: /home/fectec151/Downloads/Projects/vanttec_sdv/workspace/src/install/sdv_msgs/local/lib/python3.10/dist-packages/sdv_msgs/msg/_waypoint_vector.py\n'}
[2.962552] (sdv_msgs) StdoutLine: {'line': b'-- Up-to-date: /home/fectec151/Downloads/Projects/vanttec_sdv/workspace/src/install/sdv_msgs/local/lib/python3.10/dist-packages/sdv_msgs/msg/_collision_event.py\n'}
[2.962712] (sdv_msgs) StdoutLine: {'line': b'-- Up-to-date: /home/fectec151/Downloads/Projects/vanttec_sdv/workspace/src/install/sdv_msgs/local/lib/python3.10/dist-packages/sdv_msgs/msg/_vehicle_status.py\n'}
[2.962808] (sdv_msgs) StdoutLine: {'line': b'-- Up-to-date: /home/fectec151/Downloads/Projects/vanttec_sdv/workspace/src/install/sdv_msgs/local/lib/python3.10/dist-packages/sdv_msgs/msg/_panel_msg.py\n'}
[2.962913] (sdv_msgs) StdoutLine: {'line': b'-- Up-to-date: /home/fectec151/Downloads/Projects/vanttec_sdv/workspace/src/install/sdv_msgs/local/lib/python3.10/dist-packages/sdv_msgs/msg/_guidance_waypoints.py\n'}
[2.963012] (sdv_msgs) StdoutLine: {'line': b'-- Up-to-date: /home/fectec151/Downloads/Projects/vanttec_sdv/workspace/src/install/sdv_msgs/local/lib/python3.10/dist-packages/sdv_msgs/msg/__init__.py\n'}
[2.963100] (sdv_msgs) StdoutLine: {'line': b'-- Up-to-date: /home/fectec151/Downloads/Projects/vanttec_sdv/workspace/src/install/sdv_msgs/local/lib/python3.10/dist-packages/sdv_msgs/msg/_lane_invasion_event_s.c\n'}
[2.963193] (sdv_msgs) StdoutLine: {'line': b'-- Up-to-date: /home/fectec151/Downloads/Projects/vanttec_sdv/workspace/src/install/sdv_msgs/local/lib/python3.10/dist-packages/sdv_msgs/msg/_vehicle_control.py\n'}
[2.963281] (sdv_msgs) StdoutLine: {'line': b'-- Up-to-date: /home/fectec151/Downloads/Projects/vanttec_sdv/workspace/src/install/sdv_msgs/local/lib/python3.10/dist-packages/sdv_msgs/msg/_vehicle_control_s.c\n'}
[2.963369] (sdv_msgs) StdoutLine: {'line': b'-- Up-to-date: /home/fectec151/Downloads/Projects/vanttec_sdv/workspace/src/install/sdv_msgs/local/lib/python3.10/dist-packages/sdv_msgs/msg/_system_dynamics_s.c\n'}
[2.963459] (sdv_msgs) StdoutLine: {'line': b'-- Up-to-date: /home/fectec151/Downloads/Projects/vanttec_sdv/workspace/src/install/sdv_msgs/local/lib/python3.10/dist-packages/sdv_msgs/msg/_waypoint_vector_s.c\n'}
[2.963552] (sdv_msgs) StdoutLine: {'line': b'-- Up-to-date: /home/fectec151/Downloads/Projects/vanttec_sdv/workspace/src/install/sdv_msgs/local/lib/python3.10/dist-packages/sdv_msgs/msg/_encoder.py\n'}
[2.963641] (sdv_msgs) StdoutLine: {'line': b'-- Up-to-date: /home/fectec151/Downloads/Projects/vanttec_sdv/workspace/src/install/sdv_msgs/local/lib/python3.10/dist-packages/sdv_msgs/msg/_thrust_control_s.c\n'}
[2.963731] (sdv_msgs) StdoutLine: {'line': b'-- Up-to-date: /home/fectec151/Downloads/Projects/vanttec_sdv/workspace/src/install/sdv_msgs/local/lib/python3.10/dist-packages/sdv_msgs/msg/_throttle_msg_s.c\n'}
[2.963823] (sdv_msgs) StdoutLine: {'line': b'-- Up-to-date: /home/fectec151/Downloads/Projects/vanttec_sdv/workspace/src/install/sdv_msgs/local/lib/python3.10/dist-packages/sdv_msgs/msg/_status.py\n'}
[2.963920] (sdv_msgs) StdoutLine: {'line': b'-- Up-to-date: /home/fectec151/Downloads/Projects/vanttec_sdv/workspace/src/install/sdv_msgs/local/lib/python3.10/dist-packages/sdv_msgs/msg/_lane_invasion_event.py\n'}
[2.964022] (sdv_msgs) StdoutLine: {'line': b'-- Up-to-date: /home/fectec151/Downloads/Projects/vanttec_sdv/workspace/src/install/sdv_msgs/local/lib/python3.10/dist-packages/sdv_msgs/msg/_vehicle_info_s.c\n'}
[2.964129] (sdv_msgs) StdoutLine: {'line': b'-- Up-to-date: /home/fectec151/Downloads/Projects/vanttec_sdv/workspace/src/install/sdv_msgs/local/lib/python3.10/dist-packages/sdv_msgs/msg/_eta_pose.py\n'}
[2.964238] (sdv_msgs) StdoutLine: {'line': b'-- Up-to-date: /home/fectec151/Downloads/Projects/vanttec_sdv/workspace/src/install/sdv_msgs/local/lib/python3.10/dist-packages/sdv_msgs/msg/_eta_pose_s.c\n'}
[2.964345] (sdv_msgs) StdoutLine: {'line': b'-- Up-to-date: /home/fectec151/Downloads/Projects/vanttec_sdv/workspace/src/install/sdv_msgs/local/lib/python3.10/dist-packages/sdv_msgs/msg/_state.py\n'}
[2.964440] (sdv_msgs) StdoutLine: {'line': b'-- Up-to-date: /home/fectec151/Downloads/Projects/vanttec_sdv/workspace/src/install/sdv_msgs/local/lib/python3.10/dist-packages/sdv_msgs/msg/_throttle_msg.py\n'}
[2.964552] (sdv_msgs) StdoutLine: {'line': b'-- Up-to-date: /home/fectec151/Downloads/Projects/vanttec_sdv/workspace/src/install/sdv_msgs/local/lib/python3.10/dist-packages/sdv_msgs/msg/_encoder_s.c\n'}
[2.964647] (sdv_msgs) StdoutLine: {'line': b'-- Up-to-date: /home/fectec151/Downloads/Projects/vanttec_sdv/workspace/src/install/sdv_msgs/local/lib/python3.10/dist-packages/sdv_msgs/msg/_xbox_msg.py\n'}
[2.964730] (sdv_msgs) StdoutLine: {'line': b'-- Up-to-date: /home/fectec151/Downloads/Projects/vanttec_sdv/workspace/src/install/sdv_msgs/local/lib/python3.10/dist-packages/sdv_msgs/msg/_thrust_control.py\n'}
[2.964815] (sdv_msgs) StdoutLine: {'line': b'-- Up-to-date: /home/fectec151/Downloads/Projects/vanttec_sdv/workspace/src/install/sdv_msgs/local/lib/python3.10/dist-packages/sdv_msgs/msg/_collision_event_s.c\n'}
[2.964909] (sdv_msgs) StdoutLine: {'line': b'-- Up-to-date: /home/fectec151/Downloads/Projects/vanttec_sdv/workspace/src/install/sdv_msgs/local/lib/python3.10/dist-packages/sdv_msgs/msg/_system_dynamics.py\n'}
[2.964992] (sdv_msgs) StdoutLine: {'line': b'-- Up-to-date: /home/fectec151/Downloads/Projects/vanttec_sdv/workspace/src/install/sdv_msgs/local/lib/python3.10/dist-packages/sdv_msgs/msg/_xbox_msg_s.c\n'}
[2.965096] (sdv_msgs) StdoutLine: {'line': b'-- Up-to-date: /home/fectec151/Downloads/Projects/vanttec_sdv/workspace/src/install/sdv_msgs/local/lib/python3.10/dist-packages/sdv_msgs/msg/_state_s.c\n'}
[2.965195] (sdv_msgs) StdoutLine: {'line': b'-- Up-to-date: /home/fectec151/Downloads/Projects/vanttec_sdv/workspace/src/install/sdv_msgs/local/lib/python3.10/dist-packages/sdv_msgs/msg/_vehicle_info_wheel_s.c\n'}
[2.965292] (sdv_msgs) StdoutLine: {'line': b'-- Installing: /home/fectec151/Downloads/Projects/vanttec_sdv/workspace/src/install/sdv_msgs/local/lib/python3.10/dist-packages/sdv_msgs/__init__.py\n'}
[2.965385] (sdv_msgs) StdoutLine: {'line': b'-- Up-to-date: /home/fectec151/Downloads/Projects/vanttec_sdv/workspace/src/install/sdv_msgs/local/lib/python3.10/dist-packages/sdv_msgs/_sdv_msgs_s.ep.rosidl_typesupport_fastrtps_c.c\n'}
[2.965487] (sdv_msgs) StdoutLine: {'line': b'-- Up-to-date: /home/fectec151/Downloads/Projects/vanttec_sdv/workspace/src/install/sdv_msgs/local/lib/python3.10/dist-packages/sdv_msgs/_sdv_msgs_s.ep.rosidl_typesupport_introspection_c.c\n'}
[2.965581] (sdv_msgs) StdoutLine: {'line': b'-- Up-to-date: /home/fectec151/Downloads/Projects/vanttec_sdv/workspace/src/install/sdv_msgs/local/lib/python3.10/dist-packages/sdv_msgs/libsdv_msgs__rosidl_generator_py.so\n'}
[2.965676] (sdv_msgs) StdoutLine: {'line': b'-- Up-to-date: /home/fectec151/Downloads/Projects/vanttec_sdv/workspace/src/install/sdv_msgs/local/lib/python3.10/dist-packages/sdv_msgs/sdv_msgs_s__rosidl_typesupport_fastrtps_c.cpython-310-x86_64-linux-gnu.so\n'}
[3.007158] (sdv_msgs) StdoutLine: {'line': b"Listing '/home/fectec151/Downloads/Projects/vanttec_sdv/workspace/src/install/sdv_msgs/local/lib/python3.10/dist-packages/sdv_msgs'...\n"}
[3.007462] (-) TimerEvent: {}
[3.007660] (sdv_msgs) StdoutLine: {'line': b"Compiling '/home/fectec151/Downloads/Projects/vanttec_sdv/workspace/src/install/sdv_msgs/local/lib/python3.10/dist-packages/sdv_msgs/__init__.py'...\n"}
[3.007850] (sdv_msgs) StdoutLine: {'line': b"Listing '/home/fectec151/Downloads/Projects/vanttec_sdv/workspace/src/install/sdv_msgs/local/lib/python3.10/dist-packages/sdv_msgs/msg'...\n"}
[3.008018] (sdv_msgs) StdoutLine: {'line': b"Listing '/home/fectec151/Downloads/Projects/vanttec_sdv/workspace/src/install/sdv_msgs/local/lib/python3.10/dist-packages/sdv_msgs/srv'...\n"}
[3.015127] (sdv_msgs) StdoutLine: {'line': b'-- Up-to-date: /home/fectec151/Downloads/Projects/vanttec_sdv/workspace/src/install/sdv_msgs/local/lib/python3.10/dist-packages/sdv_msgs/sdv_msgs_s__rosidl_typesupport_fastrtps_c.cpython-310-x86_64-linux-gnu.so\n'}
[3.016105] (sdv_msgs) StdoutLine: {'line': b'-- Up-to-date: /home/fectec151/Downloads/Projects/vanttec_sdv/workspace/src/install/sdv_msgs/local/lib/python3.10/dist-packages/sdv_msgs/sdv_msgs_s__rosidl_typesupport_introspection_c.cpython-310-x86_64-linux-gnu.so\n'}
[3.016846] (sdv_msgs) StdoutLine: {'line': b'-- Up-to-date: /home/fectec151/Downloads/Projects/vanttec_sdv/workspace/src/install/sdv_msgs/local/lib/python3.10/dist-packages/sdv_msgs/sdv_msgs_s__rosidl_typesupport_c.cpython-310-x86_64-linux-gnu.so\n'}
[3.017664] (sdv_msgs) StdoutLine: {'line': b'-- Up-to-date: /home/fectec151/Downloads/Projects/vanttec_sdv/workspace/src/install/sdv_msgs/lib/libsdv_msgs__rosidl_generator_py.so\n'}
[3.018024] (sdv_msgs) StdoutLine: {'line': b'-- Up-to-date: /home/fectec151/Downloads/Projects/vanttec_sdv/workspace/src/install/sdv_msgs/share/sdv_msgs/msg/State.idl\n'}
[3.018126] (sdv_msgs) StdoutLine: {'line': b'-- Up-to-date: /home/fectec151/Downloads/Projects/vanttec_sdv/workspace/src/install/sdv_msgs/share/sdv_msgs/msg/PanelMsg.idl\n'}
[3.018260] (sdv_msgs) StdoutLine: {'line': b'-- Up-to-date: /home/fectec151/Downloads/Projects/vanttec_sdv/workspace/src/install/sdv_msgs/share/sdv_msgs/msg/XboxMsg.idl\n'}
[3.018329] (sdv_msgs) StdoutLine: {'line': b'-- Up-to-date: /home/fectec151/Downloads/Projects/vanttec_sdv/workspace/src/install/sdv_msgs/share/sdv_msgs/msg/ThrottleMsg.idl\n'}
[3.018423] (sdv_msgs) StdoutLine: {'line': b'-- Up-to-date: /home/fectec151/Downloads/Projects/vanttec_sdv/workspace/src/install/sdv_msgs/share/sdv_msgs/msg/CollisionEvent.idl\n'}
[3.018484] (sdv_msgs) StdoutLine: {'line': b'-- Up-to-date: /home/fectec151/Downloads/Projects/vanttec_sdv/workspace/src/install/sdv_msgs/share/sdv_msgs/msg/LaneInvasionEvent.idl\n'}
[3.018546] (sdv_msgs) StdoutLine: {'line': b'-- Up-to-date: /home/fectec151/Downloads/Projects/vanttec_sdv/workspace/src/install/sdv_msgs/share/sdv_msgs/msg/Status.idl\n'}
[3.018630] (sdv_msgs) StdoutLine: {'line': b'-- Up-to-date: /home/fectec151/Downloads/Projects/vanttec_sdv/workspace/src/install/sdv_msgs/share/sdv_msgs/msg/VehicleControl.idl\n'}
[3.018764] (sdv_msgs) StdoutLine: {'line': b'-- Up-to-date: /home/fectec151/Downloads/Projects/vanttec_sdv/workspace/src/install/sdv_msgs/share/sdv_msgs/msg/VehicleInfo.idl\n'}
[3.018832] (sdv_msgs) StdoutLine: {'line': b'-- Up-to-date: /home/fectec151/Downloads/Projects/vanttec_sdv/workspace/src/install/sdv_msgs/share/sdv_msgs/msg/VehicleStatus.idl\n'}
[3.018891] (sdv_msgs) StdoutLine: {'line': b'-- Up-to-date: /home/fectec151/Downloads/Projects/vanttec_sdv/workspace/src/install/sdv_msgs/share/sdv_msgs/msg/VehicleInfoWheel.idl\n'}
[3.018950] (sdv_msgs) StdoutLine: {'line': b'-- Up-to-date: /home/fectec151/Downloads/Projects/vanttec_sdv/workspace/src/install/sdv_msgs/share/sdv_msgs/msg/GuidanceWaypoints.idl\n'}
[3.019080] (sdv_msgs) StdoutLine: {'line': b'-- Up-to-date: /home/fectec151/Downloads/Projects/vanttec_sdv/workspace/src/install/sdv_msgs/share/sdv_msgs/msg/EtaPose.idl\n'}
[3.019141] (sdv_msgs) StdoutLine: {'line': b'-- Up-to-date: /home/fectec151/Downloads/Projects/vanttec_sdv/workspace/src/install/sdv_msgs/share/sdv_msgs/msg/SystemDynamics.idl\n'}
[3.019199] (sdv_msgs) StdoutLine: {'line': b'-- Up-to-date: /home/fectec151/Downloads/Projects/vanttec_sdv/workspace/src/install/sdv_msgs/share/sdv_msgs/msg/ThrustControl.idl\n'}
[3.019255] (sdv_msgs) StdoutLine: {'line': b'-- Up-to-date: /home/fectec151/Downloads/Projects/vanttec_sdv/workspace/src/install/sdv_msgs/share/sdv_msgs/msg/Encoder.idl\n'}
[3.019366] (sdv_msgs) StdoutLine: {'line': b'-- Up-to-date: /home/fectec151/Downloads/Projects/vanttec_sdv/workspace/src/install/sdv_msgs/share/sdv_msgs/msg/WaypointVector.idl\n'}
[3.019424] (sdv_msgs) StdoutLine: {'line': b'-- Up-to-date: /home/fectec151/Downloads/Projects/vanttec_sdv/workspace/src/install/sdv_msgs/share/sdv_msgs/srv/Uint8.idl\n'}
[3.019517] (sdv_msgs) StdoutLine: {'line': b'-- Up-to-date: /home/fectec151/Downloads/Projects/vanttec_sdv/workspace/src/install/sdv_msgs/share/sdv_msgs/msg/State.msg\n'}
[3.019578] (sdv_msgs) StdoutLine: {'line': b'-- Up-to-date: /home/fectec151/Downloads/Projects/vanttec_sdv/workspace/src/install/sdv_msgs/share/sdv_msgs/msg/PanelMsg.msg\n'}
[3.019636] (sdv_msgs) StdoutLine: {'line': b'-- Up-to-date: /home/fectec151/Downloads/Projects/vanttec_sdv/workspace/src/install/sdv_msgs/share/sdv_msgs/msg/XboxMsg.msg\n'}
[3.019696] (sdv_msgs) StdoutLine: {'line': b'-- Up-to-date: /home/fectec151/Downloads/Projects/vanttec_sdv/workspace/src/install/sdv_msgs/share/sdv_msgs/msg/ThrottleMsg.msg\n'}
[3.019752] (sdv_msgs) StdoutLine: {'line': b'-- Up-to-date: /home/fectec151/Downloads/Projects/vanttec_sdv/workspace/src/install/sdv_msgs/share/sdv_msgs/msg/CollisionEvent.msg\n'}
[3.019809] (sdv_msgs) StdoutLine: {'line': b'-- Up-to-date: /home/fectec151/Downloads/Projects/vanttec_sdv/workspace/src/install/sdv_msgs/share/sdv_msgs/msg/LaneInvasionEvent.msg\n'}
[3.019870] (sdv_msgs) StdoutLine: {'line': b'-- Up-to-date: /home/fectec151/Downloads/Projects/vanttec_sdv/workspace/src/install/sdv_msgs/share/sdv_msgs/msg/Status.msg\n'}
[3.019995] (sdv_msgs) StdoutLine: {'line': b'-- Up-to-date: /home/fectec151/Downloads/Projects/vanttec_sdv/workspace/src/install/sdv_msgs/share/sdv_msgs/msg/VehicleControl.msg\n'}
[3.020067] (sdv_msgs) StdoutLine: {'line': b'-- Up-to-date: /home/fectec151/Downloads/Projects/vanttec_sdv/workspace/src/install/sdv_msgs/share/sdv_msgs/msg/VehicleInfo.msg\n'}
[3.020186] (sdv_msgs) StdoutLine: {'line': b'-- Up-to-date: /home/fectec151/Downloads/Projects/vanttec_sdv/workspace/src/install/sdv_msgs/share/sdv_msgs/msg/VehicleStatus.msg\n'}
[3.020246] (sdv_msgs) StdoutLine: {'line': b'-- Up-to-date: /home/fectec151/Downloads/Projects/vanttec_sdv/workspace/src/install/sdv_msgs/share/sdv_msgs/msg/VehicleInfoWheel.msg\n'}
[3.020303] (sdv_msgs) StdoutLine: {'line': b'-- Up-to-date: /home/fectec151/Downloads/Projects/vanttec_sdv/workspace/src/install/sdv_msgs/share/sdv_msgs/msg/GuidanceWaypoints.msg\n'}
[3.020362] (sdv_msgs) StdoutLine: {'line': b'-- Up-to-date: /home/fectec151/Downloads/Projects/vanttec_sdv/workspace/src/install/sdv_msgs/share/sdv_msgs/msg/EtaPose.msg\n'}
[3.020419] (sdv_msgs) StdoutLine: {'line': b'-- Up-to-date: /home/fectec151/Downloads/Projects/vanttec_sdv/workspace/src/install/sdv_msgs/share/sdv_msgs/msg/SystemDynamics.msg\n'}
[3.020494] (sdv_msgs) StdoutLine: {'line': b'-- Up-to-date: /home/fectec151/Downloads/Projects/vanttec_sdv/workspace/src/install/sdv_msgs/share/sdv_msgs/msg/ThrustControl.msg\n'}
[3.020557] (sdv_msgs) StdoutLine: {'line': b'-- Up-to-date: /home/fectec151/Downloads/Projects/vanttec_sdv/workspace/src/install/sdv_msgs/share/sdv_msgs/msg/Encoder.msg\n'}
[3.020674] (sdv_msgs) StdoutLine: {'line': b'-- Up-to-date: /home/fectec151/Downloads/Projects/vanttec_sdv/workspace/src/install/sdv_msgs/share/sdv_msgs/msg/WaypointVector.msg\n'}
[3.020737] (sdv_msgs) StdoutLine: {'line': b'-- Up-to-date: /home/fectec151/Downloads/Projects/vanttec_sdv/workspace/src/install/sdv_msgs/share/sdv_msgs/srv/Uint8.srv\n'}
[3.020797] (sdv_msgs) StdoutLine: {'line': b'-- Up-to-date: /home/fectec151/Downloads/Projects/vanttec_sdv/workspace/src/install/sdv_msgs/share/sdv_msgs/srv/Uint8_Request.msg\n'}
[3.020925] (sdv_msgs) StdoutLine: {'line': b'-- Up-to-date: /home/fectec151/Downloads/Projects/vanttec_sdv/workspace/src/install/sdv_msgs/share/sdv_msgs/srv/Uint8_Response.msg\n'}
[3.020988] (sdv_msgs) StdoutLine: {'line': b'-- Up-to-date: /home/fectec151/Downloads/Projects/vanttec_sdv/workspace/src/install/sdv_msgs/share/ament_index/resource_index/package_run_dependencies/sdv_msgs\n'}
[3.021094] (sdv_msgs) StdoutLine: {'line': b'-- Up-to-date: /home/fectec151/Downloads/Projects/vanttec_sdv/workspace/src/install/sdv_msgs/share/ament_index/resource_index/parent_prefix_path/sdv_msgs\n'}
[3.021154] (sdv_msgs) StdoutLine: {'line': b'-- Up-to-date: /home/fectec151/Downloads/Projects/vanttec_sdv/workspace/src/install/sdv_msgs/share/sdv_msgs/environment/ament_prefix_path.sh\n'}
[3.021243] (sdv_msgs) StdoutLine: {'line': b'-- Installing: /home/fectec151/Downloads/Projects/vanttec_sdv/workspace/src/install/sdv_msgs/share/sdv_msgs/environment/ament_prefix_path.dsv\n'}
[3.021303] (sdv_msgs) StdoutLine: {'line': b'-- Up-to-date: /home/fectec151/Downloads/Projects/vanttec_sdv/workspace/src/install/sdv_msgs/share/sdv_msgs/environment/path.sh\n'}
[3.021363] (sdv_msgs) StdoutLine: {'line': b'-- Installing: /home/fectec151/Downloads/Projects/vanttec_sdv/workspace/src/install/sdv_msgs/share/sdv_msgs/environment/path.dsv\n'}
[3.021422] (sdv_msgs) StdoutLine: {'line': b'-- Up-to-date: /home/fectec151/Downloads/Projects/vanttec_sdv/workspace/src/install/sdv_msgs/share/sdv_msgs/local_setup.bash\n'}
[3.021479] (sdv_msgs) StdoutLine: {'line': b'-- Up-to-date: /home/fectec151/Downloads/Projects/vanttec_sdv/workspace/src/install/sdv_msgs/share/sdv_msgs/local_setup.sh\n'}
[3.021536] (sdv_msgs) StdoutLine: {'line': b'-- Up-to-date: /home/fectec151/Downloads/Projects/vanttec_sdv/workspace/src/install/sdv_msgs/share/sdv_msgs/local_setup.zsh\n'}
[3.021592] (sdv_msgs) StdoutLine: {'line': b'-- Installing: /home/fectec151/Downloads/Projects/vanttec_sdv/workspace/src/install/sdv_msgs/share/sdv_msgs/local_setup.dsv\n'}
[3.021706] (sdv_msgs) StdoutLine: {'line': b'-- Installing: /home/fectec151/Downloads/Projects/vanttec_sdv/workspace/src/install/sdv_msgs/share/sdv_msgs/package.dsv\n'}
[3.021759] (sdv_msgs) StdoutLine: {'line': b'-- Up-to-date: /home/fectec151/Downloads/Projects/vanttec_sdv/workspace/src/install/sdv_msgs/share/ament_index/resource_index/packages/sdv_msgs\n'}
[3.021837] (sdv_msgs) StdoutLine: {'line': b'-- Up-to-date: /home/fectec151/Downloads/Projects/vanttec_sdv/workspace/src/install/sdv_msgs/share/sdv_msgs/cmake/export_sdv_msgs__rosidl_generator_cExport.cmake\n'}
[3.021896] (sdv_msgs) StdoutLine: {'line': b'-- Up-to-date: /home/fectec151/Downloads/Projects/vanttec_sdv/workspace/src/install/sdv_msgs/share/sdv_msgs/cmake/export_sdv_msgs__rosidl_generator_cExport-noconfig.cmake\n'}
[3.021953] (sdv_msgs) StdoutLine: {'line': b'-- Up-to-date: /home/fectec151/Downloads/Projects/vanttec_sdv/workspace/src/install/sdv_msgs/share/sdv_msgs/cmake/export_sdv_msgs__rosidl_typesupport_fastrtps_cExport.cmake\n'}
[3.022051] (sdv_msgs) StdoutLine: {'line': b'-- Up-to-date: /home/fectec151/Downloads/Projects/vanttec_sdv/workspace/src/install/sdv_msgs/share/sdv_msgs/cmake/export_sdv_msgs__rosidl_typesupport_fastrtps_cExport-noconfig.cmake\n'}
[3.022141] (sdv_msgs) StdoutLine: {'line': b'-- Up-to-date: /home/fectec151/Downloads/Projects/vanttec_sdv/workspace/src/install/sdv_msgs/share/sdv_msgs/cmake/sdv_msgs__rosidl_typesupport_introspection_cExport.cmake\n'}
[3.022225] (sdv_msgs) StdoutLine: {'line': b'-- Up-to-date: /home/fectec151/Downloads/Projects/vanttec_sdv/workspace/src/install/sdv_msgs/share/sdv_msgs/cmake/sdv_msgs__rosidl_typesupport_introspection_cExport-noconfig.cmake\n'}
[3.022306] (sdv_msgs) StdoutLine: {'line': b'-- Up-to-date: /home/fectec151/Downloads/Projects/vanttec_sdv/workspace/src/install/sdv_msgs/share/sdv_msgs/cmake/sdv_msgs__rosidl_typesupport_cExport.cmake\n'}
[3.022388] (sdv_msgs) StdoutLine: {'line': b'-- Up-to-date: /home/fectec151/Downloads/Projects/vanttec_sdv/workspace/src/install/sdv_msgs/share/sdv_msgs/cmake/sdv_msgs__rosidl_typesupport_cExport-noconfig.cmake\n'}
[3.022473] (sdv_msgs) StdoutLine: {'line': b'-- Up-to-date: /home/fectec151/Downloads/Projects/vanttec_sdv/workspace/src/install/sdv_msgs/share/sdv_msgs/cmake/export_sdv_msgs__rosidl_generator_cppExport.cmake\n'}
[3.022592] (sdv_msgs) StdoutLine: {'line': b'-- Up-to-date: /home/fectec151/Downloads/Projects/vanttec_sdv/workspace/src/install/sdv_msgs/share/sdv_msgs/cmake/export_sdv_msgs__rosidl_typesupport_fastrtps_cppExport.cmake\n'}
[3.022672] (sdv_msgs) StdoutLine: {'line': b'-- Up-to-date: /home/fectec151/Downloads/Projects/vanttec_sdv/workspace/src/install/sdv_msgs/share/sdv_msgs/cmake/export_sdv_msgs__rosidl_typesupport_fastrtps_cppExport-noconfig.cmake\n'}
[3.022853] (sdv_msgs) StdoutLine: {'line': b'-- Up-to-date: /home/fectec151/Downloads/Projects/vanttec_sdv/workspace/src/install/sdv_msgs/share/sdv_msgs/cmake/sdv_msgs__rosidl_typesupport_introspection_cppExport.cmake\n'}
[3.022930] (sdv_msgs) StdoutLine: {'line': b'-- Up-to-date: /home/fectec151/Downloads/Projects/vanttec_sdv/workspace/src/install/sdv_msgs/share/sdv_msgs/cmake/sdv_msgs__rosidl_typesupport_introspection_cppExport-noconfig.cmake\n'}
[3.023024] (sdv_msgs) StdoutLine: {'line': b'-- Up-to-date: /home/fectec151/Downloads/Projects/vanttec_sdv/workspace/src/install/sdv_msgs/share/sdv_msgs/cmake/sdv_msgs__rosidl_typesupport_cppExport.cmake\n'}
[3.023102] (sdv_msgs) StdoutLine: {'line': b'-- Up-to-date: /home/fectec151/Downloads/Projects/vanttec_sdv/workspace/src/install/sdv_msgs/share/sdv_msgs/cmake/sdv_msgs__rosidl_typesupport_cppExport-noconfig.cmake\n'}
[3.023195] (sdv_msgs) StdoutLine: {'line': b'-- Up-to-date: /home/fectec151/Downloads/Projects/vanttec_sdv/workspace/src/install/sdv_msgs/share/sdv_msgs/cmake/export_sdv_msgs__rosidl_generator_pyExport.cmake\n'}
[3.023268] (sdv_msgs) StdoutLine: {'line': b'-- Up-to-date: /home/fectec151/Downloads/Projects/vanttec_sdv/workspace/src/install/sdv_msgs/share/sdv_msgs/cmake/export_sdv_msgs__rosidl_generator_pyExport-noconfig.cmake\n'}
[3.023339] (sdv_msgs) StdoutLine: {'line': b'-- Up-to-date: /home/fectec151/Downloads/Projects/vanttec_sdv/workspace/src/install/sdv_msgs/share/sdv_msgs/cmake/rosidl_cmake-extras.cmake\n'}
[3.023408] (sdv_msgs) StdoutLine: {'line': b'-- Up-to-date: /home/fectec151/Downloads/Projects/vanttec_sdv/workspace/src/install/sdv_msgs/share/sdv_msgs/cmake/ament_cmake_export_dependencies-extras.cmake\n'}
[3.023501] (sdv_msgs) StdoutLine: {'line': b'-- Up-to-date: /home/fectec151/Downloads/Projects/vanttec_sdv/workspace/src/install/sdv_msgs/share/sdv_msgs/cmake/ament_cmake_export_include_directories-extras.cmake\n'}
[3.023585] (sdv_msgs) StdoutLine: {'line': b'-- Up-to-date: /home/fectec151/Downloads/Projects/vanttec_sdv/workspace/src/install/sdv_msgs/share/sdv_msgs/cmake/ament_cmake_export_libraries-extras.cmake\n'}
[3.023751] (sdv_msgs) StdoutLine: {'line': b'-- Up-to-date: /home/fectec151/Downloads/Projects/vanttec_sdv/workspace/src/install/sdv_msgs/share/sdv_msgs/cmake/ament_cmake_export_targets-extras.cmake\n'}
[3.024088] (sdv_msgs) StdoutLine: {'line': b'-- Up-to-date: /home/fectec151/Downloads/Projects/vanttec_sdv/workspace/src/install/sdv_msgs/share/sdv_msgs/cmake/rosidl_cmake_export_typesupport_targets-extras.cmake\n'}
[3.024270] (sdv_msgs) StdoutLine: {'line': b'-- Up-to-date: /home/fectec151/Downloads/Projects/vanttec_sdv/workspace/src/install/sdv_msgs/share/sdv_msgs/cmake/rosidl_cmake_export_typesupport_libraries-extras.cmake\n'}
[3.024416] (sdv_msgs) StdoutLine: {'line': b'-- Up-to-date: /home/fectec151/Downloads/Projects/vanttec_sdv/workspace/src/install/sdv_msgs/share/sdv_msgs/cmake/sdv_msgsConfig.cmake\n'}
[3.024585] (sdv_msgs) StdoutLine: {'line': b'-- Up-to-date: /home/fectec151/Downloads/Projects/vanttec_sdv/workspace/src/install/sdv_msgs/share/sdv_msgs/cmake/sdv_msgsConfig-version.cmake\n'}
[3.024654] (sdv_msgs) StdoutLine: {'line': b'-- Installing: /home/fectec151/Downloads/Projects/vanttec_sdv/workspace/src/install/sdv_msgs/share/sdv_msgs/package.xml\n'}
[3.026884] (sdv_msgs) CommandEnded: {'returncode': 0}
[3.107620] (-) TimerEvent: {}
[3.207984] (-) TimerEvent: {}
[3.308343] (-) TimerEvent: {}
[3.408697] (-) TimerEvent: {}
[3.449032] (sdv_msgs) JobEnded: {'identifier': 'sdv_msgs', 'rc': 0}
[3.449827] (-) EventReactorShutdown: {}
