[1.196s] DEBUG:colcon:Command line arguments: ['/usr/bin/colcon', 'build']
[1.196s] DEBUG:colcon:Parsed command line arguments: Namespace(log_base=None, log_level=None, verb_name='build', build_base='build', install_base='install', merge_install=False, symlink_install=False, test_result_base=None, continue_on_error=False, executor='parallel', parallel_workers=12, event_handlers=None, ignore_user_meta=False, metas=['./colcon.meta'], base_paths=['.'], packages_ignore=None, packages_ignore_regex=None, paths=None, packages_up_to=None, packages_up_to_regex=None, packages_above=None, packages_above_and_dependencies=None, packages_above_depth=None, packages_select_by_dep=None, packages_skip_by_dep=None, packages_skip_up_to=None, packages_select_build_failed=False, packages_skip_build_finished=False, packages_select_test_failures=False, packages_skip_test_passed=False, packages_select=None, packages_skip=None, packages_select_regex=None, packages_skip_regex=None, packages_start=None, packages_end=None, allow_overriding=[], cmake_args=None, cmake_target=None, cmake_target_skip_unavailable=False, cmake_clean_cache=False, cmake_clean_first=False, cmake_force_configure=False, ament_cmake_args=None, catkin_cmake_args=None, catkin_skip_building_tests=False, verb_parser=<colcon_defaults.argument_parser.defaults.DefaultArgumentsDecorator object at 0x7fd777a75090>, verb_extension=<colcon_core.verb.build.BuildVerb object at 0x7fd777edb790>, main=<bound method BuildVerb.main of <colcon_core.verb.build.BuildVerb object at 0x7fd777edb790>>)
[1.250s] Level 1:colcon.colcon_core.package_discovery:discover_packages(colcon_meta) check parameters
[1.250s] Level 1:colcon.colcon_core.package_discovery:discover_packages(recursive) check parameters
[1.250s] Level 1:colcon.colcon_core.package_discovery:discover_packages(ignore) check parameters
[1.250s] Level 1:colcon.colcon_core.package_discovery:discover_packages(path) check parameters
[1.250s] Level 1:colcon.colcon_core.package_discovery:discover_packages(colcon_meta) discover
[1.250s] Level 1:colcon.colcon_core.package_discovery:discover_packages(recursive) discover
[1.250s] INFO:colcon.colcon_core.package_discovery:Crawling recursively for packages in '/home/fcanof/vanttec_sdv'
[1.250s] Level 1:colcon.colcon_core.package_identification:_identify(.) by extensions ['ignore', 'ignore_ament_install']
[1.250s] Level 1:colcon.colcon_core.package_identification:_identify(.) by extension 'ignore'
[1.250s] Level 1:colcon.colcon_core.package_identification:_identify(.) by extension 'ignore_ament_install'
[1.250s] Level 1:colcon.colcon_core.package_identification:_identify(.) by extensions ['colcon_pkg']
[1.250s] Level 1:colcon.colcon_core.package_identification:_identify(.) by extension 'colcon_pkg'
[1.250s] Level 1:colcon.colcon_core.package_identification:_identify(.) by extensions ['colcon_meta']
[1.250s] Level 1:colcon.colcon_core.package_identification:_identify(.) by extension 'colcon_meta'
[1.250s] Level 1:colcon.colcon_core.package_identification:_identify(.) by extensions ['ros']
[1.250s] Level 1:colcon.colcon_core.package_identification:_identify(.) by extension 'ros'
[1.260s] Level 1:colcon.colcon_core.package_identification:_identify(.) by extensions ['cmake', 'python']
[1.260s] Level 1:colcon.colcon_core.package_identification:_identify(.) by extension 'cmake'
[1.261s] Level 1:colcon.colcon_core.package_identification:_identify(.) by extension 'python'
[1.261s] Level 1:colcon.colcon_core.package_identification:_identify(.) by extensions ['python_setup_py']
[1.261s] Level 1:colcon.colcon_core.package_identification:_identify(.) by extension 'python_setup_py'
[1.261s] Level 1:colcon.colcon_core.package_identification:_identify(build) by extensions ['ignore', 'ignore_ament_install']
[1.261s] Level 1:colcon.colcon_core.package_identification:_identify(build) by extension 'ignore'
[1.261s] Level 1:colcon.colcon_core.package_identification:_identify(build) ignored
[1.261s] Level 1:colcon.colcon_core.package_identification:_identify(contrib) by extensions ['ignore', 'ignore_ament_install']
[1.261s] Level 1:colcon.colcon_core.package_identification:_identify(contrib) by extension 'ignore'
[1.261s] Level 1:colcon.colcon_core.package_identification:_identify(contrib) by extension 'ignore_ament_install'
[1.261s] Level 1:colcon.colcon_core.package_identification:_identify(contrib) by extensions ['colcon_pkg']
[1.261s] Level 1:colcon.colcon_core.package_identification:_identify(contrib) by extension 'colcon_pkg'
[1.261s] Level 1:colcon.colcon_core.package_identification:_identify(contrib) by extensions ['colcon_meta']
[1.261s] Level 1:colcon.colcon_core.package_identification:_identify(contrib) by extension 'colcon_meta'
[1.261s] Level 1:colcon.colcon_core.package_identification:_identify(contrib) by extensions ['ros']
[1.261s] Level 1:colcon.colcon_core.package_identification:_identify(contrib) by extension 'ros'
[1.261s] Level 1:colcon.colcon_core.package_identification:_identify(contrib) by extensions ['cmake', 'python']
[1.261s] Level 1:colcon.colcon_core.package_identification:_identify(contrib) by extension 'cmake'
[1.262s] Level 1:colcon.colcon_core.package_identification:_identify(contrib) by extension 'python'
[1.262s] Level 1:colcon.colcon_core.package_identification:_identify(contrib) by extensions ['python_setup_py']
[1.262s] Level 1:colcon.colcon_core.package_identification:_identify(contrib) by extension 'python_setup_py'
[1.262s] Level 1:colcon.colcon_core.package_identification:_identify(install) by extensions ['ignore', 'ignore_ament_install']
[1.262s] Level 1:colcon.colcon_core.package_identification:_identify(install) by extension 'ignore'
[1.262s] Level 1:colcon.colcon_core.package_identification:_identify(install) ignored
[1.262s] Level 1:colcon.colcon_core.package_identification:_identify(log) by extensions ['ignore', 'ignore_ament_install']
[1.262s] Level 1:colcon.colcon_core.package_identification:_identify(log) by extension 'ignore'
[1.262s] Level 1:colcon.colcon_core.package_identification:_identify(log) ignored
[1.262s] Level 1:colcon.colcon_core.package_identification:_identify(workspace) by extensions ['ignore', 'ignore_ament_install']
[1.262s] Level 1:colcon.colcon_core.package_identification:_identify(workspace) by extension 'ignore'
[1.262s] Level 1:colcon.colcon_core.package_identification:_identify(workspace) by extension 'ignore_ament_install'
[1.262s] Level 1:colcon.colcon_core.package_identification:_identify(workspace) by extensions ['colcon_pkg']
[1.262s] Level 1:colcon.colcon_core.package_identification:_identify(workspace) by extension 'colcon_pkg'
[1.262s] Level 1:colcon.colcon_core.package_identification:_identify(workspace) by extensions ['colcon_meta']
[1.262s] Level 1:colcon.colcon_core.package_identification:_identify(workspace) by extension 'colcon_meta'
[1.263s] Level 1:colcon.colcon_core.package_identification:_identify(workspace) by extensions ['ros']
[1.263s] Level 1:colcon.colcon_core.package_identification:_identify(workspace) by extension 'ros'
[1.263s] Level 1:colcon.colcon_core.package_identification:_identify(workspace) by extensions ['cmake', 'python']
[1.263s] Level 1:colcon.colcon_core.package_identification:_identify(workspace) by extension 'cmake'
[1.263s] Level 1:colcon.colcon_core.package_identification:_identify(workspace) by extension 'python'
[1.263s] Level 1:colcon.colcon_core.package_identification:_identify(workspace) by extensions ['python_setup_py']
[1.263s] Level 1:colcon.colcon_core.package_identification:_identify(workspace) by extension 'python_setup_py'
[1.263s] Level 1:colcon.colcon_core.package_identification:_identify(workspace/build) by extensions ['ignore', 'ignore_ament_install']
[1.263s] Level 1:colcon.colcon_core.package_identification:_identify(workspace/build) by extension 'ignore'
[1.263s] Level 1:colcon.colcon_core.package_identification:_identify(workspace/build) ignored
[1.263s] Level 1:colcon.colcon_core.package_identification:_identify(workspace/install) by extensions ['ignore', 'ignore_ament_install']
[1.263s] Level 1:colcon.colcon_core.package_identification:_identify(workspace/install) by extension 'ignore'
[1.263s] Level 1:colcon.colcon_core.package_identification:_identify(workspace/install) ignored
[1.263s] Level 1:colcon.colcon_core.package_identification:_identify(workspace/log) by extensions ['ignore', 'ignore_ament_install']
[1.263s] Level 1:colcon.colcon_core.package_identification:_identify(workspace/log) by extension 'ignore'
[1.263s] Level 1:colcon.colcon_core.package_identification:_identify(workspace/log) ignored
[1.264s] Level 1:colcon.colcon_core.package_identification:_identify(workspace/src) by extensions ['ignore', 'ignore_ament_install']
[1.264s] Level 1:colcon.colcon_core.package_identification:_identify(workspace/src) by extension 'ignore'
[1.264s] Level 1:colcon.colcon_core.package_identification:_identify(workspace/src) by extension 'ignore_ament_install'
[1.264s] Level 1:colcon.colcon_core.package_identification:_identify(workspace/src) by extensions ['colcon_pkg']
[1.264s] Level 1:colcon.colcon_core.package_identification:_identify(workspace/src) by extension 'colcon_pkg'
[1.264s] Level 1:colcon.colcon_core.package_identification:_identify(workspace/src) by extensions ['colcon_meta']
[1.264s] Level 1:colcon.colcon_core.package_identification:_identify(workspace/src) by extension 'colcon_meta'
[1.264s] Level 1:colcon.colcon_core.package_identification:_identify(workspace/src) by extensions ['ros']
[1.264s] Level 1:colcon.colcon_core.package_identification:_identify(workspace/src) by extension 'ros'
[1.264s] Level 1:colcon.colcon_core.package_identification:_identify(workspace/src) by extensions ['cmake', 'python']
[1.264s] Level 1:colcon.colcon_core.package_identification:_identify(workspace/src) by extension 'cmake'
[1.264s] Level 1:colcon.colcon_core.package_identification:_identify(workspace/src) by extension 'python'
[1.264s] Level 1:colcon.colcon_core.package_identification:_identify(workspace/src) by extensions ['python_setup_py']
[1.264s] Level 1:colcon.colcon_core.package_identification:_identify(workspace/src) by extension 'python_setup_py'
[1.264s] Level 1:colcon.colcon_core.package_identification:_identify(workspace/src/drivers) by extensions ['ignore', 'ignore_ament_install']
[1.264s] Level 1:colcon.colcon_core.package_identification:_identify(workspace/src/drivers) by extension 'ignore'
[1.264s] Level 1:colcon.colcon_core.package_identification:_identify(workspace/src/drivers) by extension 'ignore_ament_install'
[1.264s] Level 1:colcon.colcon_core.package_identification:_identify(workspace/src/drivers) by extensions ['colcon_pkg']
[1.264s] Level 1:colcon.colcon_core.package_identification:_identify(workspace/src/drivers) by extension 'colcon_pkg'
[1.265s] Level 1:colcon.colcon_core.package_identification:_identify(workspace/src/drivers) by extensions ['colcon_meta']
[1.265s] Level 1:colcon.colcon_core.package_identification:_identify(workspace/src/drivers) by extension 'colcon_meta'
[1.265s] Level 1:colcon.colcon_core.package_identification:_identify(workspace/src/drivers) by extensions ['ros']
[1.265s] Level 1:colcon.colcon_core.package_identification:_identify(workspace/src/drivers) by extension 'ros'
[1.265s] Level 1:colcon.colcon_core.package_identification:_identify(workspace/src/drivers) by extensions ['cmake', 'python']
[1.265s] Level 1:colcon.colcon_core.package_identification:_identify(workspace/src/drivers) by extension 'cmake'
[1.265s] Level 1:colcon.colcon_core.package_identification:_identify(workspace/src/drivers) by extension 'python'
[1.265s] Level 1:colcon.colcon_core.package_identification:_identify(workspace/src/drivers) by extensions ['python_setup_py']
[1.265s] Level 1:colcon.colcon_core.package_identification:_identify(workspace/src/drivers) by extension 'python_setup_py'
[1.265s] Level 1:colcon.colcon_core.package_identification:_identify(workspace/src/drivers/sbg_ros2_driver) by extensions ['ignore', 'ignore_ament_install']
[1.265s] Level 1:colcon.colcon_core.package_identification:_identify(workspace/src/drivers/sbg_ros2_driver) by extension 'ignore'
[1.265s] Level 1:colcon.colcon_core.package_identification:_identify(workspace/src/drivers/sbg_ros2_driver) by extension 'ignore_ament_install'
[1.265s] Level 1:colcon.colcon_core.package_identification:_identify(workspace/src/drivers/sbg_ros2_driver) by extensions ['colcon_pkg']
[1.265s] Level 1:colcon.colcon_core.package_identification:_identify(workspace/src/drivers/sbg_ros2_driver) by extension 'colcon_pkg'
[1.265s] Level 1:colcon.colcon_core.package_identification:_identify(workspace/src/drivers/sbg_ros2_driver) by extensions ['colcon_meta']
[1.265s] Level 1:colcon.colcon_core.package_identification:_identify(workspace/src/drivers/sbg_ros2_driver) by extension 'colcon_meta'
[1.265s] Level 1:colcon.colcon_core.package_identification:_identify(workspace/src/drivers/sbg_ros2_driver) by extensions ['ros']
[1.265s] Level 1:colcon.colcon_core.package_identification:_identify(workspace/src/drivers/sbg_ros2_driver) by extension 'ros'
[1.268s] DEBUG:colcon.colcon_core.package_identification:Package 'workspace/src/drivers/sbg_ros2_driver' with type 'ros.ament_cmake' and name 'sbg_driver'
[1.268s] Level 1:colcon.colcon_core.package_identification:_identify(workspace/src/drivers/vectornav) by extensions ['ignore', 'ignore_ament_install']
[1.268s] Level 1:colcon.colcon_core.package_identification:_identify(workspace/src/drivers/vectornav) by extension 'ignore'
[1.268s] Level 1:colcon.colcon_core.package_identification:_identify(workspace/src/drivers/vectornav) by extension 'ignore_ament_install'
[1.269s] Level 1:colcon.colcon_core.package_identification:_identify(workspace/src/drivers/vectornav) by extensions ['colcon_pkg']
[1.269s] Level 1:colcon.colcon_core.package_identification:_identify(workspace/src/drivers/vectornav) by extension 'colcon_pkg'
[1.269s] Level 1:colcon.colcon_core.package_identification:_identify(workspace/src/drivers/vectornav) by extensions ['colcon_meta']
[1.269s] Level 1:colcon.colcon_core.package_identification:_identify(workspace/src/drivers/vectornav) by extension 'colcon_meta'
[1.269s] Level 1:colcon.colcon_core.package_identification:_identify(workspace/src/drivers/vectornav) by extensions ['ros']
[1.269s] Level 1:colcon.colcon_core.package_identification:_identify(workspace/src/drivers/vectornav) by extension 'ros'
[1.269s] Level 1:colcon.colcon_core.package_identification:_identify(workspace/src/drivers/vectornav) by extensions ['cmake', 'python']
[1.269s] Level 1:colcon.colcon_core.package_identification:_identify(workspace/src/drivers/vectornav) by extension 'cmake'
[1.269s] Level 1:colcon.colcon_core.package_identification:_identify(workspace/src/drivers/vectornav) by extension 'python'
[1.269s] Level 1:colcon.colcon_core.package_identification:_identify(workspace/src/drivers/vectornav) by extensions ['python_setup_py']
[1.269s] Level 1:colcon.colcon_core.package_identification:_identify(workspace/src/drivers/vectornav) by extension 'python_setup_py'
[1.269s] Level 1:colcon.colcon_core.package_identification:_identify(workspace/src/drivers/vectornav/vectornav) by extensions ['ignore', 'ignore_ament_install']
[1.269s] Level 1:colcon.colcon_core.package_identification:_identify(workspace/src/drivers/vectornav/vectornav) by extension 'ignore'
[1.269s] Level 1:colcon.colcon_core.package_identification:_identify(workspace/src/drivers/vectornav/vectornav) by extension 'ignore_ament_install'
[1.269s] Level 1:colcon.colcon_core.package_identification:_identify(workspace/src/drivers/vectornav/vectornav) by extensions ['colcon_pkg']
[1.269s] Level 1:colcon.colcon_core.package_identification:_identify(workspace/src/drivers/vectornav/vectornav) by extension 'colcon_pkg'
[1.269s] Level 1:colcon.colcon_core.package_identification:_identify(workspace/src/drivers/vectornav/vectornav) by extensions ['colcon_meta']
[1.269s] Level 1:colcon.colcon_core.package_identification:_identify(workspace/src/drivers/vectornav/vectornav) by extension 'colcon_meta'
[1.269s] Level 1:colcon.colcon_core.package_identification:_identify(workspace/src/drivers/vectornav/vectornav) by extensions ['ros']
[1.270s] Level 1:colcon.colcon_core.package_identification:_identify(workspace/src/drivers/vectornav/vectornav) by extension 'ros'
[1.270s] DEBUG:colcon.colcon_core.package_identification:Package 'workspace/src/drivers/vectornav/vectornav' with type 'ros.ament_cmake' and name 'vectornav'
[1.270s] Level 1:colcon.colcon_core.package_identification:_identify(workspace/src/drivers/vectornav/vectornav_msgs) by extensions ['ignore', 'ignore_ament_install']
[1.271s] Level 1:colcon.colcon_core.package_identification:_identify(workspace/src/drivers/vectornav/vectornav_msgs) by extension 'ignore'
[1.271s] Level 1:colcon.colcon_core.package_identification:_identify(workspace/src/drivers/vectornav/vectornav_msgs) by extension 'ignore_ament_install'
[1.271s] Level 1:colcon.colcon_core.package_identification:_identify(workspace/src/drivers/vectornav/vectornav_msgs) by extensions ['colcon_pkg']
[1.271s] Level 1:colcon.colcon_core.package_identification:_identify(workspace/src/drivers/vectornav/vectornav_msgs) by extension 'colcon_pkg'
[1.271s] Level 1:colcon.colcon_core.package_identification:_identify(workspace/src/drivers/vectornav/vectornav_msgs) by extensions ['colcon_meta']
[1.271s] Level 1:colcon.colcon_core.package_identification:_identify(workspace/src/drivers/vectornav/vectornav_msgs) by extension 'colcon_meta'
[1.271s] Level 1:colcon.colcon_core.package_identification:_identify(workspace/src/drivers/vectornav/vectornav_msgs) by extensions ['ros']
[1.271s] Level 1:colcon.colcon_core.package_identification:_identify(workspace/src/drivers/vectornav/vectornav_msgs) by extension 'ros'
[1.271s] DEBUG:colcon.colcon_core.package_identification:Package 'workspace/src/drivers/vectornav/vectornav_msgs' with type 'ros.ament_cmake' and name 'vectornav_msgs'
[1.272s] Level 1:colcon.colcon_core.package_identification:_identify(workspace/src/isaac_ros_common) by extensions ['ignore', 'ignore_ament_install']
[1.272s] Level 1:colcon.colcon_core.package_identification:_identify(workspace/src/isaac_ros_common) by extension 'ignore'
[1.272s] Level 1:colcon.colcon_core.package_identification:_identify(workspace/src/isaac_ros_common) by extension 'ignore_ament_install'
[1.272s] Level 1:colcon.colcon_core.package_identification:_identify(workspace/src/isaac_ros_common) by extensions ['colcon_pkg']
[1.272s] Level 1:colcon.colcon_core.package_identification:_identify(workspace/src/isaac_ros_common) by extension 'colcon_pkg'
[1.272s] Level 1:colcon.colcon_core.package_identification:_identify(workspace/src/isaac_ros_common) by extensions ['colcon_meta']
[1.272s] Level 1:colcon.colcon_core.package_identification:_identify(workspace/src/isaac_ros_common) by extension 'colcon_meta'
[1.272s] Level 1:colcon.colcon_core.package_identification:_identify(workspace/src/isaac_ros_common) by extensions ['ros']
[1.272s] Level 1:colcon.colcon_core.package_identification:_identify(workspace/src/isaac_ros_common) by extension 'ros'
[1.272s] Level 1:colcon.colcon_core.package_identification:_identify(workspace/src/isaac_ros_common) by extensions ['cmake', 'python']
[1.272s] Level 1:colcon.colcon_core.package_identification:_identify(workspace/src/isaac_ros_common) by extension 'cmake'
[1.272s] Level 1:colcon.colcon_core.package_identification:_identify(workspace/src/isaac_ros_common) by extension 'python'
[1.272s] Level 1:colcon.colcon_core.package_identification:_identify(workspace/src/isaac_ros_common) by extensions ['python_setup_py']
[1.272s] Level 1:colcon.colcon_core.package_identification:_identify(workspace/src/isaac_ros_common) by extension 'python_setup_py'
[1.272s] Level 1:colcon.colcon_core.package_identification:_identify(workspace/src/isaac_ros_common/docker) by extensions ['ignore', 'ignore_ament_install']
[1.272s] Level 1:colcon.colcon_core.package_identification:_identify(workspace/src/isaac_ros_common/docker) by extension 'ignore'
[1.272s] Level 1:colcon.colcon_core.package_identification:_identify(workspace/src/isaac_ros_common/docker) by extension 'ignore_ament_install'
[1.272s] Level 1:colcon.colcon_core.package_identification:_identify(workspace/src/isaac_ros_common/docker) by extensions ['colcon_pkg']
[1.273s] Level 1:colcon.colcon_core.package_identification:_identify(workspace/src/isaac_ros_common/docker) by extension 'colcon_pkg'
[1.273s] Level 1:colcon.colcon_core.package_identification:_identify(workspace/src/isaac_ros_common/docker) by extensions ['colcon_meta']
[1.273s] Level 1:colcon.colcon_core.package_identification:_identify(workspace/src/isaac_ros_common/docker) by extension 'colcon_meta'
[1.273s] Level 1:colcon.colcon_core.package_identification:_identify(workspace/src/isaac_ros_common/docker) by extensions ['ros']
[1.273s] Level 1:colcon.colcon_core.package_identification:_identify(workspace/src/isaac_ros_common/docker) by extension 'ros'
[1.273s] Level 1:colcon.colcon_core.package_identification:_identify(workspace/src/isaac_ros_common/docker) by extensions ['cmake', 'python']
[1.273s] Level 1:colcon.colcon_core.package_identification:_identify(workspace/src/isaac_ros_common/docker) by extension 'cmake'
[1.273s] Level 1:colcon.colcon_core.package_identification:_identify(workspace/src/isaac_ros_common/docker) by extension 'python'
[1.273s] Level 1:colcon.colcon_core.package_identification:_identify(workspace/src/isaac_ros_common/docker) by extensions ['python_setup_py']
[1.273s] Level 1:colcon.colcon_core.package_identification:_identify(workspace/src/isaac_ros_common/docker) by extension 'python_setup_py'
[1.273s] Level 1:colcon.colcon_core.package_identification:_identify(workspace/src/isaac_ros_common/docker/middleware_profiles) by extensions ['ignore', 'ignore_ament_install']
[1.273s] Level 1:colcon.colcon_core.package_identification:_identify(workspace/src/isaac_ros_common/docker/middleware_profiles) by extension 'ignore'
[1.273s] Level 1:colcon.colcon_core.package_identification:_identify(workspace/src/isaac_ros_common/docker/middleware_profiles) by extension 'ignore_ament_install'
[1.273s] Level 1:colcon.colcon_core.package_identification:_identify(workspace/src/isaac_ros_common/docker/middleware_profiles) by extensions ['colcon_pkg']
[1.273s] Level 1:colcon.colcon_core.package_identification:_identify(workspace/src/isaac_ros_common/docker/middleware_profiles) by extension 'colcon_pkg'
[1.273s] Level 1:colcon.colcon_core.package_identification:_identify(workspace/src/isaac_ros_common/docker/middleware_profiles) by extensions ['colcon_meta']
[1.273s] Level 1:colcon.colcon_core.package_identification:_identify(workspace/src/isaac_ros_common/docker/middleware_profiles) by extension 'colcon_meta'
[1.273s] Level 1:colcon.colcon_core.package_identification:_identify(workspace/src/isaac_ros_common/docker/middleware_profiles) by extensions ['ros']
[1.273s] Level 1:colcon.colcon_core.package_identification:_identify(workspace/src/isaac_ros_common/docker/middleware_profiles) by extension 'ros'
[1.274s] Level 1:colcon.colcon_core.package_identification:_identify(workspace/src/isaac_ros_common/docker/middleware_profiles) by extensions ['cmake', 'python']
[1.274s] Level 1:colcon.colcon_core.package_identification:_identify(workspace/src/isaac_ros_common/docker/middleware_profiles) by extension 'cmake'
[1.274s] Level 1:colcon.colcon_core.package_identification:_identify(workspace/src/isaac_ros_common/docker/middleware_profiles) by extension 'python'
[1.274s] Level 1:colcon.colcon_core.package_identification:_identify(workspace/src/isaac_ros_common/docker/middleware_profiles) by extensions ['python_setup_py']
[1.274s] Level 1:colcon.colcon_core.package_identification:_identify(workspace/src/isaac_ros_common/docker/middleware_profiles) by extension 'python_setup_py'
[1.274s] Level 1:colcon.colcon_core.package_identification:_identify(workspace/src/isaac_ros_common/docker/patches) by extensions ['ignore', 'ignore_ament_install']
[1.274s] Level 1:colcon.colcon_core.package_identification:_identify(workspace/src/isaac_ros_common/docker/patches) by extension 'ignore'
[1.274s] Level 1:colcon.colcon_core.package_identification:_identify(workspace/src/isaac_ros_common/docker/patches) by extension 'ignore_ament_install'
[1.274s] Level 1:colcon.colcon_core.package_identification:_identify(workspace/src/isaac_ros_common/docker/patches) by extensions ['colcon_pkg']
[1.274s] Level 1:colcon.colcon_core.package_identification:_identify(workspace/src/isaac_ros_common/docker/patches) by extension 'colcon_pkg'
[1.274s] Level 1:colcon.colcon_core.package_identification:_identify(workspace/src/isaac_ros_common/docker/patches) by extensions ['colcon_meta']
[1.274s] Level 1:colcon.colcon_core.package_identification:_identify(workspace/src/isaac_ros_common/docker/patches) by extension 'colcon_meta'
[1.274s] Level 1:colcon.colcon_core.package_identification:_identify(workspace/src/isaac_ros_common/docker/patches) by extensions ['ros']
[1.274s] Level 1:colcon.colcon_core.package_identification:_identify(workspace/src/isaac_ros_common/docker/patches) by extension 'ros'
[1.274s] Level 1:colcon.colcon_core.package_identification:_identify(workspace/src/isaac_ros_common/docker/patches) by extensions ['cmake', 'python']
[1.274s] Level 1:colcon.colcon_core.package_identification:_identify(workspace/src/isaac_ros_common/docker/patches) by extension 'cmake'
[1.274s] Level 1:colcon.colcon_core.package_identification:_identify(workspace/src/isaac_ros_common/docker/patches) by extension 'python'
[1.274s] Level 1:colcon.colcon_core.package_identification:_identify(workspace/src/isaac_ros_common/docker/patches) by extensions ['python_setup_py']
[1.274s] Level 1:colcon.colcon_core.package_identification:_identify(workspace/src/isaac_ros_common/docker/patches) by extension 'python_setup_py'
[1.275s] Level 1:colcon.colcon_core.package_identification:_identify(workspace/src/isaac_ros_common/docker/scripts) by extensions ['ignore', 'ignore_ament_install']
[1.275s] Level 1:colcon.colcon_core.package_identification:_identify(workspace/src/isaac_ros_common/docker/scripts) by extension 'ignore'
[1.275s] Level 1:colcon.colcon_core.package_identification:_identify(workspace/src/isaac_ros_common/docker/scripts) by extension 'ignore_ament_install'
[1.275s] Level 1:colcon.colcon_core.package_identification:_identify(workspace/src/isaac_ros_common/docker/scripts) by extensions ['colcon_pkg']
[1.275s] Level 1:colcon.colcon_core.package_identification:_identify(workspace/src/isaac_ros_common/docker/scripts) by extension 'colcon_pkg'
[1.275s] Level 1:colcon.colcon_core.package_identification:_identify(workspace/src/isaac_ros_common/docker/scripts) by extensions ['colcon_meta']
[1.275s] Level 1:colcon.colcon_core.package_identification:_identify(workspace/src/isaac_ros_common/docker/scripts) by extension 'colcon_meta'
[1.275s] Level 1:colcon.colcon_core.package_identification:_identify(workspace/src/isaac_ros_common/docker/scripts) by extensions ['ros']
[1.275s] Level 1:colcon.colcon_core.package_identification:_identify(workspace/src/isaac_ros_common/docker/scripts) by extension 'ros'
[1.275s] Level 1:colcon.colcon_core.package_identification:_identify(workspace/src/isaac_ros_common/docker/scripts) by extensions ['cmake', 'python']
[1.275s] Level 1:colcon.colcon_core.package_identification:_identify(workspace/src/isaac_ros_common/docker/scripts) by extension 'cmake'
[1.275s] Level 1:colcon.colcon_core.package_identification:_identify(workspace/src/isaac_ros_common/docker/scripts) by extension 'python'
[1.275s] Level 1:colcon.colcon_core.package_identification:_identify(workspace/src/isaac_ros_common/docker/scripts) by extensions ['python_setup_py']
[1.275s] Level 1:colcon.colcon_core.package_identification:_identify(workspace/src/isaac_ros_common/docker/scripts) by extension 'python_setup_py'
[1.275s] Level 1:colcon.colcon_core.package_identification:_identify(workspace/src/isaac_ros_common/docker/tao) by extensions ['ignore', 'ignore_ament_install']
[1.275s] Level 1:colcon.colcon_core.package_identification:_identify(workspace/src/isaac_ros_common/docker/tao) by extension 'ignore'
[1.275s] Level 1:colcon.colcon_core.package_identification:_identify(workspace/src/isaac_ros_common/docker/tao) by extension 'ignore_ament_install'
[1.276s] Level 1:colcon.colcon_core.package_identification:_identify(workspace/src/isaac_ros_common/docker/tao) by extensions ['colcon_pkg']
[1.276s] Level 1:colcon.colcon_core.package_identification:_identify(workspace/src/isaac_ros_common/docker/tao) by extension 'colcon_pkg'
[1.276s] Level 1:colcon.colcon_core.package_identification:_identify(workspace/src/isaac_ros_common/docker/tao) by extensions ['colcon_meta']
[1.276s] Level 1:colcon.colcon_core.package_identification:_identify(workspace/src/isaac_ros_common/docker/tao) by extension 'colcon_meta'
[1.276s] Level 1:colcon.colcon_core.package_identification:_identify(workspace/src/isaac_ros_common/docker/tao) by extensions ['ros']
[1.276s] Level 1:colcon.colcon_core.package_identification:_identify(workspace/src/isaac_ros_common/docker/tao) by extension 'ros'
[1.276s] Level 1:colcon.colcon_core.package_identification:_identify(workspace/src/isaac_ros_common/docker/tao) by extensions ['cmake', 'python']
[1.276s] Level 1:colcon.colcon_core.package_identification:_identify(workspace/src/isaac_ros_common/docker/tao) by extension 'cmake'
[1.276s] Level 1:colcon.colcon_core.package_identification:_identify(workspace/src/isaac_ros_common/docker/tao) by extension 'python'
[1.276s] Level 1:colcon.colcon_core.package_identification:_identify(workspace/src/isaac_ros_common/docker/tao) by extensions ['python_setup_py']
[1.276s] Level 1:colcon.colcon_core.package_identification:_identify(workspace/src/isaac_ros_common/docker/tao) by extension 'python_setup_py'
[1.276s] Level 1:colcon.colcon_core.package_identification:_identify(workspace/src/isaac_ros_common/docker/udev_rules) by extensions ['ignore', 'ignore_ament_install']
[1.276s] Level 1:colcon.colcon_core.package_identification:_identify(workspace/src/isaac_ros_common/docker/udev_rules) by extension 'ignore'
[1.276s] Level 1:colcon.colcon_core.package_identification:_identify(workspace/src/isaac_ros_common/docker/udev_rules) by extension 'ignore_ament_install'
[1.276s] Level 1:colcon.colcon_core.package_identification:_identify(workspace/src/isaac_ros_common/docker/udev_rules) by extensions ['colcon_pkg']
[1.276s] Level 1:colcon.colcon_core.package_identification:_identify(workspace/src/isaac_ros_common/docker/udev_rules) by extension 'colcon_pkg'
[1.276s] Level 1:colcon.colcon_core.package_identification:_identify(workspace/src/isaac_ros_common/docker/udev_rules) by extensions ['colcon_meta']
[1.276s] Level 1:colcon.colcon_core.package_identification:_identify(workspace/src/isaac_ros_common/docker/udev_rules) by extension 'colcon_meta'
[1.276s] Level 1:colcon.colcon_core.package_identification:_identify(workspace/src/isaac_ros_common/docker/udev_rules) by extensions ['ros']
[1.276s] Level 1:colcon.colcon_core.package_identification:_identify(workspace/src/isaac_ros_common/docker/udev_rules) by extension 'ros'
[1.277s] Level 1:colcon.colcon_core.package_identification:_identify(workspace/src/isaac_ros_common/docker/udev_rules) by extensions ['cmake', 'python']
[1.277s] Level 1:colcon.colcon_core.package_identification:_identify(workspace/src/isaac_ros_common/docker/udev_rules) by extension 'cmake'
[1.277s] Level 1:colcon.colcon_core.package_identification:_identify(workspace/src/isaac_ros_common/docker/udev_rules) by extension 'python'
[1.277s] Level 1:colcon.colcon_core.package_identification:_identify(workspace/src/isaac_ros_common/docker/udev_rules) by extensions ['python_setup_py']
[1.277s] Level 1:colcon.colcon_core.package_identification:_identify(workspace/src/isaac_ros_common/docker/udev_rules) by extension 'python_setup_py'
[1.277s] Level 1:colcon.colcon_core.package_identification:_identify(workspace/src/isaac_ros_common/isaac_ros_apriltag_interfaces) by extensions ['ignore', 'ignore_ament_install']
[1.277s] Level 1:colcon.colcon_core.package_identification:_identify(workspace/src/isaac_ros_common/isaac_ros_apriltag_interfaces) by extension 'ignore'
[1.277s] Level 1:colcon.colcon_core.package_identification:_identify(workspace/src/isaac_ros_common/isaac_ros_apriltag_interfaces) by extension 'ignore_ament_install'
[1.277s] Level 1:colcon.colcon_core.package_identification:_identify(workspace/src/isaac_ros_common/isaac_ros_apriltag_interfaces) by extensions ['colcon_pkg']
[1.277s] Level 1:colcon.colcon_core.package_identification:_identify(workspace/src/isaac_ros_common/isaac_ros_apriltag_interfaces) by extension 'colcon_pkg'
[1.277s] Level 1:colcon.colcon_core.package_identification:_identify(workspace/src/isaac_ros_common/isaac_ros_apriltag_interfaces) by extensions ['colcon_meta']
[1.277s] Level 1:colcon.colcon_core.package_identification:_identify(workspace/src/isaac_ros_common/isaac_ros_apriltag_interfaces) by extension 'colcon_meta'
[1.277s] Level 1:colcon.colcon_core.package_identification:_identify(workspace/src/isaac_ros_common/isaac_ros_apriltag_interfaces) by extensions ['ros']
[1.277s] Level 1:colcon.colcon_core.package_identification:_identify(workspace/src/isaac_ros_common/isaac_ros_apriltag_interfaces) by extension 'ros'
[1.278s] DEBUG:colcon.colcon_core.package_identification:Package 'workspace/src/isaac_ros_common/isaac_ros_apriltag_interfaces' with type 'ros.ament_cmake' and name 'isaac_ros_apriltag_interfaces'
[1.278s] Level 1:colcon.colcon_core.package_identification:_identify(workspace/src/isaac_ros_common/isaac_ros_bi3d_interfaces) by extensions ['ignore', 'ignore_ament_install']
[1.278s] Level 1:colcon.colcon_core.package_identification:_identify(workspace/src/isaac_ros_common/isaac_ros_bi3d_interfaces) by extension 'ignore'
[1.278s] Level 1:colcon.colcon_core.package_identification:_identify(workspace/src/isaac_ros_common/isaac_ros_bi3d_interfaces) by extension 'ignore_ament_install'
[1.278s] Level 1:colcon.colcon_core.package_identification:_identify(workspace/src/isaac_ros_common/isaac_ros_bi3d_interfaces) by extensions ['colcon_pkg']
[1.278s] Level 1:colcon.colcon_core.package_identification:_identify(workspace/src/isaac_ros_common/isaac_ros_bi3d_interfaces) by extension 'colcon_pkg'
[1.278s] Level 1:colcon.colcon_core.package_identification:_identify(workspace/src/isaac_ros_common/isaac_ros_bi3d_interfaces) by extensions ['colcon_meta']
[1.278s] Level 1:colcon.colcon_core.package_identification:_identify(workspace/src/isaac_ros_common/isaac_ros_bi3d_interfaces) by extension 'colcon_meta'
[1.278s] Level 1:colcon.colcon_core.package_identification:_identify(workspace/src/isaac_ros_common/isaac_ros_bi3d_interfaces) by extensions ['ros']
[1.278s] Level 1:colcon.colcon_core.package_identification:_identify(workspace/src/isaac_ros_common/isaac_ros_bi3d_interfaces) by extension 'ros'
[1.279s] DEBUG:colcon.colcon_core.package_identification:Package 'workspace/src/isaac_ros_common/isaac_ros_bi3d_interfaces' with type 'ros.ament_cmake' and name 'isaac_ros_bi3d_interfaces'
[1.279s] Level 1:colcon.colcon_core.package_identification:_identify(workspace/src/isaac_ros_common/isaac_ros_common) by extensions ['ignore', 'ignore_ament_install']
[1.279s] Level 1:colcon.colcon_core.package_identification:_identify(workspace/src/isaac_ros_common/isaac_ros_common) by extension 'ignore'
[1.279s] Level 1:colcon.colcon_core.package_identification:_identify(workspace/src/isaac_ros_common/isaac_ros_common) by extension 'ignore_ament_install'
[1.279s] Level 1:colcon.colcon_core.package_identification:_identify(workspace/src/isaac_ros_common/isaac_ros_common) by extensions ['colcon_pkg']
[1.279s] Level 1:colcon.colcon_core.package_identification:_identify(workspace/src/isaac_ros_common/isaac_ros_common) by extension 'colcon_pkg'
[1.279s] Level 1:colcon.colcon_core.package_identification:_identify(workspace/src/isaac_ros_common/isaac_ros_common) by extensions ['colcon_meta']
[1.279s] Level 1:colcon.colcon_core.package_identification:_identify(workspace/src/isaac_ros_common/isaac_ros_common) by extension 'colcon_meta'
[1.279s] Level 1:colcon.colcon_core.package_identification:_identify(workspace/src/isaac_ros_common/isaac_ros_common) by extensions ['ros']
[1.280s] Level 1:colcon.colcon_core.package_identification:_identify(workspace/src/isaac_ros_common/isaac_ros_common) by extension 'ros'
[1.280s] DEBUG:colcon.colcon_core.package_identification:Package 'workspace/src/isaac_ros_common/isaac_ros_common' with type 'ros.ament_cmake' and name 'isaac_ros_common'
[1.280s] Level 1:colcon.colcon_core.package_identification:_identify(workspace/src/isaac_ros_common/isaac_ros_nitros_bridge_interfaces) by extensions ['ignore', 'ignore_ament_install']
[1.280s] Level 1:colcon.colcon_core.package_identification:_identify(workspace/src/isaac_ros_common/isaac_ros_nitros_bridge_interfaces) by extension 'ignore'
[1.280s] Level 1:colcon.colcon_core.package_identification:_identify(workspace/src/isaac_ros_common/isaac_ros_nitros_bridge_interfaces) by extension 'ignore_ament_install'
[1.280s] Level 1:colcon.colcon_core.package_identification:_identify(workspace/src/isaac_ros_common/isaac_ros_nitros_bridge_interfaces) by extensions ['colcon_pkg']
[1.280s] Level 1:colcon.colcon_core.package_identification:_identify(workspace/src/isaac_ros_common/isaac_ros_nitros_bridge_interfaces) by extension 'colcon_pkg'
[1.280s] Level 1:colcon.colcon_core.package_identification:_identify(workspace/src/isaac_ros_common/isaac_ros_nitros_bridge_interfaces) by extensions ['colcon_meta']
[1.280s] Level 1:colcon.colcon_core.package_identification:_identify(workspace/src/isaac_ros_common/isaac_ros_nitros_bridge_interfaces) by extension 'colcon_meta'
[1.281s] Level 1:colcon.colcon_core.package_identification:_identify(workspace/src/isaac_ros_common/isaac_ros_nitros_bridge_interfaces) by extensions ['ros']
[1.281s] Level 1:colcon.colcon_core.package_identification:_identify(workspace/src/isaac_ros_common/isaac_ros_nitros_bridge_interfaces) by extension 'ros'
[1.281s] DEBUG:colcon.colcon_core.package_identification:Package 'workspace/src/isaac_ros_common/isaac_ros_nitros_bridge_interfaces' with type 'ros.ament_cmake' and name 'isaac_ros_nitros_bridge_interfaces'
[1.281s] Level 1:colcon.colcon_core.package_identification:_identify(workspace/src/isaac_ros_common/isaac_ros_nova_interfaces) by extensions ['ignore', 'ignore_ament_install']
[1.281s] Level 1:colcon.colcon_core.package_identification:_identify(workspace/src/isaac_ros_common/isaac_ros_nova_interfaces) by extension 'ignore'
[1.281s] Level 1:colcon.colcon_core.package_identification:_identify(workspace/src/isaac_ros_common/isaac_ros_nova_interfaces) by extension 'ignore_ament_install'
[1.281s] Level 1:colcon.colcon_core.package_identification:_identify(workspace/src/isaac_ros_common/isaac_ros_nova_interfaces) by extensions ['colcon_pkg']
[1.281s] Level 1:colcon.colcon_core.package_identification:_identify(workspace/src/isaac_ros_common/isaac_ros_nova_interfaces) by extension 'colcon_pkg'
[1.281s] Level 1:colcon.colcon_core.package_identification:_identify(workspace/src/isaac_ros_common/isaac_ros_nova_interfaces) by extensions ['colcon_meta']
[1.282s] Level 1:colcon.colcon_core.package_identification:_identify(workspace/src/isaac_ros_common/isaac_ros_nova_interfaces) by extension 'colcon_meta'
[1.282s] Level 1:colcon.colcon_core.package_identification:_identify(workspace/src/isaac_ros_common/isaac_ros_nova_interfaces) by extensions ['ros']
[1.282s] Level 1:colcon.colcon_core.package_identification:_identify(workspace/src/isaac_ros_common/isaac_ros_nova_interfaces) by extension 'ros'
[1.282s] DEBUG:colcon.colcon_core.package_identification:Package 'workspace/src/isaac_ros_common/isaac_ros_nova_interfaces' with type 'ros.ament_cmake' and name 'isaac_ros_nova_interfaces'
[1.282s] Level 1:colcon.colcon_core.package_identification:_identify(workspace/src/isaac_ros_common/isaac_ros_pointcloud_interfaces) by extensions ['ignore', 'ignore_ament_install']
[1.282s] Level 1:colcon.colcon_core.package_identification:_identify(workspace/src/isaac_ros_common/isaac_ros_pointcloud_interfaces) by extension 'ignore'
[1.282s] Level 1:colcon.colcon_core.package_identification:_identify(workspace/src/isaac_ros_common/isaac_ros_pointcloud_interfaces) by extension 'ignore_ament_install'
[1.283s] Level 1:colcon.colcon_core.package_identification:_identify(workspace/src/isaac_ros_common/isaac_ros_pointcloud_interfaces) by extensions ['colcon_pkg']
[1.283s] Level 1:colcon.colcon_core.package_identification:_identify(workspace/src/isaac_ros_common/isaac_ros_pointcloud_interfaces) by extension 'colcon_pkg'
[1.283s] Level 1:colcon.colcon_core.package_identification:_identify(workspace/src/isaac_ros_common/isaac_ros_pointcloud_interfaces) by extensions ['colcon_meta']
[1.283s] Level 1:colcon.colcon_core.package_identification:_identify(workspace/src/isaac_ros_common/isaac_ros_pointcloud_interfaces) by extension 'colcon_meta'
[1.283s] Level 1:colcon.colcon_core.package_identification:_identify(workspace/src/isaac_ros_common/isaac_ros_pointcloud_interfaces) by extensions ['ros']
[1.283s] Level 1:colcon.colcon_core.package_identification:_identify(workspace/src/isaac_ros_common/isaac_ros_pointcloud_interfaces) by extension 'ros'
[1.283s] DEBUG:colcon.colcon_core.package_identification:Package 'workspace/src/isaac_ros_common/isaac_ros_pointcloud_interfaces' with type 'ros.ament_cmake' and name 'isaac_ros_pointcloud_interfaces'
[1.283s] Level 1:colcon.colcon_core.package_identification:_identify(workspace/src/isaac_ros_common/isaac_ros_tensor_list_interfaces) by extensions ['ignore', 'ignore_ament_install']
[1.284s] Level 1:colcon.colcon_core.package_identification:_identify(workspace/src/isaac_ros_common/isaac_ros_tensor_list_interfaces) by extension 'ignore'
[1.284s] Level 1:colcon.colcon_core.package_identification:_identify(workspace/src/isaac_ros_common/isaac_ros_tensor_list_interfaces) by extension 'ignore_ament_install'
[1.284s] Level 1:colcon.colcon_core.package_identification:_identify(workspace/src/isaac_ros_common/isaac_ros_tensor_list_interfaces) by extensions ['colcon_pkg']
[1.284s] Level 1:colcon.colcon_core.package_identification:_identify(workspace/src/isaac_ros_common/isaac_ros_tensor_list_interfaces) by extension 'colcon_pkg'
[1.284s] Level 1:colcon.colcon_core.package_identification:_identify(workspace/src/isaac_ros_common/isaac_ros_tensor_list_interfaces) by extensions ['colcon_meta']
[1.284s] Level 1:colcon.colcon_core.package_identification:_identify(workspace/src/isaac_ros_common/isaac_ros_tensor_list_interfaces) by extension 'colcon_meta'
[1.284s] Level 1:colcon.colcon_core.package_identification:_identify(workspace/src/isaac_ros_common/isaac_ros_tensor_list_interfaces) by extensions ['ros']
[1.284s] Level 1:colcon.colcon_core.package_identification:_identify(workspace/src/isaac_ros_common/isaac_ros_tensor_list_interfaces) by extension 'ros'
[1.285s] DEBUG:colcon.colcon_core.package_identification:Package 'workspace/src/isaac_ros_common/isaac_ros_tensor_list_interfaces' with type 'ros.ament_cmake' and name 'isaac_ros_tensor_list_interfaces'
[1.285s] Level 1:colcon.colcon_core.package_identification:_identify(workspace/src/isaac_ros_common/isaac_ros_test) by extensions ['ignore', 'ignore_ament_install']
[1.285s] Level 1:colcon.colcon_core.package_identification:_identify(workspace/src/isaac_ros_common/isaac_ros_test) by extension 'ignore'
[1.285s] Level 1:colcon.colcon_core.package_identification:_identify(workspace/src/isaac_ros_common/isaac_ros_test) by extension 'ignore_ament_install'
[1.285s] Level 1:colcon.colcon_core.package_identification:_identify(workspace/src/isaac_ros_common/isaac_ros_test) by extensions ['colcon_pkg']
[1.285s] Level 1:colcon.colcon_core.package_identification:_identify(workspace/src/isaac_ros_common/isaac_ros_test) by extension 'colcon_pkg'
[1.285s] Level 1:colcon.colcon_core.package_identification:_identify(workspace/src/isaac_ros_common/isaac_ros_test) by extensions ['colcon_meta']
[1.285s] Level 1:colcon.colcon_core.package_identification:_identify(workspace/src/isaac_ros_common/isaac_ros_test) by extension 'colcon_meta'
[1.285s] Level 1:colcon.colcon_core.package_identification:_identify(workspace/src/isaac_ros_common/isaac_ros_test) by extensions ['ros']
[1.286s] Level 1:colcon.colcon_core.package_identification:_identify(workspace/src/isaac_ros_common/isaac_ros_test) by extension 'ros'
[1.286s] DEBUG:colcon.colcon_core.package_identification:Package 'workspace/src/isaac_ros_common/isaac_ros_test' with type 'ros.ament_python' and name 'isaac_ros_test'
[1.286s] Level 1:colcon.colcon_core.package_identification:_identify(workspace/src/isaac_ros_common/scripts) by extensions ['ignore', 'ignore_ament_install']
[1.286s] Level 1:colcon.colcon_core.package_identification:_identify(workspace/src/isaac_ros_common/scripts) by extension 'ignore'
[1.286s] Level 1:colcon.colcon_core.package_identification:_identify(workspace/src/isaac_ros_common/scripts) by extension 'ignore_ament_install'
[1.286s] Level 1:colcon.colcon_core.package_identification:_identify(workspace/src/isaac_ros_common/scripts) by extensions ['colcon_pkg']
[1.286s] Level 1:colcon.colcon_core.package_identification:_identify(workspace/src/isaac_ros_common/scripts) by extension 'colcon_pkg'
[1.286s] Level 1:colcon.colcon_core.package_identification:_identify(workspace/src/isaac_ros_common/scripts) by extensions ['colcon_meta']
[1.286s] Level 1:colcon.colcon_core.package_identification:_identify(workspace/src/isaac_ros_common/scripts) by extension 'colcon_meta'
[1.287s] Level 1:colcon.colcon_core.package_identification:_identify(workspace/src/isaac_ros_common/scripts) by extensions ['ros']
[1.287s] Level 1:colcon.colcon_core.package_identification:_identify(workspace/src/isaac_ros_common/scripts) by extension 'ros'
[1.287s] Level 1:colcon.colcon_core.package_identification:_identify(workspace/src/isaac_ros_common/scripts) by extensions ['cmake', 'python']
[1.287s] Level 1:colcon.colcon_core.package_identification:_identify(workspace/src/isaac_ros_common/scripts) by extension 'cmake'
[1.287s] Level 1:colcon.colcon_core.package_identification:_identify(workspace/src/isaac_ros_common/scripts) by extension 'python'
[1.287s] Level 1:colcon.colcon_core.package_identification:_identify(workspace/src/isaac_ros_common/scripts) by extensions ['python_setup_py']
[1.287s] Level 1:colcon.colcon_core.package_identification:_identify(workspace/src/isaac_ros_common/scripts) by extension 'python_setup_py'
[1.287s] Level 1:colcon.colcon_core.package_identification:_identify(workspace/src/isaac_ros_common/scripts/utils) by extensions ['ignore', 'ignore_ament_install']
[1.287s] Level 1:colcon.colcon_core.package_identification:_identify(workspace/src/isaac_ros_common/scripts/utils) by extension 'ignore'
[1.287s] Level 1:colcon.colcon_core.package_identification:_identify(workspace/src/isaac_ros_common/scripts/utils) by extension 'ignore_ament_install'
[1.287s] Level 1:colcon.colcon_core.package_identification:_identify(workspace/src/isaac_ros_common/scripts/utils) by extensions ['colcon_pkg']
[1.287s] Level 1:colcon.colcon_core.package_identification:_identify(workspace/src/isaac_ros_common/scripts/utils) by extension 'colcon_pkg'
[1.287s] Level 1:colcon.colcon_core.package_identification:_identify(workspace/src/isaac_ros_common/scripts/utils) by extensions ['colcon_meta']
[1.287s] Level 1:colcon.colcon_core.package_identification:_identify(workspace/src/isaac_ros_common/scripts/utils) by extension 'colcon_meta'
[1.287s] Level 1:colcon.colcon_core.package_identification:_identify(workspace/src/isaac_ros_common/scripts/utils) by extensions ['ros']
[1.287s] Level 1:colcon.colcon_core.package_identification:_identify(workspace/src/isaac_ros_common/scripts/utils) by extension 'ros'
[1.287s] Level 1:colcon.colcon_core.package_identification:_identify(workspace/src/isaac_ros_common/scripts/utils) by extensions ['cmake', 'python']
[1.287s] Level 1:colcon.colcon_core.package_identification:_identify(workspace/src/isaac_ros_common/scripts/utils) by extension 'cmake'
[1.287s] Level 1:colcon.colcon_core.package_identification:_identify(workspace/src/isaac_ros_common/scripts/utils) by extension 'python'
[1.287s] Level 1:colcon.colcon_core.package_identification:_identify(workspace/src/isaac_ros_common/scripts/utils) by extensions ['python_setup_py']
[1.288s] Level 1:colcon.colcon_core.package_identification:_identify(workspace/src/isaac_ros_common/scripts/utils) by extension 'python_setup_py'
[1.288s] Level 1:colcon.colcon_core.package_identification:_identify(workspace/src/sdv_can) by extensions ['ignore', 'ignore_ament_install']
[1.288s] Level 1:colcon.colcon_core.package_identification:_identify(workspace/src/sdv_can) by extension 'ignore'
[1.288s] Level 1:colcon.colcon_core.package_identification:_identify(workspace/src/sdv_can) by extension 'ignore_ament_install'
[1.288s] Level 1:colcon.colcon_core.package_identification:_identify(workspace/src/sdv_can) by extensions ['colcon_pkg']
[1.288s] Level 1:colcon.colcon_core.package_identification:_identify(workspace/src/sdv_can) by extension 'colcon_pkg'
[1.288s] Level 1:colcon.colcon_core.package_identification:_identify(workspace/src/sdv_can) by extensions ['colcon_meta']
[1.288s] Level 1:colcon.colcon_core.package_identification:_identify(workspace/src/sdv_can) by extension 'colcon_meta'
[1.288s] Level 1:colcon.colcon_core.package_identification:_identify(workspace/src/sdv_can) by extensions ['ros']
[1.288s] Level 1:colcon.colcon_core.package_identification:_identify(workspace/src/sdv_can) by extension 'ros'
[1.289s] DEBUG:colcon.colcon_core.package_identification:Package 'workspace/src/sdv_can' with type 'ros.ament_cmake' and name 'sdv_can'
[1.289s] Level 1:colcon.colcon_core.package_identification:_identify(workspace/src/sdv_control) by extensions ['ignore', 'ignore_ament_install']
[1.289s] Level 1:colcon.colcon_core.package_identification:_identify(workspace/src/sdv_control) by extension 'ignore'
[1.289s] Level 1:colcon.colcon_core.package_identification:_identify(workspace/src/sdv_control) by extension 'ignore_ament_install'
[1.290s] Level 1:colcon.colcon_core.package_identification:_identify(workspace/src/sdv_control) by extensions ['colcon_pkg']
[1.290s] Level 1:colcon.colcon_core.package_identification:_identify(workspace/src/sdv_control) by extension 'colcon_pkg'
[1.290s] Level 1:colcon.colcon_core.package_identification:_identify(workspace/src/sdv_control) by extensions ['colcon_meta']
[1.290s] Level 1:colcon.colcon_core.package_identification:_identify(workspace/src/sdv_control) by extension 'colcon_meta'
[1.290s] Level 1:colcon.colcon_core.package_identification:_identify(workspace/src/sdv_control) by extensions ['ros']
[1.290s] Level 1:colcon.colcon_core.package_identification:_identify(workspace/src/sdv_control) by extension 'ros'
[1.291s] DEBUG:colcon.colcon_core.package_identification:Package 'workspace/src/sdv_control' with type 'ros.ament_cmake' and name 'sdv_control'
[1.291s] Level 1:colcon.colcon_core.package_identification:_identify(workspace/src/sdv_description) by extensions ['ignore', 'ignore_ament_install']
[1.291s] Level 1:colcon.colcon_core.package_identification:_identify(workspace/src/sdv_description) by extension 'ignore'
[1.291s] Level 1:colcon.colcon_core.package_identification:_identify(workspace/src/sdv_description) by extension 'ignore_ament_install'
[1.291s] Level 1:colcon.colcon_core.package_identification:_identify(workspace/src/sdv_description) by extensions ['colcon_pkg']
[1.291s] Level 1:colcon.colcon_core.package_identification:_identify(workspace/src/sdv_description) by extension 'colcon_pkg'
[1.291s] Level 1:colcon.colcon_core.package_identification:_identify(workspace/src/sdv_description) by extensions ['colcon_meta']
[1.291s] Level 1:colcon.colcon_core.package_identification:_identify(workspace/src/sdv_description) by extension 'colcon_meta'
[1.291s] Level 1:colcon.colcon_core.package_identification:_identify(workspace/src/sdv_description) by extensions ['ros']
[1.291s] Level 1:colcon.colcon_core.package_identification:_identify(workspace/src/sdv_description) by extension 'ros'
[1.292s] DEBUG:colcon.colcon_core.package_identification:Package 'workspace/src/sdv_description' with type 'ros.ament_cmake' and name 'sdv_description'
[1.292s] Level 1:colcon.colcon_core.package_identification:_identify(workspace/src/sdv_docker) by extensions ['ignore', 'ignore_ament_install']
[1.292s] Level 1:colcon.colcon_core.package_identification:_identify(workspace/src/sdv_docker) by extension 'ignore'
[1.292s] Level 1:colcon.colcon_core.package_identification:_identify(workspace/src/sdv_docker) by extension 'ignore_ament_install'
[1.292s] Level 1:colcon.colcon_core.package_identification:_identify(workspace/src/sdv_docker) by extensions ['colcon_pkg']
[1.292s] Level 1:colcon.colcon_core.package_identification:_identify(workspace/src/sdv_docker) by extension 'colcon_pkg'
[1.292s] Level 1:colcon.colcon_core.package_identification:_identify(workspace/src/sdv_docker) by extensions ['colcon_meta']
[1.292s] Level 1:colcon.colcon_core.package_identification:_identify(workspace/src/sdv_docker) by extension 'colcon_meta'
[1.293s] Level 1:colcon.colcon_core.package_identification:_identify(workspace/src/sdv_docker) by extensions ['ros']
[1.293s] Level 1:colcon.colcon_core.package_identification:_identify(workspace/src/sdv_docker) by extension 'ros'
[1.293s] Level 1:colcon.colcon_core.package_identification:_identify(workspace/src/sdv_docker) by extensions ['cmake', 'python']
[1.293s] Level 1:colcon.colcon_core.package_identification:_identify(workspace/src/sdv_docker) by extension 'cmake'
[1.293s] Level 1:colcon.colcon_core.package_identification:_identify(workspace/src/sdv_docker) by extension 'python'
[1.293s] Level 1:colcon.colcon_core.package_identification:_identify(workspace/src/sdv_docker) by extensions ['python_setup_py']
[1.293s] Level 1:colcon.colcon_core.package_identification:_identify(workspace/src/sdv_docker) by extension 'python_setup_py'
[1.293s] Level 1:colcon.colcon_core.package_identification:_identify(workspace/src/sdv_launch) by extensions ['ignore', 'ignore_ament_install']
[1.293s] Level 1:colcon.colcon_core.package_identification:_identify(workspace/src/sdv_launch) by extension 'ignore'
[1.293s] Level 1:colcon.colcon_core.package_identification:_identify(workspace/src/sdv_launch) by extension 'ignore_ament_install'
[1.293s] Level 1:colcon.colcon_core.package_identification:_identify(workspace/src/sdv_launch) by extensions ['colcon_pkg']
[1.293s] Level 1:colcon.colcon_core.package_identification:_identify(workspace/src/sdv_launch) by extension 'colcon_pkg'
[1.293s] Level 1:colcon.colcon_core.package_identification:_identify(workspace/src/sdv_launch) by extensions ['colcon_meta']
[1.293s] Level 1:colcon.colcon_core.package_identification:_identify(workspace/src/sdv_launch) by extension 'colcon_meta'
[1.293s] Level 1:colcon.colcon_core.package_identification:_identify(workspace/src/sdv_launch) by extensions ['ros']
[1.293s] Level 1:colcon.colcon_core.package_identification:_identify(workspace/src/sdv_launch) by extension 'ros'
[1.294s] DEBUG:colcon.colcon_core.package_identification:Package 'workspace/src/sdv_launch' with type 'ros.ament_cmake' and name 'sdv_launch'
[1.294s] Level 1:colcon.colcon_core.package_identification:_identify(workspace/src/sdv_lidar) by extensions ['ignore', 'ignore_ament_install']
[1.294s] Level 1:colcon.colcon_core.package_identification:_identify(workspace/src/sdv_lidar) by extension 'ignore'
[1.294s] Level 1:colcon.colcon_core.package_identification:_identify(workspace/src/sdv_lidar) by extension 'ignore_ament_install'
[1.294s] Level 1:colcon.colcon_core.package_identification:_identify(workspace/src/sdv_lidar) by extensions ['colcon_pkg']
[1.294s] Level 1:colcon.colcon_core.package_identification:_identify(workspace/src/sdv_lidar) by extension 'colcon_pkg'
[1.294s] Level 1:colcon.colcon_core.package_identification:_identify(workspace/src/sdv_lidar) by extensions ['colcon_meta']
[1.294s] Level 1:colcon.colcon_core.package_identification:_identify(workspace/src/sdv_lidar) by extension 'colcon_meta'
[1.294s] Level 1:colcon.colcon_core.package_identification:_identify(workspace/src/sdv_lidar) by extensions ['ros']
[1.294s] Level 1:colcon.colcon_core.package_identification:_identify(workspace/src/sdv_lidar) by extension 'ros'
[1.294s] Level 1:colcon.colcon_core.package_identification:_identify(workspace/src/sdv_lidar) by extensions ['cmake', 'python']
[1.294s] Level 1:colcon.colcon_core.package_identification:_identify(workspace/src/sdv_lidar) by extension 'cmake'
[1.294s] Level 1:colcon.colcon_core.package_identification:_identify(workspace/src/sdv_lidar) by extension 'python'
[1.294s] Level 1:colcon.colcon_core.package_identification:_identify(workspace/src/sdv_lidar) by extensions ['python_setup_py']
[1.294s] Level 1:colcon.colcon_core.package_identification:_identify(workspace/src/sdv_lidar) by extension 'python_setup_py'
[1.294s] Level 1:colcon.colcon_core.package_identification:_identify(workspace/src/sdv_lidar/lidar3d_clustering) by extensions ['ignore', 'ignore_ament_install']
[1.295s] Level 1:colcon.colcon_core.package_identification:_identify(workspace/src/sdv_lidar/lidar3d_clustering) by extension 'ignore'
[1.295s] Level 1:colcon.colcon_core.package_identification:_identify(workspace/src/sdv_lidar/lidar3d_clustering) by extension 'ignore_ament_install'
[1.295s] Level 1:colcon.colcon_core.package_identification:_identify(workspace/src/sdv_lidar/lidar3d_clustering) by extensions ['colcon_pkg']
[1.295s] Level 1:colcon.colcon_core.package_identification:_identify(workspace/src/sdv_lidar/lidar3d_clustering) by extension 'colcon_pkg'
[1.295s] Level 1:colcon.colcon_core.package_identification:_identify(workspace/src/sdv_lidar/lidar3d_clustering) by extensions ['colcon_meta']
[1.295s] Level 1:colcon.colcon_core.package_identification:_identify(workspace/src/sdv_lidar/lidar3d_clustering) by extension 'colcon_meta'
[1.295s] Level 1:colcon.colcon_core.package_identification:_identify(workspace/src/sdv_lidar/lidar3d_clustering) by extensions ['ros']
[1.295s] Level 1:colcon.colcon_core.package_identification:_identify(workspace/src/sdv_lidar/lidar3d_clustering) by extension 'ros'
[1.296s] DEBUG:colcon.colcon_core.package_identification:Package 'workspace/src/sdv_lidar/lidar3d_clustering' with type 'ros.ament_cmake' and name 'lidar3d_clustering'
[1.296s] Level 1:colcon.colcon_core.package_identification:_identify(workspace/src/sdv_lidar/sdv_lidar_processing) by extensions ['ignore', 'ignore_ament_install']
[1.296s] Level 1:colcon.colcon_core.package_identification:_identify(workspace/src/sdv_lidar/sdv_lidar_processing) by extension 'ignore'
[1.296s] Level 1:colcon.colcon_core.package_identification:_identify(workspace/src/sdv_lidar/sdv_lidar_processing) by extension 'ignore_ament_install'
[1.296s] Level 1:colcon.colcon_core.package_identification:_identify(workspace/src/sdv_lidar/sdv_lidar_processing) by extensions ['colcon_pkg']
[1.296s] Level 1:colcon.colcon_core.package_identification:_identify(workspace/src/sdv_lidar/sdv_lidar_processing) by extension 'colcon_pkg'
[1.296s] Level 1:colcon.colcon_core.package_identification:_identify(workspace/src/sdv_lidar/sdv_lidar_processing) by extensions ['colcon_meta']
[1.296s] Level 1:colcon.colcon_core.package_identification:_identify(workspace/src/sdv_lidar/sdv_lidar_processing) by extension 'colcon_meta'
[1.297s] Level 1:colcon.colcon_core.package_identification:_identify(workspace/src/sdv_lidar/sdv_lidar_processing) by extensions ['ros']
[1.297s] Level 1:colcon.colcon_core.package_identification:_identify(workspace/src/sdv_lidar/sdv_lidar_processing) by extension 'ros'
[1.298s] DEBUG:colcon.colcon_core.package_identification:Package 'workspace/src/sdv_lidar/sdv_lidar_processing' with type 'ros.ament_cmake' and name 'sdv_lidar_processing'
[1.298s] Level 1:colcon.colcon_core.package_identification:_identify(workspace/src/sdv_lidar/sdv_robot_description) by extensions ['ignore', 'ignore_ament_install']
[1.298s] Level 1:colcon.colcon_core.package_identification:_identify(workspace/src/sdv_lidar/sdv_robot_description) by extension 'ignore'
[1.298s] Level 1:colcon.colcon_core.package_identification:_identify(workspace/src/sdv_lidar/sdv_robot_description) by extension 'ignore_ament_install'
[1.298s] Level 1:colcon.colcon_core.package_identification:_identify(workspace/src/sdv_lidar/sdv_robot_description) by extensions ['colcon_pkg']
[1.298s] Level 1:colcon.colcon_core.package_identification:_identify(workspace/src/sdv_lidar/sdv_robot_description) by extension 'colcon_pkg'
[1.298s] Level 1:colcon.colcon_core.package_identification:_identify(workspace/src/sdv_lidar/sdv_robot_description) by extensions ['colcon_meta']
[1.298s] Level 1:colcon.colcon_core.package_identification:_identify(workspace/src/sdv_lidar/sdv_robot_description) by extension 'colcon_meta'
[1.298s] Level 1:colcon.colcon_core.package_identification:_identify(workspace/src/sdv_lidar/sdv_robot_description) by extensions ['ros']
[1.298s] Level 1:colcon.colcon_core.package_identification:_identify(workspace/src/sdv_lidar/sdv_robot_description) by extension 'ros'
[1.299s] DEBUG:colcon.colcon_core.package_identification:Package 'workspace/src/sdv_lidar/sdv_robot_description' with type 'ros.ament_cmake' and name 'sdv_robot_description'
[1.299s] Level 1:colcon.colcon_core.package_identification:_identify(workspace/src/sdv_lidar/voxel_grid_filter) by extensions ['ignore', 'ignore_ament_install']
[1.299s] Level 1:colcon.colcon_core.package_identification:_identify(workspace/src/sdv_lidar/voxel_grid_filter) by extension 'ignore'
[1.299s] Level 1:colcon.colcon_core.package_identification:_identify(workspace/src/sdv_lidar/voxel_grid_filter) by extension 'ignore_ament_install'
[1.299s] Level 1:colcon.colcon_core.package_identification:_identify(workspace/src/sdv_lidar/voxel_grid_filter) by extensions ['colcon_pkg']
[1.299s] Level 1:colcon.colcon_core.package_identification:_identify(workspace/src/sdv_lidar/voxel_grid_filter) by extension 'colcon_pkg'
[1.299s] Level 1:colcon.colcon_core.package_identification:_identify(workspace/src/sdv_lidar/voxel_grid_filter) by extensions ['colcon_meta']
[1.299s] Level 1:colcon.colcon_core.package_identification:_identify(workspace/src/sdv_lidar/voxel_grid_filter) by extension 'colcon_meta'
[1.299s] Level 1:colcon.colcon_core.package_identification:_identify(workspace/src/sdv_lidar/voxel_grid_filter) by extensions ['ros']
[1.299s] Level 1:colcon.colcon_core.package_identification:_identify(workspace/src/sdv_lidar/voxel_grid_filter) by extension 'ros'
[1.300s] DEBUG:colcon.colcon_core.package_identification:Package 'workspace/src/sdv_lidar/voxel_grid_filter' with type 'ros.ament_cmake' and name 'voxel_grid_filter'
[1.300s] Level 1:colcon.colcon_core.package_identification:_identify(workspace/src/sdv_localization) by extensions ['ignore', 'ignore_ament_install']
[1.300s] Level 1:colcon.colcon_core.package_identification:_identify(workspace/src/sdv_localization) by extension 'ignore'
[1.300s] Level 1:colcon.colcon_core.package_identification:_identify(workspace/src/sdv_localization) by extension 'ignore_ament_install'
[1.300s] Level 1:colcon.colcon_core.package_identification:_identify(workspace/src/sdv_localization) by extensions ['colcon_pkg']
[1.300s] Level 1:colcon.colcon_core.package_identification:_identify(workspace/src/sdv_localization) by extension 'colcon_pkg'
[1.300s] Level 1:colcon.colcon_core.package_identification:_identify(workspace/src/sdv_localization) by extensions ['colcon_meta']
[1.300s] Level 1:colcon.colcon_core.package_identification:_identify(workspace/src/sdv_localization) by extension 'colcon_meta'
[1.301s] Level 1:colcon.colcon_core.package_identification:_identify(workspace/src/sdv_localization) by extensions ['ros']
[1.301s] Level 1:colcon.colcon_core.package_identification:_identify(workspace/src/sdv_localization) by extension 'ros'
[1.301s] Level 1:colcon.colcon_core.package_identification:_identify(workspace/src/sdv_localization) by extensions ['cmake', 'python']
[1.301s] Level 1:colcon.colcon_core.package_identification:_identify(workspace/src/sdv_localization) by extension 'cmake'
[1.301s] Level 1:colcon.colcon_core.package_identification:_identify(workspace/src/sdv_localization) by extension 'python'
[1.301s] Level 1:colcon.colcon_core.package_identification:_identify(workspace/src/sdv_localization) by extensions ['python_setup_py']
[1.301s] Level 1:colcon.colcon_core.package_identification:_identify(workspace/src/sdv_localization) by extension 'python_setup_py'
[1.301s] Level 1:colcon.colcon_core.package_identification:_identify(workspace/src/sdv_localization/sdv_localization) by extensions ['ignore', 'ignore_ament_install']
[1.301s] Level 1:colcon.colcon_core.package_identification:_identify(workspace/src/sdv_localization/sdv_localization) by extension 'ignore'
[1.301s] Level 1:colcon.colcon_core.package_identification:_identify(workspace/src/sdv_localization/sdv_localization) by extension 'ignore_ament_install'
[1.301s] Level 1:colcon.colcon_core.package_identification:_identify(workspace/src/sdv_localization/sdv_localization) by extensions ['colcon_pkg']
[1.301s] Level 1:colcon.colcon_core.package_identification:_identify(workspace/src/sdv_localization/sdv_localization) by extension 'colcon_pkg'
[1.301s] Level 1:colcon.colcon_core.package_identification:_identify(workspace/src/sdv_localization/sdv_localization) by extensions ['colcon_meta']
[1.301s] Level 1:colcon.colcon_core.package_identification:_identify(workspace/src/sdv_localization/sdv_localization) by extension 'colcon_meta'
[1.301s] Level 1:colcon.colcon_core.package_identification:_identify(workspace/src/sdv_localization/sdv_localization) by extensions ['ros']
[1.301s] Level 1:colcon.colcon_core.package_identification:_identify(workspace/src/sdv_localization/sdv_localization) by extension 'ros'
[1.302s] DEBUG:colcon.colcon_core.package_identification:Package 'workspace/src/sdv_localization/sdv_localization' with type 'ros.ament_cmake' and name 'sdv_localization'
[1.302s] Level 1:colcon.colcon_core.package_identification:_identify(workspace/src/sdv_msgs) by extensions ['ignore', 'ignore_ament_install']
[1.303s] Level 1:colcon.colcon_core.package_identification:_identify(workspace/src/sdv_msgs) by extension 'ignore'
[1.303s] Level 1:colcon.colcon_core.package_identification:_identify(workspace/src/sdv_msgs) by extension 'ignore_ament_install'
[1.303s] Level 1:colcon.colcon_core.package_identification:_identify(workspace/src/sdv_msgs) by extensions ['colcon_pkg']
[1.303s] Level 1:colcon.colcon_core.package_identification:_identify(workspace/src/sdv_msgs) by extension 'colcon_pkg'
[1.303s] Level 1:colcon.colcon_core.package_identification:_identify(workspace/src/sdv_msgs) by extensions ['colcon_meta']
[1.303s] Level 1:colcon.colcon_core.package_identification:_identify(workspace/src/sdv_msgs) by extension 'colcon_meta'
[1.303s] Level 1:colcon.colcon_core.package_identification:_identify(workspace/src/sdv_msgs) by extensions ['ros']
[1.303s] Level 1:colcon.colcon_core.package_identification:_identify(workspace/src/sdv_msgs) by extension 'ros'
[1.303s] DEBUG:colcon.colcon_core.package_identification:Package 'workspace/src/sdv_msgs' with type 'ros.ament_cmake' and name 'sdv_msgs'
[1.304s] Level 1:colcon.colcon_core.package_identification:_identify(workspace/src/sdv_vision) by extensions ['ignore', 'ignore_ament_install']
[1.304s] Level 1:colcon.colcon_core.package_identification:_identify(workspace/src/sdv_vision) by extension 'ignore'
[1.304s] Level 1:colcon.colcon_core.package_identification:_identify(workspace/src/sdv_vision) by extension 'ignore_ament_install'
[1.304s] Level 1:colcon.colcon_core.package_identification:_identify(workspace/src/sdv_vision) by extensions ['colcon_pkg']
[1.304s] Level 1:colcon.colcon_core.package_identification:_identify(workspace/src/sdv_vision) by extension 'colcon_pkg'
[1.304s] Level 1:colcon.colcon_core.package_identification:_identify(workspace/src/sdv_vision) by extensions ['colcon_meta']
[1.304s] Level 1:colcon.colcon_core.package_identification:_identify(workspace/src/sdv_vision) by extension 'colcon_meta'
[1.304s] Level 1:colcon.colcon_core.package_identification:_identify(workspace/src/sdv_vision) by extensions ['ros']
[1.304s] Level 1:colcon.colcon_core.package_identification:_identify(workspace/src/sdv_vision) by extension 'ros'
[1.304s] DEBUG:colcon.colcon_core.package_identification:Package 'workspace/src/sdv_vision' with type 'ros.ament_python' and name 'my_camera_node'
[1.304s] Level 1:colcon.colcon_core.package_identification:_identify(workspace/src/simulation_manual_control) by extensions ['ignore', 'ignore_ament_install']
[1.305s] Level 1:colcon.colcon_core.package_identification:_identify(workspace/src/simulation_manual_control) by extension 'ignore'
[1.305s] Level 1:colcon.colcon_core.package_identification:_identify(workspace/src/simulation_manual_control) by extension 'ignore_ament_install'
[1.305s] Level 1:colcon.colcon_core.package_identification:_identify(workspace/src/simulation_manual_control) by extensions ['colcon_pkg']
[1.305s] Level 1:colcon.colcon_core.package_identification:_identify(workspace/src/simulation_manual_control) by extension 'colcon_pkg'
[1.305s] Level 1:colcon.colcon_core.package_identification:_identify(workspace/src/simulation_manual_control) by extensions ['colcon_meta']
[1.305s] Level 1:colcon.colcon_core.package_identification:_identify(workspace/src/simulation_manual_control) by extension 'colcon_meta'
[1.305s] Level 1:colcon.colcon_core.package_identification:_identify(workspace/src/simulation_manual_control) by extensions ['ros']
[1.305s] Level 1:colcon.colcon_core.package_identification:_identify(workspace/src/simulation_manual_control) by extension 'ros'
[1.305s] Level 1:colcon.colcon_core.package_identification:_identify(workspace/src/simulation_manual_control) by extensions ['cmake', 'python']
[1.305s] Level 1:colcon.colcon_core.package_identification:_identify(workspace/src/simulation_manual_control) by extension 'cmake'
[1.305s] Level 1:colcon.colcon_core.package_identification:_identify(workspace/src/simulation_manual_control) by extension 'python'
[1.305s] Level 1:colcon.colcon_core.package_identification:_identify(workspace/src/simulation_manual_control) by extensions ['python_setup_py']
[1.305s] Level 1:colcon.colcon_core.package_identification:_identify(workspace/src/simulation_manual_control) by extension 'python_setup_py'
[1.305s] Level 1:colcon.colcon_core.package_identification:_identify(workspace/src/simulation_manual_control/ros_compatibility) by extensions ['ignore', 'ignore_ament_install']
[1.305s] Level 1:colcon.colcon_core.package_identification:_identify(workspace/src/simulation_manual_control/ros_compatibility) by extension 'ignore'
[1.305s] Level 1:colcon.colcon_core.package_identification:_identify(workspace/src/simulation_manual_control/ros_compatibility) by extension 'ignore_ament_install'
[1.305s] Level 1:colcon.colcon_core.package_identification:_identify(workspace/src/simulation_manual_control/ros_compatibility) by extensions ['colcon_pkg']
[1.305s] Level 1:colcon.colcon_core.package_identification:_identify(workspace/src/simulation_manual_control/ros_compatibility) by extension 'colcon_pkg'
[1.306s] Level 1:colcon.colcon_core.package_identification:_identify(workspace/src/simulation_manual_control/ros_compatibility) by extensions ['colcon_meta']
[1.306s] Level 1:colcon.colcon_core.package_identification:_identify(workspace/src/simulation_manual_control/ros_compatibility) by extension 'colcon_meta'
[1.306s] Level 1:colcon.colcon_core.package_identification:_identify(workspace/src/simulation_manual_control/ros_compatibility) by extensions ['ros']
[1.306s] Level 1:colcon.colcon_core.package_identification:_identify(workspace/src/simulation_manual_control/ros_compatibility) by extension 'ros'
[1.310s] DEBUG:colcon.colcon_core.package_identification:Package 'workspace/src/simulation_manual_control/ros_compatibility' with type 'ros.ament_python' and name 'ros_compatibility'
[1.310s] Level 1:colcon.colcon_core.package_identification:_identify(workspace/src/simulation_manual_control/sdv_manual_control) by extensions ['ignore', 'ignore_ament_install']
[1.310s] Level 1:colcon.colcon_core.package_identification:_identify(workspace/src/simulation_manual_control/sdv_manual_control) by extension 'ignore'
[1.310s] Level 1:colcon.colcon_core.package_identification:_identify(workspace/src/simulation_manual_control/sdv_manual_control) by extension 'ignore_ament_install'
[1.310s] Level 1:colcon.colcon_core.package_identification:_identify(workspace/src/simulation_manual_control/sdv_manual_control) by extensions ['colcon_pkg']
[1.310s] Level 1:colcon.colcon_core.package_identification:_identify(workspace/src/simulation_manual_control/sdv_manual_control) by extension 'colcon_pkg'
[1.311s] Level 1:colcon.colcon_core.package_identification:_identify(workspace/src/simulation_manual_control/sdv_manual_control) by extensions ['colcon_meta']
[1.311s] Level 1:colcon.colcon_core.package_identification:_identify(workspace/src/simulation_manual_control/sdv_manual_control) by extension 'colcon_meta'
[1.311s] Level 1:colcon.colcon_core.package_identification:_identify(workspace/src/simulation_manual_control/sdv_manual_control) by extensions ['ros']
[1.311s] Level 1:colcon.colcon_core.package_identification:_identify(workspace/src/simulation_manual_control/sdv_manual_control) by extension 'ros'
[1.314s] DEBUG:colcon.colcon_core.package_identification:Package 'workspace/src/simulation_manual_control/sdv_manual_control' with type 'ros.ament_python' and name 'sdv_manual_control'
[1.314s] Level 1:colcon.colcon_core.package_discovery:discover_packages(recursive) using defaults
[1.314s] Level 1:colcon.colcon_core.package_discovery:discover_packages(ignore) discover
[1.314s] Level 1:colcon.colcon_core.package_discovery:discover_packages(ignore) using defaults
[1.314s] Level 1:colcon.colcon_core.package_discovery:discover_packages(path) discover
[1.314s] Level 1:colcon.colcon_core.package_discovery:discover_packages(path) using defaults
[1.434s] Level 1:colcon.colcon_core.package_discovery:discover_packages(prefix_path) check parameters
[1.434s] Level 1:colcon.colcon_core.package_discovery:discover_packages(prefix_path) discover
[1.472s] DEBUG:colcon.colcon_installed_package_information.package_discovery:Found 288 installed packages in /opt/ros/humble
[1.473s] Level 1:colcon.colcon_core.package_discovery:discover_packages(prefix_path) using defaults
[1.574s] Level 5:colcon.colcon_core.verb:set package 'isaac_ros_common' build argument 'cmake_args' from command line to 'None'
[1.574s] Level 5:colcon.colcon_core.verb:set package 'isaac_ros_common' build argument 'cmake_target' from command line to 'None'
[1.574s] Level 5:colcon.colcon_core.verb:set package 'isaac_ros_common' build argument 'cmake_target_skip_unavailable' from command line to 'False'
[1.574s] Level 5:colcon.colcon_core.verb:set package 'isaac_ros_common' build argument 'cmake_clean_cache' from command line to 'False'
[1.574s] Level 5:colcon.colcon_core.verb:set package 'isaac_ros_common' build argument 'cmake_clean_first' from command line to 'False'
[1.574s] Level 5:colcon.colcon_core.verb:set package 'isaac_ros_common' build argument 'cmake_force_configure' from command line to 'False'
[1.574s] Level 5:colcon.colcon_core.verb:set package 'isaac_ros_common' build argument 'ament_cmake_args' from command line to 'None'
[1.574s] Level 5:colcon.colcon_core.verb:set package 'isaac_ros_common' build argument 'catkin_cmake_args' from command line to 'None'
[1.574s] Level 5:colcon.colcon_core.verb:set package 'isaac_ros_common' build argument 'catkin_skip_building_tests' from command line to 'False'
[1.574s] DEBUG:colcon.colcon_core.verb:Building package 'isaac_ros_common' with the following arguments: {'ament_cmake_args': None, 'build_base': '/home/fcanof/vanttec_sdv/build/isaac_ros_common', 'catkin_cmake_args': None, 'catkin_skip_building_tests': False, 'cmake_args': None, 'cmake_clean_cache': False, 'cmake_clean_first': False, 'cmake_force_configure': False, 'cmake_target': None, 'cmake_target_skip_unavailable': False, 'install_base': '/home/fcanof/vanttec_sdv/install/isaac_ros_common', 'merge_install': False, 'path': '/home/fcanof/vanttec_sdv/workspace/src/isaac_ros_common/isaac_ros_common', 'symlink_install': False, 'test_result_base': None}
[1.592s] Level 5:colcon.colcon_core.verb:set package 'isaac_ros_test' build argument 'cmake_args' from command line to 'None'
[1.592s] Level 5:colcon.colcon_core.verb:set package 'isaac_ros_test' build argument 'cmake_target' from command line to 'None'
[1.592s] Level 5:colcon.colcon_core.verb:set package 'isaac_ros_test' build argument 'cmake_target_skip_unavailable' from command line to 'False'
[1.592s] Level 5:colcon.colcon_core.verb:set package 'isaac_ros_test' build argument 'cmake_clean_cache' from command line to 'False'
[1.592s] Level 5:colcon.colcon_core.verb:set package 'isaac_ros_test' build argument 'cmake_clean_first' from command line to 'False'
[1.592s] Level 5:colcon.colcon_core.verb:set package 'isaac_ros_test' build argument 'cmake_force_configure' from command line to 'False'
[1.592s] Level 5:colcon.colcon_core.verb:set package 'isaac_ros_test' build argument 'ament_cmake_args' from command line to 'None'
[1.593s] Level 5:colcon.colcon_core.verb:set package 'isaac_ros_test' build argument 'catkin_cmake_args' from command line to 'None'
[1.593s] Level 5:colcon.colcon_core.verb:set package 'isaac_ros_test' build argument 'catkin_skip_building_tests' from command line to 'False'
[1.593s] DEBUG:colcon.colcon_core.verb:Building package 'isaac_ros_test' with the following arguments: {'ament_cmake_args': None, 'build_base': '/home/fcanof/vanttec_sdv/build/isaac_ros_test', 'catkin_cmake_args': None, 'catkin_skip_building_tests': False, 'cmake_args': None, 'cmake_clean_cache': False, 'cmake_clean_first': False, 'cmake_force_configure': False, 'cmake_target': None, 'cmake_target_skip_unavailable': False, 'install_base': '/home/fcanof/vanttec_sdv/install/isaac_ros_test', 'merge_install': False, 'path': '/home/fcanof/vanttec_sdv/workspace/src/isaac_ros_common/isaac_ros_test', 'symlink_install': False, 'test_result_base': None}
[1.611s] Level 5:colcon.colcon_core.verb:set package 'lidar3d_clustering' build argument 'cmake_args' from command line to 'None'
[1.611s] Level 5:colcon.colcon_core.verb:set package 'lidar3d_clustering' build argument 'cmake_target' from command line to 'None'
[1.611s] Level 5:colcon.colcon_core.verb:set package 'lidar3d_clustering' build argument 'cmake_target_skip_unavailable' from command line to 'False'
[1.611s] Level 5:colcon.colcon_core.verb:set package 'lidar3d_clustering' build argument 'cmake_clean_cache' from command line to 'False'
[1.611s] Level 5:colcon.colcon_core.verb:set package 'lidar3d_clustering' build argument 'cmake_clean_first' from command line to 'False'
[1.611s] Level 5:colcon.colcon_core.verb:set package 'lidar3d_clustering' build argument 'cmake_force_configure' from command line to 'False'
[1.611s] Level 5:colcon.colcon_core.verb:set package 'lidar3d_clustering' build argument 'ament_cmake_args' from command line to 'None'
[1.611s] Level 5:colcon.colcon_core.verb:set package 'lidar3d_clustering' build argument 'catkin_cmake_args' from command line to 'None'
[1.611s] Level 5:colcon.colcon_core.verb:set package 'lidar3d_clustering' build argument 'catkin_skip_building_tests' from command line to 'False'
[1.611s] DEBUG:colcon.colcon_core.verb:Building package 'lidar3d_clustering' with the following arguments: {'ament_cmake_args': None, 'build_base': '/home/fcanof/vanttec_sdv/build/lidar3d_clustering', 'catkin_cmake_args': None, 'catkin_skip_building_tests': False, 'cmake_args': None, 'cmake_clean_cache': False, 'cmake_clean_first': False, 'cmake_force_configure': False, 'cmake_target': None, 'cmake_target_skip_unavailable': False, 'install_base': '/home/fcanof/vanttec_sdv/install/lidar3d_clustering', 'merge_install': False, 'path': '/home/fcanof/vanttec_sdv/workspace/src/sdv_lidar/lidar3d_clustering', 'symlink_install': False, 'test_result_base': None}
[1.629s] Level 5:colcon.colcon_core.verb:set package 'my_camera_node' build argument 'cmake_args' from command line to 'None'
[1.629s] Level 5:colcon.colcon_core.verb:set package 'my_camera_node' build argument 'cmake_target' from command line to 'None'
[1.629s] Level 5:colcon.colcon_core.verb:set package 'my_camera_node' build argument 'cmake_target_skip_unavailable' from command line to 'False'
[1.629s] Level 5:colcon.colcon_core.verb:set package 'my_camera_node' build argument 'cmake_clean_cache' from command line to 'False'
[1.629s] Level 5:colcon.colcon_core.verb:set package 'my_camera_node' build argument 'cmake_clean_first' from command line to 'False'
[1.629s] Level 5:colcon.colcon_core.verb:set package 'my_camera_node' build argument 'cmake_force_configure' from command line to 'False'
[1.629s] Level 5:colcon.colcon_core.verb:set package 'my_camera_node' build argument 'ament_cmake_args' from command line to 'None'
[1.629s] Level 5:colcon.colcon_core.verb:set package 'my_camera_node' build argument 'catkin_cmake_args' from command line to 'None'
[1.629s] Level 5:colcon.colcon_core.verb:set package 'my_camera_node' build argument 'catkin_skip_building_tests' from command line to 'False'
[1.629s] DEBUG:colcon.colcon_core.verb:Building package 'my_camera_node' with the following arguments: {'ament_cmake_args': None, 'build_base': '/home/fcanof/vanttec_sdv/build/my_camera_node', 'catkin_cmake_args': None, 'catkin_skip_building_tests': False, 'cmake_args': None, 'cmake_clean_cache': False, 'cmake_clean_first': False, 'cmake_force_configure': False, 'cmake_target': None, 'cmake_target_skip_unavailable': False, 'install_base': '/home/fcanof/vanttec_sdv/install/my_camera_node', 'merge_install': False, 'path': '/home/fcanof/vanttec_sdv/workspace/src/sdv_vision', 'symlink_install': False, 'test_result_base': None}
[1.647s] Level 5:colcon.colcon_core.verb:set package 'ros_compatibility' build argument 'cmake_args' from command line to 'None'
[1.647s] Level 5:colcon.colcon_core.verb:set package 'ros_compatibility' build argument 'cmake_target' from command line to 'None'
[1.647s] Level 5:colcon.colcon_core.verb:set package 'ros_compatibility' build argument 'cmake_target_skip_unavailable' from command line to 'False'
[1.647s] Level 5:colcon.colcon_core.verb:set package 'ros_compatibility' build argument 'cmake_clean_cache' from command line to 'False'
[1.647s] Level 5:colcon.colcon_core.verb:set package 'ros_compatibility' build argument 'cmake_clean_first' from command line to 'False'
[1.647s] Level 5:colcon.colcon_core.verb:set package 'ros_compatibility' build argument 'cmake_force_configure' from command line to 'False'
[1.647s] Level 5:colcon.colcon_core.verb:set package 'ros_compatibility' build argument 'ament_cmake_args' from command line to 'None'
[1.647s] Level 5:colcon.colcon_core.verb:set package 'ros_compatibility' build argument 'catkin_cmake_args' from command line to 'None'
[1.647s] Level 5:colcon.colcon_core.verb:set package 'ros_compatibility' build argument 'catkin_skip_building_tests' from command line to 'False'
[1.647s] DEBUG:colcon.colcon_core.verb:Building package 'ros_compatibility' with the following arguments: {'ament_cmake_args': None, 'build_base': '/home/fcanof/vanttec_sdv/build/ros_compatibility', 'catkin_cmake_args': None, 'catkin_skip_building_tests': False, 'cmake_args': None, 'cmake_clean_cache': False, 'cmake_clean_first': False, 'cmake_force_configure': False, 'cmake_target': None, 'cmake_target_skip_unavailable': False, 'install_base': '/home/fcanof/vanttec_sdv/install/ros_compatibility', 'merge_install': False, 'path': '/home/fcanof/vanttec_sdv/workspace/src/simulation_manual_control/ros_compatibility', 'symlink_install': False, 'test_result_base': None}
[1.665s] Level 5:colcon.colcon_core.verb:set package 'sbg_driver' build argument 'cmake_args' from command line to 'None'
[1.665s] Level 5:colcon.colcon_core.verb:set package 'sbg_driver' build argument 'cmake_target' from command line to 'None'
[1.665s] Level 5:colcon.colcon_core.verb:set package 'sbg_driver' build argument 'cmake_target_skip_unavailable' from command line to 'False'
[1.665s] Level 5:colcon.colcon_core.verb:set package 'sbg_driver' build argument 'cmake_clean_cache' from command line to 'False'
[1.666s] Level 5:colcon.colcon_core.verb:set package 'sbg_driver' build argument 'cmake_clean_first' from command line to 'False'
[1.666s] Level 5:colcon.colcon_core.verb:set package 'sbg_driver' build argument 'cmake_force_configure' from command line to 'False'
[1.666s] Level 5:colcon.colcon_core.verb:set package 'sbg_driver' build argument 'ament_cmake_args' from command line to 'None'
[1.666s] Level 5:colcon.colcon_core.verb:set package 'sbg_driver' build argument 'catkin_cmake_args' from command line to 'None'
[1.666s] Level 5:colcon.colcon_core.verb:set package 'sbg_driver' build argument 'catkin_skip_building_tests' from command line to 'False'
[1.666s] DEBUG:colcon.colcon_core.verb:Building package 'sbg_driver' with the following arguments: {'ament_cmake_args': None, 'build_base': '/home/fcanof/vanttec_sdv/build/sbg_driver', 'catkin_cmake_args': None, 'catkin_skip_building_tests': False, 'cmake_args': None, 'cmake_clean_cache': False, 'cmake_clean_first': False, 'cmake_force_configure': False, 'cmake_target': None, 'cmake_target_skip_unavailable': False, 'install_base': '/home/fcanof/vanttec_sdv/install/sbg_driver', 'merge_install': False, 'path': '/home/fcanof/vanttec_sdv/workspace/src/drivers/sbg_ros2_driver', 'symlink_install': False, 'test_result_base': None}
[1.683s] Level 5:colcon.colcon_core.verb:set package 'sdv_description' build argument 'cmake_args' from command line to 'None'
[1.683s] Level 5:colcon.colcon_core.verb:set package 'sdv_description' build argument 'cmake_target' from command line to 'None'
[1.683s] Level 5:colcon.colcon_core.verb:set package 'sdv_description' build argument 'cmake_target_skip_unavailable' from command line to 'False'
[1.683s] Level 5:colcon.colcon_core.verb:set package 'sdv_description' build argument 'cmake_clean_cache' from command line to 'False'
[1.683s] Level 5:colcon.colcon_core.verb:set package 'sdv_description' build argument 'cmake_clean_first' from command line to 'False'
[1.683s] Level 5:colcon.colcon_core.verb:set package 'sdv_description' build argument 'cmake_force_configure' from command line to 'False'
[1.683s] Level 5:colcon.colcon_core.verb:set package 'sdv_description' build argument 'ament_cmake_args' from command line to 'None'
[1.683s] Level 5:colcon.colcon_core.verb:set package 'sdv_description' build argument 'catkin_cmake_args' from command line to 'None'
[1.683s] Level 5:colcon.colcon_core.verb:set package 'sdv_description' build argument 'catkin_skip_building_tests' from command line to 'False'
[1.684s] DEBUG:colcon.colcon_core.verb:Building package 'sdv_description' with the following arguments: {'ament_cmake_args': None, 'build_base': '/home/fcanof/vanttec_sdv/build/sdv_description', 'catkin_cmake_args': None, 'catkin_skip_building_tests': False, 'cmake_args': None, 'cmake_clean_cache': False, 'cmake_clean_first': False, 'cmake_force_configure': False, 'cmake_target': None, 'cmake_target_skip_unavailable': False, 'install_base': '/home/fcanof/vanttec_sdv/install/sdv_description', 'merge_install': False, 'path': '/home/fcanof/vanttec_sdv/workspace/src/sdv_description', 'symlink_install': False, 'test_result_base': None}
[1.701s] Level 5:colcon.colcon_core.verb:set package 'sdv_launch' build argument 'cmake_args' from command line to 'None'
[1.701s] Level 5:colcon.colcon_core.verb:set package 'sdv_launch' build argument 'cmake_target' from command line to 'None'
[1.701s] Level 5:colcon.colcon_core.verb:set package 'sdv_launch' build argument 'cmake_target_skip_unavailable' from command line to 'False'
[1.701s] Level 5:colcon.colcon_core.verb:set package 'sdv_launch' build argument 'cmake_clean_cache' from command line to 'False'
[1.701s] Level 5:colcon.colcon_core.verb:set package 'sdv_launch' build argument 'cmake_clean_first' from command line to 'False'
[1.701s] Level 5:colcon.colcon_core.verb:set package 'sdv_launch' build argument 'cmake_force_configure' from command line to 'False'
[1.701s] Level 5:colcon.colcon_core.verb:set package 'sdv_launch' build argument 'ament_cmake_args' from command line to 'None'
[1.701s] Level 5:colcon.colcon_core.verb:set package 'sdv_launch' build argument 'catkin_cmake_args' from command line to 'None'
[1.701s] Level 5:colcon.colcon_core.verb:set package 'sdv_launch' build argument 'catkin_skip_building_tests' from command line to 'False'
[1.701s] DEBUG:colcon.colcon_core.verb:Building package 'sdv_launch' with the following arguments: {'ament_cmake_args': None, 'build_base': '/home/fcanof/vanttec_sdv/build/sdv_launch', 'catkin_cmake_args': None, 'catkin_skip_building_tests': False, 'cmake_args': None, 'cmake_clean_cache': False, 'cmake_clean_first': False, 'cmake_force_configure': False, 'cmake_target': None, 'cmake_target_skip_unavailable': False, 'install_base': '/home/fcanof/vanttec_sdv/install/sdv_launch', 'merge_install': False, 'path': '/home/fcanof/vanttec_sdv/workspace/src/sdv_launch', 'symlink_install': False, 'test_result_base': None}
[1.719s] Level 5:colcon.colcon_core.verb:set package 'sdv_lidar_processing' build argument 'cmake_args' from command line to 'None'
[1.719s] Level 5:colcon.colcon_core.verb:set package 'sdv_lidar_processing' build argument 'cmake_target' from command line to 'None'
[1.719s] Level 5:colcon.colcon_core.verb:set package 'sdv_lidar_processing' build argument 'cmake_target_skip_unavailable' from command line to 'False'
[1.719s] Level 5:colcon.colcon_core.verb:set package 'sdv_lidar_processing' build argument 'cmake_clean_cache' from command line to 'False'
[1.719s] Level 5:colcon.colcon_core.verb:set package 'sdv_lidar_processing' build argument 'cmake_clean_first' from command line to 'False'
[1.719s] Level 5:colcon.colcon_core.verb:set package 'sdv_lidar_processing' build argument 'cmake_force_configure' from command line to 'False'
[1.719s] Level 5:colcon.colcon_core.verb:set package 'sdv_lidar_processing' build argument 'ament_cmake_args' from command line to 'None'
[1.719s] Level 5:colcon.colcon_core.verb:set package 'sdv_lidar_processing' build argument 'catkin_cmake_args' from command line to 'None'
[1.719s] Level 5:colcon.colcon_core.verb:set package 'sdv_lidar_processing' build argument 'catkin_skip_building_tests' from command line to 'False'
[1.719s] DEBUG:colcon.colcon_core.verb:Building package 'sdv_lidar_processing' with the following arguments: {'ament_cmake_args': None, 'build_base': '/home/fcanof/vanttec_sdv/build/sdv_lidar_processing', 'catkin_cmake_args': None, 'catkin_skip_building_tests': False, 'cmake_args': None, 'cmake_clean_cache': False, 'cmake_clean_first': False, 'cmake_force_configure': False, 'cmake_target': None, 'cmake_target_skip_unavailable': False, 'install_base': '/home/fcanof/vanttec_sdv/install/sdv_lidar_processing', 'merge_install': False, 'path': '/home/fcanof/vanttec_sdv/workspace/src/sdv_lidar/sdv_lidar_processing', 'symlink_install': False, 'test_result_base': None}
[1.737s] Level 5:colcon.colcon_core.verb:set package 'sdv_msgs' build argument 'cmake_args' from command line to 'None'
[1.737s] Level 5:colcon.colcon_core.verb:set package 'sdv_msgs' build argument 'cmake_target' from command line to 'None'
[1.737s] Level 5:colcon.colcon_core.verb:set package 'sdv_msgs' build argument 'cmake_target_skip_unavailable' from command line to 'False'
[1.737s] Level 5:colcon.colcon_core.verb:set package 'sdv_msgs' build argument 'cmake_clean_cache' from command line to 'False'
[1.737s] Level 5:colcon.colcon_core.verb:set package 'sdv_msgs' build argument 'cmake_clean_first' from command line to 'False'
[1.737s] Level 5:colcon.colcon_core.verb:set package 'sdv_msgs' build argument 'cmake_force_configure' from command line to 'False'
[1.737s] Level 5:colcon.colcon_core.verb:set package 'sdv_msgs' build argument 'ament_cmake_args' from command line to 'None'
[1.737s] Level 5:colcon.colcon_core.verb:set package 'sdv_msgs' build argument 'catkin_cmake_args' from command line to 'None'
[1.737s] Level 5:colcon.colcon_core.verb:set package 'sdv_msgs' build argument 'catkin_skip_building_tests' from command line to 'False'
[1.737s] DEBUG:colcon.colcon_core.verb:Building package 'sdv_msgs' with the following arguments: {'ament_cmake_args': None, 'build_base': '/home/fcanof/vanttec_sdv/build/sdv_msgs', 'catkin_cmake_args': None, 'catkin_skip_building_tests': False, 'cmake_args': None, 'cmake_clean_cache': False, 'cmake_clean_first': False, 'cmake_force_configure': False, 'cmake_target': None, 'cmake_target_skip_unavailable': False, 'install_base': '/home/fcanof/vanttec_sdv/install/sdv_msgs', 'merge_install': False, 'path': '/home/fcanof/vanttec_sdv/workspace/src/sdv_msgs', 'symlink_install': False, 'test_result_base': None}
[1.754s] Level 5:colcon.colcon_core.verb:set package 'sdv_robot_description' build argument 'cmake_args' from command line to 'None'
[1.754s] Level 5:colcon.colcon_core.verb:set package 'sdv_robot_description' build argument 'cmake_target' from command line to 'None'
[1.755s] Level 5:colcon.colcon_core.verb:set package 'sdv_robot_description' build argument 'cmake_target_skip_unavailable' from command line to 'False'
[1.755s] Level 5:colcon.colcon_core.verb:set package 'sdv_robot_description' build argument 'cmake_clean_cache' from command line to 'False'
[1.755s] Level 5:colcon.colcon_core.verb:set package 'sdv_robot_description' build argument 'cmake_clean_first' from command line to 'False'
[1.755s] Level 5:colcon.colcon_core.verb:set package 'sdv_robot_description' build argument 'cmake_force_configure' from command line to 'False'
[1.755s] Level 5:colcon.colcon_core.verb:set package 'sdv_robot_description' build argument 'ament_cmake_args' from command line to 'None'
[1.755s] Level 5:colcon.colcon_core.verb:set package 'sdv_robot_description' build argument 'catkin_cmake_args' from command line to 'None'
[1.755s] Level 5:colcon.colcon_core.verb:set package 'sdv_robot_description' build argument 'catkin_skip_building_tests' from command line to 'False'
[1.755s] DEBUG:colcon.colcon_core.verb:Building package 'sdv_robot_description' with the following arguments: {'ament_cmake_args': None, 'build_base': '/home/fcanof/vanttec_sdv/build/sdv_robot_description', 'catkin_cmake_args': None, 'catkin_skip_building_tests': False, 'cmake_args': None, 'cmake_clean_cache': False, 'cmake_clean_first': False, 'cmake_force_configure': False, 'cmake_target': None, 'cmake_target_skip_unavailable': False, 'install_base': '/home/fcanof/vanttec_sdv/install/sdv_robot_description', 'merge_install': False, 'path': '/home/fcanof/vanttec_sdv/workspace/src/sdv_lidar/sdv_robot_description', 'symlink_install': False, 'test_result_base': None}
[1.772s] Level 5:colcon.colcon_core.verb:set package 'vectornav_msgs' build argument 'cmake_args' from command line to 'None'
[1.772s] Level 5:colcon.colcon_core.verb:set package 'vectornav_msgs' build argument 'cmake_target' from command line to 'None'
[1.772s] Level 5:colcon.colcon_core.verb:set package 'vectornav_msgs' build argument 'cmake_target_skip_unavailable' from command line to 'False'
[1.772s] Level 5:colcon.colcon_core.verb:set package 'vectornav_msgs' build argument 'cmake_clean_cache' from command line to 'False'
[1.772s] Level 5:colcon.colcon_core.verb:set package 'vectornav_msgs' build argument 'cmake_clean_first' from command line to 'False'
[1.772s] Level 5:colcon.colcon_core.verb:set package 'vectornav_msgs' build argument 'cmake_force_configure' from command line to 'False'
[1.772s] Level 5:colcon.colcon_core.verb:set package 'vectornav_msgs' build argument 'ament_cmake_args' from command line to 'None'
[1.772s] Level 5:colcon.colcon_core.verb:set package 'vectornav_msgs' build argument 'catkin_cmake_args' from command line to 'None'
[1.772s] Level 5:colcon.colcon_core.verb:set package 'vectornav_msgs' build argument 'catkin_skip_building_tests' from command line to 'False'
[1.772s] DEBUG:colcon.colcon_core.verb:Building package 'vectornav_msgs' with the following arguments: {'ament_cmake_args': None, 'build_base': '/home/fcanof/vanttec_sdv/build/vectornav_msgs', 'catkin_cmake_args': None, 'catkin_skip_building_tests': False, 'cmake_args': None, 'cmake_clean_cache': False, 'cmake_clean_first': False, 'cmake_force_configure': False, 'cmake_target': None, 'cmake_target_skip_unavailable': False, 'install_base': '/home/fcanof/vanttec_sdv/install/vectornav_msgs', 'merge_install': False, 'path': '/home/fcanof/vanttec_sdv/workspace/src/drivers/vectornav/vectornav_msgs', 'symlink_install': False, 'test_result_base': None}
[1.790s] Level 5:colcon.colcon_core.verb:set package 'voxel_grid_filter' build argument 'cmake_args' from command line to 'None'
[1.790s] Level 5:colcon.colcon_core.verb:set package 'voxel_grid_filter' build argument 'cmake_target' from command line to 'None'
[1.790s] Level 5:colcon.colcon_core.verb:set package 'voxel_grid_filter' build argument 'cmake_target_skip_unavailable' from command line to 'False'
[1.790s] Level 5:colcon.colcon_core.verb:set package 'voxel_grid_filter' build argument 'cmake_clean_cache' from command line to 'False'
[1.790s] Level 5:colcon.colcon_core.verb:set package 'voxel_grid_filter' build argument 'cmake_clean_first' from command line to 'False'
[1.790s] Level 5:colcon.colcon_core.verb:set package 'voxel_grid_filter' build argument 'cmake_force_configure' from command line to 'False'
[1.790s] Level 5:colcon.colcon_core.verb:set package 'voxel_grid_filter' build argument 'ament_cmake_args' from command line to 'None'
[1.790s] Level 5:colcon.colcon_core.verb:set package 'voxel_grid_filter' build argument 'catkin_cmake_args' from command line to 'None'
[1.790s] Level 5:colcon.colcon_core.verb:set package 'voxel_grid_filter' build argument 'catkin_skip_building_tests' from command line to 'False'
[1.790s] DEBUG:colcon.colcon_core.verb:Building package 'voxel_grid_filter' with the following arguments: {'ament_cmake_args': None, 'build_base': '/home/fcanof/vanttec_sdv/build/voxel_grid_filter', 'catkin_cmake_args': None, 'catkin_skip_building_tests': False, 'cmake_args': None, 'cmake_clean_cache': False, 'cmake_clean_first': False, 'cmake_force_configure': False, 'cmake_target': None, 'cmake_target_skip_unavailable': False, 'install_base': '/home/fcanof/vanttec_sdv/install/voxel_grid_filter', 'merge_install': False, 'path': '/home/fcanof/vanttec_sdv/workspace/src/sdv_lidar/voxel_grid_filter', 'symlink_install': False, 'test_result_base': None}
[1.807s] Level 5:colcon.colcon_core.verb:set package 'isaac_ros_apriltag_interfaces' build argument 'cmake_args' from command line to 'None'
[1.807s] Level 5:colcon.colcon_core.verb:set package 'isaac_ros_apriltag_interfaces' build argument 'cmake_target' from command line to 'None'
[1.807s] Level 5:colcon.colcon_core.verb:set package 'isaac_ros_apriltag_interfaces' build argument 'cmake_target_skip_unavailable' from command line to 'False'
[1.807s] Level 5:colcon.colcon_core.verb:set package 'isaac_ros_apriltag_interfaces' build argument 'cmake_clean_cache' from command line to 'False'
[1.807s] Level 5:colcon.colcon_core.verb:set package 'isaac_ros_apriltag_interfaces' build argument 'cmake_clean_first' from command line to 'False'
[1.807s] Level 5:colcon.colcon_core.verb:set package 'isaac_ros_apriltag_interfaces' build argument 'cmake_force_configure' from command line to 'False'
[1.807s] Level 5:colcon.colcon_core.verb:set package 'isaac_ros_apriltag_interfaces' build argument 'ament_cmake_args' from command line to 'None'
[1.807s] Level 5:colcon.colcon_core.verb:set package 'isaac_ros_apriltag_interfaces' build argument 'catkin_cmake_args' from command line to 'None'
[1.807s] Level 5:colcon.colcon_core.verb:set package 'isaac_ros_apriltag_interfaces' build argument 'catkin_skip_building_tests' from command line to 'False'
[1.807s] DEBUG:colcon.colcon_core.verb:Building package 'isaac_ros_apriltag_interfaces' with the following arguments: {'ament_cmake_args': None, 'build_base': '/home/fcanof/vanttec_sdv/build/isaac_ros_apriltag_interfaces', 'catkin_cmake_args': None, 'catkin_skip_building_tests': False, 'cmake_args': None, 'cmake_clean_cache': False, 'cmake_clean_first': False, 'cmake_force_configure': False, 'cmake_target': None, 'cmake_target_skip_unavailable': False, 'install_base': '/home/fcanof/vanttec_sdv/install/isaac_ros_apriltag_interfaces', 'merge_install': False, 'path': '/home/fcanof/vanttec_sdv/workspace/src/isaac_ros_common/isaac_ros_apriltag_interfaces', 'symlink_install': False, 'test_result_base': None}
[1.824s] Level 5:colcon.colcon_core.verb:set package 'isaac_ros_bi3d_interfaces' build argument 'cmake_args' from command line to 'None'
[1.824s] Level 5:colcon.colcon_core.verb:set package 'isaac_ros_bi3d_interfaces' build argument 'cmake_target' from command line to 'None'
[1.824s] Level 5:colcon.colcon_core.verb:set package 'isaac_ros_bi3d_interfaces' build argument 'cmake_target_skip_unavailable' from command line to 'False'
[1.824s] Level 5:colcon.colcon_core.verb:set package 'isaac_ros_bi3d_interfaces' build argument 'cmake_clean_cache' from command line to 'False'
[1.824s] Level 5:colcon.colcon_core.verb:set package 'isaac_ros_bi3d_interfaces' build argument 'cmake_clean_first' from command line to 'False'
[1.824s] Level 5:colcon.colcon_core.verb:set package 'isaac_ros_bi3d_interfaces' build argument 'cmake_force_configure' from command line to 'False'
[1.824s] Level 5:colcon.colcon_core.verb:set package 'isaac_ros_bi3d_interfaces' build argument 'ament_cmake_args' from command line to 'None'
[1.824s] Level 5:colcon.colcon_core.verb:set package 'isaac_ros_bi3d_interfaces' build argument 'catkin_cmake_args' from command line to 'None'
[1.824s] Level 5:colcon.colcon_core.verb:set package 'isaac_ros_bi3d_interfaces' build argument 'catkin_skip_building_tests' from command line to 'False'
[1.824s] DEBUG:colcon.colcon_core.verb:Building package 'isaac_ros_bi3d_interfaces' with the following arguments: {'ament_cmake_args': None, 'build_base': '/home/fcanof/vanttec_sdv/build/isaac_ros_bi3d_interfaces', 'catkin_cmake_args': None, 'catkin_skip_building_tests': False, 'cmake_args': None, 'cmake_clean_cache': False, 'cmake_clean_first': False, 'cmake_force_configure': False, 'cmake_target': None, 'cmake_target_skip_unavailable': False, 'install_base': '/home/fcanof/vanttec_sdv/install/isaac_ros_bi3d_interfaces', 'merge_install': False, 'path': '/home/fcanof/vanttec_sdv/workspace/src/isaac_ros_common/isaac_ros_bi3d_interfaces', 'symlink_install': False, 'test_result_base': None}
[1.841s] Level 5:colcon.colcon_core.verb:set package 'isaac_ros_nitros_bridge_interfaces' build argument 'cmake_args' from command line to 'None'
[1.842s] Level 5:colcon.colcon_core.verb:set package 'isaac_ros_nitros_bridge_interfaces' build argument 'cmake_target' from command line to 'None'
[1.842s] Level 5:colcon.colcon_core.verb:set package 'isaac_ros_nitros_bridge_interfaces' build argument 'cmake_target_skip_unavailable' from command line to 'False'
[1.842s] Level 5:colcon.colcon_core.verb:set package 'isaac_ros_nitros_bridge_interfaces' build argument 'cmake_clean_cache' from command line to 'False'
[1.842s] Level 5:colcon.colcon_core.verb:set package 'isaac_ros_nitros_bridge_interfaces' build argument 'cmake_clean_first' from command line to 'False'
[1.842s] Level 5:colcon.colcon_core.verb:set package 'isaac_ros_nitros_bridge_interfaces' build argument 'cmake_force_configure' from command line to 'False'
[1.842s] Level 5:colcon.colcon_core.verb:set package 'isaac_ros_nitros_bridge_interfaces' build argument 'ament_cmake_args' from command line to 'None'
[1.842s] Level 5:colcon.colcon_core.verb:set package 'isaac_ros_nitros_bridge_interfaces' build argument 'catkin_cmake_args' from command line to 'None'
[1.842s] Level 5:colcon.colcon_core.verb:set package 'isaac_ros_nitros_bridge_interfaces' build argument 'catkin_skip_building_tests' from command line to 'False'
[1.842s] DEBUG:colcon.colcon_core.verb:Building package 'isaac_ros_nitros_bridge_interfaces' with the following arguments: {'ament_cmake_args': None, 'build_base': '/home/fcanof/vanttec_sdv/build/isaac_ros_nitros_bridge_interfaces', 'catkin_cmake_args': None, 'catkin_skip_building_tests': False, 'cmake_args': None, 'cmake_clean_cache': False, 'cmake_clean_first': False, 'cmake_force_configure': False, 'cmake_target': None, 'cmake_target_skip_unavailable': False, 'install_base': '/home/fcanof/vanttec_sdv/install/isaac_ros_nitros_bridge_interfaces', 'merge_install': False, 'path': '/home/fcanof/vanttec_sdv/workspace/src/isaac_ros_common/isaac_ros_nitros_bridge_interfaces', 'symlink_install': False, 'test_result_base': None}
[1.859s] Level 5:colcon.colcon_core.verb:set package 'isaac_ros_nova_interfaces' build argument 'cmake_args' from command line to 'None'
[1.859s] Level 5:colcon.colcon_core.verb:set package 'isaac_ros_nova_interfaces' build argument 'cmake_target' from command line to 'None'
[1.859s] Level 5:colcon.colcon_core.verb:set package 'isaac_ros_nova_interfaces' build argument 'cmake_target_skip_unavailable' from command line to 'False'
[1.859s] Level 5:colcon.colcon_core.verb:set package 'isaac_ros_nova_interfaces' build argument 'cmake_clean_cache' from command line to 'False'
[1.859s] Level 5:colcon.colcon_core.verb:set package 'isaac_ros_nova_interfaces' build argument 'cmake_clean_first' from command line to 'False'
[1.859s] Level 5:colcon.colcon_core.verb:set package 'isaac_ros_nova_interfaces' build argument 'cmake_force_configure' from command line to 'False'
[1.859s] Level 5:colcon.colcon_core.verb:set package 'isaac_ros_nova_interfaces' build argument 'ament_cmake_args' from command line to 'None'
[1.859s] Level 5:colcon.colcon_core.verb:set package 'isaac_ros_nova_interfaces' build argument 'catkin_cmake_args' from command line to 'None'
[1.859s] Level 5:colcon.colcon_core.verb:set package 'isaac_ros_nova_interfaces' build argument 'catkin_skip_building_tests' from command line to 'False'
[1.859s] DEBUG:colcon.colcon_core.verb:Building package 'isaac_ros_nova_interfaces' with the following arguments: {'ament_cmake_args': None, 'build_base': '/home/fcanof/vanttec_sdv/build/isaac_ros_nova_interfaces', 'catkin_cmake_args': None, 'catkin_skip_building_tests': False, 'cmake_args': None, 'cmake_clean_cache': False, 'cmake_clean_first': False, 'cmake_force_configure': False, 'cmake_target': None, 'cmake_target_skip_unavailable': False, 'install_base': '/home/fcanof/vanttec_sdv/install/isaac_ros_nova_interfaces', 'merge_install': False, 'path': '/home/fcanof/vanttec_sdv/workspace/src/isaac_ros_common/isaac_ros_nova_interfaces', 'symlink_install': False, 'test_result_base': None}
[1.876s] Level 5:colcon.colcon_core.verb:set package 'isaac_ros_pointcloud_interfaces' build argument 'cmake_args' from command line to 'None'
[1.876s] Level 5:colcon.colcon_core.verb:set package 'isaac_ros_pointcloud_interfaces' build argument 'cmake_target' from command line to 'None'
[1.876s] Level 5:colcon.colcon_core.verb:set package 'isaac_ros_pointcloud_interfaces' build argument 'cmake_target_skip_unavailable' from command line to 'False'
[1.876s] Level 5:colcon.colcon_core.verb:set package 'isaac_ros_pointcloud_interfaces' build argument 'cmake_clean_cache' from command line to 'False'
[1.876s] Level 5:colcon.colcon_core.verb:set package 'isaac_ros_pointcloud_interfaces' build argument 'cmake_clean_first' from command line to 'False'
[1.876s] Level 5:colcon.colcon_core.verb:set package 'isaac_ros_pointcloud_interfaces' build argument 'cmake_force_configure' from command line to 'False'
[1.876s] Level 5:colcon.colcon_core.verb:set package 'isaac_ros_pointcloud_interfaces' build argument 'ament_cmake_args' from command line to 'None'
[1.876s] Level 5:colcon.colcon_core.verb:set package 'isaac_ros_pointcloud_interfaces' build argument 'catkin_cmake_args' from command line to 'None'
[1.876s] Level 5:colcon.colcon_core.verb:set package 'isaac_ros_pointcloud_interfaces' build argument 'catkin_skip_building_tests' from command line to 'False'
[1.876s] DEBUG:colcon.colcon_core.verb:Building package 'isaac_ros_pointcloud_interfaces' with the following arguments: {'ament_cmake_args': None, 'build_base': '/home/fcanof/vanttec_sdv/build/isaac_ros_pointcloud_interfaces', 'catkin_cmake_args': None, 'catkin_skip_building_tests': False, 'cmake_args': None, 'cmake_clean_cache': False, 'cmake_clean_first': False, 'cmake_force_configure': False, 'cmake_target': None, 'cmake_target_skip_unavailable': False, 'install_base': '/home/fcanof/vanttec_sdv/install/isaac_ros_pointcloud_interfaces', 'merge_install': False, 'path': '/home/fcanof/vanttec_sdv/workspace/src/isaac_ros_common/isaac_ros_pointcloud_interfaces', 'symlink_install': False, 'test_result_base': None}
[1.893s] Level 5:colcon.colcon_core.verb:set package 'isaac_ros_tensor_list_interfaces' build argument 'cmake_args' from command line to 'None'
[1.893s] Level 5:colcon.colcon_core.verb:set package 'isaac_ros_tensor_list_interfaces' build argument 'cmake_target' from command line to 'None'
[1.893s] Level 5:colcon.colcon_core.verb:set package 'isaac_ros_tensor_list_interfaces' build argument 'cmake_target_skip_unavailable' from command line to 'False'
[1.894s] Level 5:colcon.colcon_core.verb:set package 'isaac_ros_tensor_list_interfaces' build argument 'cmake_clean_cache' from command line to 'False'
[1.894s] Level 5:colcon.colcon_core.verb:set package 'isaac_ros_tensor_list_interfaces' build argument 'cmake_clean_first' from command line to 'False'
[1.894s] Level 5:colcon.colcon_core.verb:set package 'isaac_ros_tensor_list_interfaces' build argument 'cmake_force_configure' from command line to 'False'
[1.894s] Level 5:colcon.colcon_core.verb:set package 'isaac_ros_tensor_list_interfaces' build argument 'ament_cmake_args' from command line to 'None'
[1.894s] Level 5:colcon.colcon_core.verb:set package 'isaac_ros_tensor_list_interfaces' build argument 'catkin_cmake_args' from command line to 'None'
[1.894s] Level 5:colcon.colcon_core.verb:set package 'isaac_ros_tensor_list_interfaces' build argument 'catkin_skip_building_tests' from command line to 'False'
[1.894s] DEBUG:colcon.colcon_core.verb:Building package 'isaac_ros_tensor_list_interfaces' with the following arguments: {'ament_cmake_args': None, 'build_base': '/home/fcanof/vanttec_sdv/build/isaac_ros_tensor_list_interfaces', 'catkin_cmake_args': None, 'catkin_skip_building_tests': False, 'cmake_args': None, 'cmake_clean_cache': False, 'cmake_clean_first': False, 'cmake_force_configure': False, 'cmake_target': None, 'cmake_target_skip_unavailable': False, 'install_base': '/home/fcanof/vanttec_sdv/install/isaac_ros_tensor_list_interfaces', 'merge_install': False, 'path': '/home/fcanof/vanttec_sdv/workspace/src/isaac_ros_common/isaac_ros_tensor_list_interfaces', 'symlink_install': False, 'test_result_base': None}
[1.911s] Level 5:colcon.colcon_core.verb:set package 'sdv_can' build argument 'cmake_args' from command line to 'None'
[1.911s] Level 5:colcon.colcon_core.verb:set package 'sdv_can' build argument 'cmake_target' from command line to 'None'
[1.911s] Level 5:colcon.colcon_core.verb:set package 'sdv_can' build argument 'cmake_target_skip_unavailable' from command line to 'False'
[1.911s] Level 5:colcon.colcon_core.verb:set package 'sdv_can' build argument 'cmake_clean_cache' from command line to 'False'
[1.911s] Level 5:colcon.colcon_core.verb:set package 'sdv_can' build argument 'cmake_clean_first' from command line to 'False'
[1.911s] Level 5:colcon.colcon_core.verb:set package 'sdv_can' build argument 'cmake_force_configure' from command line to 'False'
[1.911s] Level 5:colcon.colcon_core.verb:set package 'sdv_can' build argument 'ament_cmake_args' from command line to 'None'
[1.911s] Level 5:colcon.colcon_core.verb:set package 'sdv_can' build argument 'catkin_cmake_args' from command line to 'None'
[1.911s] Level 5:colcon.colcon_core.verb:set package 'sdv_can' build argument 'catkin_skip_building_tests' from command line to 'False'
[1.911s] DEBUG:colcon.colcon_core.verb:Building package 'sdv_can' with the following arguments: {'ament_cmake_args': None, 'build_base': '/home/fcanof/vanttec_sdv/build/sdv_can', 'catkin_cmake_args': None, 'catkin_skip_building_tests': False, 'cmake_args': None, 'cmake_clean_cache': False, 'cmake_clean_first': False, 'cmake_force_configure': False, 'cmake_target': None, 'cmake_target_skip_unavailable': False, 'install_base': '/home/fcanof/vanttec_sdv/install/sdv_can', 'merge_install': False, 'path': '/home/fcanof/vanttec_sdv/workspace/src/sdv_can', 'symlink_install': False, 'test_result_base': None}
[1.928s] Level 5:colcon.colcon_core.verb:set package 'sdv_control' build argument 'cmake_args' from command line to 'None'
[1.928s] Level 5:colcon.colcon_core.verb:set package 'sdv_control' build argument 'cmake_target' from command line to 'None'
[1.928s] Level 5:colcon.colcon_core.verb:set package 'sdv_control' build argument 'cmake_target_skip_unavailable' from command line to 'False'
[1.928s] Level 5:colcon.colcon_core.verb:set package 'sdv_control' build argument 'cmake_clean_cache' from command line to 'False'
[1.928s] Level 5:colcon.colcon_core.verb:set package 'sdv_control' build argument 'cmake_clean_first' from command line to 'False'
[1.928s] Level 5:colcon.colcon_core.verb:set package 'sdv_control' build argument 'cmake_force_configure' from command line to 'False'
[1.928s] Level 5:colcon.colcon_core.verb:set package 'sdv_control' build argument 'ament_cmake_args' from command line to 'None'
[1.928s] Level 5:colcon.colcon_core.verb:set package 'sdv_control' build argument 'catkin_cmake_args' from command line to 'None'
[1.928s] Level 5:colcon.colcon_core.verb:set package 'sdv_control' build argument 'catkin_skip_building_tests' from command line to 'False'
[1.928s] DEBUG:colcon.colcon_core.verb:Building package 'sdv_control' with the following arguments: {'ament_cmake_args': None, 'build_base': '/home/fcanof/vanttec_sdv/build/sdv_control', 'catkin_cmake_args': None, 'catkin_skip_building_tests': False, 'cmake_args': None, 'cmake_clean_cache': False, 'cmake_clean_first': False, 'cmake_force_configure': False, 'cmake_target': None, 'cmake_target_skip_unavailable': False, 'install_base': '/home/fcanof/vanttec_sdv/install/sdv_control', 'merge_install': False, 'path': '/home/fcanof/vanttec_sdv/workspace/src/sdv_control', 'symlink_install': False, 'test_result_base': None}
[1.946s] Level 5:colcon.colcon_core.verb:set package 'sdv_localization' build argument 'cmake_args' from command line to 'None'
[1.946s] Level 5:colcon.colcon_core.verb:set package 'sdv_localization' build argument 'cmake_target' from command line to 'None'
[1.946s] Level 5:colcon.colcon_core.verb:set package 'sdv_localization' build argument 'cmake_target_skip_unavailable' from command line to 'False'
[1.946s] Level 5:colcon.colcon_core.verb:set package 'sdv_localization' build argument 'cmake_clean_cache' from command line to 'False'
[1.946s] Level 5:colcon.colcon_core.verb:set package 'sdv_localization' build argument 'cmake_clean_first' from command line to 'False'
[1.946s] Level 5:colcon.colcon_core.verb:set package 'sdv_localization' build argument 'cmake_force_configure' from command line to 'False'
[1.946s] Level 5:colcon.colcon_core.verb:set package 'sdv_localization' build argument 'ament_cmake_args' from command line to 'None'
[1.946s] Level 5:colcon.colcon_core.verb:set package 'sdv_localization' build argument 'catkin_cmake_args' from command line to 'None'
[1.946s] Level 5:colcon.colcon_core.verb:set package 'sdv_localization' build argument 'catkin_skip_building_tests' from command line to 'False'
[1.946s] DEBUG:colcon.colcon_core.verb:Building package 'sdv_localization' with the following arguments: {'ament_cmake_args': None, 'build_base': '/home/fcanof/vanttec_sdv/build/sdv_localization', 'catkin_cmake_args': None, 'catkin_skip_building_tests': False, 'cmake_args': None, 'cmake_clean_cache': False, 'cmake_clean_first': False, 'cmake_force_configure': False, 'cmake_target': None, 'cmake_target_skip_unavailable': False, 'install_base': '/home/fcanof/vanttec_sdv/install/sdv_localization', 'merge_install': False, 'path': '/home/fcanof/vanttec_sdv/workspace/src/sdv_localization/sdv_localization', 'symlink_install': False, 'test_result_base': None}
[1.964s] Level 5:colcon.colcon_core.verb:set package 'sdv_manual_control' build argument 'cmake_args' from command line to 'None'
[1.964s] Level 5:colcon.colcon_core.verb:set package 'sdv_manual_control' build argument 'cmake_target' from command line to 'None'
[1.964s] Level 5:colcon.colcon_core.verb:set package 'sdv_manual_control' build argument 'cmake_target_skip_unavailable' from command line to 'False'
[1.964s] Level 5:colcon.colcon_core.verb:set package 'sdv_manual_control' build argument 'cmake_clean_cache' from command line to 'False'
[1.964s] Level 5:colcon.colcon_core.verb:set package 'sdv_manual_control' build argument 'cmake_clean_first' from command line to 'False'
[1.964s] Level 5:colcon.colcon_core.verb:set package 'sdv_manual_control' build argument 'cmake_force_configure' from command line to 'False'
[1.964s] Level 5:colcon.colcon_core.verb:set package 'sdv_manual_control' build argument 'ament_cmake_args' from command line to 'None'
[1.964s] Level 5:colcon.colcon_core.verb:set package 'sdv_manual_control' build argument 'catkin_cmake_args' from command line to 'None'
[1.964s] Level 5:colcon.colcon_core.verb:set package 'sdv_manual_control' build argument 'catkin_skip_building_tests' from command line to 'False'
[1.964s] DEBUG:colcon.colcon_core.verb:Building package 'sdv_manual_control' with the following arguments: {'ament_cmake_args': None, 'build_base': '/home/fcanof/vanttec_sdv/build/sdv_manual_control', 'catkin_cmake_args': None, 'catkin_skip_building_tests': False, 'cmake_args': None, 'cmake_clean_cache': False, 'cmake_clean_first': False, 'cmake_force_configure': False, 'cmake_target': None, 'cmake_target_skip_unavailable': False, 'install_base': '/home/fcanof/vanttec_sdv/install/sdv_manual_control', 'merge_install': False, 'path': '/home/fcanof/vanttec_sdv/workspace/src/simulation_manual_control/sdv_manual_control', 'symlink_install': False, 'test_result_base': None}
[1.982s] Level 5:colcon.colcon_core.verb:set package 'vectornav' build argument 'cmake_args' from command line to 'None'
[1.982s] Level 5:colcon.colcon_core.verb:set package 'vectornav' build argument 'cmake_target' from command line to 'None'
[1.982s] Level 5:colcon.colcon_core.verb:set package 'vectornav' build argument 'cmake_target_skip_unavailable' from command line to 'False'
[1.982s] Level 5:colcon.colcon_core.verb:set package 'vectornav' build argument 'cmake_clean_cache' from command line to 'False'
[1.982s] Level 5:colcon.colcon_core.verb:set package 'vectornav' build argument 'cmake_clean_first' from command line to 'False'
[1.983s] Level 5:colcon.colcon_core.verb:set package 'vectornav' build argument 'cmake_force_configure' from command line to 'False'
[1.983s] Level 5:colcon.colcon_core.verb:set package 'vectornav' build argument 'ament_cmake_args' from command line to 'None'
[1.983s] Level 5:colcon.colcon_core.verb:set package 'vectornav' build argument 'catkin_cmake_args' from command line to 'None'
[1.983s] Level 5:colcon.colcon_core.verb:set package 'vectornav' build argument 'catkin_skip_building_tests' from command line to 'False'
[1.983s] DEBUG:colcon.colcon_core.verb:Building package 'vectornav' with the following arguments: {'ament_cmake_args': None, 'build_base': '/home/fcanof/vanttec_sdv/build/vectornav', 'catkin_cmake_args': None, 'catkin_skip_building_tests': False, 'cmake_args': None, 'cmake_clean_cache': False, 'cmake_clean_first': False, 'cmake_force_configure': False, 'cmake_target': None, 'cmake_target_skip_unavailable': False, 'install_base': '/home/fcanof/vanttec_sdv/install/vectornav', 'merge_install': False, 'path': '/home/fcanof/vanttec_sdv/workspace/src/drivers/vectornav/vectornav', 'symlink_install': False, 'test_result_base': None}
[2.000s] INFO:colcon.colcon_core.executor:Executing jobs using 'parallel' executor
[2.019s] DEBUG:colcon.colcon_parallel_executor.executor.parallel:run_until_complete
[2.020s] INFO:colcon.colcon_ros.task.ament_cmake.build:Building ROS package in '/home/fcanof/vanttec_sdv/workspace/src/isaac_ros_common/isaac_ros_common' with build type 'ament_cmake'
[2.020s] INFO:colcon.colcon_cmake.task.cmake.build:Building CMake package in '/home/fcanof/vanttec_sdv/workspace/src/isaac_ros_common/isaac_ros_common'
[2.040s] INFO:colcon.colcon_core.plugin_system:Skipping extension 'colcon_core.shell.bat': Not used on non-Windows systems
[2.040s] INFO:colcon.colcon_core.shell:Skip shell extension 'powershell' for command environment: Not usable outside of PowerShell
[2.040s] DEBUG:colcon.colcon_core.shell:Skip shell extension 'dsv' for command environment
[2.079s] INFO:colcon.colcon_ros.task.ament_cmake.build:Building ROS package in '/home/fcanof/vanttec_sdv/workspace/src/sdv_msgs' with build type 'ament_cmake'
[2.079s] INFO:colcon.colcon_cmake.task.cmake.build:Building CMake package in '/home/fcanof/vanttec_sdv/workspace/src/sdv_msgs'
[2.098s] INFO:colcon.colcon_core.shell:Skip shell extension 'powershell' for command environment: Not usable outside of PowerShell
[2.098s] DEBUG:colcon.colcon_core.shell:Skip shell extension 'dsv' for command environment
[2.138s] INFO:colcon.colcon_ros.task.ament_cmake.build:Building ROS package in '/home/fcanof/vanttec_sdv/workspace/src/drivers/vectornav/vectornav_msgs' with build type 'ament_cmake'
[2.138s] INFO:colcon.colcon_cmake.task.cmake.build:Building CMake package in '/home/fcanof/vanttec_sdv/workspace/src/drivers/vectornav/vectornav_msgs'
[2.157s] INFO:colcon.colcon_core.shell:Skip shell extension 'powershell' for command environment: Not usable outside of PowerShell
[2.157s] DEBUG:colcon.colcon_core.shell:Skip shell extension 'dsv' for command environment
[2.196s] INFO:colcon.colcon_ros.task.ament_python.build:Building ROS package in '/home/fcanof/vanttec_sdv/workspace/src/simulation_manual_control/ros_compatibility' with build type 'ament_python'
[2.196s] Level 1:colcon.colcon_core.shell:create_environment_hook('ros_compatibility', 'ament_prefix_path')
[2.214s] INFO:colcon.colcon_core.shell:Creating environment hook '/home/fcanof/vanttec_sdv/install/ros_compatibility/share/ros_compatibility/hook/ament_prefix_path.ps1'
[2.215s] INFO:colcon.colcon_core.shell:Creating environment descriptor '/home/fcanof/vanttec_sdv/install/ros_compatibility/share/ros_compatibility/hook/ament_prefix_path.dsv'
[2.215s] INFO:colcon.colcon_core.shell:Creating environment hook '/home/fcanof/vanttec_sdv/install/ros_compatibility/share/ros_compatibility/hook/ament_prefix_path.sh'
[2.235s] INFO:colcon.colcon_core.shell:Skip shell extension 'powershell' for command environment: Not usable outside of PowerShell
[2.235s] DEBUG:colcon.colcon_core.shell:Skip shell extension 'dsv' for command environment
[2.274s] INFO:colcon.colcon_ros.task.ament_cmake.build:Building ROS package in '/home/fcanof/vanttec_sdv/workspace/src/drivers/sbg_ros2_driver' with build type 'ament_cmake'
[2.274s] INFO:colcon.colcon_cmake.task.cmake.build:Building CMake package in '/home/fcanof/vanttec_sdv/workspace/src/drivers/sbg_ros2_driver'
[2.293s] INFO:colcon.colcon_core.shell:Skip shell extension 'powershell' for command environment: Not usable outside of PowerShell
[2.293s] DEBUG:colcon.colcon_core.shell:Skip shell extension 'dsv' for command environment
[2.333s] INFO:colcon.colcon_ros.task.ament_python.build:Building ROS package in '/home/fcanof/vanttec_sdv/workspace/src/isaac_ros_common/isaac_ros_test' with build type 'ament_python'
[2.333s] Level 1:colcon.colcon_core.shell:create_environment_hook('isaac_ros_test', 'ament_prefix_path')
[2.352s] INFO:colcon.colcon_core.shell:Creating environment hook '/home/fcanof/vanttec_sdv/install/isaac_ros_test/share/isaac_ros_test/hook/ament_prefix_path.ps1'
[2.353s] INFO:colcon.colcon_core.shell:Creating environment descriptor '/home/fcanof/vanttec_sdv/install/isaac_ros_test/share/isaac_ros_test/hook/ament_prefix_path.dsv'
[2.353s] INFO:colcon.colcon_core.shell:Creating environment hook '/home/fcanof/vanttec_sdv/install/isaac_ros_test/share/isaac_ros_test/hook/ament_prefix_path.sh'
[2.372s] INFO:colcon.colcon_core.shell:Skip shell extension 'powershell' for command environment: Not usable outside of PowerShell
[2.372s] DEBUG:colcon.colcon_core.shell:Skip shell extension 'dsv' for command environment
[2.410s] INFO:colcon.colcon_ros.task.ament_cmake.build:Building ROS package in '/home/fcanof/vanttec_sdv/workspace/src/sdv_lidar/lidar3d_clustering' with build type 'ament_cmake'
[2.410s] INFO:colcon.colcon_cmake.task.cmake.build:Building CMake package in '/home/fcanof/vanttec_sdv/workspace/src/sdv_lidar/lidar3d_clustering'
[2.430s] INFO:colcon.colcon_core.shell:Skip shell extension 'powershell' for command environment: Not usable outside of PowerShell
[2.430s] DEBUG:colcon.colcon_core.shell:Skip shell extension 'dsv' for command environment
[2.486s] INFO:colcon.colcon_ros.task.ament_python.build:Building ROS package in '/home/fcanof/vanttec_sdv/workspace/src/sdv_vision' with build type 'ament_python'
[2.486s] Level 1:colcon.colcon_core.shell:create_environment_hook('my_camera_node', 'ament_prefix_path')
[2.506s] INFO:colcon.colcon_core.shell:Creating environment hook '/home/fcanof/vanttec_sdv/install/my_camera_node/share/my_camera_node/hook/ament_prefix_path.ps1'
[2.507s] INFO:colcon.colcon_core.shell:Creating environment descriptor '/home/fcanof/vanttec_sdv/install/my_camera_node/share/my_camera_node/hook/ament_prefix_path.dsv'
[2.507s] INFO:colcon.colcon_core.shell:Creating environment hook '/home/fcanof/vanttec_sdv/install/my_camera_node/share/my_camera_node/hook/ament_prefix_path.sh'
[2.528s] INFO:colcon.colcon_core.shell:Skip shell extension 'powershell' for command environment: Not usable outside of PowerShell
[2.528s] DEBUG:colcon.colcon_core.shell:Skip shell extension 'dsv' for command environment
[2.567s] INFO:colcon.colcon_ros.task.ament_cmake.build:Building ROS package in '/home/fcanof/vanttec_sdv/workspace/src/sdv_description' with build type 'ament_cmake'
[2.567s] INFO:colcon.colcon_cmake.task.cmake.build:Building CMake package in '/home/fcanof/vanttec_sdv/workspace/src/sdv_description'
[2.586s] INFO:colcon.colcon_core.shell:Skip shell extension 'powershell' for command environment: Not usable outside of PowerShell
[2.586s] DEBUG:colcon.colcon_core.shell:Skip shell extension 'dsv' for command environment
[2.625s] INFO:colcon.colcon_ros.task.ament_cmake.build:Building ROS package in '/home/fcanof/vanttec_sdv/workspace/src/sdv_launch' with build type 'ament_cmake'
[2.625s] INFO:colcon.colcon_cmake.task.cmake.build:Building CMake package in '/home/fcanof/vanttec_sdv/workspace/src/sdv_launch'
[2.644s] INFO:colcon.colcon_core.shell:Skip shell extension 'powershell' for command environment: Not usable outside of PowerShell
[2.644s] DEBUG:colcon.colcon_core.shell:Skip shell extension 'dsv' for command environment
[2.683s] INFO:colcon.colcon_ros.task.ament_cmake.build:Building ROS package in '/home/fcanof/vanttec_sdv/workspace/src/sdv_lidar/sdv_lidar_processing' with build type 'ament_cmake'
[2.683s] INFO:colcon.colcon_cmake.task.cmake.build:Building CMake package in '/home/fcanof/vanttec_sdv/workspace/src/sdv_lidar/sdv_lidar_processing'
[2.702s] INFO:colcon.colcon_core.shell:Skip shell extension 'powershell' for command environment: Not usable outside of PowerShell
[2.702s] DEBUG:colcon.colcon_core.shell:Skip shell extension 'dsv' for command environment
[2.742s] INFO:colcon.colcon_ros.task.ament_cmake.build:Building ROS package in '/home/fcanof/vanttec_sdv/workspace/src/sdv_lidar/sdv_robot_description' with build type 'ament_cmake'
[2.742s] INFO:colcon.colcon_cmake.task.cmake.build:Building CMake package in '/home/fcanof/vanttec_sdv/workspace/src/sdv_lidar/sdv_robot_description'
[2.762s] INFO:colcon.colcon_core.shell:Skip shell extension 'powershell' for command environment: Not usable outside of PowerShell
[2.762s] DEBUG:colcon.colcon_core.shell:Skip shell extension 'dsv' for command environment
[2.807s] DEBUG:colcon.colcon_core.event_handler.log_command:Invoking command in '/home/fcanof/vanttec_sdv/build/isaac_ros_common': CMAKE_PREFIX_PATH=/opt/ros/humble /usr/bin/cmake /home/fcanof/vanttec_sdv/workspace/src/isaac_ros_common/isaac_ros_common -DCMAKE_INSTALL_PREFIX=/home/fcanof/vanttec_sdv/install/isaac_ros_common
[2.808s] DEBUG:colcon.colcon_core.event_handler.log_command:Invoking command in '/home/fcanof/vanttec_sdv/build/sdv_msgs': CMAKE_PREFIX_PATH=/opt/ros/humble /usr/bin/cmake /home/fcanof/vanttec_sdv/workspace/src/sdv_msgs -DCMAKE_INSTALL_PREFIX=/home/fcanof/vanttec_sdv/install/sdv_msgs
[2.811s] DEBUG:colcon.colcon_core.event_handler.log_command:Invoking command in '/home/fcanof/vanttec_sdv/build/vectornav_msgs': CMAKE_PREFIX_PATH=/opt/ros/humble /usr/bin/cmake /home/fcanof/vanttec_sdv/workspace/src/drivers/vectornav/vectornav_msgs -DCMAKE_INSTALL_PREFIX=/home/fcanof/vanttec_sdv/install/vectornav_msgs
[3.091s] INFO:colcon.colcon_core.task.python.build:Building Python package in '/home/fcanof/vanttec_sdv/workspace/src/simulation_manual_control/ros_compatibility'
[3.110s] INFO:colcon.colcon_core.shell:Skip shell extension 'powershell' for command environment: Not usable outside of PowerShell
[3.110s] DEBUG:colcon.colcon_core.shell:Skip shell extension 'dsv' for command environment
[3.155s] DEBUG:colcon.colcon_core.event_handler.log_command:Invoking command in '/home/fcanof/vanttec_sdv/build/sbg_driver': CMAKE_PREFIX_PATH=/opt/ros/humble /usr/bin/cmake /home/fcanof/vanttec_sdv/workspace/src/drivers/sbg_ros2_driver -DCMAKE_INSTALL_PREFIX=/home/fcanof/vanttec_sdv/install/sbg_driver
[3.434s] INFO:colcon.colcon_core.task.python.build:Building Python package in '/home/fcanof/vanttec_sdv/workspace/src/isaac_ros_common/isaac_ros_test'
[3.462s] INFO:colcon.colcon_core.shell:Skip shell extension 'powershell' for command environment: Not usable outside of PowerShell
[3.462s] DEBUG:colcon.colcon_core.shell:Skip shell extension 'dsv' for command environment
[3.503s] DEBUG:colcon.colcon_core.event_handler.log_command:Invoking command in '/home/fcanof/vanttec_sdv/build/lidar3d_clustering': CMAKE_PREFIX_PATH=/opt/ros/humble /usr/bin/cmake /home/fcanof/vanttec_sdv/workspace/src/sdv_lidar/lidar3d_clustering -DCMAKE_INSTALL_PREFIX=/home/fcanof/vanttec_sdv/install/lidar3d_clustering
[3.820s] INFO:colcon.colcon_core.task.python.build:Building Python package in '/home/fcanof/vanttec_sdv/workspace/src/sdv_vision'
[3.840s] INFO:colcon.colcon_core.shell:Skip shell extension 'powershell' for command environment: Not usable outside of PowerShell
[3.840s] DEBUG:colcon.colcon_core.shell:Skip shell extension 'dsv' for command environment
[3.884s] DEBUG:colcon.colcon_core.event_handler.log_command:Invoking command in '/home/fcanof/vanttec_sdv/build/sdv_description': CMAKE_PREFIX_PATH=/opt/ros/humble /usr/bin/cmake /home/fcanof/vanttec_sdv/workspace/src/sdv_description -DCMAKE_INSTALL_PREFIX=/home/fcanof/vanttec_sdv/install/sdv_description
[3.887s] DEBUG:colcon.colcon_core.event_handler.log_command:Invoking command in '/home/fcanof/vanttec_sdv/build/sdv_launch': CMAKE_PREFIX_PATH=/opt/ros/humble /usr/bin/cmake /home/fcanof/vanttec_sdv/workspace/src/sdv_launch -DCMAKE_INSTALL_PREFIX=/home/fcanof/vanttec_sdv/install/sdv_launch
[3.890s] DEBUG:colcon.colcon_core.event_handler.log_command:Invoking command in '/home/fcanof/vanttec_sdv/build/sdv_lidar_processing': CMAKE_PREFIX_PATH=/opt/ros/humble /usr/bin/cmake /home/fcanof/vanttec_sdv/workspace/src/sdv_lidar/sdv_lidar_processing -DCMAKE_INSTALL_PREFIX=/home/fcanof/vanttec_sdv/install/sdv_lidar_processing
[3.892s] DEBUG:colcon.colcon_core.event_handler.log_command:Invoking command in '/home/fcanof/vanttec_sdv/build/sdv_robot_description': CMAKE_PREFIX_PATH=/opt/ros/humble /usr/bin/cmake /home/fcanof/vanttec_sdv/workspace/src/sdv_lidar/sdv_robot_description -DCMAKE_INSTALL_PREFIX=/home/fcanof/vanttec_sdv/install/sdv_robot_description
[3.917s] DEBUG:colcon.colcon_core.event_handler.log_command:Invoked command in '/home/fcanof/vanttec_sdv/build/isaac_ros_common' returned '1': CMAKE_PREFIX_PATH=/opt/ros/humble /usr/bin/cmake /home/fcanof/vanttec_sdv/workspace/src/isaac_ros_common/isaac_ros_common -DCMAKE_INSTALL_PREFIX=/home/fcanof/vanttec_sdv/install/isaac_ros_common
[3.937s] Level 1:colcon.colcon_core.environment:create_environment_scripts_only(isaac_ros_common)
[3.978s] Level 1:colcon.colcon_core.environment:checking '/home/fcanof/vanttec_sdv/install/isaac_ros_common' for CMake module files
[3.979s] Level 1:colcon.colcon_core.environment:checking '/home/fcanof/vanttec_sdv/install/isaac_ros_common' for CMake config files
[3.980s] Level 1:colcon.colcon_core.environment:checking '/home/fcanof/vanttec_sdv/install/isaac_ros_common/bin'
[3.980s] Level 1:colcon.colcon_core.environment:checking '/home/fcanof/vanttec_sdv/install/isaac_ros_common/lib/pkgconfig/isaac_ros_common.pc'
[3.981s] Level 1:colcon.colcon_core.environment:checking '/home/fcanof/vanttec_sdv/install/isaac_ros_common/lib/python3.10/site-packages'
[3.982s] Level 1:colcon.colcon_core.environment:checking '/home/fcanof/vanttec_sdv/install/isaac_ros_common/bin'
[4.015s] INFO:colcon.colcon_core.shell:Creating package script '/home/fcanof/vanttec_sdv/install/isaac_ros_common/share/isaac_ros_common/package.ps1'
[4.016s] INFO:colcon.colcon_core.shell:Creating package descriptor '/home/fcanof/vanttec_sdv/install/isaac_ros_common/share/isaac_ros_common/package.dsv'
[4.017s] INFO:colcon.colcon_core.shell:Creating package script '/home/fcanof/vanttec_sdv/install/isaac_ros_common/share/isaac_ros_common/package.sh'
[4.018s] INFO:colcon.colcon_core.shell:Creating package script '/home/fcanof/vanttec_sdv/install/isaac_ros_common/share/isaac_ros_common/package.bash'
[4.019s] INFO:colcon.colcon_core.shell:Creating package script '/home/fcanof/vanttec_sdv/install/isaac_ros_common/share/isaac_ros_common/package.zsh'
[4.020s] Level 1:colcon.colcon_core.environment:create_file_with_runtime_dependencies(/home/fcanof/vanttec_sdv/install/isaac_ros_common/share/colcon-core/packages/isaac_ros_common)
[6.705s] DEBUG:colcon.colcon_parallel_executor.executor.parallel:closing loop
[6.706s] DEBUG:colcon.colcon_parallel_executor.executor.parallel:loop closed
[6.706s] DEBUG:colcon.colcon_parallel_executor.executor.parallel:run_until_complete finished with '1'
[6.706s] DEBUG:colcon.colcon_core.event_reactor:joining thread
[6.735s] INFO:colcon.colcon_core.plugin_system:Skipping extension 'colcon_notification.desktop_notification.terminal_notifier': Not used on non-Darwin systems
[6.735s] INFO:colcon.colcon_core.plugin_system:Skipping extension 'colcon_notification.desktop_notification.win32': Not used on non-Windows systems
[6.735s] INFO:colcon.colcon_notification.desktop_notification:Sending desktop notification using 'notify2'
[6.747s] DEBUG:colcon.colcon_core.event_reactor:joined thread
[6.768s] INFO:colcon.colcon_core.shell:Creating prefix script '/home/fcanof/vanttec_sdv/install/local_setup.ps1'
[6.769s] INFO:colcon.colcon_core.shell:Creating prefix util module '/home/fcanof/vanttec_sdv/install/_local_setup_util_ps1.py'
[6.771s] INFO:colcon.colcon_core.shell:Creating prefix chain script '/home/fcanof/vanttec_sdv/install/setup.ps1'
[6.792s] INFO:colcon.colcon_core.shell:Creating prefix script '/home/fcanof/vanttec_sdv/install/local_setup.sh'
[6.792s] INFO:colcon.colcon_core.shell:Creating prefix util module '/home/fcanof/vanttec_sdv/install/_local_setup_util_sh.py'
[6.793s] INFO:colcon.colcon_core.shell:Creating prefix chain script '/home/fcanof/vanttec_sdv/install/setup.sh'
[6.813s] INFO:colcon.colcon_core.shell:Creating prefix script '/home/fcanof/vanttec_sdv/install/local_setup.bash'
[6.814s] INFO:colcon.colcon_core.shell:Creating prefix chain script '/home/fcanof/vanttec_sdv/install/setup.bash'
[6.834s] INFO:colcon.colcon_core.shell:Creating prefix script '/home/fcanof/vanttec_sdv/install/local_setup.zsh'
[6.835s] INFO:colcon.colcon_core.shell:Creating prefix chain script '/home/fcanof/vanttec_sdv/install/setup.zsh'
