[0.000000] (-) TimerEvent: {}
[0.000316] (-) JobUnselected: {'identifier': 'isaac_ros_apriltag_interfaces'}
[0.000383] (-) JobUnselected: {'identifier': 'isaac_ros_bi3d_interfaces'}
[0.000486] (-) JobUnselected: {'identifier': 'isaac_ros_common'}
[0.000677] (-) JobUnselected: {'identifier': 'isaac_ros_nitros_bridge_interfaces'}
[0.000791] (-) JobUnselected: {'identifier': 'isaac_ros_nova_interfaces'}
[0.000846] (-) JobUnselected: {'identifier': 'isaac_ros_pointcloud_interfaces'}
[0.000881] (-) JobUnselected: {'identifier': 'isaac_ros_tensor_list_interfaces'}
[0.000946] (-) JobUnselected: {'identifier': 'isaac_ros_test'}
[0.000987] (-) JobUnselected: {'identifier': 'lidar3d_clustering'}
[0.001045] (-) JobUnselected: {'identifier': 'my_camera_node'}
[0.001081] (-) JobUnselected: {'identifier': 'ros_compatibility'}
[0.001135] (-) JobUnselected: {'identifier': 'sbg_driver'}
[0.001155] (-) JobUnselected: {'identifier': 'sdv_control'}
[0.001189] (-) JobUnselected: {'identifier': 'sdv_description'}
[0.001208] (-) JobUnselected: {'identifier': 'sdv_launch'}
[0.001225] (-) JobUnselected: {'identifier': 'sdv_lidar_processing'}
[0.001327] (-) JobUnselected: {'identifier': 'sdv_localization'}
[0.001347] (-) JobUnselected: {'identifier': 'sdv_manual_control'}
[0.001380] (-) JobUnselected: {'identifier': 'sdv_robot_description'}
[0.001403] (-) JobUnselected: {'identifier': 'vectornav'}
[0.001478] (-) JobUnselected: {'identifier': 'voxel_grid_filter'}
[0.001499] (sdv_msgs) JobQueued: {'identifier': 'sdv_msgs', 'dependencies': OrderedDict()}
[0.001525] (vectornav_msgs) JobQueued: {'identifier': 'vectornav_msgs', 'dependencies': OrderedDict()}
[0.001557] (sdv_can) JobQueued: {'identifier': 'sdv_can', 'dependencies': OrderedDict([('sdv_msgs', '/home/fcanof/vanttec_sdv/install/sdv_msgs'), ('vectornav_msgs', '/home/fcanof/vanttec_sdv/install/vectornav_msgs')])}
[0.001581] (sdv_msgs) JobStarted: {'identifier': 'sdv_msgs'}
[0.077866] (vectornav_msgs) JobStarted: {'identifier': 'vectornav_msgs'}
[0.099998] (-) TimerEvent: {}
[0.157675] (sdv_msgs) JobProgress: {'identifier': 'sdv_msgs', 'progress': 'cmake'}
[0.158212] (sdv_msgs) JobProgress: {'identifier': 'sdv_msgs', 'progress': 'build'}
[0.159052] (sdv_msgs) Command: {'cmd': ['/usr/bin/cmake', '--build', '/home/fcanof/vanttec_sdv/build/sdv_msgs', '--', '-j12', '-l12'], 'cwd': '/home/fcanof/vanttec_sdv/build/sdv_msgs', 'env': OrderedDict([('GJS_DEBUG_TOPICS', 'JS ERROR;JS LOG'), ('LESSOPEN', '| /usr/bin/lesspipe %s'), ('USER', 'fcanof'), ('LC_TIME', 'es_MX.UTF-8'), ('GIO_MODULE_DIR', '/home/fcanof/snap/code/common/.cache/gio-modules'), ('XDG_SESSION_TYPE', 'x11'), ('GIT_ASKPASS', '/snap/code/154/usr/share/code/resources/app/extensions/git/dist/askpass.sh'), ('GTK_EXE_PREFIX_VSCODE_SNAP_ORIG', ''), ('GDK_BACKEND_VSCODE_SNAP_ORIG', ''), ('SHLVL', '1'), ('LD_LIBRARY_PATH', '/home/fcanof/vanttec_sdv/install/vectornav_msgs/lib:/home/fcanof/vanttec_sdv/install/sdv_msgs/lib:/opt/ros/humble/opt/rviz_ogre_vendor/lib:/opt/ros/humble/lib/x86_64-linux-gnu:/opt/ros/humble/lib'), ('HOME', '/home/fcanof'), ('CHROME_DESKTOP', 'code-url-handler.desktop'), ('LOCPATH_VSCODE_SNAP_ORIG', ''), ('TERM_PROGRAM_VERSION', '1.87.1'), ('DESKTOP_SESSION', 'ubuntu'), ('GTK_PATH', '/snap/code/154/usr/lib/x86_64-linux-gnu/gtk-3.0'), ('GTK_IM_MODULE_FILE', '/home/fcanof/snap/code/common/.cache/immodules/immodules.cache'), ('GIO_LAUNCHED_DESKTOP_FILE', '/var/lib/snapd/desktop/applications/code_code.desktop'), ('ROS_PYTHON_VERSION', '3'), ('GNOME_SHELL_SESSION_MODE', 'ubuntu'), ('GTK_MODULES', 'gail:atk-bridge'), ('GSETTINGS_SCHEMA_DIR_VSCODE_SNAP_ORIG', ''), ('VSCODE_GIT_ASKPASS_MAIN', '/snap/code/154/usr/share/code/resources/app/extensions/git/dist/askpass-main.js'), ('LC_MONETARY', 'es_MX.UTF-8'), ('VSCODE_GIT_ASKPASS_NODE', '/snap/code/154/usr/share/code/code'), ('MANAGERPID', '2223'), ('SYSTEMD_EXEC_PID', '2758'), ('DBUS_SESSION_BUS_ADDRESS', 'unix:path=/run/user/1000/bus'), ('COLORTERM', 'truecolor'), ('GIO_LAUNCHED_DESKTOP_FILE_PID', '50274'), ('COLCON_PREFIX_PATH', '/home/fcanof/vanttec_sdv/install'), ('ROS_DISTRO', 'humble'), ('GTK_IM_MODULE', 'ibus'), ('LOGNAME', 'fcanof'), ('JOURNAL_STREAM', '8:41161'), ('_', '/usr/bin/colcon'), ('ROS_VERSION', '2'), ('XDG_CONFIG_DIRS_VSCODE_SNAP_ORIG', '/etc/xdg/xdg-ubuntu:/etc/xdg'), ('XDG_SESSION_CLASS', 'user'), ('XDG_DATA_DIRS_VSCODE_SNAP_ORIG', '/usr/share/ubuntu:/usr/share/gnome:/usr/local/share/:/usr/share/:/var/lib/snapd/desktop'), ('USERNAME', 'fcanof'), ('TERM', 'xterm-256color'), ('GNOME_DESKTOP_SESSION_ID', 'this-is-deprecated'), ('ROS_LOCALHOST_ONLY', '1'), ('WINDOWPATH', '2'), ('PATH', '/home/fcanof/.local/bin:/opt/ros/humble/bin:/home/fcanof/.local/bin:/usr/local/sbin:/usr/local/bin:/usr/sbin:/usr/bin:/sbin:/bin:/usr/games:/usr/local/games:/snap/bin:/snap/bin'), ('SESSION_MANAGER', 'local/fcanof:@/tmp/.ICE-unix/2736,unix/fcanof:/tmp/.ICE-unix/2736'), ('GTK_EXE_PREFIX', '/snap/code/154/usr'), ('INVOCATION_ID', '4c90a3b36feb4d8c9cb26423b3ecfd5d'), ('XDG_MENU_PREFIX', 'gnome-'), ('LC_ADDRESS', 'es_MX.UTF-8'), ('BAMF_DESKTOP_FILE_HINT', '/var/lib/snapd/desktop/applications/code_code.desktop'), ('XDG_RUNTIME_DIR', '/run/user/1000'), ('GDK_BACKEND', 'x11'), ('DISPLAY', ':1'), ('LOCPATH', '/snap/code/154/usr/lib/locale'), ('LANG', 'en_US.UTF-8'), ('XDG_CURRENT_DESKTOP', 'Unity'), ('LC_TELEPHONE', 'es_MX.UTF-8'), ('GIO_MODULE_DIR_VSCODE_SNAP_ORIG', ''), ('XMODIFIERS', '@im=ibus'), ('XDG_SESSION_DESKTOP', 'ubuntu'), ('XAUTHORITY', '/run/user/1000/gdm/Xauthority'), ('LS_COLORS', 'rs=0:di=01;34:ln=01;36:mh=00:pi=40;33:so=01;35:do=01;35:bd=40;33;01:cd=40;33;01:or=40;31;01:mi=00:su=37;41:sg=30;43:ca=30;41:tw=30;42:ow=34;42:st=37;44:ex=01;32:*.tar=01;31:*.tgz=01;31:*.arc=01;31:*.arj=01;31:*.taz=01;31:*.lha=01;31:*.lz4=01;31:*.lzh=01;31:*.lzma=01;31:*.tlz=01;31:*.txz=01;31:*.tzo=01;31:*.t7z=01;31:*.zip=01;31:*.z=01;31:*.dz=01;31:*.gz=01;31:*.lrz=01;31:*.lz=01;31:*.lzo=01;31:*.xz=01;31:*.zst=01;31:*.tzst=01;31:*.bz2=01;31:*.bz=01;31:*.tbz=01;31:*.tbz2=01;31:*.tz=01;31:*.deb=01;31:*.rpm=01;31:*.jar=01;31:*.war=01;31:*.ear=01;31:*.sar=01;31:*.rar=01;31:*.alz=01;31:*.ace=01;31:*.zoo=01;31:*.cpio=01;31:*.7z=01;31:*.rz=01;31:*.cab=01;31:*.wim=01;31:*.swm=01;31:*.dwm=01;31:*.esd=01;31:*.jpg=01;35:*.jpeg=01;35:*.mjpg=01;35:*.mjpeg=01;35:*.gif=01;35:*.bmp=01;35:*.pbm=01;35:*.pgm=01;35:*.ppm=01;35:*.tga=01;35:*.xbm=01;35:*.xpm=01;35:*.tif=01;35:*.tiff=01;35:*.png=01;35:*.svg=01;35:*.svgz=01;35:*.mng=01;35:*.pcx=01;35:*.mov=01;35:*.mpg=01;35:*.mpeg=01;35:*.m2v=01;35:*.mkv=01;35:*.webm=01;35:*.webp=01;35:*.ogm=01;35:*.mp4=01;35:*.m4v=01;35:*.mp4v=01;35:*.vob=01;35:*.qt=01;35:*.nuv=01;35:*.wmv=01;35:*.asf=01;35:*.rm=01;35:*.rmvb=01;35:*.flc=01;35:*.avi=01;35:*.fli=01;35:*.flv=01;35:*.gl=01;35:*.dl=01;35:*.xcf=01;35:*.xwd=01;35:*.yuv=01;35:*.cgm=01;35:*.emf=01;35:*.ogv=01;35:*.ogx=01;35:*.aac=00;36:*.au=00;36:*.flac=00;36:*.m4a=00;36:*.mid=00;36:*.midi=00;36:*.mka=00;36:*.mp3=00;36:*.mpc=00;36:*.ogg=00;36:*.ra=00;36:*.wav=00;36:*.oga=00;36:*.opus=00;36:*.spx=00;36:*.xspf=00;36:'), ('VSCODE_GIT_IPC_HANDLE', '/run/user/1000/vscode-git-676dc8d9e0.sock'), ('TERM_PROGRAM', 'vscode'), ('SSH_AGENT_LAUNCHER', 'gnome-keyring'), ('SSH_AUTH_SOCK', '/run/user/1000/keyring/ssh'), ('GSETTINGS_SCHEMA_DIR', '/home/fcanof/snap/code/154/.local/share/glib-2.0/schemas'), ('ROS_DOMAIN_ID', '8'), ('AMENT_PREFIX_PATH', '/home/fcanof/vanttec_sdv/install/sdv_can:/home/fcanof/vanttec_sdv/install/vectornav_msgs:/home/fcanof/vanttec_sdv/install/sdv_msgs:/opt/ros/humble'), ('ORIGINAL_XDG_CURRENT_DESKTOP', 'ubuntu:GNOME'), ('SHELL', '/bin/bash'), ('LC_NAME', 'es_MX.UTF-8'), ('QT_ACCESSIBILITY', '1'), ('GDMSESSION', 'ubuntu'), ('LESSCLOSE', '/usr/bin/lesspipe %s %s'), ('GTK_PATH_VSCODE_SNAP_ORIG', ''), ('GTK_IM_MODULE_FILE_VSCODE_SNAP_ORIG', ''), ('LC_MEASUREMENT', 'es_MX.UTF-8'), ('GPG_AGENT_INFO', '/run/user/1000/gnupg/S.gpg-agent:0:1'), ('GJS_DEBUG_OUTPUT', 'stderr'), ('LC_IDENTIFICATION', 'es_MX.UTF-8'), ('VSCODE_GIT_ASKPASS_EXTRA_ARGS', ''), ('QT_IM_MODULE', 'ibus'), ('PWD', '/home/fcanof/vanttec_sdv/build/sdv_msgs'), ('LC_ALL', 'en_US.UTF-8'), ('XDG_CONFIG_DIRS', '/etc/xdg/xdg-ubuntu:/etc/xdg'), ('XDG_DATA_DIRS', '/home/fcanof/snap/code/154/.local/share:/home/fcanof/snap/code/154:/snap/code/154/usr/share:/usr/share/ubuntu:/usr/share/gnome:/usr/local/share/:/usr/share/:/var/lib/snapd/desktop'), ('PYTHONPATH', '/home/fcanof/vanttec_sdv/install/vectornav_msgs/local/lib/python3.10/dist-packages:/home/fcanof/vanttec_sdv/install/sdv_msgs/local/lib/python3.10/dist-packages:/opt/ros/humble/lib/python3.10/site-packages:/opt/ros/humble/local/lib/python3.10/dist-packages'), ('LC_NUMERIC', 'es_MX.UTF-8'), ('LC_PAPER', 'es_MX.UTF-8'), ('COLCON', '1'), ('CMAKE_PREFIX_PATH', '/home/fcanof/vanttec_sdv/install/sdv_can:/home/fcanof/vanttec_sdv/install/vectornav_msgs:/home/fcanof/vanttec_sdv/install/sdv_msgs:/opt/ros/humble')]), 'shell': False}
[0.162423] (vectornav_msgs) JobProgress: {'identifier': 'vectornav_msgs', 'progress': 'cmake'}
[0.162914] (vectornav_msgs) JobProgress: {'identifier': 'vectornav_msgs', 'progress': 'build'}
[0.163227] (vectornav_msgs) Command: {'cmd': ['/usr/bin/cmake', '--build', '/home/fcanof/vanttec_sdv/build/vectornav_msgs', '--', '-j12', '-l12'], 'cwd': '/home/fcanof/vanttec_sdv/build/vectornav_msgs', 'env': OrderedDict([('GJS_DEBUG_TOPICS', 'JS ERROR;JS LOG'), ('LESSOPEN', '| /usr/bin/lesspipe %s'), ('USER', 'fcanof'), ('LC_TIME', 'es_MX.UTF-8'), ('GIO_MODULE_DIR', '/home/fcanof/snap/code/common/.cache/gio-modules'), ('XDG_SESSION_TYPE', 'x11'), ('GIT_ASKPASS', '/snap/code/154/usr/share/code/resources/app/extensions/git/dist/askpass.sh'), ('GTK_EXE_PREFIX_VSCODE_SNAP_ORIG', ''), ('GDK_BACKEND_VSCODE_SNAP_ORIG', ''), ('SHLVL', '1'), ('LD_LIBRARY_PATH', '/home/fcanof/vanttec_sdv/install/vectornav_msgs/lib:/home/fcanof/vanttec_sdv/install/sdv_msgs/lib:/opt/ros/humble/opt/rviz_ogre_vendor/lib:/opt/ros/humble/lib/x86_64-linux-gnu:/opt/ros/humble/lib'), ('HOME', '/home/fcanof'), ('CHROME_DESKTOP', 'code-url-handler.desktop'), ('LOCPATH_VSCODE_SNAP_ORIG', ''), ('TERM_PROGRAM_VERSION', '1.87.1'), ('DESKTOP_SESSION', 'ubuntu'), ('GTK_PATH', '/snap/code/154/usr/lib/x86_64-linux-gnu/gtk-3.0'), ('GTK_IM_MODULE_FILE', '/home/fcanof/snap/code/common/.cache/immodules/immodules.cache'), ('GIO_LAUNCHED_DESKTOP_FILE', '/var/lib/snapd/desktop/applications/code_code.desktop'), ('ROS_PYTHON_VERSION', '3'), ('GNOME_SHELL_SESSION_MODE', 'ubuntu'), ('GTK_MODULES', 'gail:atk-bridge'), ('GSETTINGS_SCHEMA_DIR_VSCODE_SNAP_ORIG', ''), ('VSCODE_GIT_ASKPASS_MAIN', '/snap/code/154/usr/share/code/resources/app/extensions/git/dist/askpass-main.js'), ('LC_MONETARY', 'es_MX.UTF-8'), ('VSCODE_GIT_ASKPASS_NODE', '/snap/code/154/usr/share/code/code'), ('MANAGERPID', '2223'), ('SYSTEMD_EXEC_PID', '2758'), ('DBUS_SESSION_BUS_ADDRESS', 'unix:path=/run/user/1000/bus'), ('COLORTERM', 'truecolor'), ('GIO_LAUNCHED_DESKTOP_FILE_PID', '50274'), ('COLCON_PREFIX_PATH', '/home/fcanof/vanttec_sdv/install'), ('ROS_DISTRO', 'humble'), ('GTK_IM_MODULE', 'ibus'), ('LOGNAME', 'fcanof'), ('JOURNAL_STREAM', '8:41161'), ('_', '/usr/bin/colcon'), ('ROS_VERSION', '2'), ('XDG_CONFIG_DIRS_VSCODE_SNAP_ORIG', '/etc/xdg/xdg-ubuntu:/etc/xdg'), ('XDG_SESSION_CLASS', 'user'), ('XDG_DATA_DIRS_VSCODE_SNAP_ORIG', '/usr/share/ubuntu:/usr/share/gnome:/usr/local/share/:/usr/share/:/var/lib/snapd/desktop'), ('USERNAME', 'fcanof'), ('TERM', 'xterm-256color'), ('GNOME_DESKTOP_SESSION_ID', 'this-is-deprecated'), ('ROS_LOCALHOST_ONLY', '1'), ('WINDOWPATH', '2'), ('PATH', '/home/fcanof/.local/bin:/opt/ros/humble/bin:/home/fcanof/.local/bin:/usr/local/sbin:/usr/local/bin:/usr/sbin:/usr/bin:/sbin:/bin:/usr/games:/usr/local/games:/snap/bin:/snap/bin'), ('SESSION_MANAGER', 'local/fcanof:@/tmp/.ICE-unix/2736,unix/fcanof:/tmp/.ICE-unix/2736'), ('GTK_EXE_PREFIX', '/snap/code/154/usr'), ('INVOCATION_ID', '4c90a3b36feb4d8c9cb26423b3ecfd5d'), ('XDG_MENU_PREFIX', 'gnome-'), ('LC_ADDRESS', 'es_MX.UTF-8'), ('BAMF_DESKTOP_FILE_HINT', '/var/lib/snapd/desktop/applications/code_code.desktop'), ('XDG_RUNTIME_DIR', '/run/user/1000'), ('GDK_BACKEND', 'x11'), ('DISPLAY', ':1'), ('LOCPATH', '/snap/code/154/usr/lib/locale'), ('LANG', 'en_US.UTF-8'), ('XDG_CURRENT_DESKTOP', 'Unity'), ('LC_TELEPHONE', 'es_MX.UTF-8'), ('GIO_MODULE_DIR_VSCODE_SNAP_ORIG', ''), ('XMODIFIERS', '@im=ibus'), ('XDG_SESSION_DESKTOP', 'ubuntu'), ('XAUTHORITY', '/run/user/1000/gdm/Xauthority'), ('LS_COLORS', 'rs=0:di=01;34:ln=01;36:mh=00:pi=40;33:so=01;35:do=01;35:bd=40;33;01:cd=40;33;01:or=40;31;01:mi=00:su=37;41:sg=30;43:ca=30;41:tw=30;42:ow=34;42:st=37;44:ex=01;32:*.tar=01;31:*.tgz=01;31:*.arc=01;31:*.arj=01;31:*.taz=01;31:*.lha=01;31:*.lz4=01;31:*.lzh=01;31:*.lzma=01;31:*.tlz=01;31:*.txz=01;31:*.tzo=01;31:*.t7z=01;31:*.zip=01;31:*.z=01;31:*.dz=01;31:*.gz=01;31:*.lrz=01;31:*.lz=01;31:*.lzo=01;31:*.xz=01;31:*.zst=01;31:*.tzst=01;31:*.bz2=01;31:*.bz=01;31:*.tbz=01;31:*.tbz2=01;31:*.tz=01;31:*.deb=01;31:*.rpm=01;31:*.jar=01;31:*.war=01;31:*.ear=01;31:*.sar=01;31:*.rar=01;31:*.alz=01;31:*.ace=01;31:*.zoo=01;31:*.cpio=01;31:*.7z=01;31:*.rz=01;31:*.cab=01;31:*.wim=01;31:*.swm=01;31:*.dwm=01;31:*.esd=01;31:*.jpg=01;35:*.jpeg=01;35:*.mjpg=01;35:*.mjpeg=01;35:*.gif=01;35:*.bmp=01;35:*.pbm=01;35:*.pgm=01;35:*.ppm=01;35:*.tga=01;35:*.xbm=01;35:*.xpm=01;35:*.tif=01;35:*.tiff=01;35:*.png=01;35:*.svg=01;35:*.svgz=01;35:*.mng=01;35:*.pcx=01;35:*.mov=01;35:*.mpg=01;35:*.mpeg=01;35:*.m2v=01;35:*.mkv=01;35:*.webm=01;35:*.webp=01;35:*.ogm=01;35:*.mp4=01;35:*.m4v=01;35:*.mp4v=01;35:*.vob=01;35:*.qt=01;35:*.nuv=01;35:*.wmv=01;35:*.asf=01;35:*.rm=01;35:*.rmvb=01;35:*.flc=01;35:*.avi=01;35:*.fli=01;35:*.flv=01;35:*.gl=01;35:*.dl=01;35:*.xcf=01;35:*.xwd=01;35:*.yuv=01;35:*.cgm=01;35:*.emf=01;35:*.ogv=01;35:*.ogx=01;35:*.aac=00;36:*.au=00;36:*.flac=00;36:*.m4a=00;36:*.mid=00;36:*.midi=00;36:*.mka=00;36:*.mp3=00;36:*.mpc=00;36:*.ogg=00;36:*.ra=00;36:*.wav=00;36:*.oga=00;36:*.opus=00;36:*.spx=00;36:*.xspf=00;36:'), ('VSCODE_GIT_IPC_HANDLE', '/run/user/1000/vscode-git-676dc8d9e0.sock'), ('TERM_PROGRAM', 'vscode'), ('SSH_AGENT_LAUNCHER', 'gnome-keyring'), ('SSH_AUTH_SOCK', '/run/user/1000/keyring/ssh'), ('GSETTINGS_SCHEMA_DIR', '/home/fcanof/snap/code/154/.local/share/glib-2.0/schemas'), ('ROS_DOMAIN_ID', '8'), ('AMENT_PREFIX_PATH', '/home/fcanof/vanttec_sdv/install/sdv_can:/home/fcanof/vanttec_sdv/install/vectornav_msgs:/home/fcanof/vanttec_sdv/install/sdv_msgs:/opt/ros/humble'), ('ORIGINAL_XDG_CURRENT_DESKTOP', 'ubuntu:GNOME'), ('SHELL', '/bin/bash'), ('LC_NAME', 'es_MX.UTF-8'), ('QT_ACCESSIBILITY', '1'), ('GDMSESSION', 'ubuntu'), ('LESSCLOSE', '/usr/bin/lesspipe %s %s'), ('GTK_PATH_VSCODE_SNAP_ORIG', ''), ('GTK_IM_MODULE_FILE_VSCODE_SNAP_ORIG', ''), ('LC_MEASUREMENT', 'es_MX.UTF-8'), ('GPG_AGENT_INFO', '/run/user/1000/gnupg/S.gpg-agent:0:1'), ('GJS_DEBUG_OUTPUT', 'stderr'), ('LC_IDENTIFICATION', 'es_MX.UTF-8'), ('VSCODE_GIT_ASKPASS_EXTRA_ARGS', ''), ('QT_IM_MODULE', 'ibus'), ('PWD', '/home/fcanof/vanttec_sdv/build/vectornav_msgs'), ('LC_ALL', 'en_US.UTF-8'), ('XDG_CONFIG_DIRS', '/etc/xdg/xdg-ubuntu:/etc/xdg'), ('XDG_DATA_DIRS', '/home/fcanof/snap/code/154/.local/share:/home/fcanof/snap/code/154:/snap/code/154/usr/share:/usr/share/ubuntu:/usr/share/gnome:/usr/local/share/:/usr/share/:/var/lib/snapd/desktop'), ('PYTHONPATH', '/home/fcanof/vanttec_sdv/install/vectornav_msgs/local/lib/python3.10/dist-packages:/home/fcanof/vanttec_sdv/install/sdv_msgs/local/lib/python3.10/dist-packages:/opt/ros/humble/lib/python3.10/site-packages:/opt/ros/humble/local/lib/python3.10/dist-packages'), ('LC_NUMERIC', 'es_MX.UTF-8'), ('LC_PAPER', 'es_MX.UTF-8'), ('COLCON', '1'), ('CMAKE_PREFIX_PATH', '/home/fcanof/vanttec_sdv/install/sdv_can:/home/fcanof/vanttec_sdv/install/vectornav_msgs:/home/fcanof/vanttec_sdv/install/sdv_msgs:/opt/ros/humble')]), 'shell': False}
[0.200306] (-) TimerEvent: {}
[0.210918] (sdv_msgs) StdoutLine: {'line': b'[  0%] Built target sdv_msgs__cpp\n'}
[0.214303] (vectornav_msgs) StdoutLine: {'line': b'[  0%] Built target vectornav_msgs__cpp\n'}
[0.215888] (vectornav_msgs) StdoutLine: {'line': b'[ 12%] Built target vectornav_msgs__rosidl_generator_c\n'}
[0.216145] (sdv_msgs) StdoutLine: {'line': b'[ 12%] Built target sdv_msgs__rosidl_generator_c\n'}
[0.225896] (sdv_msgs) StdoutLine: {'line': b'[ 12%] Built target ament_cmake_python_copy_sdv_msgs\n'}
[0.241293] (vectornav_msgs) StdoutLine: {'line': b'[ 12%] Built target ament_cmake_python_copy_vectornav_msgs\n'}
[0.252532] (sdv_msgs) StdoutLine: {'line': b'[ 24%] Built target sdv_msgs__rosidl_typesupport_cpp\n'}
[0.255559] (sdv_msgs) StdoutLine: {'line': b'[ 36%] Built target sdv_msgs__rosidl_typesupport_introspection_c\n'}
[0.256051] (sdv_msgs) StdoutLine: {'line': b'[ 48%] Built target sdv_msgs__rosidl_typesupport_fastrtps_cpp\n'}
[0.257764] (vectornav_msgs) StdoutLine: {'line': b'[ 24%] Built target vectornav_msgs__rosidl_typesupport_introspection_cpp\n'}
[0.260253] (vectornav_msgs) StdoutLine: {'line': b'[ 35%] Built target vectornav_msgs__rosidl_typesupport_fastrtps_cpp\n'}
[0.261273] (sdv_msgs) StdoutLine: {'line': b'[ 60%] Built target sdv_msgs__rosidl_typesupport_introspection_cpp\n'}
[0.261589] (vectornav_msgs) StdoutLine: {'line': b'[ 47%] Built target vectornav_msgs__rosidl_typesupport_c\n'}
[0.265567] (sdv_msgs) StdoutLine: {'line': b'[ 72%] Built target sdv_msgs__rosidl_typesupport_fastrtps_c\n'}
[0.265938] (vectornav_msgs) StdoutLine: {'line': b'[ 67%] Built target vectornav_msgs__rosidl_typesupport_introspection_c\n'}
[0.266141] (sdv_msgs) StdoutLine: {'line': b'[ 84%] Built target sdv_msgs__rosidl_typesupport_c\n'}
[0.267165] (vectornav_msgs) StdoutLine: {'line': b'[ 71%] Built target vectornav_msgs__rosidl_typesupport_fastrtps_c\n'}
[0.268041] (vectornav_msgs) StdoutLine: {'line': b'[ 83%] Built target vectornav_msgs__rosidl_typesupport_cpp\n'}
[0.285254] (sdv_msgs) StdoutLine: {'line': b'[ 84%] Built target sdv_msgs\n'}
[0.285634] (vectornav_msgs) StdoutLine: {'line': b'[ 83%] Built target vectornav_msgs\n'}
[0.300392] (-) TimerEvent: {}
[0.304788] (vectornav_msgs) StdoutLine: {'line': b'[ 84%] Built target vectornav_msgs__py\n'}
[0.305051] (sdv_msgs) StdoutLine: {'line': b'[ 85%] Built target sdv_msgs__py\n'}
[0.331067] (sdv_msgs) StdoutLine: {'line': b'[ 96%] Built target sdv_msgs__rosidl_generator_py\n'}
[0.331570] (vectornav_msgs) StdoutLine: {'line': b'[ 95%] Built target vectornav_msgs__rosidl_generator_py\n'}
[0.353266] (vectornav_msgs) StdoutLine: {'line': b'[ 96%] Built target vectornav_msgs__rosidl_typesupport_c__pyext\n'}
[0.354298] (vectornav_msgs) StdoutLine: {'line': b'[ 98%] Built target vectornav_msgs__rosidl_typesupport_introspection_c__pyext\n'}
[0.356214] (vectornav_msgs) StdoutLine: {'line': b'[100%] Built target vectornav_msgs__rosidl_typesupport_fastrtps_c__pyext\n'}
[0.357914] (sdv_msgs) StdoutLine: {'line': b'[ 97%] Built target sdv_msgs__rosidl_typesupport_c__pyext\n'}
[0.358185] (sdv_msgs) StdoutLine: {'line': b'[ 98%] Built target sdv_msgs__rosidl_typesupport_fastrtps_c__pyext\n'}
[0.359660] (sdv_msgs) StdoutLine: {'line': b'[100%] Built target sdv_msgs__rosidl_typesupport_introspection_c__pyext\n'}
[0.400468] (-) TimerEvent: {}
[0.500696] (-) TimerEvent: {}
[0.516515] (sdv_msgs) StdoutLine: {'line': b'running egg_info\n'}
[0.517262] (sdv_msgs) StdoutLine: {'line': b'writing sdv_msgs.egg-info/PKG-INFO\n'}
[0.517466] (sdv_msgs) StdoutLine: {'line': b'writing dependency_links to sdv_msgs.egg-info/dependency_links.txt\n'}
[0.517633] (sdv_msgs) StdoutLine: {'line': b'writing top-level names to sdv_msgs.egg-info/top_level.txt\n'}
[0.520035] (sdv_msgs) StdoutLine: {'line': b"reading manifest file 'sdv_msgs.egg-info/SOURCES.txt'\n"}
[0.520805] (sdv_msgs) StdoutLine: {'line': b"writing manifest file 'sdv_msgs.egg-info/SOURCES.txt'\n"}
[0.530622] (vectornav_msgs) StdoutLine: {'line': b'running egg_info\n'}
[0.531829] (vectornav_msgs) StdoutLine: {'line': b'writing vectornav_msgs.egg-info/PKG-INFO\n'}
[0.532100] (vectornav_msgs) StdoutLine: {'line': b'writing dependency_links to vectornav_msgs.egg-info/dependency_links.txt\n'}
[0.532311] (vectornav_msgs) StdoutLine: {'line': b'writing top-level names to vectornav_msgs.egg-info/top_level.txt\n'}
[0.535793] (vectornav_msgs) StdoutLine: {'line': b"reading manifest file 'vectornav_msgs.egg-info/SOURCES.txt'\n"}
[0.536540] (vectornav_msgs) StdoutLine: {'line': b"writing manifest file 'vectornav_msgs.egg-info/SOURCES.txt'\n"}
[0.544603] (sdv_msgs) StdoutLine: {'line': b'[100%] Built target ament_cmake_python_build_sdv_msgs_egg\n'}
[0.555870] (sdv_msgs) CommandEnded: {'returncode': 0}
[0.559964] (vectornav_msgs) StdoutLine: {'line': b'[100%] Built target ament_cmake_python_build_vectornav_msgs_egg\n'}
[0.570157] (vectornav_msgs) CommandEnded: {'returncode': 0}
[0.600788] (-) TimerEvent: {}
[0.701090] (-) TimerEvent: {}
[0.764882] (vectornav_msgs) JobProgress: {'identifier': 'vectornav_msgs', 'progress': 'install'}
[0.773044] (vectornav_msgs) Command: {'cmd': ['/usr/bin/cmake', '--install', '/home/fcanof/vanttec_sdv/build/vectornav_msgs'], 'cwd': '/home/fcanof/vanttec_sdv/build/vectornav_msgs', 'env': OrderedDict([('GJS_DEBUG_TOPICS', 'JS ERROR;JS LOG'), ('LESSOPEN', '| /usr/bin/lesspipe %s'), ('USER', 'fcanof'), ('LC_TIME', 'es_MX.UTF-8'), ('GIO_MODULE_DIR', '/home/fcanof/snap/code/common/.cache/gio-modules'), ('XDG_SESSION_TYPE', 'x11'), ('GIT_ASKPASS', '/snap/code/154/usr/share/code/resources/app/extensions/git/dist/askpass.sh'), ('GTK_EXE_PREFIX_VSCODE_SNAP_ORIG', ''), ('GDK_BACKEND_VSCODE_SNAP_ORIG', ''), ('SHLVL', '1'), ('LD_LIBRARY_PATH', '/home/fcanof/vanttec_sdv/install/vectornav_msgs/lib:/home/fcanof/vanttec_sdv/install/sdv_msgs/lib:/opt/ros/humble/opt/rviz_ogre_vendor/lib:/opt/ros/humble/lib/x86_64-linux-gnu:/opt/ros/humble/lib'), ('HOME', '/home/fcanof'), ('CHROME_DESKTOP', 'code-url-handler.desktop'), ('LOCPATH_VSCODE_SNAP_ORIG', ''), ('TERM_PROGRAM_VERSION', '1.87.1'), ('DESKTOP_SESSION', 'ubuntu'), ('GTK_PATH', '/snap/code/154/usr/lib/x86_64-linux-gnu/gtk-3.0'), ('GTK_IM_MODULE_FILE', '/home/fcanof/snap/code/common/.cache/immodules/immodules.cache'), ('GIO_LAUNCHED_DESKTOP_FILE', '/var/lib/snapd/desktop/applications/code_code.desktop'), ('ROS_PYTHON_VERSION', '3'), ('GNOME_SHELL_SESSION_MODE', 'ubuntu'), ('GTK_MODULES', 'gail:atk-bridge'), ('GSETTINGS_SCHEMA_DIR_VSCODE_SNAP_ORIG', ''), ('VSCODE_GIT_ASKPASS_MAIN', '/snap/code/154/usr/share/code/resources/app/extensions/git/dist/askpass-main.js'), ('LC_MONETARY', 'es_MX.UTF-8'), ('VSCODE_GIT_ASKPASS_NODE', '/snap/code/154/usr/share/code/code'), ('MANAGERPID', '2223'), ('SYSTEMD_EXEC_PID', '2758'), ('DBUS_SESSION_BUS_ADDRESS', 'unix:path=/run/user/1000/bus'), ('COLORTERM', 'truecolor'), ('GIO_LAUNCHED_DESKTOP_FILE_PID', '50274'), ('COLCON_PREFIX_PATH', '/home/fcanof/vanttec_sdv/install'), ('ROS_DISTRO', 'humble'), ('GTK_IM_MODULE', 'ibus'), ('LOGNAME', 'fcanof'), ('JOURNAL_STREAM', '8:41161'), ('_', '/usr/bin/colcon'), ('ROS_VERSION', '2'), ('XDG_CONFIG_DIRS_VSCODE_SNAP_ORIG', '/etc/xdg/xdg-ubuntu:/etc/xdg'), ('XDG_SESSION_CLASS', 'user'), ('XDG_DATA_DIRS_VSCODE_SNAP_ORIG', '/usr/share/ubuntu:/usr/share/gnome:/usr/local/share/:/usr/share/:/var/lib/snapd/desktop'), ('USERNAME', 'fcanof'), ('TERM', 'xterm-256color'), ('GNOME_DESKTOP_SESSION_ID', 'this-is-deprecated'), ('ROS_LOCALHOST_ONLY', '1'), ('WINDOWPATH', '2'), ('PATH', '/home/fcanof/.local/bin:/opt/ros/humble/bin:/home/fcanof/.local/bin:/usr/local/sbin:/usr/local/bin:/usr/sbin:/usr/bin:/sbin:/bin:/usr/games:/usr/local/games:/snap/bin:/snap/bin'), ('SESSION_MANAGER', 'local/fcanof:@/tmp/.ICE-unix/2736,unix/fcanof:/tmp/.ICE-unix/2736'), ('GTK_EXE_PREFIX', '/snap/code/154/usr'), ('INVOCATION_ID', '4c90a3b36feb4d8c9cb26423b3ecfd5d'), ('XDG_MENU_PREFIX', 'gnome-'), ('LC_ADDRESS', 'es_MX.UTF-8'), ('BAMF_DESKTOP_FILE_HINT', '/var/lib/snapd/desktop/applications/code_code.desktop'), ('XDG_RUNTIME_DIR', '/run/user/1000'), ('GDK_BACKEND', 'x11'), ('DISPLAY', ':1'), ('LOCPATH', '/snap/code/154/usr/lib/locale'), ('LANG', 'en_US.UTF-8'), ('XDG_CURRENT_DESKTOP', 'Unity'), ('LC_TELEPHONE', 'es_MX.UTF-8'), ('GIO_MODULE_DIR_VSCODE_SNAP_ORIG', ''), ('XMODIFIERS', '@im=ibus'), ('XDG_SESSION_DESKTOP', 'ubuntu'), ('XAUTHORITY', '/run/user/1000/gdm/Xauthority'), ('LS_COLORS', 'rs=0:di=01;34:ln=01;36:mh=00:pi=40;33:so=01;35:do=01;35:bd=40;33;01:cd=40;33;01:or=40;31;01:mi=00:su=37;41:sg=30;43:ca=30;41:tw=30;42:ow=34;42:st=37;44:ex=01;32:*.tar=01;31:*.tgz=01;31:*.arc=01;31:*.arj=01;31:*.taz=01;31:*.lha=01;31:*.lz4=01;31:*.lzh=01;31:*.lzma=01;31:*.tlz=01;31:*.txz=01;31:*.tzo=01;31:*.t7z=01;31:*.zip=01;31:*.z=01;31:*.dz=01;31:*.gz=01;31:*.lrz=01;31:*.lz=01;31:*.lzo=01;31:*.xz=01;31:*.zst=01;31:*.tzst=01;31:*.bz2=01;31:*.bz=01;31:*.tbz=01;31:*.tbz2=01;31:*.tz=01;31:*.deb=01;31:*.rpm=01;31:*.jar=01;31:*.war=01;31:*.ear=01;31:*.sar=01;31:*.rar=01;31:*.alz=01;31:*.ace=01;31:*.zoo=01;31:*.cpio=01;31:*.7z=01;31:*.rz=01;31:*.cab=01;31:*.wim=01;31:*.swm=01;31:*.dwm=01;31:*.esd=01;31:*.jpg=01;35:*.jpeg=01;35:*.mjpg=01;35:*.mjpeg=01;35:*.gif=01;35:*.bmp=01;35:*.pbm=01;35:*.pgm=01;35:*.ppm=01;35:*.tga=01;35:*.xbm=01;35:*.xpm=01;35:*.tif=01;35:*.tiff=01;35:*.png=01;35:*.svg=01;35:*.svgz=01;35:*.mng=01;35:*.pcx=01;35:*.mov=01;35:*.mpg=01;35:*.mpeg=01;35:*.m2v=01;35:*.mkv=01;35:*.webm=01;35:*.webp=01;35:*.ogm=01;35:*.mp4=01;35:*.m4v=01;35:*.mp4v=01;35:*.vob=01;35:*.qt=01;35:*.nuv=01;35:*.wmv=01;35:*.asf=01;35:*.rm=01;35:*.rmvb=01;35:*.flc=01;35:*.avi=01;35:*.fli=01;35:*.flv=01;35:*.gl=01;35:*.dl=01;35:*.xcf=01;35:*.xwd=01;35:*.yuv=01;35:*.cgm=01;35:*.emf=01;35:*.ogv=01;35:*.ogx=01;35:*.aac=00;36:*.au=00;36:*.flac=00;36:*.m4a=00;36:*.mid=00;36:*.midi=00;36:*.mka=00;36:*.mp3=00;36:*.mpc=00;36:*.ogg=00;36:*.ra=00;36:*.wav=00;36:*.oga=00;36:*.opus=00;36:*.spx=00;36:*.xspf=00;36:'), ('VSCODE_GIT_IPC_HANDLE', '/run/user/1000/vscode-git-676dc8d9e0.sock'), ('TERM_PROGRAM', 'vscode'), ('SSH_AGENT_LAUNCHER', 'gnome-keyring'), ('SSH_AUTH_SOCK', '/run/user/1000/keyring/ssh'), ('GSETTINGS_SCHEMA_DIR', '/home/fcanof/snap/code/154/.local/share/glib-2.0/schemas'), ('ROS_DOMAIN_ID', '8'), ('AMENT_PREFIX_PATH', '/home/fcanof/vanttec_sdv/install/sdv_can:/home/fcanof/vanttec_sdv/install/vectornav_msgs:/home/fcanof/vanttec_sdv/install/sdv_msgs:/opt/ros/humble'), ('ORIGINAL_XDG_CURRENT_DESKTOP', 'ubuntu:GNOME'), ('SHELL', '/bin/bash'), ('LC_NAME', 'es_MX.UTF-8'), ('QT_ACCESSIBILITY', '1'), ('GDMSESSION', 'ubuntu'), ('LESSCLOSE', '/usr/bin/lesspipe %s %s'), ('GTK_PATH_VSCODE_SNAP_ORIG', ''), ('GTK_IM_MODULE_FILE_VSCODE_SNAP_ORIG', ''), ('LC_MEASUREMENT', 'es_MX.UTF-8'), ('GPG_AGENT_INFO', '/run/user/1000/gnupg/S.gpg-agent:0:1'), ('GJS_DEBUG_OUTPUT', 'stderr'), ('LC_IDENTIFICATION', 'es_MX.UTF-8'), ('VSCODE_GIT_ASKPASS_EXTRA_ARGS', ''), ('QT_IM_MODULE', 'ibus'), ('PWD', '/home/fcanof/vanttec_sdv/build/vectornav_msgs'), ('LC_ALL', 'en_US.UTF-8'), ('XDG_CONFIG_DIRS', '/etc/xdg/xdg-ubuntu:/etc/xdg'), ('XDG_DATA_DIRS', '/home/fcanof/snap/code/154/.local/share:/home/fcanof/snap/code/154:/snap/code/154/usr/share:/usr/share/ubuntu:/usr/share/gnome:/usr/local/share/:/usr/share/:/var/lib/snapd/desktop'), ('PYTHONPATH', '/home/fcanof/vanttec_sdv/install/vectornav_msgs/local/lib/python3.10/dist-packages:/home/fcanof/vanttec_sdv/install/sdv_msgs/local/lib/python3.10/dist-packages:/opt/ros/humble/lib/python3.10/site-packages:/opt/ros/humble/local/lib/python3.10/dist-packages'), ('LC_NUMERIC', 'es_MX.UTF-8'), ('LC_PAPER', 'es_MX.UTF-8'), ('COLCON', '1'), ('CMAKE_PREFIX_PATH', '/home/fcanof/vanttec_sdv/install/sdv_can:/home/fcanof/vanttec_sdv/install/vectornav_msgs:/home/fcanof/vanttec_sdv/install/sdv_msgs:/opt/ros/humble')]), 'shell': False}
[0.780170] (vectornav_msgs) StdoutLine: {'line': b'-- Install configuration: ""\n'}
[0.780395] (vectornav_msgs) StdoutLine: {'line': b'-- Up-to-date: /home/fcanof/vanttec_sdv/install/vectornav_msgs/share/ament_index/resource_index/rosidl_interfaces/vectornav_msgs\n'}
[0.780580] (vectornav_msgs) StdoutLine: {'line': b'-- Up-to-date: /home/fcanof/vanttec_sdv/install/vectornav_msgs/include/vectornav_msgs/vectornav_msgs\n'}
[0.780794] (vectornav_msgs) StdoutLine: {'line': b'-- Up-to-date: /home/fcanof/vanttec_sdv/install/vectornav_msgs/include/vectornav_msgs/vectornav_msgs/action\n'}
[0.780960] (vectornav_msgs) StdoutLine: {'line': b'-- Up-to-date: /home/fcanof/vanttec_sdv/install/vectornav_msgs/include/vectornav_msgs/vectornav_msgs/action/detail\n'}
[0.781110] (vectornav_msgs) StdoutLine: {'line': b'-- Up-to-date: /home/fcanof/vanttec_sdv/install/vectornav_msgs/include/vectornav_msgs/vectornav_msgs/action/detail/mag_cal__type_support.h\n'}
[0.781254] (vectornav_msgs) StdoutLine: {'line': b'-- Up-to-date: /home/fcanof/vanttec_sdv/install/vectornav_msgs/include/vectornav_msgs/vectornav_msgs/action/detail/mag_cal__functions.c\n'}
[0.781485] (vectornav_msgs) StdoutLine: {'line': b'-- Up-to-date: /home/fcanof/vanttec_sdv/install/vectornav_msgs/include/vectornav_msgs/vectornav_msgs/action/detail/mag_cal__struct.h\n'}
[0.781640] (vectornav_msgs) StdoutLine: {'line': b'-- Up-to-date: /home/fcanof/vanttec_sdv/install/vectornav_msgs/include/vectornav_msgs/vectornav_msgs/action/detail/mag_cal__functions.h\n'}
[0.781816] (vectornav_msgs) StdoutLine: {'line': b'-- Up-to-date: /home/fcanof/vanttec_sdv/install/vectornav_msgs/include/vectornav_msgs/vectornav_msgs/action/mag_cal.h\n'}
[0.782207] (vectornav_msgs) StdoutLine: {'line': b'-- Up-to-date: /home/fcanof/vanttec_sdv/install/vectornav_msgs/include/vectornav_msgs/vectornav_msgs/msg\n'}
[0.782431] (vectornav_msgs) StdoutLine: {'line': b'-- Up-to-date: /home/fcanof/vanttec_sdv/install/vectornav_msgs/include/vectornav_msgs/vectornav_msgs/msg/vpe_status.h\n'}
[0.782625] (vectornav_msgs) StdoutLine: {'line': b'-- Up-to-date: /home/fcanof/vanttec_sdv/install/vectornav_msgs/include/vectornav_msgs/vectornav_msgs/msg/time_utc.h\n'}
[0.782781] (vectornav_msgs) StdoutLine: {'line': b'-- Up-to-date: /home/fcanof/vanttec_sdv/install/vectornav_msgs/include/vectornav_msgs/vectornav_msgs/msg/attitude_group.h\n'}
[0.782926] (vectornav_msgs) StdoutLine: {'line': b'-- Up-to-date: /home/fcanof/vanttec_sdv/install/vectornav_msgs/include/vectornav_msgs/vectornav_msgs/msg/ins_group.h\n'}
[0.783064] (vectornav_msgs) StdoutLine: {'line': b'-- Up-to-date: /home/fcanof/vanttec_sdv/install/vectornav_msgs/include/vectornav_msgs/vectornav_msgs/msg/time_group.h\n'}
[0.783268] (vectornav_msgs) StdoutLine: {'line': b'-- Up-to-date: /home/fcanof/vanttec_sdv/install/vectornav_msgs/include/vectornav_msgs/vectornav_msgs/msg/ins_status.h\n'}
[0.783395] (vectornav_msgs) StdoutLine: {'line': b'-- Up-to-date: /home/fcanof/vanttec_sdv/install/vectornav_msgs/include/vectornav_msgs/vectornav_msgs/msg/detail\n'}
[0.783507] (vectornav_msgs) StdoutLine: {'line': b'-- Up-to-date: /home/fcanof/vanttec_sdv/install/vectornav_msgs/include/vectornav_msgs/vectornav_msgs/msg/detail/common_group__type_support.h\n'}
[0.783736] (vectornav_msgs) StdoutLine: {'line': b'-- Up-to-date: /home/fcanof/vanttec_sdv/install/vectornav_msgs/include/vectornav_msgs/vectornav_msgs/msg/detail/time_status__struct.h\n'}
[0.783869] (vectornav_msgs) StdoutLine: {'line': b'-- Up-to-date: /home/fcanof/vanttec_sdv/install/vectornav_msgs/include/vectornav_msgs/vectornav_msgs/msg/detail/imu_group__struct.h\n'}
[0.784018] (vectornav_msgs) StdoutLine: {'line': b'-- Up-to-date: /home/fcanof/vanttec_sdv/install/vectornav_msgs/include/vectornav_msgs/vectornav_msgs/msg/detail/ins_status__struct.h\n'}
[0.784237] (vectornav_msgs) StdoutLine: {'line': b'-- Up-to-date: /home/fcanof/vanttec_sdv/install/vectornav_msgs/include/vectornav_msgs/vectornav_msgs/msg/detail/vpe_status__type_support.h\n'}
[0.784371] (vectornav_msgs) StdoutLine: {'line': b'-- Up-to-date: /home/fcanof/vanttec_sdv/install/vectornav_msgs/include/vectornav_msgs/vectornav_msgs/msg/detail/dop__functions.c\n'}
[0.784495] (vectornav_msgs) StdoutLine: {'line': b'-- Up-to-date: /home/fcanof/vanttec_sdv/install/vectornav_msgs/include/vectornav_msgs/vectornav_msgs/msg/detail/ins_status__type_support.h\n'}
[0.784623] (vectornav_msgs) StdoutLine: {'line': b'-- Up-to-date: /home/fcanof/vanttec_sdv/install/vectornav_msgs/include/vectornav_msgs/vectornav_msgs/msg/detail/gps_group__type_support.h\n'}
[0.784826] (vectornav_msgs) StdoutLine: {'line': b'-- Up-to-date: /home/fcanof/vanttec_sdv/install/vectornav_msgs/include/vectornav_msgs/vectornav_msgs/msg/detail/time_group__functions.c\n'}
[0.784976] (vectornav_msgs) StdoutLine: {'line': b'-- Up-to-date: /home/fcanof/vanttec_sdv/install/vectornav_msgs/include/vectornav_msgs/vectornav_msgs/msg/detail/time_status__functions.h\n'}
[0.785121] (vectornav_msgs) StdoutLine: {'line': b'-- Up-to-date: /home/fcanof/vanttec_sdv/install/vectornav_msgs/include/vectornav_msgs/vectornav_msgs/msg/detail/time_utc__functions.h\n'}
[0.785318] (vectornav_msgs) StdoutLine: {'line': b'-- Up-to-date: /home/fcanof/vanttec_sdv/install/vectornav_msgs/include/vectornav_msgs/vectornav_msgs/msg/detail/attitude_group__functions.c\n'}
[0.785466] (vectornav_msgs) StdoutLine: {'line': b'-- Up-to-date: /home/fcanof/vanttec_sdv/install/vectornav_msgs/include/vectornav_msgs/vectornav_msgs/msg/detail/ins_group__type_support.h\n'}
[0.785610] (vectornav_msgs) StdoutLine: {'line': b'-- Up-to-date: /home/fcanof/vanttec_sdv/install/vectornav_msgs/include/vectornav_msgs/vectornav_msgs/msg/detail/dop__struct.h\n'}
[0.785753] (vectornav_msgs) StdoutLine: {'line': b'-- Up-to-date: /home/fcanof/vanttec_sdv/install/vectornav_msgs/include/vectornav_msgs/vectornav_msgs/msg/detail/ins_group__struct.h\n'}
[0.785941] (vectornav_msgs) StdoutLine: {'line': b'-- Up-to-date: /home/fcanof/vanttec_sdv/install/vectornav_msgs/include/vectornav_msgs/vectornav_msgs/msg/detail/common_group__functions.c\n'}
[0.786084] (vectornav_msgs) StdoutLine: {'line': b'-- Up-to-date: /home/fcanof/vanttec_sdv/install/vectornav_msgs/include/vectornav_msgs/vectornav_msgs/msg/detail/ins_status__functions.c\n'}
[0.786233] (vectornav_msgs) StdoutLine: {'line': b'-- Up-to-date: /home/fcanof/vanttec_sdv/install/vectornav_msgs/include/vectornav_msgs/vectornav_msgs/msg/detail/vpe_status__functions.h\n'}
[0.786449] (vectornav_msgs) StdoutLine: {'line': b'-- Up-to-date: /home/fcanof/vanttec_sdv/install/vectornav_msgs/include/vectornav_msgs/vectornav_msgs/msg/detail/vpe_status__functions.c\n'}
[0.786620] (vectornav_msgs) StdoutLine: {'line': b'-- Up-to-date: /home/fcanof/vanttec_sdv/install/vectornav_msgs/include/vectornav_msgs/vectornav_msgs/msg/detail/vpe_status__struct.h\n'}
[0.786761] (vectornav_msgs) StdoutLine: {'line': b'-- Up-to-date: /home/fcanof/vanttec_sdv/install/vectornav_msgs/include/vectornav_msgs/vectornav_msgs/msg/detail/ins_group__functions.h\n'}
[0.786965] (vectornav_msgs) StdoutLine: {'line': b'-- Up-to-date: /home/fcanof/vanttec_sdv/install/vectornav_msgs/include/vectornav_msgs/vectornav_msgs/msg/detail/dop__functions.h\n'}
[0.787109] (vectornav_msgs) StdoutLine: {'line': b'-- Up-to-date: /home/fcanof/vanttec_sdv/install/vectornav_msgs/include/vectornav_msgs/vectornav_msgs/msg/detail/attitude_group__functions.h\n'}
[0.787249] (vectornav_msgs) StdoutLine: {'line': b'-- Up-to-date: /home/fcanof/vanttec_sdv/install/vectornav_msgs/include/vectornav_msgs/vectornav_msgs/msg/detail/gps_group__struct.h\n'}
[0.787451] (vectornav_msgs) StdoutLine: {'line': b'-- Up-to-date: /home/fcanof/vanttec_sdv/install/vectornav_msgs/include/vectornav_msgs/vectornav_msgs/msg/detail/gps_group__functions.c\n'}
[0.787612] (vectornav_msgs) StdoutLine: {'line': b'-- Up-to-date: /home/fcanof/vanttec_sdv/install/vectornav_msgs/include/vectornav_msgs/vectornav_msgs/msg/detail/time_utc__functions.c\n'}
[0.787762] (vectornav_msgs) StdoutLine: {'line': b'-- Up-to-date: /home/fcanof/vanttec_sdv/install/vectornav_msgs/include/vectornav_msgs/vectornav_msgs/msg/detail/time_utc__struct.h\n'}
[0.787933] (vectornav_msgs) StdoutLine: {'line': b'-- Up-to-date: /home/fcanof/vanttec_sdv/install/vectornav_msgs/include/vectornav_msgs/vectornav_msgs/msg/detail/time_group__functions.h\n'}
[0.788067] (vectornav_msgs) StdoutLine: {'line': b'-- Up-to-date: /home/fcanof/vanttec_sdv/install/vectornav_msgs/include/vectornav_msgs/vectornav_msgs/msg/detail/common_group__struct.h\n'}
[0.788177] (vectornav_msgs) StdoutLine: {'line': b'-- Up-to-date: /home/fcanof/vanttec_sdv/install/vectornav_msgs/include/vectornav_msgs/vectornav_msgs/msg/detail/imu_group__functions.h\n'}
[0.788318] (vectornav_msgs) StdoutLine: {'line': b'-- Up-to-date: /home/fcanof/vanttec_sdv/install/vectornav_msgs/include/vectornav_msgs/vectornav_msgs/msg/detail/imu_group__type_support.h\n'}
[0.788524] (vectornav_msgs) StdoutLine: {'line': b'-- Up-to-date: /home/fcanof/vanttec_sdv/install/vectornav_msgs/include/vectornav_msgs/vectornav_msgs/msg/detail/common_group__functions.h\n'}
[0.788665] (vectornav_msgs) StdoutLine: {'line': b'-- Up-to-date: /home/fcanof/vanttec_sdv/install/vectornav_msgs/include/vectornav_msgs/vectornav_msgs/msg/detail/ins_group__functions.c\n'}
[0.788802] (vectornav_msgs) StdoutLine: {'line': b'-- Up-to-date: /home/fcanof/vanttec_sdv/install/vectornav_msgs/include/vectornav_msgs/vectornav_msgs/msg/detail/attitude_group__type_support.h\n'}
[0.788994] (vectornav_msgs) StdoutLine: {'line': b'-- Up-to-date: /home/fcanof/vanttec_sdv/install/vectornav_msgs/include/vectornav_msgs/vectornav_msgs/msg/detail/time_status__type_support.h\n'}
[0.789134] (vectornav_msgs) StdoutLine: {'line': b'-- Up-to-date: /home/fcanof/vanttec_sdv/install/vectornav_msgs/include/vectornav_msgs/vectornav_msgs/msg/detail/imu_group__functions.c\n'}
[0.789272] (vectornav_msgs) StdoutLine: {'line': b'-- Up-to-date: /home/fcanof/vanttec_sdv/install/vectornav_msgs/include/vectornav_msgs/vectornav_msgs/msg/detail/time_group__struct.h\n'}
[0.789414] (vectornav_msgs) StdoutLine: {'line': b'-- Up-to-date: /home/fcanof/vanttec_sdv/install/vectornav_msgs/include/vectornav_msgs/vectornav_msgs/msg/detail/time_utc__type_support.h\n'}
[0.789593] (vectornav_msgs) StdoutLine: {'line': b'-- Up-to-date: /home/fcanof/vanttec_sdv/install/vectornav_msgs/include/vectornav_msgs/vectornav_msgs/msg/detail/time_group__type_support.h\n'}
[0.789725] (vectornav_msgs) StdoutLine: {'line': b'-- Up-to-date: /home/fcanof/vanttec_sdv/install/vectornav_msgs/include/vectornav_msgs/vectornav_msgs/msg/detail/time_status__functions.c\n'}
[0.789832] (vectornav_msgs) StdoutLine: {'line': b'-- Up-to-date: /home/fcanof/vanttec_sdv/install/vectornav_msgs/include/vectornav_msgs/vectornav_msgs/msg/detail/dop__type_support.h\n'}
[0.789937] (vectornav_msgs) StdoutLine: {'line': b'-- Up-to-date: /home/fcanof/vanttec_sdv/install/vectornav_msgs/include/vectornav_msgs/vectornav_msgs/msg/detail/attitude_group__struct.h\n'}
[0.790073] (vectornav_msgs) StdoutLine: {'line': b'-- Up-to-date: /home/fcanof/vanttec_sdv/install/vectornav_msgs/include/vectornav_msgs/vectornav_msgs/msg/detail/gps_group__functions.h\n'}
[0.790181] (vectornav_msgs) StdoutLine: {'line': b'-- Up-to-date: /home/fcanof/vanttec_sdv/install/vectornav_msgs/include/vectornav_msgs/vectornav_msgs/msg/detail/ins_status__functions.h\n'}
[0.790326] (vectornav_msgs) StdoutLine: {'line': b'-- Up-to-date: /home/fcanof/vanttec_sdv/install/vectornav_msgs/include/vectornav_msgs/vectornav_msgs/msg/time_status.h\n'}
[0.790444] (vectornav_msgs) StdoutLine: {'line': b'-- Up-to-date: /home/fcanof/vanttec_sdv/install/vectornav_msgs/include/vectornav_msgs/vectornav_msgs/msg/dop.h\n'}
[0.790550] (vectornav_msgs) StdoutLine: {'line': b'-- Up-to-date: /home/fcanof/vanttec_sdv/install/vectornav_msgs/include/vectornav_msgs/vectornav_msgs/msg/gps_group.h\n'}
[0.790816] (vectornav_msgs) StdoutLine: {'line': b'-- Up-to-date: /home/fcanof/vanttec_sdv/install/vectornav_msgs/include/vectornav_msgs/vectornav_msgs/msg/common_group.h\n'}
[0.791680] (vectornav_msgs) StdoutLine: {'line': b'-- Up-to-date: /home/fcanof/vanttec_sdv/install/vectornav_msgs/include/vectornav_msgs/vectornav_msgs/msg/rosidl_generator_c__visibility_control.h\n'}
[0.791873] (vectornav_msgs) StdoutLine: {'line': b'-- Up-to-date: /home/fcanof/vanttec_sdv/install/vectornav_msgs/include/vectornav_msgs/vectornav_msgs/msg/imu_group.h\n'}
[0.792871] (vectornav_msgs) StdoutLine: {'line': b'-- Up-to-date: /home/fcanof/vanttec_sdv/install/vectornav_msgs/share/vectornav_msgs/environment/library_path.sh\n'}
[0.793392] (vectornav_msgs) StdoutLine: {'line': b'-- Up-to-date: /home/fcanof/vanttec_sdv/install/vectornav_msgs/share/vectornav_msgs/environment/library_path.dsv\n'}
[0.793636] (vectornav_msgs) StdoutLine: {'line': b'-- Up-to-date: /home/fcanof/vanttec_sdv/install/vectornav_msgs/lib/libvectornav_msgs__rosidl_generator_c.so\n'}
[0.793708] (vectornav_msgs) StdoutLine: {'line': b'-- Up-to-date: /home/fcanof/vanttec_sdv/install/vectornav_msgs/include/vectornav_msgs/vectornav_msgs\n'}
[0.793773] (vectornav_msgs) StdoutLine: {'line': b'-- Up-to-date: /home/fcanof/vanttec_sdv/install/vectornav_msgs/include/vectornav_msgs/vectornav_msgs/action\n'}
[0.793834] (vectornav_msgs) StdoutLine: {'line': b'-- Up-to-date: /home/fcanof/vanttec_sdv/install/vectornav_msgs/include/vectornav_msgs/vectornav_msgs/action/detail\n'}
[0.793900] (vectornav_msgs) StdoutLine: {'line': b'-- Up-to-date: /home/fcanof/vanttec_sdv/install/vectornav_msgs/include/vectornav_msgs/vectornav_msgs/action/detail/mag_cal__rosidl_typesupport_fastrtps_c.h\n'}
[0.793965] (vectornav_msgs) StdoutLine: {'line': b'-- Up-to-date: /home/fcanof/vanttec_sdv/install/vectornav_msgs/include/vectornav_msgs/vectornav_msgs/msg\n'}
[0.794027] (vectornav_msgs) StdoutLine: {'line': b'-- Up-to-date: /home/fcanof/vanttec_sdv/install/vectornav_msgs/include/vectornav_msgs/vectornav_msgs/msg/rosidl_typesupport_fastrtps_c__visibility_control.h\n'}
[0.794087] (vectornav_msgs) StdoutLine: {'line': b'-- Up-to-date: /home/fcanof/vanttec_sdv/install/vectornav_msgs/include/vectornav_msgs/vectornav_msgs/msg/detail\n'}
[0.794148] (vectornav_msgs) StdoutLine: {'line': b'-- Up-to-date: /home/fcanof/vanttec_sdv/install/vectornav_msgs/include/vectornav_msgs/vectornav_msgs/msg/detail/imu_group__rosidl_typesupport_fastrtps_c.h\n'}
[0.794207] (vectornav_msgs) StdoutLine: {'line': b'-- Up-to-date: /home/fcanof/vanttec_sdv/install/vectornav_msgs/include/vectornav_msgs/vectornav_msgs/msg/detail/ins_group__rosidl_typesupport_fastrtps_c.h\n'}
[0.794266] (vectornav_msgs) StdoutLine: {'line': b'-- Up-to-date: /home/fcanof/vanttec_sdv/install/vectornav_msgs/include/vectornav_msgs/vectornav_msgs/msg/detail/ins_status__rosidl_typesupport_fastrtps_c.h\n'}
[0.794326] (vectornav_msgs) StdoutLine: {'line': b'-- Up-to-date: /home/fcanof/vanttec_sdv/install/vectornav_msgs/include/vectornav_msgs/vectornav_msgs/msg/detail/dop__rosidl_typesupport_fastrtps_c.h\n'}
[0.794398] (vectornav_msgs) StdoutLine: {'line': b'-- Up-to-date: /home/fcanof/vanttec_sdv/install/vectornav_msgs/include/vectornav_msgs/vectornav_msgs/msg/detail/common_group__rosidl_typesupport_fastrtps_c.h\n'}
[0.794458] (vectornav_msgs) StdoutLine: {'line': b'-- Up-to-date: /home/fcanof/vanttec_sdv/install/vectornav_msgs/include/vectornav_msgs/vectornav_msgs/msg/detail/time_status__rosidl_typesupport_fastrtps_c.h\n'}
[0.794517] (vectornav_msgs) StdoutLine: {'line': b'-- Up-to-date: /home/fcanof/vanttec_sdv/install/vectornav_msgs/include/vectornav_msgs/vectornav_msgs/msg/detail/time_group__rosidl_typesupport_fastrtps_c.h\n'}
[0.794584] (vectornav_msgs) StdoutLine: {'line': b'-- Up-to-date: /home/fcanof/vanttec_sdv/install/vectornav_msgs/include/vectornav_msgs/vectornav_msgs/msg/detail/attitude_group__rosidl_typesupport_fastrtps_c.h\n'}
[0.794644] (vectornav_msgs) StdoutLine: {'line': b'-- Up-to-date: /home/fcanof/vanttec_sdv/install/vectornav_msgs/include/vectornav_msgs/vectornav_msgs/msg/detail/vpe_status__rosidl_typesupport_fastrtps_c.h\n'}
[0.794703] (vectornav_msgs) StdoutLine: {'line': b'-- Up-to-date: /home/fcanof/vanttec_sdv/install/vectornav_msgs/include/vectornav_msgs/vectornav_msgs/msg/detail/gps_group__rosidl_typesupport_fastrtps_c.h\n'}
[0.794762] (vectornav_msgs) StdoutLine: {'line': b'-- Up-to-date: /home/fcanof/vanttec_sdv/install/vectornav_msgs/include/vectornav_msgs/vectornav_msgs/msg/detail/time_utc__rosidl_typesupport_fastrtps_c.h\n'}
[0.794821] (vectornav_msgs) StdoutLine: {'line': b'-- Up-to-date: /home/fcanof/vanttec_sdv/install/vectornav_msgs/lib/libvectornav_msgs__rosidl_typesupport_fastrtps_c.so\n'}
[0.794880] (vectornav_msgs) StdoutLine: {'line': b'-- Up-to-date: /home/fcanof/vanttec_sdv/install/vectornav_msgs/include/vectornav_msgs/vectornav_msgs\n'}
[0.794939] (vectornav_msgs) StdoutLine: {'line': b'-- Up-to-date: /home/fcanof/vanttec_sdv/install/vectornav_msgs/include/vectornav_msgs/vectornav_msgs/action\n'}
[0.794998] (vectornav_msgs) StdoutLine: {'line': b'-- Up-to-date: /home/fcanof/vanttec_sdv/install/vectornav_msgs/include/vectornav_msgs/vectornav_msgs/action/detail\n'}
[0.795056] (vectornav_msgs) StdoutLine: {'line': b'-- Up-to-date: /home/fcanof/vanttec_sdv/install/vectornav_msgs/include/vectornav_msgs/vectornav_msgs/action/detail/mag_cal__struct.hpp\n'}
[0.795115] (vectornav_msgs) StdoutLine: {'line': b'-- Up-to-date: /home/fcanof/vanttec_sdv/install/vectornav_msgs/include/vectornav_msgs/vectornav_msgs/action/detail/mag_cal__traits.hpp\n'}
[0.795179] (vectornav_msgs) StdoutLine: {'line': b'-- Up-to-date: /home/fcanof/vanttec_sdv/install/vectornav_msgs/include/vectornav_msgs/vectornav_msgs/action/detail/mag_cal__builder.hpp\n'}
[0.795238] (vectornav_msgs) StdoutLine: {'line': b'-- Up-to-date: /home/fcanof/vanttec_sdv/install/vectornav_msgs/include/vectornav_msgs/vectornav_msgs/action/mag_cal.hpp\n'}
[0.795296] (vectornav_msgs) StdoutLine: {'line': b'-- Up-to-date: /home/fcanof/vanttec_sdv/install/vectornav_msgs/include/vectornav_msgs/vectornav_msgs/msg\n'}
[0.795370] (vectornav_msgs) StdoutLine: {'line': b'-- Up-to-date: /home/fcanof/vanttec_sdv/install/vectornav_msgs/include/vectornav_msgs/vectornav_msgs/msg/attitude_group.hpp\n'}
[0.795430] (vectornav_msgs) StdoutLine: {'line': b'-- Up-to-date: /home/fcanof/vanttec_sdv/install/vectornav_msgs/include/vectornav_msgs/vectornav_msgs/msg/time_utc.hpp\n'}
[0.795510] (vectornav_msgs) StdoutLine: {'line': b'-- Up-to-date: /home/fcanof/vanttec_sdv/install/vectornav_msgs/include/vectornav_msgs/vectornav_msgs/msg/detail\n'}
[0.795598] (vectornav_msgs) StdoutLine: {'line': b'-- Up-to-date: /home/fcanof/vanttec_sdv/install/vectornav_msgs/include/vectornav_msgs/vectornav_msgs/msg/detail/time_utc__builder.hpp\n'}
[0.795662] (vectornav_msgs) StdoutLine: {'line': b'-- Up-to-date: /home/fcanof/vanttec_sdv/install/vectornav_msgs/include/vectornav_msgs/vectornav_msgs/msg/detail/dop__builder.hpp\n'}
[0.795728] (vectornav_msgs) StdoutLine: {'line': b'-- Up-to-date: /home/fcanof/vanttec_sdv/install/vectornav_msgs/include/vectornav_msgs/vectornav_msgs/msg/detail/common_group__builder.hpp\n'}
[0.795789] (vectornav_msgs) StdoutLine: {'line': b'-- Up-to-date: /home/fcanof/vanttec_sdv/install/vectornav_msgs/include/vectornav_msgs/vectornav_msgs/msg/detail/ins_group__builder.hpp\n'}
[0.795848] (vectornav_msgs) StdoutLine: {'line': b'-- Up-to-date: /home/fcanof/vanttec_sdv/install/vectornav_msgs/include/vectornav_msgs/vectornav_msgs/msg/detail/common_group__traits.hpp\n'}
[0.795907] (vectornav_msgs) StdoutLine: {'line': b'-- Up-to-date: /home/fcanof/vanttec_sdv/install/vectornav_msgs/include/vectornav_msgs/vectornav_msgs/msg/detail/ins_group__struct.hpp\n'}
[0.795967] (vectornav_msgs) StdoutLine: {'line': b'-- Up-to-date: /home/fcanof/vanttec_sdv/install/vectornav_msgs/include/vectornav_msgs/vectornav_msgs/msg/detail/time_group__struct.hpp\n'}
[0.796026] (vectornav_msgs) StdoutLine: {'line': b'-- Up-to-date: /home/fcanof/vanttec_sdv/install/vectornav_msgs/include/vectornav_msgs/vectornav_msgs/msg/detail/time_group__traits.hpp\n'}
[0.796086] (vectornav_msgs) StdoutLine: {'line': b'-- Up-to-date: /home/fcanof/vanttec_sdv/install/vectornav_msgs/include/vectornav_msgs/vectornav_msgs/msg/detail/gps_group__builder.hpp\n'}
[0.796146] (vectornav_msgs) StdoutLine: {'line': b'-- Up-to-date: /home/fcanof/vanttec_sdv/install/vectornav_msgs/include/vectornav_msgs/vectornav_msgs/msg/detail/time_group__builder.hpp\n'}
[0.796205] (vectornav_msgs) StdoutLine: {'line': b'-- Up-to-date: /home/fcanof/vanttec_sdv/install/vectornav_msgs/include/vectornav_msgs/vectornav_msgs/msg/detail/gps_group__struct.hpp\n'}
[0.796265] (vectornav_msgs) StdoutLine: {'line': b'-- Up-to-date: /home/fcanof/vanttec_sdv/install/vectornav_msgs/include/vectornav_msgs/vectornav_msgs/msg/detail/gps_group__traits.hpp\n'}
[0.796324] (vectornav_msgs) StdoutLine: {'line': b'-- Up-to-date: /home/fcanof/vanttec_sdv/install/vectornav_msgs/include/vectornav_msgs/vectornav_msgs/msg/detail/dop__struct.hpp\n'}
[0.796383] (vectornav_msgs) StdoutLine: {'line': b'-- Up-to-date: /home/fcanof/vanttec_sdv/install/vectornav_msgs/include/vectornav_msgs/vectornav_msgs/msg/detail/attitude_group__struct.hpp\n'}
[0.796442] (vectornav_msgs) StdoutLine: {'line': b'-- Up-to-date: /home/fcanof/vanttec_sdv/install/vectornav_msgs/include/vectornav_msgs/vectornav_msgs/msg/detail/attitude_group__traits.hpp\n'}
[0.796509] (vectornav_msgs) StdoutLine: {'line': b'-- Up-to-date: /home/fcanof/vanttec_sdv/install/vectornav_msgs/include/vectornav_msgs/vectornav_msgs/msg/detail/ins_status__builder.hpp\n'}
[0.796573] (vectornav_msgs) StdoutLine: {'line': b'-- Up-to-date: /home/fcanof/vanttec_sdv/install/vectornav_msgs/include/vectornav_msgs/vectornav_msgs/msg/detail/time_status__builder.hpp\n'}
[0.796633] (vectornav_msgs) StdoutLine: {'line': b'-- Up-to-date: /home/fcanof/vanttec_sdv/install/vectornav_msgs/include/vectornav_msgs/vectornav_msgs/msg/detail/ins_status__struct.hpp\n'}
[0.796692] (vectornav_msgs) StdoutLine: {'line': b'-- Up-to-date: /home/fcanof/vanttec_sdv/install/vectornav_msgs/include/vectornav_msgs/vectornav_msgs/msg/detail/time_utc__traits.hpp\n'}
[0.796751] (vectornav_msgs) StdoutLine: {'line': b'-- Up-to-date: /home/fcanof/vanttec_sdv/install/vectornav_msgs/include/vectornav_msgs/vectornav_msgs/msg/detail/imu_group__traits.hpp\n'}
[0.796810] (vectornav_msgs) StdoutLine: {'line': b'-- Up-to-date: /home/fcanof/vanttec_sdv/install/vectornav_msgs/include/vectornav_msgs/vectornav_msgs/msg/detail/time_status__struct.hpp\n'}
[0.796869] (vectornav_msgs) StdoutLine: {'line': b'-- Up-to-date: /home/fcanof/vanttec_sdv/install/vectornav_msgs/include/vectornav_msgs/vectornav_msgs/msg/detail/vpe_status__traits.hpp\n'}
[0.796928] (vectornav_msgs) StdoutLine: {'line': b'-- Up-to-date: /home/fcanof/vanttec_sdv/install/vectornav_msgs/include/vectornav_msgs/vectornav_msgs/msg/detail/attitude_group__builder.hpp\n'}
[0.796988] (vectornav_msgs) StdoutLine: {'line': b'-- Up-to-date: /home/fcanof/vanttec_sdv/install/vectornav_msgs/include/vectornav_msgs/vectornav_msgs/msg/detail/dop__traits.hpp\n'}
[0.797046] (vectornav_msgs) StdoutLine: {'line': b'-- Up-to-date: /home/fcanof/vanttec_sdv/install/vectornav_msgs/include/vectornav_msgs/vectornav_msgs/msg/detail/time_utc__struct.hpp\n'}
[0.797106] (vectornav_msgs) StdoutLine: {'line': b'-- Up-to-date: /home/fcanof/vanttec_sdv/install/vectornav_msgs/include/vectornav_msgs/vectornav_msgs/msg/detail/vpe_status__struct.hpp\n'}
[0.797165] (vectornav_msgs) StdoutLine: {'line': b'-- Up-to-date: /home/fcanof/vanttec_sdv/install/vectornav_msgs/include/vectornav_msgs/vectornav_msgs/msg/detail/vpe_status__builder.hpp\n'}
[0.797224] (vectornav_msgs) StdoutLine: {'line': b'-- Up-to-date: /home/fcanof/vanttec_sdv/install/vectornav_msgs/include/vectornav_msgs/vectornav_msgs/msg/detail/ins_status__traits.hpp\n'}
[0.797283] (vectornav_msgs) StdoutLine: {'line': b'-- Up-to-date: /home/fcanof/vanttec_sdv/install/vectornav_msgs/include/vectornav_msgs/vectornav_msgs/msg/detail/imu_group__struct.hpp\n'}
[0.797343] (vectornav_msgs) StdoutLine: {'line': b'-- Up-to-date: /home/fcanof/vanttec_sdv/install/vectornav_msgs/include/vectornav_msgs/vectornav_msgs/msg/detail/time_status__traits.hpp\n'}
[0.797402] (vectornav_msgs) StdoutLine: {'line': b'-- Up-to-date: /home/fcanof/vanttec_sdv/install/vectornav_msgs/include/vectornav_msgs/vectornav_msgs/msg/detail/common_group__struct.hpp\n'}
[0.797466] (vectornav_msgs) StdoutLine: {'line': b'-- Up-to-date: /home/fcanof/vanttec_sdv/install/vectornav_msgs/include/vectornav_msgs/vectornav_msgs/msg/detail/imu_group__builder.hpp\n'}
[0.797526] (vectornav_msgs) StdoutLine: {'line': b'-- Up-to-date: /home/fcanof/vanttec_sdv/install/vectornav_msgs/include/vectornav_msgs/vectornav_msgs/msg/detail/ins_group__traits.hpp\n'}
[0.797587] (vectornav_msgs) StdoutLine: {'line': b'-- Up-to-date: /home/fcanof/vanttec_sdv/install/vectornav_msgs/include/vectornav_msgs/vectornav_msgs/msg/gps_group.hpp\n'}
[0.797647] (vectornav_msgs) StdoutLine: {'line': b'-- Up-to-date: /home/fcanof/vanttec_sdv/install/vectornav_msgs/include/vectornav_msgs/vectornav_msgs/msg/ins_status.hpp\n'}
[0.797707] (vectornav_msgs) StdoutLine: {'line': b'-- Up-to-date: /home/fcanof/vanttec_sdv/install/vectornav_msgs/include/vectornav_msgs/vectornav_msgs/msg/dop.hpp\n'}
[0.797767] (vectornav_msgs) StdoutLine: {'line': b'-- Up-to-date: /home/fcanof/vanttec_sdv/install/vectornav_msgs/include/vectornav_msgs/vectornav_msgs/msg/time_group.hpp\n'}
[0.797828] (vectornav_msgs) StdoutLine: {'line': b'-- Up-to-date: /home/fcanof/vanttec_sdv/install/vectornav_msgs/include/vectornav_msgs/vectornav_msgs/msg/imu_group.hpp\n'}
[0.797893] (vectornav_msgs) StdoutLine: {'line': b'-- Up-to-date: /home/fcanof/vanttec_sdv/install/vectornav_msgs/include/vectornav_msgs/vectornav_msgs/msg/vpe_status.hpp\n'}
[0.797953] (vectornav_msgs) StdoutLine: {'line': b'-- Up-to-date: /home/fcanof/vanttec_sdv/install/vectornav_msgs/include/vectornav_msgs/vectornav_msgs/msg/common_group.hpp\n'}
[0.798014] (vectornav_msgs) StdoutLine: {'line': b'-- Up-to-date: /home/fcanof/vanttec_sdv/install/vectornav_msgs/include/vectornav_msgs/vectornav_msgs/msg/ins_group.hpp\n'}
[0.798074] (vectornav_msgs) StdoutLine: {'line': b'-- Up-to-date: /home/fcanof/vanttec_sdv/install/vectornav_msgs/include/vectornav_msgs/vectornav_msgs/msg/time_status.hpp\n'}
[0.798135] (vectornav_msgs) StdoutLine: {'line': b'-- Up-to-date: /home/fcanof/vanttec_sdv/install/vectornav_msgs/include/vectornav_msgs/vectornav_msgs\n'}
[0.798196] (vectornav_msgs) StdoutLine: {'line': b'-- Up-to-date: /home/fcanof/vanttec_sdv/install/vectornav_msgs/include/vectornav_msgs/vectornav_msgs/action\n'}
[0.798256] (vectornav_msgs) StdoutLine: {'line': b'-- Up-to-date: /home/fcanof/vanttec_sdv/install/vectornav_msgs/include/vectornav_msgs/vectornav_msgs/action/detail\n'}
[0.798316] (vectornav_msgs) StdoutLine: {'line': b'-- Up-to-date: /home/fcanof/vanttec_sdv/install/vectornav_msgs/include/vectornav_msgs/vectornav_msgs/action/detail/dds_fastrtps\n'}
[0.798401] (vectornav_msgs) StdoutLine: {'line': b'-- Up-to-date: /home/fcanof/vanttec_sdv/install/vectornav_msgs/include/vectornav_msgs/vectornav_msgs/action/detail/mag_cal__rosidl_typesupport_fastrtps_cpp.hpp\n'}
[0.798471] (vectornav_msgs) StdoutLine: {'line': b'-- Up-to-date: /home/fcanof/vanttec_sdv/install/vectornav_msgs/include/vectornav_msgs/vectornav_msgs/msg\n'}
[0.798531] (vectornav_msgs) StdoutLine: {'line': b'-- Up-to-date: /home/fcanof/vanttec_sdv/install/vectornav_msgs/include/vectornav_msgs/vectornav_msgs/msg/rosidl_typesupport_fastrtps_cpp__visibility_control.h\n'}
[0.798592] (vectornav_msgs) StdoutLine: {'line': b'-- Up-to-date: /home/fcanof/vanttec_sdv/install/vectornav_msgs/include/vectornav_msgs/vectornav_msgs/msg/detail\n'}
[0.798651] (vectornav_msgs) StdoutLine: {'line': b'-- Up-to-date: /home/fcanof/vanttec_sdv/install/vectornav_msgs/include/vectornav_msgs/vectornav_msgs/msg/detail/ins_group__rosidl_typesupport_fastrtps_cpp.hpp\n'}
[0.798709] (vectornav_msgs) StdoutLine: {'line': b'-- Up-to-date: /home/fcanof/vanttec_sdv/install/vectornav_msgs/include/vectornav_msgs/vectornav_msgs/msg/detail/vpe_status__rosidl_typesupport_fastrtps_cpp.hpp\n'}
[0.798767] (vectornav_msgs) StdoutLine: {'line': b'-- Up-to-date: /home/fcanof/vanttec_sdv/install/vectornav_msgs/include/vectornav_msgs/vectornav_msgs/msg/detail/time_group__rosidl_typesupport_fastrtps_cpp.hpp\n'}
[0.798826] (vectornav_msgs) StdoutLine: {'line': b'-- Up-to-date: /home/fcanof/vanttec_sdv/install/vectornav_msgs/include/vectornav_msgs/vectornav_msgs/msg/detail/dds_fastrtps\n'}
[0.798884] (vectornav_msgs) StdoutLine: {'line': b'-- Up-to-date: /home/fcanof/vanttec_sdv/install/vectornav_msgs/include/vectornav_msgs/vectornav_msgs/msg/detail/time_utc__rosidl_typesupport_fastrtps_cpp.hpp\n'}
[0.798944] (vectornav_msgs) StdoutLine: {'line': b'-- Up-to-date: /home/fcanof/vanttec_sdv/install/vectornav_msgs/include/vectornav_msgs/vectornav_msgs/msg/detail/gps_group__rosidl_typesupport_fastrtps_cpp.hpp\n'}
[0.799003] (vectornav_msgs) StdoutLine: {'line': b'-- Up-to-date: /home/fcanof/vanttec_sdv/install/vectornav_msgs/include/vectornav_msgs/vectornav_msgs/msg/detail/ins_status__rosidl_typesupport_fastrtps_cpp.hpp\n'}
[0.799061] (vectornav_msgs) StdoutLine: {'line': b'-- Up-to-date: /home/fcanof/vanttec_sdv/install/vectornav_msgs/include/vectornav_msgs/vectornav_msgs/msg/detail/common_group__rosidl_typesupport_fastrtps_cpp.hpp\n'}
[0.799120] (vectornav_msgs) StdoutLine: {'line': b'-- Up-to-date: /home/fcanof/vanttec_sdv/install/vectornav_msgs/include/vectornav_msgs/vectornav_msgs/msg/detail/dop__rosidl_typesupport_fastrtps_cpp.hpp\n'}
[0.799183] (vectornav_msgs) StdoutLine: {'line': b'-- Up-to-date: /home/fcanof/vanttec_sdv/install/vectornav_msgs/include/vectornav_msgs/vectornav_msgs/msg/detail/attitude_group__rosidl_typesupport_fastrtps_cpp.hpp\n'}
[0.799244] (vectornav_msgs) StdoutLine: {'line': b'-- Up-to-date: /home/fcanof/vanttec_sdv/install/vectornav_msgs/include/vectornav_msgs/vectornav_msgs/msg/detail/imu_group__rosidl_typesupport_fastrtps_cpp.hpp\n'}
[0.799302] (vectornav_msgs) StdoutLine: {'line': b'-- Up-to-date: /home/fcanof/vanttec_sdv/install/vectornav_msgs/include/vectornav_msgs/vectornav_msgs/msg/detail/time_status__rosidl_typesupport_fastrtps_cpp.hpp\n'}
[0.799361] (vectornav_msgs) StdoutLine: {'line': b'-- Up-to-date: /home/fcanof/vanttec_sdv/install/vectornav_msgs/lib/libvectornav_msgs__rosidl_typesupport_fastrtps_cpp.so\n'}
[0.799418] (vectornav_msgs) StdoutLine: {'line': b'-- Up-to-date: /home/fcanof/vanttec_sdv/install/vectornav_msgs/include/vectornav_msgs/vectornav_msgs\n'}
[0.799476] (vectornav_msgs) StdoutLine: {'line': b'-- Up-to-date: /home/fcanof/vanttec_sdv/install/vectornav_msgs/include/vectornav_msgs/vectornav_msgs/action\n'}
[0.799567] (vectornav_msgs) StdoutLine: {'line': b'-- Up-to-date: /home/fcanof/vanttec_sdv/install/vectornav_msgs/include/vectornav_msgs/vectornav_msgs/action/detail\n'}
[0.799648] (vectornav_msgs) StdoutLine: {'line': b'-- Up-to-date: /home/fcanof/vanttec_sdv/install/vectornav_msgs/include/vectornav_msgs/vectornav_msgs/action/detail/mag_cal__type_support.c\n'}
[0.799751] (vectornav_msgs) StdoutLine: {'line': b'-- Up-to-date: /home/fcanof/vanttec_sdv/install/vectornav_msgs/include/vectornav_msgs/vectornav_msgs/action/detail/mag_cal__rosidl_typesupport_introspection_c.h\n'}
[0.799815] (vectornav_msgs) StdoutLine: {'line': b'-- Up-to-date: /home/fcanof/vanttec_sdv/install/vectornav_msgs/include/vectornav_msgs/vectornav_msgs/msg\n'}
[0.799922] (vectornav_msgs) StdoutLine: {'line': b'-- Up-to-date: /home/fcanof/vanttec_sdv/install/vectornav_msgs/include/vectornav_msgs/vectornav_msgs/msg/detail\n'}
[0.800039] (vectornav_msgs) StdoutLine: {'line': b'-- Up-to-date: /home/fcanof/vanttec_sdv/install/vectornav_msgs/include/vectornav_msgs/vectornav_msgs/msg/detail/time_status__type_support.c\n'}
[0.800156] (vectornav_msgs) StdoutLine: {'line': b'-- Up-to-date: /home/fcanof/vanttec_sdv/install/vectornav_msgs/include/vectornav_msgs/vectornav_msgs/msg/detail/time_utc__rosidl_typesupport_introspection_c.h\n'}
[0.800260] (vectornav_msgs) StdoutLine: {'line': b'-- Up-to-date: /home/fcanof/vanttec_sdv/install/vectornav_msgs/include/vectornav_msgs/vectornav_msgs/msg/detail/time_utc__type_support.c\n'}
[0.800363] (vectornav_msgs) StdoutLine: {'line': b'-- Up-to-date: /home/fcanof/vanttec_sdv/install/vectornav_msgs/include/vectornav_msgs/vectornav_msgs/msg/detail/gps_group__type_support.c\n'}
[0.800469] (vectornav_msgs) StdoutLine: {'line': b'-- Up-to-date: /home/fcanof/vanttec_sdv/install/vectornav_msgs/include/vectornav_msgs/vectornav_msgs/msg/detail/time_group__type_support.c\n'}
[0.800576] (vectornav_msgs) StdoutLine: {'line': b'-- Up-to-date: /home/fcanof/vanttec_sdv/install/vectornav_msgs/include/vectornav_msgs/vectornav_msgs/msg/detail/common_group__rosidl_typesupport_introspection_c.h\n'}
[0.800685] (vectornav_msgs) StdoutLine: {'line': b'-- Up-to-date: /home/fcanof/vanttec_sdv/install/vectornav_msgs/include/vectornav_msgs/vectornav_msgs/msg/detail/attitude_group__type_support.c\n'}
[0.800789] (vectornav_msgs) StdoutLine: {'line': b'-- Up-to-date: /home/fcanof/vanttec_sdv/install/vectornav_msgs/include/vectornav_msgs/vectornav_msgs/msg/detail/vpe_status__type_support.c\n'}
[0.800907] (vectornav_msgs) StdoutLine: {'line': b'-- Up-to-date: /home/fcanof/vanttec_sdv/install/vectornav_msgs/include/vectornav_msgs/vectornav_msgs/msg/detail/vpe_status__rosidl_typesupport_introspection_c.h\n'}
[0.801011] (vectornav_msgs) StdoutLine: {'line': b'-- Up-to-date: /home/fcanof/vanttec_sdv/install/vectornav_msgs/include/vectornav_msgs/vectornav_msgs/msg/detail/ins_group__rosidl_typesupport_introspection_c.h\n'}
[0.801118] (-) TimerEvent: {}
[0.801241] (vectornav_msgs) StdoutLine: {'line': b'-- Up-to-date: /home/fcanof/vanttec_sdv/install/vectornav_msgs/include/vectornav_msgs/vectornav_msgs/msg/detail/ins_group__type_support.c\n'}
[0.801448] (vectornav_msgs) StdoutLine: {'line': b'-- Up-to-date: /home/fcanof/vanttec_sdv/install/vectornav_msgs/include/vectornav_msgs/vectornav_msgs/msg/detail/ins_status__type_support.c\n'}
[0.801599] (vectornav_msgs) StdoutLine: {'line': b'-- Up-to-date: /home/fcanof/vanttec_sdv/install/vectornav_msgs/include/vectornav_msgs/vectornav_msgs/msg/detail/attitude_group__rosidl_typesupport_introspection_c.h\n'}
[0.801733] (vectornav_msgs) StdoutLine: {'line': b'-- Up-to-date: /home/fcanof/vanttec_sdv/install/vectornav_msgs/include/vectornav_msgs/vectornav_msgs/msg/detail/imu_group__rosidl_typesupport_introspection_c.h\n'}
[0.801887] (vectornav_msgs) StdoutLine: {'line': b'-- Up-to-date: /home/fcanof/vanttec_sdv/install/vectornav_msgs/include/vectornav_msgs/vectornav_msgs/msg/detail/time_status__rosidl_typesupport_introspection_c.h\n'}
[0.802053] (vectornav_msgs) StdoutLine: {'line': b'-- Up-to-date: /home/fcanof/vanttec_sdv/install/vectornav_msgs/include/vectornav_msgs/vectornav_msgs/msg/detail/dop__type_support.c\n'}
[0.802222] (vectornav_msgs) StdoutLine: {'line': b'-- Up-to-date: /home/fcanof/vanttec_sdv/install/vectornav_msgs/include/vectornav_msgs/vectornav_msgs/msg/detail/imu_group__type_support.c\n'}
[0.802364] (vectornav_msgs) StdoutLine: {'line': b'-- Up-to-date: /home/fcanof/vanttec_sdv/install/vectornav_msgs/include/vectornav_msgs/vectornav_msgs/msg/detail/ins_status__rosidl_typesupport_introspection_c.h\n'}
[0.802482] (vectornav_msgs) StdoutLine: {'line': b'-- Up-to-date: /home/fcanof/vanttec_sdv/install/vectornav_msgs/include/vectornav_msgs/vectornav_msgs/msg/detail/dop__rosidl_typesupport_introspection_c.h\n'}
[0.802594] (vectornav_msgs) StdoutLine: {'line': b'-- Up-to-date: /home/fcanof/vanttec_sdv/install/vectornav_msgs/include/vectornav_msgs/vectornav_msgs/msg/detail/common_group__type_support.c\n'}
[0.802711] (vectornav_msgs) StdoutLine: {'line': b'-- Up-to-date: /home/fcanof/vanttec_sdv/install/vectornav_msgs/include/vectornav_msgs/vectornav_msgs/msg/detail/gps_group__rosidl_typesupport_introspection_c.h\n'}
[0.802909] (vectornav_msgs) StdoutLine: {'line': b'-- Up-to-date: /home/fcanof/vanttec_sdv/install/vectornav_msgs/include/vectornav_msgs/vectornav_msgs/msg/detail/time_group__rosidl_typesupport_introspection_c.h\n'}
[0.803087] (vectornav_msgs) StdoutLine: {'line': b'-- Up-to-date: /home/fcanof/vanttec_sdv/install/vectornav_msgs/include/vectornav_msgs/vectornav_msgs/msg/rosidl_typesupport_introspection_c__visibility_control.h\n'}
[0.803256] (vectornav_msgs) StdoutLine: {'line': b'-- Up-to-date: /home/fcanof/vanttec_sdv/install/vectornav_msgs/lib/libvectornav_msgs__rosidl_typesupport_introspection_c.so\n'}
[0.803425] (vectornav_msgs) StdoutLine: {'line': b'-- Up-to-date: /home/fcanof/vanttec_sdv/install/vectornav_msgs/lib/libvectornav_msgs__rosidl_typesupport_c.so\n'}
[0.803588] (vectornav_msgs) StdoutLine: {'line': b'-- Up-to-date: /home/fcanof/vanttec_sdv/install/vectornav_msgs/include/vectornav_msgs/vectornav_msgs\n'}
[0.803762] (vectornav_msgs) StdoutLine: {'line': b'-- Up-to-date: /home/fcanof/vanttec_sdv/install/vectornav_msgs/include/vectornav_msgs/vectornav_msgs/action\n'}
[0.803928] (vectornav_msgs) StdoutLine: {'line': b'-- Up-to-date: /home/fcanof/vanttec_sdv/install/vectornav_msgs/include/vectornav_msgs/vectornav_msgs/action/detail\n'}
[0.804070] (vectornav_msgs) StdoutLine: {'line': b'-- Up-to-date: /home/fcanof/vanttec_sdv/install/vectornav_msgs/include/vectornav_msgs/vectornav_msgs/action/detail/mag_cal__type_support.cpp\n'}
[0.804216] (vectornav_msgs) StdoutLine: {'line': b'-- Up-to-date: /home/fcanof/vanttec_sdv/install/vectornav_msgs/include/vectornav_msgs/vectornav_msgs/action/detail/mag_cal__rosidl_typesupport_introspection_cpp.hpp\n'}
[0.804364] (vectornav_msgs) StdoutLine: {'line': b'-- Up-to-date: /home/fcanof/vanttec_sdv/install/vectornav_msgs/include/vectornav_msgs/vectornav_msgs/msg\n'}
[0.804509] (vectornav_msgs) StdoutLine: {'line': b'-- Up-to-date: /home/fcanof/vanttec_sdv/install/vectornav_msgs/include/vectornav_msgs/vectornav_msgs/msg/detail\n'}
[0.804658] (vectornav_msgs) StdoutLine: {'line': b'-- Up-to-date: /home/fcanof/vanttec_sdv/install/vectornav_msgs/include/vectornav_msgs/vectornav_msgs/msg/detail/imu_group__rosidl_typesupport_introspection_cpp.hpp\n'}
[0.804788] (vectornav_msgs) StdoutLine: {'line': b'-- Up-to-date: /home/fcanof/vanttec_sdv/install/vectornav_msgs/include/vectornav_msgs/vectornav_msgs/msg/detail/time_status__rosidl_typesupport_introspection_cpp.hpp\n'}
[0.804916] (vectornav_msgs) StdoutLine: {'line': b'-- Up-to-date: /home/fcanof/vanttec_sdv/install/vectornav_msgs/include/vectornav_msgs/vectornav_msgs/msg/detail/time_status__type_support.cpp\n'}
[0.805080] (vectornav_msgs) StdoutLine: {'line': b'-- Up-to-date: /home/fcanof/vanttec_sdv/install/vectornav_msgs/include/vectornav_msgs/vectornav_msgs/msg/detail/attitude_group__type_support.cpp\n'}
[0.805265] (vectornav_msgs) StdoutLine: {'line': b'-- Up-to-date: /home/fcanof/vanttec_sdv/install/vectornav_msgs/include/vectornav_msgs/vectornav_msgs/msg/detail/vpe_status__type_support.cpp\n'}
[0.805435] (vectornav_msgs) StdoutLine: {'line': b'-- Up-to-date: /home/fcanof/vanttec_sdv/install/vectornav_msgs/include/vectornav_msgs/vectornav_msgs/msg/detail/ins_group__rosidl_typesupport_introspection_cpp.hpp\n'}
[0.805603] (vectornav_msgs) StdoutLine: {'line': b'-- Up-to-date: /home/fcanof/vanttec_sdv/install/vectornav_msgs/include/vectornav_msgs/vectornav_msgs/msg/detail/common_group__rosidl_typesupport_introspection_cpp.hpp\n'}
[0.805794] (vectornav_msgs) StdoutLine: {'line': b'-- Up-to-date: /home/fcanof/vanttec_sdv/install/vectornav_msgs/include/vectornav_msgs/vectornav_msgs/msg/detail/imu_group__type_support.cpp\n'}
[0.805912] (vectornav_msgs) StdoutLine: {'line': b'-- Up-to-date: /home/fcanof/vanttec_sdv/install/vectornav_msgs/include/vectornav_msgs/vectornav_msgs/msg/detail/gps_group__rosidl_typesupport_introspection_cpp.hpp\n'}
[0.806048] (vectornav_msgs) StdoutLine: {'line': b'-- Up-to-date: /home/fcanof/vanttec_sdv/install/vectornav_msgs/include/vectornav_msgs/vectornav_msgs/msg/detail/ins_status__rosidl_typesupport_introspection_cpp.hpp\n'}
[0.806142] (vectornav_msgs) StdoutLine: {'line': b'-- Up-to-date: /home/fcanof/vanttec_sdv/install/vectornav_msgs/include/vectornav_msgs/vectornav_msgs/msg/detail/attitude_group__rosidl_typesupport_introspection_cpp.hpp\n'}
[0.806233] (vectornav_msgs) StdoutLine: {'line': b'-- Up-to-date: /home/fcanof/vanttec_sdv/install/vectornav_msgs/include/vectornav_msgs/vectornav_msgs/msg/detail/common_group__type_support.cpp\n'}
[0.806310] (vectornav_msgs) StdoutLine: {'line': b'-- Up-to-date: /home/fcanof/vanttec_sdv/install/vectornav_msgs/include/vectornav_msgs/vectornav_msgs/msg/detail/dop__type_support.cpp\n'}
[0.806426] (vectornav_msgs) StdoutLine: {'line': b'-- Up-to-date: /home/fcanof/vanttec_sdv/install/vectornav_msgs/include/vectornav_msgs/vectornav_msgs/msg/detail/time_utc__type_support.cpp\n'}
[0.806521] (vectornav_msgs) StdoutLine: {'line': b'-- Up-to-date: /home/fcanof/vanttec_sdv/install/vectornav_msgs/include/vectornav_msgs/vectornav_msgs/msg/detail/vpe_status__rosidl_typesupport_introspection_cpp.hpp\n'}
[0.806588] (vectornav_msgs) StdoutLine: {'line': b'-- Up-to-date: /home/fcanof/vanttec_sdv/install/vectornav_msgs/include/vectornav_msgs/vectornav_msgs/msg/detail/time_group__rosidl_typesupport_introspection_cpp.hpp\n'}
[0.806753] (sdv_msgs) JobProgress: {'identifier': 'sdv_msgs', 'progress': 'install'}
[0.806819] (vectornav_msgs) StdoutLine: {'line': b'-- Up-to-date: /home/fcanof/vanttec_sdv/install/vectornav_msgs/include/vectornav_msgs/vectornav_msgs/msg/detail/dop__rosidl_typesupport_introspection_cpp.hpp\n'}
[0.806964] (vectornav_msgs) StdoutLine: {'line': b'-- Up-to-date: /home/fcanof/vanttec_sdv/install/vectornav_msgs/include/vectornav_msgs/vectornav_msgs/msg/detail/time_group__type_support.cpp\n'}
[0.807034] (vectornav_msgs) StdoutLine: {'line': b'-- Up-to-date: /home/fcanof/vanttec_sdv/install/vectornav_msgs/include/vectornav_msgs/vectornav_msgs/msg/detail/gps_group__type_support.cpp\n'}
[0.807168] (vectornav_msgs) StdoutLine: {'line': b'-- Up-to-date: /home/fcanof/vanttec_sdv/install/vectornav_msgs/include/vectornav_msgs/vectornav_msgs/msg/detail/time_utc__rosidl_typesupport_introspection_cpp.hpp\n'}
[0.807231] (vectornav_msgs) StdoutLine: {'line': b'-- Up-to-date: /home/fcanof/vanttec_sdv/install/vectornav_msgs/include/vectornav_msgs/vectornav_msgs/msg/detail/ins_group__type_support.cpp\n'}
[0.807295] (vectornav_msgs) StdoutLine: {'line': b'-- Up-to-date: /home/fcanof/vanttec_sdv/install/vectornav_msgs/include/vectornav_msgs/vectornav_msgs/msg/detail/ins_status__type_support.cpp\n'}
[0.807359] (vectornav_msgs) StdoutLine: {'line': b'-- Up-to-date: /home/fcanof/vanttec_sdv/install/vectornav_msgs/lib/libvectornav_msgs__rosidl_typesupport_introspection_cpp.so\n'}
[0.807423] (vectornav_msgs) StdoutLine: {'line': b'-- Up-to-date: /home/fcanof/vanttec_sdv/install/vectornav_msgs/lib/libvectornav_msgs__rosidl_typesupport_cpp.so\n'}
[0.807487] (vectornav_msgs) StdoutLine: {'line': b'-- Up-to-date: /home/fcanof/vanttec_sdv/install/vectornav_msgs/share/vectornav_msgs/environment/pythonpath.sh\n'}
[0.807553] (sdv_msgs) Command: {'cmd': ['/usr/bin/cmake', '--install', '/home/fcanof/vanttec_sdv/build/sdv_msgs'], 'cwd': '/home/fcanof/vanttec_sdv/build/sdv_msgs', 'env': OrderedDict([('GJS_DEBUG_TOPICS', 'JS ERROR;JS LOG'), ('LESSOPEN', '| /usr/bin/lesspipe %s'), ('USER', 'fcanof'), ('LC_TIME', 'es_MX.UTF-8'), ('GIO_MODULE_DIR', '/home/fcanof/snap/code/common/.cache/gio-modules'), ('XDG_SESSION_TYPE', 'x11'), ('GIT_ASKPASS', '/snap/code/154/usr/share/code/resources/app/extensions/git/dist/askpass.sh'), ('GTK_EXE_PREFIX_VSCODE_SNAP_ORIG', ''), ('GDK_BACKEND_VSCODE_SNAP_ORIG', ''), ('SHLVL', '1'), ('LD_LIBRARY_PATH', '/home/fcanof/vanttec_sdv/install/vectornav_msgs/lib:/home/fcanof/vanttec_sdv/install/sdv_msgs/lib:/opt/ros/humble/opt/rviz_ogre_vendor/lib:/opt/ros/humble/lib/x86_64-linux-gnu:/opt/ros/humble/lib'), ('HOME', '/home/fcanof'), ('CHROME_DESKTOP', 'code-url-handler.desktop'), ('LOCPATH_VSCODE_SNAP_ORIG', ''), ('TERM_PROGRAM_VERSION', '1.87.1'), ('DESKTOP_SESSION', 'ubuntu'), ('GTK_PATH', '/snap/code/154/usr/lib/x86_64-linux-gnu/gtk-3.0'), ('GTK_IM_MODULE_FILE', '/home/fcanof/snap/code/common/.cache/immodules/immodules.cache'), ('GIO_LAUNCHED_DESKTOP_FILE', '/var/lib/snapd/desktop/applications/code_code.desktop'), ('ROS_PYTHON_VERSION', '3'), ('GNOME_SHELL_SESSION_MODE', 'ubuntu'), ('GTK_MODULES', 'gail:atk-bridge'), ('GSETTINGS_SCHEMA_DIR_VSCODE_SNAP_ORIG', ''), ('VSCODE_GIT_ASKPASS_MAIN', '/snap/code/154/usr/share/code/resources/app/extensions/git/dist/askpass-main.js'), ('LC_MONETARY', 'es_MX.UTF-8'), ('VSCODE_GIT_ASKPASS_NODE', '/snap/code/154/usr/share/code/code'), ('MANAGERPID', '2223'), ('SYSTEMD_EXEC_PID', '2758'), ('DBUS_SESSION_BUS_ADDRESS', 'unix:path=/run/user/1000/bus'), ('COLORTERM', 'truecolor'), ('GIO_LAUNCHED_DESKTOP_FILE_PID', '50274'), ('COLCON_PREFIX_PATH', '/home/fcanof/vanttec_sdv/install'), ('ROS_DISTRO', 'humble'), ('GTK_IM_MODULE', 'ibus'), ('LOGNAME', 'fcanof'), ('JOURNAL_STREAM', '8:41161'), ('_', '/usr/bin/colcon'), ('ROS_VERSION', '2'), ('XDG_CONFIG_DIRS_VSCODE_SNAP_ORIG', '/etc/xdg/xdg-ubuntu:/etc/xdg'), ('XDG_SESSION_CLASS', 'user'), ('XDG_DATA_DIRS_VSCODE_SNAP_ORIG', '/usr/share/ubuntu:/usr/share/gnome:/usr/local/share/:/usr/share/:/var/lib/snapd/desktop'), ('USERNAME', 'fcanof'), ('TERM', 'xterm-256color'), ('GNOME_DESKTOP_SESSION_ID', 'this-is-deprecated'), ('ROS_LOCALHOST_ONLY', '1'), ('WINDOWPATH', '2'), ('PATH', '/home/fcanof/.local/bin:/opt/ros/humble/bin:/home/fcanof/.local/bin:/usr/local/sbin:/usr/local/bin:/usr/sbin:/usr/bin:/sbin:/bin:/usr/games:/usr/local/games:/snap/bin:/snap/bin'), ('SESSION_MANAGER', 'local/fcanof:@/tmp/.ICE-unix/2736,unix/fcanof:/tmp/.ICE-unix/2736'), ('GTK_EXE_PREFIX', '/snap/code/154/usr'), ('INVOCATION_ID', '4c90a3b36feb4d8c9cb26423b3ecfd5d'), ('XDG_MENU_PREFIX', 'gnome-'), ('LC_ADDRESS', 'es_MX.UTF-8'), ('BAMF_DESKTOP_FILE_HINT', '/var/lib/snapd/desktop/applications/code_code.desktop'), ('XDG_RUNTIME_DIR', '/run/user/1000'), ('GDK_BACKEND', 'x11'), ('DISPLAY', ':1'), ('LOCPATH', '/snap/code/154/usr/lib/locale'), ('LANG', 'en_US.UTF-8'), ('XDG_CURRENT_DESKTOP', 'Unity'), ('LC_TELEPHONE', 'es_MX.UTF-8'), ('GIO_MODULE_DIR_VSCODE_SNAP_ORIG', ''), ('XMODIFIERS', '@im=ibus'), ('XDG_SESSION_DESKTOP', 'ubuntu'), ('XAUTHORITY', '/run/user/1000/gdm/Xauthority'), ('LS_COLORS', 'rs=0:di=01;34:ln=01;36:mh=00:pi=40;33:so=01;35:do=01;35:bd=40;33;01:cd=40;33;01:or=40;31;01:mi=00:su=37;41:sg=30;43:ca=30;41:tw=30;42:ow=34;42:st=37;44:ex=01;32:*.tar=01;31:*.tgz=01;31:*.arc=01;31:*.arj=01;31:*.taz=01;31:*.lha=01;31:*.lz4=01;31:*.lzh=01;31:*.lzma=01;31:*.tlz=01;31:*.txz=01;31:*.tzo=01;31:*.t7z=01;31:*.zip=01;31:*.z=01;31:*.dz=01;31:*.gz=01;31:*.lrz=01;31:*.lz=01;31:*.lzo=01;31:*.xz=01;31:*.zst=01;31:*.tzst=01;31:*.bz2=01;31:*.bz=01;31:*.tbz=01;31:*.tbz2=01;31:*.tz=01;31:*.deb=01;31:*.rpm=01;31:*.jar=01;31:*.war=01;31:*.ear=01;31:*.sar=01;31:*.rar=01;31:*.alz=01;31:*.ace=01;31:*.zoo=01;31:*.cpio=01;31:*.7z=01;31:*.rz=01;31:*.cab=01;31:*.wim=01;31:*.swm=01;31:*.dwm=01;31:*.esd=01;31:*.jpg=01;35:*.jpeg=01;35:*.mjpg=01;35:*.mjpeg=01;35:*.gif=01;35:*.bmp=01;35:*.pbm=01;35:*.pgm=01;35:*.ppm=01;35:*.tga=01;35:*.xbm=01;35:*.xpm=01;35:*.tif=01;35:*.tiff=01;35:*.png=01;35:*.svg=01;35:*.svgz=01;35:*.mng=01;35:*.pcx=01;35:*.mov=01;35:*.mpg=01;35:*.mpeg=01;35:*.m2v=01;35:*.mkv=01;35:*.webm=01;35:*.webp=01;35:*.ogm=01;35:*.mp4=01;35:*.m4v=01;35:*.mp4v=01;35:*.vob=01;35:*.qt=01;35:*.nuv=01;35:*.wmv=01;35:*.asf=01;35:*.rm=01;35:*.rmvb=01;35:*.flc=01;35:*.avi=01;35:*.fli=01;35:*.flv=01;35:*.gl=01;35:*.dl=01;35:*.xcf=01;35:*.xwd=01;35:*.yuv=01;35:*.cgm=01;35:*.emf=01;35:*.ogv=01;35:*.ogx=01;35:*.aac=00;36:*.au=00;36:*.flac=00;36:*.m4a=00;36:*.mid=00;36:*.midi=00;36:*.mka=00;36:*.mp3=00;36:*.mpc=00;36:*.ogg=00;36:*.ra=00;36:*.wav=00;36:*.oga=00;36:*.opus=00;36:*.spx=00;36:*.xspf=00;36:'), ('VSCODE_GIT_IPC_HANDLE', '/run/user/1000/vscode-git-676dc8d9e0.sock'), ('TERM_PROGRAM', 'vscode'), ('SSH_AGENT_LAUNCHER', 'gnome-keyring'), ('SSH_AUTH_SOCK', '/run/user/1000/keyring/ssh'), ('GSETTINGS_SCHEMA_DIR', '/home/fcanof/snap/code/154/.local/share/glib-2.0/schemas'), ('ROS_DOMAIN_ID', '8'), ('AMENT_PREFIX_PATH', '/home/fcanof/vanttec_sdv/install/sdv_can:/home/fcanof/vanttec_sdv/install/vectornav_msgs:/home/fcanof/vanttec_sdv/install/sdv_msgs:/opt/ros/humble'), ('ORIGINAL_XDG_CURRENT_DESKTOP', 'ubuntu:GNOME'), ('SHELL', '/bin/bash'), ('LC_NAME', 'es_MX.UTF-8'), ('QT_ACCESSIBILITY', '1'), ('GDMSESSION', 'ubuntu'), ('LESSCLOSE', '/usr/bin/lesspipe %s %s'), ('GTK_PATH_VSCODE_SNAP_ORIG', ''), ('GTK_IM_MODULE_FILE_VSCODE_SNAP_ORIG', ''), ('LC_MEASUREMENT', 'es_MX.UTF-8'), ('GPG_AGENT_INFO', '/run/user/1000/gnupg/S.gpg-agent:0:1'), ('GJS_DEBUG_OUTPUT', 'stderr'), ('LC_IDENTIFICATION', 'es_MX.UTF-8'), ('VSCODE_GIT_ASKPASS_EXTRA_ARGS', ''), ('QT_IM_MODULE', 'ibus'), ('PWD', '/home/fcanof/vanttec_sdv/build/sdv_msgs'), ('LC_ALL', 'en_US.UTF-8'), ('XDG_CONFIG_DIRS', '/etc/xdg/xdg-ubuntu:/etc/xdg'), ('XDG_DATA_DIRS', '/home/fcanof/snap/code/154/.local/share:/home/fcanof/snap/code/154:/snap/code/154/usr/share:/usr/share/ubuntu:/usr/share/gnome:/usr/local/share/:/usr/share/:/var/lib/snapd/desktop'), ('PYTHONPATH', '/home/fcanof/vanttec_sdv/install/vectornav_msgs/local/lib/python3.10/dist-packages:/home/fcanof/vanttec_sdv/install/sdv_msgs/local/lib/python3.10/dist-packages:/opt/ros/humble/lib/python3.10/site-packages:/opt/ros/humble/local/lib/python3.10/dist-packages'), ('LC_NUMERIC', 'es_MX.UTF-8'), ('LC_PAPER', 'es_MX.UTF-8'), ('COLCON', '1'), ('CMAKE_PREFIX_PATH', '/home/fcanof/vanttec_sdv/install/sdv_can:/home/fcanof/vanttec_sdv/install/vectornav_msgs:/home/fcanof/vanttec_sdv/install/sdv_msgs:/opt/ros/humble')]), 'shell': False}
[0.808054] (vectornav_msgs) StdoutLine: {'line': b'-- Up-to-date: /home/fcanof/vanttec_sdv/install/vectornav_msgs/share/vectornav_msgs/environment/pythonpath.dsv\n'}
[0.808151] (vectornav_msgs) StdoutLine: {'line': b'-- Up-to-date: /home/fcanof/vanttec_sdv/install/vectornav_msgs/local/lib/python3.10/dist-packages/vectornav_msgs-3.0.0-py3.10.egg-info\n'}
[0.808227] (vectornav_msgs) StdoutLine: {'line': b'-- Installing: /home/fcanof/vanttec_sdv/install/vectornav_msgs/local/lib/python3.10/dist-packages/vectornav_msgs-3.0.0-py3.10.egg-info/PKG-INFO\n'}
[0.808295] (vectornav_msgs) StdoutLine: {'line': b'-- Installing: /home/fcanof/vanttec_sdv/install/vectornav_msgs/local/lib/python3.10/dist-packages/vectornav_msgs-3.0.0-py3.10.egg-info/top_level.txt\n'}
[0.808361] (vectornav_msgs) StdoutLine: {'line': b'-- Installing: /home/fcanof/vanttec_sdv/install/vectornav_msgs/local/lib/python3.10/dist-packages/vectornav_msgs-3.0.0-py3.10.egg-info/SOURCES.txt\n'}
[0.808426] (vectornav_msgs) StdoutLine: {'line': b'-- Installing: /home/fcanof/vanttec_sdv/install/vectornav_msgs/local/lib/python3.10/dist-packages/vectornav_msgs-3.0.0-py3.10.egg-info/dependency_links.txt\n'}
[0.808553] (vectornav_msgs) StdoutLine: {'line': b'-- Up-to-date: /home/fcanof/vanttec_sdv/install/vectornav_msgs/local/lib/python3.10/dist-packages/vectornav_msgs\n'}
[0.808619] (vectornav_msgs) StdoutLine: {'line': b'-- Up-to-date: /home/fcanof/vanttec_sdv/install/vectornav_msgs/local/lib/python3.10/dist-packages/vectornav_msgs/action\n'}
[0.808685] (vectornav_msgs) StdoutLine: {'line': b'-- Up-to-date: /home/fcanof/vanttec_sdv/install/vectornav_msgs/local/lib/python3.10/dist-packages/vectornav_msgs/action/_mag_cal.py\n'}
[0.808750] (vectornav_msgs) StdoutLine: {'line': b'-- Up-to-date: /home/fcanof/vanttec_sdv/install/vectornav_msgs/local/lib/python3.10/dist-packages/vectornav_msgs/action/_mag_cal_s.c\n'}
[0.808816] (vectornav_msgs) StdoutLine: {'line': b'-- Up-to-date: /home/fcanof/vanttec_sdv/install/vectornav_msgs/local/lib/python3.10/dist-packages/vectornav_msgs/action/__init__.py\n'}
[0.808881] (vectornav_msgs) StdoutLine: {'line': b'-- Up-to-date: /home/fcanof/vanttec_sdv/install/vectornav_msgs/local/lib/python3.10/dist-packages/vectornav_msgs/_vectornav_msgs_s.ep.rosidl_typesupport_introspection_c.c\n'}
[0.808945] (vectornav_msgs) StdoutLine: {'line': b'-- Up-to-date: /home/fcanof/vanttec_sdv/install/vectornav_msgs/local/lib/python3.10/dist-packages/vectornav_msgs/libvectornav_msgs__rosidl_generator_py.so\n'}
[0.809009] (vectornav_msgs) StdoutLine: {'line': b'-- Up-to-date: /home/fcanof/vanttec_sdv/install/vectornav_msgs/local/lib/python3.10/dist-packages/vectornav_msgs/_vectornav_msgs_s.ep.rosidl_typesupport_c.c\n'}
[0.809097] (vectornav_msgs) StdoutLine: {'line': b'-- Up-to-date: /home/fcanof/vanttec_sdv/install/vectornav_msgs/local/lib/python3.10/dist-packages/vectornav_msgs/_vectornav_msgs_s.ep.rosidl_typesupport_fastrtps_c.c\n'}
[0.809166] (vectornav_msgs) StdoutLine: {'line': b'-- Up-to-date: /home/fcanof/vanttec_sdv/install/vectornav_msgs/local/lib/python3.10/dist-packages/vectornav_msgs/msg\n'}
[0.809230] (vectornav_msgs) StdoutLine: {'line': b'-- Up-to-date: /home/fcanof/vanttec_sdv/install/vectornav_msgs/local/lib/python3.10/dist-packages/vectornav_msgs/msg/_ins_group.py\n'}
[0.809295] (vectornav_msgs) StdoutLine: {'line': b'-- Up-to-date: /home/fcanof/vanttec_sdv/install/vectornav_msgs/local/lib/python3.10/dist-packages/vectornav_msgs/msg/_time_status.py\n'}
[0.809358] (vectornav_msgs) StdoutLine: {'line': b'-- Up-to-date: /home/fcanof/vanttec_sdv/install/vectornav_msgs/local/lib/python3.10/dist-packages/vectornav_msgs/msg/_common_group.py\n'}
[0.809422] (vectornav_msgs) StdoutLine: {'line': b'-- Up-to-date: /home/fcanof/vanttec_sdv/install/vectornav_msgs/local/lib/python3.10/dist-packages/vectornav_msgs/msg/_vpe_status.py\n'}
[0.809485] (vectornav_msgs) StdoutLine: {'line': b'-- Up-to-date: /home/fcanof/vanttec_sdv/install/vectornav_msgs/local/lib/python3.10/dist-packages/vectornav_msgs/msg/_imu_group_s.c\n'}
[0.809549] (vectornav_msgs) StdoutLine: {'line': b'-- Up-to-date: /home/fcanof/vanttec_sdv/install/vectornav_msgs/local/lib/python3.10/dist-packages/vectornav_msgs/msg/_ins_group_s.c\n'}
[0.809611] (vectornav_msgs) StdoutLine: {'line': b'-- Up-to-date: /home/fcanof/vanttec_sdv/install/vectornav_msgs/local/lib/python3.10/dist-packages/vectornav_msgs/msg/_attitude_group_s.c\n'}
[0.809803] (vectornav_msgs) StdoutLine: {'line': b'-- Up-to-date: /home/fcanof/vanttec_sdv/install/vectornav_msgs/local/lib/python3.10/dist-packages/vectornav_msgs/msg/_time_utc.py\n'}
[0.809865] (vectornav_msgs) StdoutLine: {'line': b'-- Up-to-date: /home/fcanof/vanttec_sdv/install/vectornav_msgs/local/lib/python3.10/dist-packages/vectornav_msgs/msg/_ins_status_s.c\n'}
[0.809926] (vectornav_msgs) StdoutLine: {'line': b'-- Up-to-date: /home/fcanof/vanttec_sdv/install/vectornav_msgs/local/lib/python3.10/dist-packages/vectornav_msgs/msg/_time_group_s.c\n'}
[0.809986] (vectornav_msgs) StdoutLine: {'line': b'-- Up-to-date: /home/fcanof/vanttec_sdv/install/vectornav_msgs/local/lib/python3.10/dist-packages/vectornav_msgs/msg/_dop.py\n'}
[0.810051] (vectornav_msgs) StdoutLine: {'line': b'-- Up-to-date: /home/fcanof/vanttec_sdv/install/vectornav_msgs/local/lib/python3.10/dist-packages/vectornav_msgs/msg/_time_status_s.c\n'}
[0.810149] (vectornav_msgs) StdoutLine: {'line': b'-- Up-to-date: /home/fcanof/vanttec_sdv/install/vectornav_msgs/local/lib/python3.10/dist-packages/vectornav_msgs/msg/_time_utc_s.c\n'}
[0.810215] (vectornav_msgs) StdoutLine: {'line': b'-- Up-to-date: /home/fcanof/vanttec_sdv/install/vectornav_msgs/local/lib/python3.10/dist-packages/vectornav_msgs/msg/_vpe_status_s.c\n'}
[0.810276] (vectornav_msgs) StdoutLine: {'line': b'-- Up-to-date: /home/fcanof/vanttec_sdv/install/vectornav_msgs/local/lib/python3.10/dist-packages/vectornav_msgs/msg/_imu_group.py\n'}
[0.810365] (vectornav_msgs) StdoutLine: {'line': b'-- Up-to-date: /home/fcanof/vanttec_sdv/install/vectornav_msgs/local/lib/python3.10/dist-packages/vectornav_msgs/msg/_ins_status.py\n'}
[0.810436] (vectornav_msgs) StdoutLine: {'line': b'-- Up-to-date: /home/fcanof/vanttec_sdv/install/vectornav_msgs/local/lib/python3.10/dist-packages/vectornav_msgs/msg/_time_group.py\n'}
[0.810498] (vectornav_msgs) StdoutLine: {'line': b'-- Up-to-date: /home/fcanof/vanttec_sdv/install/vectornav_msgs/local/lib/python3.10/dist-packages/vectornav_msgs/msg/__init__.py\n'}
[0.810560] (vectornav_msgs) StdoutLine: {'line': b'-- Up-to-date: /home/fcanof/vanttec_sdv/install/vectornav_msgs/local/lib/python3.10/dist-packages/vectornav_msgs/msg/_gps_group_s.c\n'}
[0.810621] (vectornav_msgs) StdoutLine: {'line': b'-- Up-to-date: /home/fcanof/vanttec_sdv/install/vectornav_msgs/local/lib/python3.10/dist-packages/vectornav_msgs/msg/_gps_group.py\n'}
[0.810683] (vectornav_msgs) StdoutLine: {'line': b'-- Up-to-date: /home/fcanof/vanttec_sdv/install/vectornav_msgs/local/lib/python3.10/dist-packages/vectornav_msgs/msg/_common_group_s.c\n'}
[0.810758] (vectornav_msgs) StdoutLine: {'line': b'-- Up-to-date: /home/fcanof/vanttec_sdv/install/vectornav_msgs/local/lib/python3.10/dist-packages/vectornav_msgs/msg/_attitude_group.py\n'}
[0.810821] (vectornav_msgs) StdoutLine: {'line': b'-- Up-to-date: /home/fcanof/vanttec_sdv/install/vectornav_msgs/local/lib/python3.10/dist-packages/vectornav_msgs/msg/_dop_s.c\n'}
[0.810884] (vectornav_msgs) StdoutLine: {'line': b'-- Up-to-date: /home/fcanof/vanttec_sdv/install/vectornav_msgs/local/lib/python3.10/dist-packages/vectornav_msgs/vectornav_msgs_s__rosidl_typesupport_fastrtps_c.cpython-310-x86_64-linux-gnu.so\n'}
[0.810949] (vectornav_msgs) StdoutLine: {'line': b'-- Up-to-date: /home/fcanof/vanttec_sdv/install/vectornav_msgs/local/lib/python3.10/dist-packages/vectornav_msgs/vectornav_msgs_s__rosidl_typesupport_introspection_c.cpython-310-x86_64-linux-gnu.so\n'}
[0.811013] (vectornav_msgs) StdoutLine: {'line': b'-- Up-to-date: /home/fcanof/vanttec_sdv/install/vectornav_msgs/local/lib/python3.10/dist-packages/vectornav_msgs/__init__.py\n'}
[0.811081] (vectornav_msgs) StdoutLine: {'line': b'-- Up-to-date: /home/fcanof/vanttec_sdv/install/vectornav_msgs/local/lib/python3.10/dist-packages/vectornav_msgs/vectornav_msgs_s__rosidl_typesupport_c.cpython-310-x86_64-linux-gnu.so\n'}
[0.811146] (sdv_msgs) StdoutLine: {'line': b'-- Install configuration: ""\n'}
[0.811220] (sdv_msgs) StdoutLine: {'line': b'-- Up-to-date: /home/fcanof/vanttec_sdv/install/sdv_msgs/share/ament_index/resource_index/rosidl_interfaces/sdv_msgs\n'}
[0.811285] (sdv_msgs) StdoutLine: {'line': b'-- Up-to-date: /home/fcanof/vanttec_sdv/install/sdv_msgs/include/sdv_msgs/sdv_msgs\n'}
[0.811349] (sdv_msgs) StdoutLine: {'line': b'-- Up-to-date: /home/fcanof/vanttec_sdv/install/sdv_msgs/include/sdv_msgs/sdv_msgs/msg\n'}
[0.811412] (sdv_msgs) StdoutLine: {'line': b'-- Up-to-date: /home/fcanof/vanttec_sdv/install/sdv_msgs/include/sdv_msgs/sdv_msgs/msg/vehicle_info.h\n'}
[0.811475] (sdv_msgs) StdoutLine: {'line': b'-- Up-to-date: /home/fcanof/vanttec_sdv/install/sdv_msgs/include/sdv_msgs/sdv_msgs/msg/detail\n'}
[0.811537] (sdv_msgs) StdoutLine: {'line': b'-- Up-to-date: /home/fcanof/vanttec_sdv/install/sdv_msgs/include/sdv_msgs/sdv_msgs/msg/detail/xbox_msg__struct.h\n'}
[0.811599] (sdv_msgs) StdoutLine: {'line': b'-- Up-to-date: /home/fcanof/vanttec_sdv/install/sdv_msgs/include/sdv_msgs/sdv_msgs/msg/detail/vehicle_control__functions.h\n'}
[0.811662] (sdv_msgs) StdoutLine: {'line': b'-- Up-to-date: /home/fcanof/vanttec_sdv/install/sdv_msgs/include/sdv_msgs/sdv_msgs/msg/detail/status__struct.h\n'}
[0.811725] (sdv_msgs) StdoutLine: {'line': b'-- Up-to-date: /home/fcanof/vanttec_sdv/install/sdv_msgs/include/sdv_msgs/sdv_msgs/msg/detail/thrust_control__functions.c\n'}
[0.811786] (sdv_msgs) StdoutLine: {'line': b'-- Up-to-date: /home/fcanof/vanttec_sdv/install/sdv_msgs/include/sdv_msgs/sdv_msgs/msg/detail/vehicle_info__functions.c\n'}
[0.811848] (sdv_msgs) StdoutLine: {'line': b'-- Up-to-date: /home/fcanof/vanttec_sdv/install/sdv_msgs/include/sdv_msgs/sdv_msgs/msg/detail/panel_msg__functions.c\n'}
[0.811909] (sdv_msgs) StdoutLine: {'line': b'-- Up-to-date: /home/fcanof/vanttec_sdv/install/sdv_msgs/include/sdv_msgs/sdv_msgs/msg/detail/vehicle_control__struct.h\n'}
[0.811969] (sdv_msgs) StdoutLine: {'line': b'-- Up-to-date: /home/fcanof/vanttec_sdv/install/sdv_msgs/include/sdv_msgs/sdv_msgs/msg/detail/vehicle_status__functions.c\n'}
[0.812030] (sdv_msgs) StdoutLine: {'line': b'-- Up-to-date: /home/fcanof/vanttec_sdv/install/sdv_msgs/include/sdv_msgs/sdv_msgs/msg/detail/guidance_waypoints__functions.h\n'}
[0.812092] (sdv_msgs) StdoutLine: {'line': b'-- Up-to-date: /home/fcanof/vanttec_sdv/install/sdv_msgs/include/sdv_msgs/sdv_msgs/msg/detail/collision_event__type_support.h\n'}
[0.812153] (sdv_msgs) StdoutLine: {'line': b'-- Up-to-date: /home/fcanof/vanttec_sdv/install/sdv_msgs/include/sdv_msgs/sdv_msgs/msg/detail/status__type_support.h\n'}
[0.812214] (sdv_msgs) StdoutLine: {'line': b'-- Up-to-date: /home/fcanof/vanttec_sdv/install/sdv_msgs/include/sdv_msgs/sdv_msgs/msg/detail/collision_event__functions.h\n'}
[0.812276] (sdv_msgs) StdoutLine: {'line': b'-- Up-to-date: /home/fcanof/vanttec_sdv/install/sdv_msgs/include/sdv_msgs/sdv_msgs/msg/detail/status__functions.c\n'}
[0.812348] (sdv_msgs) StdoutLine: {'line': b'-- Up-to-date: /home/fcanof/vanttec_sdv/install/sdv_msgs/include/sdv_msgs/sdv_msgs/msg/detail/eta_pose__functions.h\n'}
[0.812411] (sdv_msgs) StdoutLine: {'line': b'-- Up-to-date: /home/fcanof/vanttec_sdv/install/sdv_msgs/include/sdv_msgs/sdv_msgs/msg/detail/system_dynamics__type_support.h\n'}
[0.812473] (sdv_msgs) StdoutLine: {'line': b'-- Up-to-date: /home/fcanof/vanttec_sdv/install/sdv_msgs/include/sdv_msgs/sdv_msgs/msg/detail/vehicle_control__functions.c\n'}
[0.812535] (sdv_msgs) StdoutLine: {'line': b'-- Up-to-date: /home/fcanof/vanttec_sdv/install/sdv_msgs/include/sdv_msgs/sdv_msgs/msg/detail/throttle_msg__struct.h\n'}
[0.812597] (sdv_msgs) StdoutLine: {'line': b'-- Up-to-date: /home/fcanof/vanttec_sdv/install/sdv_msgs/include/sdv_msgs/sdv_msgs/msg/detail/throttle_msg__functions.c\n'}
[0.812658] (sdv_msgs) StdoutLine: {'line': b'-- Up-to-date: /home/fcanof/vanttec_sdv/install/sdv_msgs/include/sdv_msgs/sdv_msgs/msg/detail/vehicle_info_wheel__type_support.h\n'}
[0.812719] (sdv_msgs) StdoutLine: {'line': b'-- Up-to-date: /home/fcanof/vanttec_sdv/install/sdv_msgs/include/sdv_msgs/sdv_msgs/msg/detail/encoder__struct.h\n'}
[0.812785] (sdv_msgs) StdoutLine: {'line': b'-- Up-to-date: /home/fcanof/vanttec_sdv/install/sdv_msgs/include/sdv_msgs/sdv_msgs/msg/detail/vehicle_info__functions.h\n'}
[0.812855] (sdv_msgs) StdoutLine: {'line': b'-- Up-to-date: /home/fcanof/vanttec_sdv/install/sdv_msgs/include/sdv_msgs/sdv_msgs/msg/detail/thrust_control__type_support.h\n'}
[0.812916] (sdv_msgs) StdoutLine: {'line': b'-- Up-to-date: /home/fcanof/vanttec_sdv/install/sdv_msgs/include/sdv_msgs/sdv_msgs/msg/detail/system_dynamics__functions.h\n'}
[0.812976] (sdv_msgs) StdoutLine: {'line': b'-- Up-to-date: /home/fcanof/vanttec_sdv/install/sdv_msgs/include/sdv_msgs/sdv_msgs/msg/detail/panel_msg__type_support.h\n'}
[0.813037] (sdv_msgs) StdoutLine: {'line': b'-- Up-to-date: /home/fcanof/vanttec_sdv/install/sdv_msgs/include/sdv_msgs/sdv_msgs/msg/detail/vehicle_info__type_support.h\n'}
[0.813097] (sdv_msgs) StdoutLine: {'line': b'-- Up-to-date: /home/fcanof/vanttec_sdv/install/sdv_msgs/include/sdv_msgs/sdv_msgs/msg/detail/collision_event__functions.c\n'}
[0.813158] (sdv_msgs) StdoutLine: {'line': b'-- Up-to-date: /home/fcanof/vanttec_sdv/install/sdv_msgs/include/sdv_msgs/sdv_msgs/msg/detail/encoder__type_support.h\n'}
[0.813218] (sdv_msgs) StdoutLine: {'line': b'-- Up-to-date: /home/fcanof/vanttec_sdv/install/sdv_msgs/include/sdv_msgs/sdv_msgs/msg/detail/vehicle_status__functions.h\n'}
[0.813279] (sdv_msgs) StdoutLine: {'line': b'-- Up-to-date: /home/fcanof/vanttec_sdv/install/sdv_msgs/include/sdv_msgs/sdv_msgs/msg/detail/system_dynamics__functions.c\n'}
[0.813357] (sdv_msgs) StdoutLine: {'line': b'-- Up-to-date: /home/fcanof/vanttec_sdv/install/sdv_msgs/include/sdv_msgs/sdv_msgs/msg/detail/lane_invasion_event__struct.h\n'}
[0.813423] (sdv_msgs) StdoutLine: {'line': b'-- Up-to-date: /home/fcanof/vanttec_sdv/install/sdv_msgs/include/sdv_msgs/sdv_msgs/msg/detail/xbox_msg__functions.h\n'}
[0.813484] (sdv_msgs) StdoutLine: {'line': b'-- Up-to-date: /home/fcanof/vanttec_sdv/install/sdv_msgs/include/sdv_msgs/sdv_msgs/msg/detail/throttle_msg__type_support.h\n'}
[0.813545] (sdv_msgs) StdoutLine: {'line': b'-- Up-to-date: /home/fcanof/vanttec_sdv/install/sdv_msgs/include/sdv_msgs/sdv_msgs/msg/detail/xbox_msg__type_support.h\n'}
[0.813605] (sdv_msgs) StdoutLine: {'line': b'-- Up-to-date: /home/fcanof/vanttec_sdv/install/sdv_msgs/include/sdv_msgs/sdv_msgs/msg/detail/vehicle_info_wheel__functions.c\n'}
[0.813666] (sdv_msgs) StdoutLine: {'line': b'-- Up-to-date: /home/fcanof/vanttec_sdv/install/sdv_msgs/include/sdv_msgs/sdv_msgs/msg/detail/xbox_msg__functions.c\n'}
[0.813727] (sdv_msgs) StdoutLine: {'line': b'-- Up-to-date: /home/fcanof/vanttec_sdv/install/sdv_msgs/include/sdv_msgs/sdv_msgs/msg/detail/eta_pose__type_support.h\n'}
[0.813788] (sdv_msgs) StdoutLine: {'line': b'-- Up-to-date: /home/fcanof/vanttec_sdv/install/sdv_msgs/include/sdv_msgs/sdv_msgs/msg/detail/encoder__functions.c\n'}
[0.813849] (sdv_msgs) StdoutLine: {'line': b'-- Up-to-date: /home/fcanof/vanttec_sdv/install/sdv_msgs/include/sdv_msgs/sdv_msgs/msg/detail/lane_invasion_event__functions.h\n'}
[0.813909] (sdv_msgs) StdoutLine: {'line': b'-- Up-to-date: /home/fcanof/vanttec_sdv/install/sdv_msgs/include/sdv_msgs/sdv_msgs/msg/detail/panel_msg__functions.h\n'}
[0.813970] (sdv_msgs) StdoutLine: {'line': b'-- Up-to-date: /home/fcanof/vanttec_sdv/install/sdv_msgs/include/sdv_msgs/sdv_msgs/msg/detail/vehicle_info_wheel__struct.h\n'}
[0.814030] (sdv_msgs) StdoutLine: {'line': b'-- Up-to-date: /home/fcanof/vanttec_sdv/install/sdv_msgs/include/sdv_msgs/sdv_msgs/msg/detail/vehicle_status__type_support.h\n'}
[0.814092] (sdv_msgs) StdoutLine: {'line': b'-- Up-to-date: /home/fcanof/vanttec_sdv/install/sdv_msgs/include/sdv_msgs/sdv_msgs/msg/detail/thrust_control__struct.h\n'}
[0.814153] (sdv_msgs) StdoutLine: {'line': b'-- Up-to-date: /home/fcanof/vanttec_sdv/install/sdv_msgs/include/sdv_msgs/sdv_msgs/msg/detail/vehicle_info_wheel__functions.h\n'}
[0.814214] (sdv_msgs) StdoutLine: {'line': b'-- Up-to-date: /home/fcanof/vanttec_sdv/install/sdv_msgs/include/sdv_msgs/sdv_msgs/msg/detail/eta_pose__struct.h\n'}
[0.814280] (sdv_msgs) StdoutLine: {'line': b'-- Up-to-date: /home/fcanof/vanttec_sdv/install/sdv_msgs/include/sdv_msgs/sdv_msgs/msg/detail/throttle_msg__functions.h\n'}
[0.814356] (sdv_msgs) StdoutLine: {'line': b'-- Up-to-date: /home/fcanof/vanttec_sdv/install/sdv_msgs/include/sdv_msgs/sdv_msgs/msg/detail/vehicle_info__struct.h\n'}
[0.814427] (sdv_msgs) StdoutLine: {'line': b'-- Up-to-date: /home/fcanof/vanttec_sdv/install/sdv_msgs/include/sdv_msgs/sdv_msgs/msg/detail/lane_invasion_event__type_support.h\n'}
[0.814492] (sdv_msgs) StdoutLine: {'line': b'-- Up-to-date: /home/fcanof/vanttec_sdv/install/sdv_msgs/include/sdv_msgs/sdv_msgs/msg/detail/guidance_waypoints__struct.h\n'}
[0.814554] (sdv_msgs) StdoutLine: {'line': b'-- Up-to-date: /home/fcanof/vanttec_sdv/install/sdv_msgs/include/sdv_msgs/sdv_msgs/msg/detail/guidance_waypoints__type_support.h\n'}
[0.814616] (sdv_msgs) StdoutLine: {'line': b'-- Up-to-date: /home/fcanof/vanttec_sdv/install/sdv_msgs/include/sdv_msgs/sdv_msgs/msg/detail/status__functions.h\n'}
[0.814677] (sdv_msgs) StdoutLine: {'line': b'-- Up-to-date: /home/fcanof/vanttec_sdv/install/sdv_msgs/include/sdv_msgs/sdv_msgs/msg/detail/vehicle_control__type_support.h\n'}
[0.814739] (sdv_msgs) StdoutLine: {'line': b'-- Up-to-date: /home/fcanof/vanttec_sdv/install/sdv_msgs/include/sdv_msgs/sdv_msgs/msg/detail/guidance_waypoints__functions.c\n'}
[0.814800] (sdv_msgs) StdoutLine: {'line': b'-- Up-to-date: /home/fcanof/vanttec_sdv/install/sdv_msgs/include/sdv_msgs/sdv_msgs/msg/detail/lane_invasion_event__functions.c\n'}
[0.814861] (sdv_msgs) StdoutLine: {'line': b'-- Up-to-date: /home/fcanof/vanttec_sdv/install/sdv_msgs/include/sdv_msgs/sdv_msgs/msg/detail/vehicle_status__struct.h\n'}
[0.814923] (sdv_msgs) StdoutLine: {'line': b'-- Up-to-date: /home/fcanof/vanttec_sdv/install/sdv_msgs/include/sdv_msgs/sdv_msgs/msg/detail/eta_pose__functions.c\n'}
[0.814991] (sdv_msgs) StdoutLine: {'line': b'-- Up-to-date: /home/fcanof/vanttec_sdv/install/sdv_msgs/include/sdv_msgs/sdv_msgs/msg/detail/panel_msg__struct.h\n'}
[0.815053] (sdv_msgs) StdoutLine: {'line': b'-- Up-to-date: /home/fcanof/vanttec_sdv/install/sdv_msgs/include/sdv_msgs/sdv_msgs/msg/detail/thrust_control__functions.h\n'}
[0.815114] (sdv_msgs) StdoutLine: {'line': b'-- Up-to-date: /home/fcanof/vanttec_sdv/install/sdv_msgs/include/sdv_msgs/sdv_msgs/msg/detail/system_dynamics__struct.h\n'}
[0.815175] (sdv_msgs) StdoutLine: {'line': b'-- Up-to-date: /home/fcanof/vanttec_sdv/install/sdv_msgs/include/sdv_msgs/sdv_msgs/msg/detail/encoder__functions.h\n'}
[0.815236] (sdv_msgs) StdoutLine: {'line': b'-- Up-to-date: /home/fcanof/vanttec_sdv/install/sdv_msgs/include/sdv_msgs/sdv_msgs/msg/detail/collision_event__struct.h\n'}
[0.815298] (sdv_msgs) StdoutLine: {'line': b'-- Up-to-date: /home/fcanof/vanttec_sdv/install/sdv_msgs/include/sdv_msgs/sdv_msgs/msg/vehicle_info_wheel.h\n'}
[0.815360] (sdv_msgs) StdoutLine: {'line': b'-- Up-to-date: /home/fcanof/vanttec_sdv/install/sdv_msgs/include/sdv_msgs/sdv_msgs/msg/encoder.h\n'}
[0.815421] (sdv_msgs) StdoutLine: {'line': b'-- Up-to-date: /home/fcanof/vanttec_sdv/install/sdv_msgs/include/sdv_msgs/sdv_msgs/msg/vehicle_status.h\n'}
[0.815482] (sdv_msgs) StdoutLine: {'line': b'-- Up-to-date: /home/fcanof/vanttec_sdv/install/sdv_msgs/include/sdv_msgs/sdv_msgs/msg/xbox_msg.h\n'}
[0.815543] (sdv_msgs) StdoutLine: {'line': b'-- Up-to-date: /home/fcanof/vanttec_sdv/install/sdv_msgs/include/sdv_msgs/sdv_msgs/msg/panel_msg.h\n'}
[0.815604] (sdv_msgs) StdoutLine: {'line': b'-- Up-to-date: /home/fcanof/vanttec_sdv/install/sdv_msgs/include/sdv_msgs/sdv_msgs/msg/collision_event.h\n'}
[0.815664] (sdv_msgs) StdoutLine: {'line': b'-- Up-to-date: /home/fcanof/vanttec_sdv/install/sdv_msgs/include/sdv_msgs/sdv_msgs/msg/vehicle_control.h\n'}
[0.815724] (sdv_msgs) StdoutLine: {'line': b'-- Up-to-date: /home/fcanof/vanttec_sdv/install/sdv_msgs/include/sdv_msgs/sdv_msgs/msg/throttle_msg.h\n'}
[0.815785] (sdv_msgs) StdoutLine: {'line': b'-- Up-to-date: /home/fcanof/vanttec_sdv/install/sdv_msgs/include/sdv_msgs/sdv_msgs/msg/status.h\n'}
[0.815846] (sdv_msgs) StdoutLine: {'line': b'-- Up-to-date: /home/fcanof/vanttec_sdv/install/sdv_msgs/include/sdv_msgs/sdv_msgs/msg/eta_pose.h\n'}
[0.815914] (sdv_msgs) StdoutLine: {'line': b'-- Up-to-date: /home/fcanof/vanttec_sdv/install/sdv_msgs/include/sdv_msgs/sdv_msgs/msg/guidance_waypoints.h\n'}
[0.815975] (sdv_msgs) StdoutLine: {'line': b'-- Up-to-date: /home/fcanof/vanttec_sdv/install/sdv_msgs/include/sdv_msgs/sdv_msgs/msg/thrust_control.h\n'}
[0.816036] (sdv_msgs) StdoutLine: {'line': b'-- Up-to-date: /home/fcanof/vanttec_sdv/install/sdv_msgs/include/sdv_msgs/sdv_msgs/msg/lane_invasion_event.h\n'}
[0.816097] (sdv_msgs) StdoutLine: {'line': b'-- Up-to-date: /home/fcanof/vanttec_sdv/install/sdv_msgs/include/sdv_msgs/sdv_msgs/msg/rosidl_generator_c__visibility_control.h\n'}
[0.816158] (sdv_msgs) StdoutLine: {'line': b'-- Up-to-date: /home/fcanof/vanttec_sdv/install/sdv_msgs/include/sdv_msgs/sdv_msgs/msg/system_dynamics.h\n'}
[0.816219] (sdv_msgs) StdoutLine: {'line': b'-- Up-to-date: /home/fcanof/vanttec_sdv/install/sdv_msgs/share/sdv_msgs/environment/library_path.sh\n'}
[0.816281] (sdv_msgs) StdoutLine: {'line': b'-- Up-to-date: /home/fcanof/vanttec_sdv/install/sdv_msgs/share/sdv_msgs/environment/library_path.dsv\n'}
[0.816341] (sdv_msgs) StdoutLine: {'line': b'-- Up-to-date: /home/fcanof/vanttec_sdv/install/sdv_msgs/lib/libsdv_msgs__rosidl_generator_c.so\n'}
[0.816406] (sdv_msgs) StdoutLine: {'line': b'-- Up-to-date: /home/fcanof/vanttec_sdv/install/sdv_msgs/include/sdv_msgs/sdv_msgs\n'}
[0.816468] (sdv_msgs) StdoutLine: {'line': b'-- Up-to-date: /home/fcanof/vanttec_sdv/install/sdv_msgs/include/sdv_msgs/sdv_msgs/msg\n'}
[0.816530] (sdv_msgs) StdoutLine: {'line': b'-- Up-to-date: /home/fcanof/vanttec_sdv/install/sdv_msgs/include/sdv_msgs/sdv_msgs/msg/rosidl_typesupport_fastrtps_c__visibility_control.h\n'}
[0.816592] (sdv_msgs) StdoutLine: {'line': b'-- Up-to-date: /home/fcanof/vanttec_sdv/install/sdv_msgs/include/sdv_msgs/sdv_msgs/msg/detail\n'}
[0.816654] (sdv_msgs) StdoutLine: {'line': b'-- Up-to-date: /home/fcanof/vanttec_sdv/install/sdv_msgs/include/sdv_msgs/sdv_msgs/msg/detail/status__rosidl_typesupport_fastrtps_c.h\n'}
[0.816716] (sdv_msgs) StdoutLine: {'line': b'-- Up-to-date: /home/fcanof/vanttec_sdv/install/sdv_msgs/include/sdv_msgs/sdv_msgs/msg/detail/collision_event__rosidl_typesupport_fastrtps_c.h\n'}
[0.816777] (sdv_msgs) StdoutLine: {'line': b'-- Up-to-date: /home/fcanof/vanttec_sdv/install/sdv_msgs/include/sdv_msgs/sdv_msgs/msg/detail/throttle_msg__rosidl_typesupport_fastrtps_c.h\n'}
[0.816838] (sdv_msgs) StdoutLine: {'line': b'-- Up-to-date: /home/fcanof/vanttec_sdv/install/sdv_msgs/include/sdv_msgs/sdv_msgs/msg/detail/panel_msg__rosidl_typesupport_fastrtps_c.h\n'}
[0.816902] (sdv_msgs) StdoutLine: {'line': b'-- Up-to-date: /home/fcanof/vanttec_sdv/install/sdv_msgs/include/sdv_msgs/sdv_msgs/msg/detail/encoder__rosidl_typesupport_fastrtps_c.h\n'}
[0.816964] (sdv_msgs) StdoutLine: {'line': b'-- Up-to-date: /home/fcanof/vanttec_sdv/install/sdv_msgs/include/sdv_msgs/sdv_msgs/msg/detail/lane_invasion_event__rosidl_typesupport_fastrtps_c.h\n'}
[0.817051] (sdv_msgs) StdoutLine: {'line': b'-- Up-to-date: /home/fcanof/vanttec_sdv/install/sdv_msgs/include/sdv_msgs/sdv_msgs/msg/detail/vehicle_info_wheel__rosidl_typesupport_fastrtps_c.h\n'}
[0.817120] (sdv_msgs) StdoutLine: {'line': b'-- Up-to-date: /home/fcanof/vanttec_sdv/install/sdv_msgs/include/sdv_msgs/sdv_msgs/msg/detail/vehicle_status__rosidl_typesupport_fastrtps_c.h\n'}
[0.817204] (sdv_msgs) StdoutLine: {'line': b'-- Up-to-date: /home/fcanof/vanttec_sdv/install/sdv_msgs/include/sdv_msgs/sdv_msgs/msg/detail/vehicle_info__rosidl_typesupport_fastrtps_c.h\n'}
[0.817301] (sdv_msgs) StdoutLine: {'line': b'-- Up-to-date: /home/fcanof/vanttec_sdv/install/sdv_msgs/include/sdv_msgs/sdv_msgs/msg/detail/thrust_control__rosidl_typesupport_fastrtps_c.h\n'}
[0.817406] (sdv_msgs) StdoutLine: {'line': b'-- Up-to-date: /home/fcanof/vanttec_sdv/install/sdv_msgs/include/sdv_msgs/sdv_msgs/msg/detail/eta_pose__rosidl_typesupport_fastrtps_c.h\n'}
[0.817500] (sdv_msgs) StdoutLine: {'line': b'-- Up-to-date: /home/fcanof/vanttec_sdv/install/sdv_msgs/include/sdv_msgs/sdv_msgs/msg/detail/guidance_waypoints__rosidl_typesupport_fastrtps_c.h\n'}
[0.817601] (sdv_msgs) StdoutLine: {'line': b'-- Up-to-date: /home/fcanof/vanttec_sdv/install/sdv_msgs/include/sdv_msgs/sdv_msgs/msg/detail/system_dynamics__rosidl_typesupport_fastrtps_c.h\n'}
[0.817704] (sdv_msgs) StdoutLine: {'line': b'-- Up-to-date: /home/fcanof/vanttec_sdv/install/sdv_msgs/include/sdv_msgs/sdv_msgs/msg/detail/xbox_msg__rosidl_typesupport_fastrtps_c.h\n'}
[0.817808] (sdv_msgs) StdoutLine: {'line': b'-- Up-to-date: /home/fcanof/vanttec_sdv/install/sdv_msgs/include/sdv_msgs/sdv_msgs/msg/detail/vehicle_control__rosidl_typesupport_fastrtps_c.h\n'}
[0.817911] (sdv_msgs) StdoutLine: {'line': b'-- Up-to-date: /home/fcanof/vanttec_sdv/install/sdv_msgs/lib/libsdv_msgs__rosidl_typesupport_fastrtps_c.so\n'}
[0.818009] (sdv_msgs) StdoutLine: {'line': b'-- Up-to-date: /home/fcanof/vanttec_sdv/install/sdv_msgs/include/sdv_msgs/sdv_msgs\n'}
[0.818075] (sdv_msgs) StdoutLine: {'line': b'-- Up-to-date: /home/fcanof/vanttec_sdv/install/sdv_msgs/include/sdv_msgs/sdv_msgs/msg\n'}
[0.818138] (sdv_msgs) StdoutLine: {'line': b'-- Up-to-date: /home/fcanof/vanttec_sdv/install/sdv_msgs/include/sdv_msgs/sdv_msgs/msg/vehicle_info_wheel.hpp\n'}
[0.818201] (sdv_msgs) StdoutLine: {'line': b'-- Up-to-date: /home/fcanof/vanttec_sdv/install/sdv_msgs/include/sdv_msgs/sdv_msgs/msg/vehicle_info.hpp\n'}
[0.818266] (sdv_msgs) StdoutLine: {'line': b'-- Up-to-date: /home/fcanof/vanttec_sdv/install/sdv_msgs/include/sdv_msgs/sdv_msgs/msg/guidance_waypoints.hpp\n'}
[0.818378] (sdv_msgs) StdoutLine: {'line': b'-- Up-to-date: /home/fcanof/vanttec_sdv/install/sdv_msgs/include/sdv_msgs/sdv_msgs/msg/system_dynamics.hpp\n'}
[0.818449] (sdv_msgs) StdoutLine: {'line': b'-- Up-to-date: /home/fcanof/vanttec_sdv/install/sdv_msgs/include/sdv_msgs/sdv_msgs/msg/detail\n'}
[0.818512] (sdv_msgs) StdoutLine: {'line': b'-- Up-to-date: /home/fcanof/vanttec_sdv/install/sdv_msgs/include/sdv_msgs/sdv_msgs/msg/detail/vehicle_info__builder.hpp\n'}
[0.818576] (sdv_msgs) StdoutLine: {'line': b'-- Up-to-date: /home/fcanof/vanttec_sdv/install/sdv_msgs/include/sdv_msgs/sdv_msgs/msg/detail/xbox_msg__struct.hpp\n'}
[0.818638] (sdv_msgs) StdoutLine: {'line': b'-- Up-to-date: /home/fcanof/vanttec_sdv/install/sdv_msgs/include/sdv_msgs/sdv_msgs/msg/detail/collision_event__traits.hpp\n'}
[0.818700] (sdv_msgs) StdoutLine: {'line': b'-- Up-to-date: /home/fcanof/vanttec_sdv/install/sdv_msgs/include/sdv_msgs/sdv_msgs/msg/detail/encoder__traits.hpp\n'}
[0.818768] (sdv_msgs) StdoutLine: {'line': b'-- Up-to-date: /home/fcanof/vanttec_sdv/install/sdv_msgs/include/sdv_msgs/sdv_msgs/msg/detail/collision_event__struct.hpp\n'}
[0.818830] (sdv_msgs) StdoutLine: {'line': b'-- Up-to-date: /home/fcanof/vanttec_sdv/install/sdv_msgs/include/sdv_msgs/sdv_msgs/msg/detail/guidance_waypoints__traits.hpp\n'}
[0.818892] (sdv_msgs) StdoutLine: {'line': b'-- Up-to-date: /home/fcanof/vanttec_sdv/install/sdv_msgs/include/sdv_msgs/sdv_msgs/msg/detail/vehicle_control__struct.hpp\n'}
[0.818953] (sdv_msgs) StdoutLine: {'line': b'-- Up-to-date: /home/fcanof/vanttec_sdv/install/sdv_msgs/include/sdv_msgs/sdv_msgs/msg/detail/panel_msg__struct.hpp\n'}
[0.819015] (sdv_msgs) StdoutLine: {'line': b'-- Up-to-date: /home/fcanof/vanttec_sdv/install/sdv_msgs/include/sdv_msgs/sdv_msgs/msg/detail/status__builder.hpp\n'}
[0.819076] (sdv_msgs) StdoutLine: {'line': b'-- Up-to-date: /home/fcanof/vanttec_sdv/install/sdv_msgs/include/sdv_msgs/sdv_msgs/msg/detail/thrust_control__struct.hpp\n'}
[0.819137] (sdv_msgs) StdoutLine: {'line': b'-- Up-to-date: /home/fcanof/vanttec_sdv/install/sdv_msgs/include/sdv_msgs/sdv_msgs/msg/detail/vehicle_info__struct.hpp\n'}
[0.819201] (sdv_msgs) StdoutLine: {'line': b'-- Up-to-date: /home/fcanof/vanttec_sdv/install/sdv_msgs/include/sdv_msgs/sdv_msgs/msg/detail/vehicle_control__traits.hpp\n'}
[0.819306] (sdv_msgs) StdoutLine: {'line': b'-- Up-to-date: /home/fcanof/vanttec_sdv/install/sdv_msgs/include/sdv_msgs/sdv_msgs/msg/detail/system_dynamics__traits.hpp\n'}
[0.819412] (sdv_msgs) StdoutLine: {'line': b'-- Up-to-date: /home/fcanof/vanttec_sdv/install/sdv_msgs/include/sdv_msgs/sdv_msgs/msg/detail/panel_msg__builder.hpp\n'}
[0.819505] (sdv_msgs) StdoutLine: {'line': b'-- Up-to-date: /home/fcanof/vanttec_sdv/install/sdv_msgs/include/sdv_msgs/sdv_msgs/msg/detail/lane_invasion_event__builder.hpp\n'}
[0.819589] (sdv_msgs) StdoutLine: {'line': b'-- Up-to-date: /home/fcanof/vanttec_sdv/install/sdv_msgs/include/sdv_msgs/sdv_msgs/msg/detail/encoder__builder.hpp\n'}
[0.819652] (sdv_msgs) StdoutLine: {'line': b'-- Up-to-date: /home/fcanof/vanttec_sdv/install/sdv_msgs/include/sdv_msgs/sdv_msgs/msg/detail/encoder__struct.hpp\n'}
[0.819714] (sdv_msgs) StdoutLine: {'line': b'-- Up-to-date: /home/fcanof/vanttec_sdv/install/sdv_msgs/include/sdv_msgs/sdv_msgs/msg/detail/vehicle_status__traits.hpp\n'}
[0.819800] (sdv_msgs) StdoutLine: {'line': b'-- Up-to-date: /home/fcanof/vanttec_sdv/install/sdv_msgs/include/sdv_msgs/sdv_msgs/msg/detail/vehicle_status__struct.hpp\n'}
[0.819881] (sdv_msgs) StdoutLine: {'line': b'-- Up-to-date: /home/fcanof/vanttec_sdv/install/sdv_msgs/include/sdv_msgs/sdv_msgs/msg/detail/vehicle_info_wheel__traits.hpp\n'}
[0.819957] (sdv_msgs) StdoutLine: {'line': b'-- Up-to-date: /home/fcanof/vanttec_sdv/install/sdv_msgs/include/sdv_msgs/sdv_msgs/msg/detail/thrust_control__traits.hpp\n'}
[0.820020] (sdv_msgs) StdoutLine: {'line': b'-- Up-to-date: /home/fcanof/vanttec_sdv/install/sdv_msgs/include/sdv_msgs/sdv_msgs/msg/detail/lane_invasion_event__traits.hpp\n'}
[0.820082] (sdv_msgs) StdoutLine: {'line': b'-- Up-to-date: /home/fcanof/vanttec_sdv/install/sdv_msgs/include/sdv_msgs/sdv_msgs/msg/detail/vehicle_info_wheel__struct.hpp\n'}
[0.820143] (sdv_msgs) StdoutLine: {'line': b'-- Up-to-date: /home/fcanof/vanttec_sdv/install/sdv_msgs/include/sdv_msgs/sdv_msgs/msg/detail/guidance_waypoints__builder.hpp\n'}
[0.820205] (sdv_msgs) StdoutLine: {'line': b'-- Up-to-date: /home/fcanof/vanttec_sdv/install/sdv_msgs/include/sdv_msgs/sdv_msgs/msg/detail/vehicle_info__traits.hpp\n'}
[0.820267] (sdv_msgs) StdoutLine: {'line': b'-- Up-to-date: /home/fcanof/vanttec_sdv/install/sdv_msgs/include/sdv_msgs/sdv_msgs/msg/detail/status__struct.hpp\n'}
[0.820329] (sdv_msgs) StdoutLine: {'line': b'-- Up-to-date: /home/fcanof/vanttec_sdv/install/sdv_msgs/include/sdv_msgs/sdv_msgs/msg/detail/throttle_msg__traits.hpp\n'}
[0.820390] (sdv_msgs) StdoutLine: {'line': b'-- Up-to-date: /home/fcanof/vanttec_sdv/install/sdv_msgs/include/sdv_msgs/sdv_msgs/msg/detail/xbox_msg__traits.hpp\n'}
[0.820451] (sdv_msgs) StdoutLine: {'line': b'-- Up-to-date: /home/fcanof/vanttec_sdv/install/sdv_msgs/include/sdv_msgs/sdv_msgs/msg/detail/vehicle_control__builder.hpp\n'}
[0.820514] (sdv_msgs) StdoutLine: {'line': b'-- Up-to-date: /home/fcanof/vanttec_sdv/install/sdv_msgs/include/sdv_msgs/sdv_msgs/msg/detail/eta_pose__traits.hpp\n'}
[0.820576] (sdv_msgs) StdoutLine: {'line': b'-- Up-to-date: /home/fcanof/vanttec_sdv/install/sdv_msgs/include/sdv_msgs/sdv_msgs/msg/detail/eta_pose__builder.hpp\n'}
[0.820639] (sdv_msgs) StdoutLine: {'line': b'-- Up-to-date: /home/fcanof/vanttec_sdv/install/sdv_msgs/include/sdv_msgs/sdv_msgs/msg/detail/throttle_msg__struct.hpp\n'}
[0.820701] (sdv_msgs) StdoutLine: {'line': b'-- Up-to-date: /home/fcanof/vanttec_sdv/install/sdv_msgs/include/sdv_msgs/sdv_msgs/msg/detail/throttle_msg__builder.hpp\n'}
[0.820764] (sdv_msgs) StdoutLine: {'line': b'-- Up-to-date: /home/fcanof/vanttec_sdv/install/sdv_msgs/include/sdv_msgs/sdv_msgs/msg/detail/vehicle_info_wheel__builder.hpp\n'}
[0.820826] (sdv_msgs) StdoutLine: {'line': b'-- Up-to-date: /home/fcanof/vanttec_sdv/install/sdv_msgs/include/sdv_msgs/sdv_msgs/msg/detail/panel_msg__traits.hpp\n'}
[0.820888] (sdv_msgs) StdoutLine: {'line': b'-- Up-to-date: /home/fcanof/vanttec_sdv/install/sdv_msgs/include/sdv_msgs/sdv_msgs/msg/detail/thrust_control__builder.hpp\n'}
[0.820954] (sdv_msgs) StdoutLine: {'line': b'-- Up-to-date: /home/fcanof/vanttec_sdv/install/sdv_msgs/include/sdv_msgs/sdv_msgs/msg/detail/xbox_msg__builder.hpp\n'}
[0.821017] (sdv_msgs) StdoutLine: {'line': b'-- Up-to-date: /home/fcanof/vanttec_sdv/install/sdv_msgs/include/sdv_msgs/sdv_msgs/msg/detail/status__traits.hpp\n'}
[0.821082] (sdv_msgs) StdoutLine: {'line': b'-- Up-to-date: /home/fcanof/vanttec_sdv/install/sdv_msgs/include/sdv_msgs/sdv_msgs/msg/detail/system_dynamics__builder.hpp\n'}
[0.821144] (sdv_msgs) StdoutLine: {'line': b'-- Up-to-date: /home/fcanof/vanttec_sdv/install/sdv_msgs/include/sdv_msgs/sdv_msgs/msg/detail/collision_event__builder.hpp\n'}
[0.821206] (sdv_msgs) StdoutLine: {'line': b'-- Up-to-date: /home/fcanof/vanttec_sdv/install/sdv_msgs/include/sdv_msgs/sdv_msgs/msg/detail/guidance_waypoints__struct.hpp\n'}
[0.821267] (sdv_msgs) StdoutLine: {'line': b'-- Up-to-date: /home/fcanof/vanttec_sdv/install/sdv_msgs/include/sdv_msgs/sdv_msgs/msg/detail/system_dynamics__struct.hpp\n'}
[0.821328] (sdv_msgs) StdoutLine: {'line': b'-- Up-to-date: /home/fcanof/vanttec_sdv/install/sdv_msgs/include/sdv_msgs/sdv_msgs/msg/detail/vehicle_status__builder.hpp\n'}
[0.821388] (sdv_msgs) StdoutLine: {'line': b'-- Up-to-date: /home/fcanof/vanttec_sdv/install/sdv_msgs/include/sdv_msgs/sdv_msgs/msg/detail/lane_invasion_event__struct.hpp\n'}
[0.821449] (sdv_msgs) StdoutLine: {'line': b'-- Up-to-date: /home/fcanof/vanttec_sdv/install/sdv_msgs/include/sdv_msgs/sdv_msgs/msg/detail/eta_pose__struct.hpp\n'}
[0.821512] (sdv_msgs) StdoutLine: {'line': b'-- Up-to-date: /home/fcanof/vanttec_sdv/install/sdv_msgs/include/sdv_msgs/sdv_msgs/msg/throttle_msg.hpp\n'}
[0.821573] (sdv_msgs) StdoutLine: {'line': b'-- Up-to-date: /home/fcanof/vanttec_sdv/install/sdv_msgs/include/sdv_msgs/sdv_msgs/msg/vehicle_control.hpp\n'}
[0.821635] (sdv_msgs) StdoutLine: {'line': b'-- Up-to-date: /home/fcanof/vanttec_sdv/install/sdv_msgs/include/sdv_msgs/sdv_msgs/msg/lane_invasion_event.hpp\n'}
[0.821695] (sdv_msgs) StdoutLine: {'line': b'-- Up-to-date: /home/fcanof/vanttec_sdv/install/sdv_msgs/include/sdv_msgs/sdv_msgs/msg/collision_event.hpp\n'}
[0.821756] (sdv_msgs) StdoutLine: {'line': b'-- Up-to-date: /home/fcanof/vanttec_sdv/install/sdv_msgs/include/sdv_msgs/sdv_msgs/msg/vehicle_status.hpp\n'}
[0.821816] (sdv_msgs) StdoutLine: {'line': b'-- Up-to-date: /home/fcanof/vanttec_sdv/install/sdv_msgs/include/sdv_msgs/sdv_msgs/msg/status.hpp\n'}
[0.821876] (sdv_msgs) StdoutLine: {'line': b'-- Up-to-date: /home/fcanof/vanttec_sdv/install/sdv_msgs/include/sdv_msgs/sdv_msgs/msg/xbox_msg.hpp\n'}
[0.821936] (sdv_msgs) StdoutLine: {'line': b'-- Up-to-date: /home/fcanof/vanttec_sdv/install/sdv_msgs/include/sdv_msgs/sdv_msgs/msg/panel_msg.hpp\n'}
[0.821996] (sdv_msgs) StdoutLine: {'line': b'-- Up-to-date: /home/fcanof/vanttec_sdv/install/sdv_msgs/include/sdv_msgs/sdv_msgs/msg/encoder.hpp\n'}
[0.822057] (sdv_msgs) StdoutLine: {'line': b'-- Up-to-date: /home/fcanof/vanttec_sdv/install/sdv_msgs/include/sdv_msgs/sdv_msgs/msg/eta_pose.hpp\n'}
[0.822124] (sdv_msgs) StdoutLine: {'line': b'-- Up-to-date: /home/fcanof/vanttec_sdv/install/sdv_msgs/include/sdv_msgs/sdv_msgs/msg/thrust_control.hpp\n'}
[0.822186] (sdv_msgs) StdoutLine: {'line': b'-- Up-to-date: /home/fcanof/vanttec_sdv/install/sdv_msgs/include/sdv_msgs/sdv_msgs\n'}
[0.822246] (sdv_msgs) StdoutLine: {'line': b'-- Up-to-date: /home/fcanof/vanttec_sdv/install/sdv_msgs/include/sdv_msgs/sdv_msgs/msg\n'}
[0.822307] (sdv_msgs) StdoutLine: {'line': b'-- Up-to-date: /home/fcanof/vanttec_sdv/install/sdv_msgs/include/sdv_msgs/sdv_msgs/msg/rosidl_typesupport_fastrtps_cpp__visibility_control.h\n'}
[0.822388] (sdv_msgs) StdoutLine: {'line': b'-- Up-to-date: /home/fcanof/vanttec_sdv/install/sdv_msgs/include/sdv_msgs/sdv_msgs/msg/detail\n'}
[0.822450] (sdv_msgs) StdoutLine: {'line': b'-- Up-to-date: /home/fcanof/vanttec_sdv/install/sdv_msgs/include/sdv_msgs/sdv_msgs/msg/detail/system_dynamics__rosidl_typesupport_fastrtps_cpp.hpp\n'}
[0.822513] (sdv_msgs) StdoutLine: {'line': b'-- Up-to-date: /home/fcanof/vanttec_sdv/install/sdv_msgs/include/sdv_msgs/sdv_msgs/msg/detail/dds_fastrtps\n'}
[0.822574] (sdv_msgs) StdoutLine: {'line': b'-- Up-to-date: /home/fcanof/vanttec_sdv/install/sdv_msgs/include/sdv_msgs/sdv_msgs/msg/detail/vehicle_info__rosidl_typesupport_fastrtps_cpp.hpp\n'}
[0.822792] (sdv_msgs) StdoutLine: {'line': b'-- Up-to-date: /home/fcanof/vanttec_sdv/install/sdv_msgs/include/sdv_msgs/sdv_msgs/msg/detail/vehicle_status__rosidl_typesupport_fastrtps_cpp.hpp\n'}
[0.822855] (sdv_msgs) StdoutLine: {'line': b'-- Up-to-date: /home/fcanof/vanttec_sdv/install/sdv_msgs/include/sdv_msgs/sdv_msgs/msg/detail/vehicle_info_wheel__rosidl_typesupport_fastrtps_cpp.hpp\n'}
[0.822916] (sdv_msgs) StdoutLine: {'line': b'-- Up-to-date: /home/fcanof/vanttec_sdv/install/sdv_msgs/include/sdv_msgs/sdv_msgs/msg/detail/guidance_waypoints__rosidl_typesupport_fastrtps_cpp.hpp\n'}
[0.822979] (sdv_msgs) StdoutLine: {'line': b'-- Up-to-date: /home/fcanof/vanttec_sdv/install/sdv_msgs/include/sdv_msgs/sdv_msgs/msg/detail/status__rosidl_typesupport_fastrtps_cpp.hpp\n'}
[0.823041] (sdv_msgs) StdoutLine: {'line': b'-- Up-to-date: /home/fcanof/vanttec_sdv/install/sdv_msgs/include/sdv_msgs/sdv_msgs/msg/detail/encoder__rosidl_typesupport_fastrtps_cpp.hpp\n'}
[0.823103] (sdv_msgs) StdoutLine: {'line': b'-- Up-to-date: /home/fcanof/vanttec_sdv/install/sdv_msgs/include/sdv_msgs/sdv_msgs/msg/detail/thrust_control__rosidl_typesupport_fastrtps_cpp.hpp\n'}
[0.823169] (sdv_msgs) StdoutLine: {'line': b'-- Up-to-date: /home/fcanof/vanttec_sdv/install/sdv_msgs/include/sdv_msgs/sdv_msgs/msg/detail/panel_msg__rosidl_typesupport_fastrtps_cpp.hpp\n'}
[0.823231] (sdv_msgs) StdoutLine: {'line': b'-- Up-to-date: /home/fcanof/vanttec_sdv/install/sdv_msgs/include/sdv_msgs/sdv_msgs/msg/detail/xbox_msg__rosidl_typesupport_fastrtps_cpp.hpp\n'}
[0.823293] (sdv_msgs) StdoutLine: {'line': b'-- Up-to-date: /home/fcanof/vanttec_sdv/install/sdv_msgs/include/sdv_msgs/sdv_msgs/msg/detail/collision_event__rosidl_typesupport_fastrtps_cpp.hpp\n'}
[0.823355] (sdv_msgs) StdoutLine: {'line': b'-- Up-to-date: /home/fcanof/vanttec_sdv/install/sdv_msgs/include/sdv_msgs/sdv_msgs/msg/detail/vehicle_control__rosidl_typesupport_fastrtps_cpp.hpp\n'}
[0.823416] (sdv_msgs) StdoutLine: {'line': b'-- Up-to-date: /home/fcanof/vanttec_sdv/install/sdv_msgs/include/sdv_msgs/sdv_msgs/msg/detail/eta_pose__rosidl_typesupport_fastrtps_cpp.hpp\n'}
[0.823477] (sdv_msgs) StdoutLine: {'line': b'-- Up-to-date: /home/fcanof/vanttec_sdv/install/sdv_msgs/include/sdv_msgs/sdv_msgs/msg/detail/lane_invasion_event__rosidl_typesupport_fastrtps_cpp.hpp\n'}
[0.823539] (sdv_msgs) StdoutLine: {'line': b'-- Up-to-date: /home/fcanof/vanttec_sdv/install/sdv_msgs/include/sdv_msgs/sdv_msgs/msg/detail/throttle_msg__rosidl_typesupport_fastrtps_cpp.hpp\n'}
[0.823600] (sdv_msgs) StdoutLine: {'line': b'-- Up-to-date: /home/fcanof/vanttec_sdv/install/sdv_msgs/lib/libsdv_msgs__rosidl_typesupport_fastrtps_cpp.so\n'}
[0.823663] (sdv_msgs) StdoutLine: {'line': b'-- Up-to-date: /home/fcanof/vanttec_sdv/install/sdv_msgs/include/sdv_msgs/sdv_msgs\n'}
[0.823724] (sdv_msgs) StdoutLine: {'line': b'-- Up-to-date: /home/fcanof/vanttec_sdv/install/sdv_msgs/include/sdv_msgs/sdv_msgs/msg\n'}
[0.823786] (sdv_msgs) StdoutLine: {'line': b'-- Up-to-date: /home/fcanof/vanttec_sdv/install/sdv_msgs/include/sdv_msgs/sdv_msgs/msg/detail\n'}
[0.823847] (sdv_msgs) StdoutLine: {'line': b'-- Up-to-date: /home/fcanof/vanttec_sdv/install/sdv_msgs/include/sdv_msgs/sdv_msgs/msg/detail/vehicle_status__type_support.c\n'}
[0.823913] (sdv_msgs) StdoutLine: {'line': b'-- Up-to-date: /home/fcanof/vanttec_sdv/install/sdv_msgs/include/sdv_msgs/sdv_msgs/msg/detail/throttle_msg__type_support.c\n'}
[0.823974] (sdv_msgs) StdoutLine: {'line': b'-- Up-to-date: /home/fcanof/vanttec_sdv/install/sdv_msgs/include/sdv_msgs/sdv_msgs/msg/detail/vehicle_status__rosidl_typesupport_introspection_c.h\n'}
[0.824037] (sdv_msgs) StdoutLine: {'line': b'-- Up-to-date: /home/fcanof/vanttec_sdv/install/sdv_msgs/include/sdv_msgs/sdv_msgs/msg/detail/guidance_waypoints__rosidl_typesupport_introspection_c.h\n'}
[0.824098] (sdv_msgs) StdoutLine: {'line': b'-- Up-to-date: /home/fcanof/vanttec_sdv/install/sdv_msgs/include/sdv_msgs/sdv_msgs/msg/detail/guidance_waypoints__type_support.c\n'}
[0.824160] (sdv_msgs) StdoutLine: {'line': b'-- Up-to-date: /home/fcanof/vanttec_sdv/install/sdv_msgs/include/sdv_msgs/sdv_msgs/msg/detail/panel_msg__type_support.c\n'}
[0.824226] (sdv_msgs) StdoutLine: {'line': b'-- Up-to-date: /home/fcanof/vanttec_sdv/install/sdv_msgs/include/sdv_msgs/sdv_msgs/msg/detail/encoder__rosidl_typesupport_introspection_c.h\n'}
[0.824296] (sdv_msgs) StdoutLine: {'line': b'-- Up-to-date: /home/fcanof/vanttec_sdv/install/sdv_msgs/include/sdv_msgs/sdv_msgs/msg/detail/vehicle_info__type_support.c\n'}
[0.824359] (sdv_msgs) StdoutLine: {'line': b'-- Up-to-date: /home/fcanof/vanttec_sdv/install/sdv_msgs/include/sdv_msgs/sdv_msgs/msg/detail/vehicle_info_wheel__rosidl_typesupport_introspection_c.h\n'}
[0.824420] (sdv_msgs) StdoutLine: {'line': b'-- Up-to-date: /home/fcanof/vanttec_sdv/install/sdv_msgs/include/sdv_msgs/sdv_msgs/msg/detail/panel_msg__rosidl_typesupport_introspection_c.h\n'}
[0.824481] (sdv_msgs) StdoutLine: {'line': b'-- Up-to-date: /home/fcanof/vanttec_sdv/install/sdv_msgs/include/sdv_msgs/sdv_msgs/msg/detail/vehicle_info_wheel__type_support.c\n'}
[0.824542] (sdv_msgs) StdoutLine: {'line': b'-- Up-to-date: /home/fcanof/vanttec_sdv/install/sdv_msgs/include/sdv_msgs/sdv_msgs/msg/detail/collision_event__type_support.c\n'}
[0.824602] (sdv_msgs) StdoutLine: {'line': b'-- Up-to-date: /home/fcanof/vanttec_sdv/install/sdv_msgs/include/sdv_msgs/sdv_msgs/msg/detail/collision_event__rosidl_typesupport_introspection_c.h\n'}
[0.824665] (sdv_msgs) StdoutLine: {'line': b'-- Up-to-date: /home/fcanof/vanttec_sdv/install/sdv_msgs/include/sdv_msgs/sdv_msgs/msg/detail/eta_pose__rosidl_typesupport_introspection_c.h\n'}
[0.824725] (sdv_msgs) StdoutLine: {'line': b'-- Up-to-date: /home/fcanof/vanttec_sdv/install/sdv_msgs/include/sdv_msgs/sdv_msgs/msg/detail/xbox_msg__rosidl_typesupport_introspection_c.h\n'}
[0.824786] (sdv_msgs) StdoutLine: {'line': b'-- Up-to-date: /home/fcanof/vanttec_sdv/install/sdv_msgs/include/sdv_msgs/sdv_msgs/msg/detail/xbox_msg__type_support.c\n'}
[0.824847] (sdv_msgs) StdoutLine: {'line': b'-- Up-to-date: /home/fcanof/vanttec_sdv/install/sdv_msgs/include/sdv_msgs/sdv_msgs/msg/detail/thrust_control__rosidl_typesupport_introspection_c.h\n'}
[0.824929] (sdv_msgs) StdoutLine: {'line': b'-- Up-to-date: /home/fcanof/vanttec_sdv/install/sdv_msgs/include/sdv_msgs/sdv_msgs/msg/detail/throttle_msg__rosidl_typesupport_introspection_c.h\n'}
[0.825027] (sdv_msgs) StdoutLine: {'line': b'-- Up-to-date: /home/fcanof/vanttec_sdv/install/sdv_msgs/include/sdv_msgs/sdv_msgs/msg/detail/vehicle_control__type_support.c\n'}
[0.825120] (sdv_msgs) StdoutLine: {'line': b'-- Up-to-date: /home/fcanof/vanttec_sdv/install/sdv_msgs/include/sdv_msgs/sdv_msgs/msg/detail/lane_invasion_event__rosidl_typesupport_introspection_c.h\n'}
[0.825215] (sdv_msgs) StdoutLine: {'line': b'-- Up-to-date: /home/fcanof/vanttec_sdv/install/sdv_msgs/include/sdv_msgs/sdv_msgs/msg/detail/system_dynamics__type_support.c\n'}
[0.825317] (sdv_msgs) StdoutLine: {'line': b'-- Up-to-date: /home/fcanof/vanttec_sdv/install/sdv_msgs/include/sdv_msgs/sdv_msgs/msg/detail/vehicle_control__rosidl_typesupport_introspection_c.h\n'}
[0.825429] (sdv_msgs) StdoutLine: {'line': b'-- Up-to-date: /home/fcanof/vanttec_sdv/install/sdv_msgs/include/sdv_msgs/sdv_msgs/msg/detail/encoder__type_support.c\n'}
[0.825535] (sdv_msgs) StdoutLine: {'line': b'-- Up-to-date: /home/fcanof/vanttec_sdv/install/sdv_msgs/include/sdv_msgs/sdv_msgs/msg/detail/thrust_control__type_support.c\n'}
[0.825641] (sdv_msgs) StdoutLine: {'line': b'-- Up-to-date: /home/fcanof/vanttec_sdv/install/sdv_msgs/include/sdv_msgs/sdv_msgs/msg/detail/eta_pose__type_support.c\n'}
[0.825735] (sdv_msgs) StdoutLine: {'line': b'-- Up-to-date: /home/fcanof/vanttec_sdv/install/sdv_msgs/include/sdv_msgs/sdv_msgs/msg/detail/status__rosidl_typesupport_introspection_c.h\n'}
[0.825830] (sdv_msgs) StdoutLine: {'line': b'-- Up-to-date: /home/fcanof/vanttec_sdv/install/sdv_msgs/include/sdv_msgs/sdv_msgs/msg/detail/vehicle_info__rosidl_typesupport_introspection_c.h\n'}
[0.825894] (sdv_msgs) StdoutLine: {'line': b'-- Up-to-date: /home/fcanof/vanttec_sdv/install/sdv_msgs/include/sdv_msgs/sdv_msgs/msg/detail/status__type_support.c\n'}
[0.825962] (sdv_msgs) StdoutLine: {'line': b'-- Up-to-date: /home/fcanof/vanttec_sdv/install/sdv_msgs/include/sdv_msgs/sdv_msgs/msg/detail/lane_invasion_event__type_support.c\n'}
[0.826025] (sdv_msgs) StdoutLine: {'line': b'-- Up-to-date: /home/fcanof/vanttec_sdv/install/sdv_msgs/include/sdv_msgs/sdv_msgs/msg/detail/system_dynamics__rosidl_typesupport_introspection_c.h\n'}
[0.826086] (sdv_msgs) StdoutLine: {'line': b'-- Up-to-date: /home/fcanof/vanttec_sdv/install/sdv_msgs/include/sdv_msgs/sdv_msgs/msg/rosidl_typesupport_introspection_c__visibility_control.h\n'}
[0.826149] (sdv_msgs) StdoutLine: {'line': b'-- Up-to-date: /home/fcanof/vanttec_sdv/install/sdv_msgs/lib/libsdv_msgs__rosidl_typesupport_introspection_c.so\n'}
[0.826211] (sdv_msgs) StdoutLine: {'line': b'-- Up-to-date: /home/fcanof/vanttec_sdv/install/sdv_msgs/lib/libsdv_msgs__rosidl_typesupport_c.so\n'}
[0.826273] (sdv_msgs) StdoutLine: {'line': b'-- Up-to-date: /home/fcanof/vanttec_sdv/install/sdv_msgs/include/sdv_msgs/sdv_msgs\n'}
[0.826345] (sdv_msgs) StdoutLine: {'line': b'-- Up-to-date: /home/fcanof/vanttec_sdv/install/sdv_msgs/include/sdv_msgs/sdv_msgs/msg\n'}
[0.826411] (sdv_msgs) StdoutLine: {'line': b'-- Up-to-date: /home/fcanof/vanttec_sdv/install/sdv_msgs/include/sdv_msgs/sdv_msgs/msg/detail\n'}
[0.826471] (sdv_msgs) StdoutLine: {'line': b'-- Up-to-date: /home/fcanof/vanttec_sdv/install/sdv_msgs/include/sdv_msgs/sdv_msgs/msg/detail/panel_msg__rosidl_typesupport_introspection_cpp.hpp\n'}
[0.826533] (sdv_msgs) StdoutLine: {'line': b'-- Up-to-date: /home/fcanof/vanttec_sdv/install/sdv_msgs/include/sdv_msgs/sdv_msgs/msg/detail/collision_event__rosidl_typesupport_introspection_cpp.hpp\n'}
[0.826593] (sdv_msgs) StdoutLine: {'line': b'-- Up-to-date: /home/fcanof/vanttec_sdv/install/sdv_msgs/include/sdv_msgs/sdv_msgs/msg/detail/status__rosidl_typesupport_introspection_cpp.hpp\n'}
[0.826663] (sdv_msgs) StdoutLine: {'line': b'-- Up-to-date: /home/fcanof/vanttec_sdv/install/sdv_msgs/include/sdv_msgs/sdv_msgs/msg/detail/guidance_waypoints__type_support.cpp\n'}
[0.826726] (sdv_msgs) StdoutLine: {'line': b'-- Up-to-date: /home/fcanof/vanttec_sdv/install/sdv_msgs/include/sdv_msgs/sdv_msgs/msg/detail/xbox_msg__type_support.cpp\n'}
[0.826831] (sdv_msgs) StdoutLine: {'line': b'-- Up-to-date: /home/fcanof/vanttec_sdv/install/sdv_msgs/include/sdv_msgs/sdv_msgs/msg/detail/vehicle_control__rosidl_typesupport_introspection_cpp.hpp\n'}
[0.826897] (sdv_msgs) StdoutLine: {'line': b'-- Up-to-date: /home/fcanof/vanttec_sdv/install/sdv_msgs/include/sdv_msgs/sdv_msgs/msg/detail/throttle_msg__rosidl_typesupport_introspection_cpp.hpp\n'}
[0.826960] (sdv_msgs) StdoutLine: {'line': b'-- Up-to-date: /home/fcanof/vanttec_sdv/install/sdv_msgs/include/sdv_msgs/sdv_msgs/msg/detail/vehicle_control__type_support.cpp\n'}
[0.827023] (sdv_msgs) StdoutLine: {'line': b'-- Up-to-date: /home/fcanof/vanttec_sdv/install/sdv_msgs/include/sdv_msgs/sdv_msgs/msg/detail/eta_pose__rosidl_typesupport_introspection_cpp.hpp\n'}
[0.827088] (sdv_msgs) StdoutLine: {'line': b'-- Up-to-date: /home/fcanof/vanttec_sdv/install/sdv_msgs/include/sdv_msgs/sdv_msgs/msg/detail/vehicle_info_wheel__type_support.cpp\n'}
[0.827151] (sdv_msgs) StdoutLine: {'line': b'-- Up-to-date: /home/fcanof/vanttec_sdv/install/sdv_msgs/include/sdv_msgs/sdv_msgs/msg/detail/vehicle_status__rosidl_typesupport_introspection_cpp.hpp\n'}
[0.827222] (sdv_msgs) StdoutLine: {'line': b'-- Up-to-date: /home/fcanof/vanttec_sdv/install/sdv_msgs/include/sdv_msgs/sdv_msgs/msg/detail/vehicle_status__type_support.cpp\n'}
[0.827286] (sdv_msgs) StdoutLine: {'line': b'-- Up-to-date: /home/fcanof/vanttec_sdv/install/sdv_msgs/include/sdv_msgs/sdv_msgs/msg/detail/vehicle_info_wheel__rosidl_typesupport_introspection_cpp.hpp\n'}
[0.827349] (sdv_msgs) StdoutLine: {'line': b'-- Up-to-date: /home/fcanof/vanttec_sdv/install/sdv_msgs/include/sdv_msgs/sdv_msgs/msg/detail/lane_invasion_event__rosidl_typesupport_introspection_cpp.hpp\n'}
[0.827412] (sdv_msgs) StdoutLine: {'line': b'-- Up-to-date: /home/fcanof/vanttec_sdv/install/sdv_msgs/include/sdv_msgs/sdv_msgs/msg/detail/eta_pose__type_support.cpp\n'}
[0.827479] (sdv_msgs) StdoutLine: {'line': b'-- Up-to-date: /home/fcanof/vanttec_sdv/install/sdv_msgs/include/sdv_msgs/sdv_msgs/msg/detail/encoder__type_support.cpp\n'}
[0.827541] (sdv_msgs) StdoutLine: {'line': b'-- Up-to-date: /home/fcanof/vanttec_sdv/install/sdv_msgs/include/sdv_msgs/sdv_msgs/msg/detail/thrust_control__type_support.cpp\n'}
[0.827603] (sdv_msgs) StdoutLine: {'line': b'-- Up-to-date: /home/fcanof/vanttec_sdv/install/sdv_msgs/include/sdv_msgs/sdv_msgs/msg/detail/system_dynamics__rosidl_typesupport_introspection_cpp.hpp\n'}
[0.827665] (sdv_msgs) StdoutLine: {'line': b'-- Up-to-date: /home/fcanof/vanttec_sdv/install/sdv_msgs/include/sdv_msgs/sdv_msgs/msg/detail/collision_event__type_support.cpp\n'}
[0.827726] (sdv_msgs) StdoutLine: {'line': b'-- Up-to-date: /home/fcanof/vanttec_sdv/install/sdv_msgs/include/sdv_msgs/sdv_msgs/msg/detail/thrust_control__rosidl_typesupport_introspection_cpp.hpp\n'}
[0.827787] (sdv_msgs) StdoutLine: {'line': b'-- Up-to-date: /home/fcanof/vanttec_sdv/install/sdv_msgs/include/sdv_msgs/sdv_msgs/msg/detail/lane_invasion_event__type_support.cpp\n'}
[0.827848] (sdv_msgs) StdoutLine: {'line': b'-- Up-to-date: /home/fcanof/vanttec_sdv/install/sdv_msgs/include/sdv_msgs/sdv_msgs/msg/detail/guidance_waypoints__rosidl_typesupport_introspection_cpp.hpp\n'}
[0.827909] (sdv_msgs) StdoutLine: {'line': b'-- Up-to-date: /home/fcanof/vanttec_sdv/install/sdv_msgs/include/sdv_msgs/sdv_msgs/msg/detail/status__type_support.cpp\n'}
[0.827971] (sdv_msgs) StdoutLine: {'line': b'-- Up-to-date: /home/fcanof/vanttec_sdv/install/sdv_msgs/include/sdv_msgs/sdv_msgs/msg/detail/vehicle_info__type_support.cpp\n'}
[0.828032] (sdv_msgs) StdoutLine: {'line': b'-- Up-to-date: /home/fcanof/vanttec_sdv/install/sdv_msgs/include/sdv_msgs/sdv_msgs/msg/detail/xbox_msg__rosidl_typesupport_introspection_cpp.hpp\n'}
[0.828096] (sdv_msgs) StdoutLine: {'line': b'-- Up-to-date: /home/fcanof/vanttec_sdv/install/sdv_msgs/include/sdv_msgs/sdv_msgs/msg/detail/panel_msg__type_support.cpp\n'}
[0.828157] (sdv_msgs) StdoutLine: {'line': b'-- Up-to-date: /home/fcanof/vanttec_sdv/install/sdv_msgs/include/sdv_msgs/sdv_msgs/msg/detail/vehicle_info__rosidl_typesupport_introspection_cpp.hpp\n'}
[0.828218] (sdv_msgs) StdoutLine: {'line': b'-- Up-to-date: /home/fcanof/vanttec_sdv/install/sdv_msgs/include/sdv_msgs/sdv_msgs/msg/detail/system_dynamics__type_support.cpp\n'}
[0.828279] (sdv_msgs) StdoutLine: {'line': b'-- Up-to-date: /home/fcanof/vanttec_sdv/install/sdv_msgs/include/sdv_msgs/sdv_msgs/msg/detail/encoder__rosidl_typesupport_introspection_cpp.hpp\n'}
[0.828339] (sdv_msgs) StdoutLine: {'line': b'-- Up-to-date: /home/fcanof/vanttec_sdv/install/sdv_msgs/include/sdv_msgs/sdv_msgs/msg/detail/throttle_msg__type_support.cpp\n'}
[0.828399] (sdv_msgs) StdoutLine: {'line': b'-- Up-to-date: /home/fcanof/vanttec_sdv/install/sdv_msgs/lib/libsdv_msgs__rosidl_typesupport_introspection_cpp.so\n'}
[0.828460] (sdv_msgs) StdoutLine: {'line': b'-- Up-to-date: /home/fcanof/vanttec_sdv/install/sdv_msgs/lib/libsdv_msgs__rosidl_typesupport_cpp.so\n'}
[0.828520] (sdv_msgs) StdoutLine: {'line': b'-- Up-to-date: /home/fcanof/vanttec_sdv/install/sdv_msgs/share/sdv_msgs/environment/pythonpath.sh\n'}
[0.828590] (sdv_msgs) StdoutLine: {'line': b'-- Up-to-date: /home/fcanof/vanttec_sdv/install/sdv_msgs/share/sdv_msgs/environment/pythonpath.dsv\n'}
[0.828650] (sdv_msgs) StdoutLine: {'line': b'-- Up-to-date: /home/fcanof/vanttec_sdv/install/sdv_msgs/local/lib/python3.10/dist-packages/sdv_msgs-0.0.0-py3.10.egg-info\n'}
[0.828710] (sdv_msgs) StdoutLine: {'line': b'-- Installing: /home/fcanof/vanttec_sdv/install/sdv_msgs/local/lib/python3.10/dist-packages/sdv_msgs-0.0.0-py3.10.egg-info/PKG-INFO\n'}
[0.828771] (sdv_msgs) StdoutLine: {'line': b'-- Installing: /home/fcanof/vanttec_sdv/install/sdv_msgs/local/lib/python3.10/dist-packages/sdv_msgs-0.0.0-py3.10.egg-info/top_level.txt\n'}
[0.828832] (sdv_msgs) StdoutLine: {'line': b'-- Installing: /home/fcanof/vanttec_sdv/install/sdv_msgs/local/lib/python3.10/dist-packages/sdv_msgs-0.0.0-py3.10.egg-info/SOURCES.txt\n'}
[0.828897] (sdv_msgs) StdoutLine: {'line': b'-- Installing: /home/fcanof/vanttec_sdv/install/sdv_msgs/local/lib/python3.10/dist-packages/sdv_msgs-0.0.0-py3.10.egg-info/dependency_links.txt\n'}
[0.828959] (sdv_msgs) StdoutLine: {'line': b'-- Up-to-date: /home/fcanof/vanttec_sdv/install/sdv_msgs/local/lib/python3.10/dist-packages/sdv_msgs\n'}
[0.829019] (sdv_msgs) StdoutLine: {'line': b'-- Up-to-date: /home/fcanof/vanttec_sdv/install/sdv_msgs/local/lib/python3.10/dist-packages/sdv_msgs/sdv_msgs_s__rosidl_typesupport_c.cpython-310-x86_64-linux-gnu.so\n'}
[0.829086] (sdv_msgs) StdoutLine: {'line': b'-- Up-to-date: /home/fcanof/vanttec_sdv/install/sdv_msgs/local/lib/python3.10/dist-packages/sdv_msgs/_sdv_msgs_s.ep.rosidl_typesupport_c.c\n'}
[0.829148] (sdv_msgs) StdoutLine: {'line': b'-- Up-to-date: /home/fcanof/vanttec_sdv/install/sdv_msgs/local/lib/python3.10/dist-packages/sdv_msgs/_sdv_msgs_s.ep.rosidl_typesupport_introspection_c.c\n'}
[0.829209] (sdv_msgs) StdoutLine: {'line': b'-- Up-to-date: /home/fcanof/vanttec_sdv/install/sdv_msgs/local/lib/python3.10/dist-packages/sdv_msgs/sdv_msgs_s__rosidl_typesupport_fastrtps_c.cpython-310-x86_64-linux-gnu.so\n'}
[0.829270] (sdv_msgs) StdoutLine: {'line': b'-- Up-to-date: /home/fcanof/vanttec_sdv/install/sdv_msgs/local/lib/python3.10/dist-packages/sdv_msgs/libsdv_msgs__rosidl_generator_py.so\n'}
[0.829330] (sdv_msgs) StdoutLine: {'line': b'-- Up-to-date: /home/fcanof/vanttec_sdv/install/sdv_msgs/local/lib/python3.10/dist-packages/sdv_msgs/msg\n'}
[0.829392] (sdv_msgs) StdoutLine: {'line': b'-- Up-to-date: /home/fcanof/vanttec_sdv/install/sdv_msgs/local/lib/python3.10/dist-packages/sdv_msgs/msg/_throttle_msg_s.c\n'}
[0.829453] (sdv_msgs) StdoutLine: {'line': b'-- Up-to-date: /home/fcanof/vanttec_sdv/install/sdv_msgs/local/lib/python3.10/dist-packages/sdv_msgs/msg/_system_dynamics_s.c\n'}
[0.829515] (sdv_msgs) StdoutLine: {'line': b'-- Up-to-date: /home/fcanof/vanttec_sdv/install/sdv_msgs/local/lib/python3.10/dist-packages/sdv_msgs/msg/_vehicle_info_wheel.py\n'}
[0.829576] (sdv_msgs) StdoutLine: {'line': b'-- Up-to-date: /home/fcanof/vanttec_sdv/install/sdv_msgs/local/lib/python3.10/dist-packages/sdv_msgs/msg/_guidance_waypoints.py\n'}
[0.829637] (sdv_msgs) StdoutLine: {'line': b'-- Up-to-date: /home/fcanof/vanttec_sdv/install/sdv_msgs/local/lib/python3.10/dist-packages/sdv_msgs/msg/_vehicle_status_s.c\n'}
[0.829698] (sdv_msgs) StdoutLine: {'line': b'-- Up-to-date: /home/fcanof/vanttec_sdv/install/sdv_msgs/local/lib/python3.10/dist-packages/sdv_msgs/msg/_collision_event_s.c\n'}
[0.829759] (sdv_msgs) StdoutLine: {'line': b'-- Up-to-date: /home/fcanof/vanttec_sdv/install/sdv_msgs/local/lib/python3.10/dist-packages/sdv_msgs/msg/_vehicle_control.py\n'}
[0.829820] (sdv_msgs) StdoutLine: {'line': b'-- Up-to-date: /home/fcanof/vanttec_sdv/install/sdv_msgs/local/lib/python3.10/dist-packages/sdv_msgs/msg/_vehicle_control_s.c\n'}
[0.829881] (sdv_msgs) StdoutLine: {'line': b'-- Up-to-date: /home/fcanof/vanttec_sdv/install/sdv_msgs/local/lib/python3.10/dist-packages/sdv_msgs/msg/_lane_invasion_event.py\n'}
[0.829941] (sdv_msgs) StdoutLine: {'line': b'-- Up-to-date: /home/fcanof/vanttec_sdv/install/sdv_msgs/local/lib/python3.10/dist-packages/sdv_msgs/msg/_collision_event.py\n'}
[0.830002] (sdv_msgs) StdoutLine: {'line': b'-- Up-to-date: /home/fcanof/vanttec_sdv/install/sdv_msgs/local/lib/python3.10/dist-packages/sdv_msgs/msg/_eta_pose_s.c\n'}
[0.830065] (sdv_msgs) StdoutLine: {'line': b'-- Up-to-date: /home/fcanof/vanttec_sdv/install/sdv_msgs/local/lib/python3.10/dist-packages/sdv_msgs/msg/_system_dynamics.py\n'}
[0.830125] (sdv_msgs) StdoutLine: {'line': b'-- Up-to-date: /home/fcanof/vanttec_sdv/install/sdv_msgs/local/lib/python3.10/dist-packages/sdv_msgs/msg/_panel_msg_s.c\n'}
[0.830186] (sdv_msgs) StdoutLine: {'line': b'-- Up-to-date: /home/fcanof/vanttec_sdv/install/sdv_msgs/local/lib/python3.10/dist-packages/sdv_msgs/msg/_eta_pose.py\n'}
[0.830247] (sdv_msgs) StdoutLine: {'line': b'-- Up-to-date: /home/fcanof/vanttec_sdv/install/sdv_msgs/local/lib/python3.10/dist-packages/sdv_msgs/msg/_encoder.py\n'}
[0.830313] (sdv_msgs) StdoutLine: {'line': b'-- Up-to-date: /home/fcanof/vanttec_sdv/install/sdv_msgs/local/lib/python3.10/dist-packages/sdv_msgs/msg/_thrust_control.py\n'}
[0.830412] (sdv_msgs) StdoutLine: {'line': b'-- Up-to-date: /home/fcanof/vanttec_sdv/install/sdv_msgs/local/lib/python3.10/dist-packages/sdv_msgs/msg/_vehicle_status.py\n'}
[0.830475] (sdv_msgs) StdoutLine: {'line': b'-- Up-to-date: /home/fcanof/vanttec_sdv/install/sdv_msgs/local/lib/python3.10/dist-packages/sdv_msgs/msg/_vehicle_info.py\n'}
[0.830536] (sdv_msgs) StdoutLine: {'line': b'-- Up-to-date: /home/fcanof/vanttec_sdv/install/sdv_msgs/local/lib/python3.10/dist-packages/sdv_msgs/msg/_guidance_waypoints_s.c\n'}
[0.830605] (sdv_msgs) StdoutLine: {'line': b'-- Up-to-date: /home/fcanof/vanttec_sdv/install/sdv_msgs/local/lib/python3.10/dist-packages/sdv_msgs/msg/_status_s.c\n'}
[0.830667] (sdv_msgs) StdoutLine: {'line': b'-- Up-to-date: /home/fcanof/vanttec_sdv/install/sdv_msgs/local/lib/python3.10/dist-packages/sdv_msgs/msg/_status.py\n'}
[0.830728] (sdv_msgs) StdoutLine: {'line': b'-- Up-to-date: /home/fcanof/vanttec_sdv/install/sdv_msgs/local/lib/python3.10/dist-packages/sdv_msgs/msg/_thrust_control_s.c\n'}
[0.830788] (sdv_msgs) StdoutLine: {'line': b'-- Up-to-date: /home/fcanof/vanttec_sdv/install/sdv_msgs/local/lib/python3.10/dist-packages/sdv_msgs/msg/_vehicle_info_s.c\n'}
[0.830850] (sdv_msgs) StdoutLine: {'line': b'-- Up-to-date: /home/fcanof/vanttec_sdv/install/sdv_msgs/local/lib/python3.10/dist-packages/sdv_msgs/msg/_xbox_msg.py\n'}
[0.830911] (sdv_msgs) StdoutLine: {'line': b'-- Up-to-date: /home/fcanof/vanttec_sdv/install/sdv_msgs/local/lib/python3.10/dist-packages/sdv_msgs/msg/_throttle_msg.py\n'}
[0.830975] (sdv_msgs) StdoutLine: {'line': b'-- Up-to-date: /home/fcanof/vanttec_sdv/install/sdv_msgs/local/lib/python3.10/dist-packages/sdv_msgs/msg/_vehicle_info_wheel_s.c\n'}
[0.831036] (sdv_msgs) StdoutLine: {'line': b'-- Up-to-date: /home/fcanof/vanttec_sdv/install/sdv_msgs/local/lib/python3.10/dist-packages/sdv_msgs/msg/__init__.py\n'}
[0.831098] (sdv_msgs) StdoutLine: {'line': b'-- Up-to-date: /home/fcanof/vanttec_sdv/install/sdv_msgs/local/lib/python3.10/dist-packages/sdv_msgs/msg/_lane_invasion_event_s.c\n'}
[0.831158] (sdv_msgs) StdoutLine: {'line': b'-- Up-to-date: /home/fcanof/vanttec_sdv/install/sdv_msgs/local/lib/python3.10/dist-packages/sdv_msgs/msg/_panel_msg.py\n'}
[0.831254] (sdv_msgs) StdoutLine: {'line': b'-- Up-to-date: /home/fcanof/vanttec_sdv/install/sdv_msgs/local/lib/python3.10/dist-packages/sdv_msgs/msg/_encoder_s.c\n'}
[0.831314] (sdv_msgs) StdoutLine: {'line': b'-- Up-to-date: /home/fcanof/vanttec_sdv/install/sdv_msgs/local/lib/python3.10/dist-packages/sdv_msgs/msg/_xbox_msg_s.c\n'}
[0.831374] (sdv_msgs) StdoutLine: {'line': b'-- Up-to-date: /home/fcanof/vanttec_sdv/install/sdv_msgs/local/lib/python3.10/dist-packages/sdv_msgs/sdv_msgs_s__rosidl_typesupport_introspection_c.cpython-310-x86_64-linux-gnu.so\n'}
[0.831435] (sdv_msgs) StdoutLine: {'line': b'-- Up-to-date: /home/fcanof/vanttec_sdv/install/sdv_msgs/local/lib/python3.10/dist-packages/sdv_msgs/_sdv_msgs_s.ep.rosidl_typesupport_fastrtps_c.c\n'}
[0.831495] (sdv_msgs) StdoutLine: {'line': b'-- Up-to-date: /home/fcanof/vanttec_sdv/install/sdv_msgs/local/lib/python3.10/dist-packages/sdv_msgs/__init__.py\n'}
[0.831555] (vectornav_msgs) StdoutLine: {'line': b"Listing '/home/fcanof/vanttec_sdv/install/vectornav_msgs/local/lib/python3.10/dist-packages/vectornav_msgs'...\n"}
[0.831634] (vectornav_msgs) StdoutLine: {'line': b"Listing '/home/fcanof/vanttec_sdv/install/vectornav_msgs/local/lib/python3.10/dist-packages/vectornav_msgs/action'...\n"}
[0.831695] (vectornav_msgs) StdoutLine: {'line': b"Listing '/home/fcanof/vanttec_sdv/install/vectornav_msgs/local/lib/python3.10/dist-packages/vectornav_msgs/msg'...\n"}
[0.831781] (vectornav_msgs) StdoutLine: {'line': b'-- Up-to-date: /home/fcanof/vanttec_sdv/install/vectornav_msgs/local/lib/python3.10/dist-packages/vectornav_msgs/vectornav_msgs_s__rosidl_typesupport_fastrtps_c.cpython-310-x86_64-linux-gnu.so\n'}
[0.831887] (vectornav_msgs) StdoutLine: {'line': b'-- Up-to-date: /home/fcanof/vanttec_sdv/install/vectornav_msgs/local/lib/python3.10/dist-packages/vectornav_msgs/vectornav_msgs_s__rosidl_typesupport_introspection_c.cpython-310-x86_64-linux-gnu.so\n'}
[0.831994] (vectornav_msgs) StdoutLine: {'line': b'-- Up-to-date: /home/fcanof/vanttec_sdv/install/vectornav_msgs/local/lib/python3.10/dist-packages/vectornav_msgs/vectornav_msgs_s__rosidl_typesupport_c.cpython-310-x86_64-linux-gnu.so\n'}
[0.832380] (vectornav_msgs) StdoutLine: {'line': b'-- Up-to-date: /home/fcanof/vanttec_sdv/install/vectornav_msgs/lib/libvectornav_msgs__rosidl_generator_py.so\n'}
[0.832647] (vectornav_msgs) StdoutLine: {'line': b'-- Up-to-date: /home/fcanof/vanttec_sdv/install/vectornav_msgs/share/vectornav_msgs/msg/AttitudeGroup.idl\n'}
[0.832726] (vectornav_msgs) StdoutLine: {'line': b'-- Up-to-date: /home/fcanof/vanttec_sdv/install/vectornav_msgs/share/vectornav_msgs/msg/CommonGroup.idl\n'}
[0.832805] (vectornav_msgs) StdoutLine: {'line': b'-- Up-to-date: /home/fcanof/vanttec_sdv/install/vectornav_msgs/share/vectornav_msgs/msg/DOP.idl\n'}
[0.832878] (vectornav_msgs) StdoutLine: {'line': b'-- Up-to-date: /home/fcanof/vanttec_sdv/install/vectornav_msgs/share/vectornav_msgs/msg/GpsGroup.idl\n'}
[0.832960] (vectornav_msgs) StdoutLine: {'line': b'-- Up-to-date: /home/fcanof/vanttec_sdv/install/vectornav_msgs/share/vectornav_msgs/msg/ImuGroup.idl\n'}
[0.833043] (vectornav_msgs) StdoutLine: {'line': b'-- Up-to-date: /home/fcanof/vanttec_sdv/install/vectornav_msgs/share/vectornav_msgs/msg/InsGroup.idl\n'}
[0.833127] (vectornav_msgs) StdoutLine: {'line': b'-- Up-to-date: /home/fcanof/vanttec_sdv/install/vectornav_msgs/share/vectornav_msgs/msg/InsStatus.idl\n'}
[0.833209] (vectornav_msgs) StdoutLine: {'line': b'-- Up-to-date: /home/fcanof/vanttec_sdv/install/vectornav_msgs/share/vectornav_msgs/msg/TimeGroup.idl\n'}
[0.833291] (vectornav_msgs) StdoutLine: {'line': b'-- Up-to-date: /home/fcanof/vanttec_sdv/install/vectornav_msgs/share/vectornav_msgs/msg/TimeStatus.idl\n'}
[0.833376] (vectornav_msgs) StdoutLine: {'line': b'-- Up-to-date: /home/fcanof/vanttec_sdv/install/vectornav_msgs/share/vectornav_msgs/msg/TimeUTC.idl\n'}
[0.833459] (vectornav_msgs) StdoutLine: {'line': b'-- Up-to-date: /home/fcanof/vanttec_sdv/install/vectornav_msgs/share/vectornav_msgs/msg/VpeStatus.idl\n'}
[0.833542] (vectornav_msgs) StdoutLine: {'line': b'-- Up-to-date: /home/fcanof/vanttec_sdv/install/vectornav_msgs/share/vectornav_msgs/action/MagCal.idl\n'}
[0.833624] (vectornav_msgs) StdoutLine: {'line': b'-- Up-to-date: /home/fcanof/vanttec_sdv/install/vectornav_msgs/share/vectornav_msgs/msg/AttitudeGroup.msg\n'}
[0.833712] (vectornav_msgs) StdoutLine: {'line': b'-- Up-to-date: /home/fcanof/vanttec_sdv/install/vectornav_msgs/share/vectornav_msgs/msg/CommonGroup.msg\n'}
[0.833794] (vectornav_msgs) StdoutLine: {'line': b'-- Up-to-date: /home/fcanof/vanttec_sdv/install/vectornav_msgs/share/vectornav_msgs/msg/DOP.msg\n'}
[0.833882] (vectornav_msgs) StdoutLine: {'line': b'-- Up-to-date: /home/fcanof/vanttec_sdv/install/vectornav_msgs/share/vectornav_msgs/msg/GpsGroup.msg\n'}
[0.833966] (vectornav_msgs) StdoutLine: {'line': b'-- Up-to-date: /home/fcanof/vanttec_sdv/install/vectornav_msgs/share/vectornav_msgs/msg/ImuGroup.msg\n'}
[0.834052] (vectornav_msgs) StdoutLine: {'line': b'-- Up-to-date: /home/fcanof/vanttec_sdv/install/vectornav_msgs/share/vectornav_msgs/msg/InsGroup.msg\n'}
[0.834135] (vectornav_msgs) StdoutLine: {'line': b'-- Up-to-date: /home/fcanof/vanttec_sdv/install/vectornav_msgs/share/vectornav_msgs/msg/InsStatus.msg\n'}
[0.834216] (vectornav_msgs) StdoutLine: {'line': b'-- Up-to-date: /home/fcanof/vanttec_sdv/install/vectornav_msgs/share/vectornav_msgs/msg/TimeGroup.msg\n'}
[0.834306] (vectornav_msgs) StdoutLine: {'line': b'-- Up-to-date: /home/fcanof/vanttec_sdv/install/vectornav_msgs/share/vectornav_msgs/msg/TimeStatus.msg\n'}
[0.834424] (vectornav_msgs) StdoutLine: {'line': b'-- Up-to-date: /home/fcanof/vanttec_sdv/install/vectornav_msgs/share/vectornav_msgs/msg/TimeUTC.msg\n'}
[0.834514] (vectornav_msgs) StdoutLine: {'line': b'-- Up-to-date: /home/fcanof/vanttec_sdv/install/vectornav_msgs/share/vectornav_msgs/msg/VpeStatus.msg\n'}
[0.834596] (vectornav_msgs) StdoutLine: {'line': b'-- Up-to-date: /home/fcanof/vanttec_sdv/install/vectornav_msgs/share/vectornav_msgs/action/MagCal.action\n'}
[0.834685] (vectornav_msgs) StdoutLine: {'line': b'-- Up-to-date: /home/fcanof/vanttec_sdv/install/vectornav_msgs/share/ament_index/resource_index/package_run_dependencies/vectornav_msgs\n'}
[0.834780] (vectornav_msgs) StdoutLine: {'line': b'-- Up-to-date: /home/fcanof/vanttec_sdv/install/vectornav_msgs/share/ament_index/resource_index/parent_prefix_path/vectornav_msgs\n'}
[0.834862] (vectornav_msgs) StdoutLine: {'line': b'-- Up-to-date: /home/fcanof/vanttec_sdv/install/vectornav_msgs/share/vectornav_msgs/environment/ament_prefix_path.sh\n'}
[0.834952] (vectornav_msgs) StdoutLine: {'line': b'-- Up-to-date: /home/fcanof/vanttec_sdv/install/vectornav_msgs/share/vectornav_msgs/environment/ament_prefix_path.dsv\n'}
[0.835041] (vectornav_msgs) StdoutLine: {'line': b'-- Up-to-date: /home/fcanof/vanttec_sdv/install/vectornav_msgs/share/vectornav_msgs/environment/path.sh\n'}
[0.835128] (vectornav_msgs) StdoutLine: {'line': b'-- Up-to-date: /home/fcanof/vanttec_sdv/install/vectornav_msgs/share/vectornav_msgs/environment/path.dsv\n'}
[0.835212] (vectornav_msgs) StdoutLine: {'line': b'-- Up-to-date: /home/fcanof/vanttec_sdv/install/vectornav_msgs/share/vectornav_msgs/local_setup.bash\n'}
[0.835298] (vectornav_msgs) StdoutLine: {'line': b'-- Up-to-date: /home/fcanof/vanttec_sdv/install/vectornav_msgs/share/vectornav_msgs/local_setup.sh\n'}
[0.835382] (vectornav_msgs) StdoutLine: {'line': b'-- Up-to-date: /home/fcanof/vanttec_sdv/install/vectornav_msgs/share/vectornav_msgs/local_setup.zsh\n'}
[0.835465] (vectornav_msgs) StdoutLine: {'line': b'-- Up-to-date: /home/fcanof/vanttec_sdv/install/vectornav_msgs/share/vectornav_msgs/local_setup.dsv\n'}
[0.835552] (vectornav_msgs) StdoutLine: {'line': b'-- Installing: /home/fcanof/vanttec_sdv/install/vectornav_msgs/share/vectornav_msgs/package.dsv\n'}
[0.835824] (vectornav_msgs) StdoutLine: {'line': b'-- Up-to-date: /home/fcanof/vanttec_sdv/install/vectornav_msgs/share/ament_index/resource_index/packages/vectornav_msgs\n'}
[0.835990] (vectornav_msgs) StdoutLine: {'line': b'-- Up-to-date: /home/fcanof/vanttec_sdv/install/vectornav_msgs/share/vectornav_msgs/cmake/export_vectornav_msgs__rosidl_generator_cExport.cmake\n'}
[0.836088] (vectornav_msgs) StdoutLine: {'line': b'-- Up-to-date: /home/fcanof/vanttec_sdv/install/vectornav_msgs/share/vectornav_msgs/cmake/export_vectornav_msgs__rosidl_generator_cExport-noconfig.cmake\n'}
[0.836245] (vectornav_msgs) StdoutLine: {'line': b'-- Up-to-date: /home/fcanof/vanttec_sdv/install/vectornav_msgs/share/vectornav_msgs/cmake/export_vectornav_msgs__rosidl_typesupport_fastrtps_cExport.cmake\n'}
[0.836349] (vectornav_msgs) StdoutLine: {'line': b'-- Up-to-date: /home/fcanof/vanttec_sdv/install/vectornav_msgs/share/vectornav_msgs/cmake/export_vectornav_msgs__rosidl_typesupport_fastrtps_cExport-noconfig.cmake\n'}
[0.836512] (vectornav_msgs) StdoutLine: {'line': b'-- Up-to-date: /home/fcanof/vanttec_sdv/install/vectornav_msgs/share/vectornav_msgs/cmake/export_vectornav_msgs__rosidl_generator_cppExport.cmake\n'}
[0.836681] (vectornav_msgs) StdoutLine: {'line': b'-- Up-to-date: /home/fcanof/vanttec_sdv/install/vectornav_msgs/share/vectornav_msgs/cmake/export_vectornav_msgs__rosidl_typesupport_fastrtps_cppExport.cmake\n'}
[0.836772] (vectornav_msgs) StdoutLine: {'line': b'-- Up-to-date: /home/fcanof/vanttec_sdv/install/vectornav_msgs/share/vectornav_msgs/cmake/export_vectornav_msgs__rosidl_typesupport_fastrtps_cppExport-noconfig.cmake\n'}
[0.836942] (vectornav_msgs) StdoutLine: {'line': b'-- Up-to-date: /home/fcanof/vanttec_sdv/install/vectornav_msgs/share/vectornav_msgs/cmake/vectornav_msgs__rosidl_typesupport_introspection_cExport.cmake\n'}
[0.837033] (vectornav_msgs) StdoutLine: {'line': b'-- Up-to-date: /home/fcanof/vanttec_sdv/install/vectornav_msgs/share/vectornav_msgs/cmake/vectornav_msgs__rosidl_typesupport_introspection_cExport-noconfig.cmake\n'}
[0.837203] (vectornav_msgs) StdoutLine: {'line': b'-- Up-to-date: /home/fcanof/vanttec_sdv/install/vectornav_msgs/share/vectornav_msgs/cmake/vectornav_msgs__rosidl_typesupport_cExport.cmake\n'}
[0.837294] (vectornav_msgs) StdoutLine: {'line': b'-- Up-to-date: /home/fcanof/vanttec_sdv/install/vectornav_msgs/share/vectornav_msgs/cmake/vectornav_msgs__rosidl_typesupport_cExport-noconfig.cmake\n'}
[0.837467] (vectornav_msgs) StdoutLine: {'line': b'-- Up-to-date: /home/fcanof/vanttec_sdv/install/vectornav_msgs/share/vectornav_msgs/cmake/vectornav_msgs__rosidl_typesupport_introspection_cppExport.cmake\n'}
[0.837563] (vectornav_msgs) StdoutLine: {'line': b'-- Up-to-date: /home/fcanof/vanttec_sdv/install/vectornav_msgs/share/vectornav_msgs/cmake/vectornav_msgs__rosidl_typesupport_introspection_cppExport-noconfig.cmake\n'}
[0.837733] (vectornav_msgs) StdoutLine: {'line': b'-- Up-to-date: /home/fcanof/vanttec_sdv/install/vectornav_msgs/share/vectornav_msgs/cmake/vectornav_msgs__rosidl_typesupport_cppExport.cmake\n'}
[0.837818] (vectornav_msgs) StdoutLine: {'line': b'-- Up-to-date: /home/fcanof/vanttec_sdv/install/vectornav_msgs/share/vectornav_msgs/cmake/vectornav_msgs__rosidl_typesupport_cppExport-noconfig.cmake\n'}
[0.837991] (vectornav_msgs) StdoutLine: {'line': b'-- Up-to-date: /home/fcanof/vanttec_sdv/install/vectornav_msgs/share/vectornav_msgs/cmake/export_vectornav_msgs__rosidl_generator_pyExport.cmake\n'}
[0.838087] (vectornav_msgs) StdoutLine: {'line': b'-- Up-to-date: /home/fcanof/vanttec_sdv/install/vectornav_msgs/share/vectornav_msgs/cmake/export_vectornav_msgs__rosidl_generator_pyExport-noconfig.cmake\n'}
[0.838182] (vectornav_msgs) StdoutLine: {'line': b'-- Up-to-date: /home/fcanof/vanttec_sdv/install/vectornav_msgs/share/vectornav_msgs/cmake/rosidl_cmake-extras.cmake\n'}
[0.838274] (vectornav_msgs) StdoutLine: {'line': b'-- Up-to-date: /home/fcanof/vanttec_sdv/install/vectornav_msgs/share/vectornav_msgs/cmake/ament_cmake_export_dependencies-extras.cmake\n'}
[0.838370] (vectornav_msgs) StdoutLine: {'line': b'-- Up-to-date: /home/fcanof/vanttec_sdv/install/vectornav_msgs/share/vectornav_msgs/cmake/ament_cmake_export_include_directories-extras.cmake\n'}
[0.838461] (vectornav_msgs) StdoutLine: {'line': b'-- Up-to-date: /home/fcanof/vanttec_sdv/install/vectornav_msgs/share/vectornav_msgs/cmake/ament_cmake_export_libraries-extras.cmake\n'}
[0.838577] (vectornav_msgs) StdoutLine: {'line': b'-- Up-to-date: /home/fcanof/vanttec_sdv/install/vectornav_msgs/share/vectornav_msgs/cmake/ament_cmake_export_targets-extras.cmake\n'}
[0.838658] (vectornav_msgs) StdoutLine: {'line': b'-- Up-to-date: /home/fcanof/vanttec_sdv/install/vectornav_msgs/share/vectornav_msgs/cmake/rosidl_cmake_export_typesupport_targets-extras.cmake\n'}
[0.838734] (vectornav_msgs) StdoutLine: {'line': b'-- Up-to-date: /home/fcanof/vanttec_sdv/install/vectornav_msgs/share/vectornav_msgs/cmake/rosidl_cmake_export_typesupport_libraries-extras.cmake\n'}
[0.838817] (vectornav_msgs) StdoutLine: {'line': b'-- Up-to-date: /home/fcanof/vanttec_sdv/install/vectornav_msgs/share/vectornav_msgs/cmake/vectornav_msgsConfig.cmake\n'}
[0.838895] (vectornav_msgs) StdoutLine: {'line': b'-- Up-to-date: /home/fcanof/vanttec_sdv/install/vectornav_msgs/share/vectornav_msgs/cmake/vectornav_msgsConfig-version.cmake\n'}
[0.838972] (vectornav_msgs) StdoutLine: {'line': b'-- Up-to-date: /home/fcanof/vanttec_sdv/install/vectornav_msgs/share/vectornav_msgs/package.xml\n'}
[0.841478] (vectornav_msgs) CommandEnded: {'returncode': 0}
[0.845108] (sdv_msgs) StdoutLine: {'line': b"Listing '/home/fcanof/vanttec_sdv/install/sdv_msgs/local/lib/python3.10/dist-packages/sdv_msgs'...\n"}
[0.845271] (sdv_msgs) StdoutLine: {'line': b"Listing '/home/fcanof/vanttec_sdv/install/sdv_msgs/local/lib/python3.10/dist-packages/sdv_msgs/msg'...\n"}
[0.849018] (sdv_msgs) StdoutLine: {'line': b'-- Up-to-date: /home/fcanof/vanttec_sdv/install/sdv_msgs/local/lib/python3.10/dist-packages/sdv_msgs/sdv_msgs_s__rosidl_typesupport_fastrtps_c.cpython-310-x86_64-linux-gnu.so\n'}
[0.849402] (sdv_msgs) StdoutLine: {'line': b'-- Up-to-date: /home/fcanof/vanttec_sdv/install/sdv_msgs/local/lib/python3.10/dist-packages/sdv_msgs/sdv_msgs_s__rosidl_typesupport_introspection_c.cpython-310-x86_64-linux-gnu.so\n'}
[0.849729] (sdv_msgs) StdoutLine: {'line': b'-- Up-to-date: /home/fcanof/vanttec_sdv/install/sdv_msgs/local/lib/python3.10/dist-packages/sdv_msgs/sdv_msgs_s__rosidl_typesupport_c.cpython-310-x86_64-linux-gnu.so\n'}
[0.850072] (sdv_msgs) StdoutLine: {'line': b'-- Up-to-date: /home/fcanof/vanttec_sdv/install/sdv_msgs/lib/libsdv_msgs__rosidl_generator_py.so\n'}
[0.850327] (sdv_msgs) StdoutLine: {'line': b'-- Up-to-date: /home/fcanof/vanttec_sdv/install/sdv_msgs/share/sdv_msgs/msg/PanelMsg.idl\n'}
[0.850540] (sdv_msgs) StdoutLine: {'line': b'-- Up-to-date: /home/fcanof/vanttec_sdv/install/sdv_msgs/share/sdv_msgs/msg/XboxMsg.idl\n'}
[0.850758] (sdv_msgs) StdoutLine: {'line': b'-- Up-to-date: /home/fcanof/vanttec_sdv/install/sdv_msgs/share/sdv_msgs/msg/ThrottleMsg.idl\n'}
[0.851026] (sdv_msgs) StdoutLine: {'line': b'-- Up-to-date: /home/fcanof/vanttec_sdv/install/sdv_msgs/share/sdv_msgs/msg/CollisionEvent.idl\n'}
[0.851122] (sdv_msgs) StdoutLine: {'line': b'-- Up-to-date: /home/fcanof/vanttec_sdv/install/sdv_msgs/share/sdv_msgs/msg/LaneInvasionEvent.idl\n'}
[0.851318] (sdv_msgs) StdoutLine: {'line': b'-- Up-to-date: /home/fcanof/vanttec_sdv/install/sdv_msgs/share/sdv_msgs/msg/Status.idl\n'}
[0.851624] (sdv_msgs) StdoutLine: {'line': b'-- Up-to-date: /home/fcanof/vanttec_sdv/install/sdv_msgs/share/sdv_msgs/msg/VehicleControl.idl\n'}
[0.851872] (sdv_msgs) StdoutLine: {'line': b'-- Up-to-date: /home/fcanof/vanttec_sdv/install/sdv_msgs/share/sdv_msgs/msg/VehicleInfo.idl\n'}
[0.852109] (sdv_msgs) StdoutLine: {'line': b'-- Up-to-date: /home/fcanof/vanttec_sdv/install/sdv_msgs/share/sdv_msgs/msg/VehicleStatus.idl\n'}
[0.852270] (sdv_msgs) StdoutLine: {'line': b'-- Up-to-date: /home/fcanof/vanttec_sdv/install/sdv_msgs/share/sdv_msgs/msg/VehicleInfoWheel.idl\n'}
[0.852444] (sdv_msgs) StdoutLine: {'line': b'-- Up-to-date: /home/fcanof/vanttec_sdv/install/sdv_msgs/share/sdv_msgs/msg/GuidanceWaypoints.idl\n'}
[0.852683] (sdv_msgs) StdoutLine: {'line': b'-- Up-to-date: /home/fcanof/vanttec_sdv/install/sdv_msgs/share/sdv_msgs/msg/EtaPose.idl\n'}
[0.852849] (sdv_msgs) StdoutLine: {'line': b'-- Up-to-date: /home/fcanof/vanttec_sdv/install/sdv_msgs/share/sdv_msgs/msg/SystemDynamics.idl\n'}
[0.853072] (sdv_msgs) StdoutLine: {'line': b'-- Up-to-date: /home/fcanof/vanttec_sdv/install/sdv_msgs/share/sdv_msgs/msg/ThrustControl.idl\n'}
[0.853235] (sdv_msgs) StdoutLine: {'line': b'-- Up-to-date: /home/fcanof/vanttec_sdv/install/sdv_msgs/share/sdv_msgs/msg/Encoder.idl\n'}
[0.853416] (sdv_msgs) StdoutLine: {'line': b'-- Up-to-date: /home/fcanof/vanttec_sdv/install/sdv_msgs/share/sdv_msgs/msg/PanelMsg.msg\n'}
[0.853544] (sdv_msgs) StdoutLine: {'line': b'-- Up-to-date: /home/fcanof/vanttec_sdv/install/sdv_msgs/share/sdv_msgs/msg/XboxMsg.msg\n'}
[0.853680] (sdv_msgs) StdoutLine: {'line': b'-- Up-to-date: /home/fcanof/vanttec_sdv/install/sdv_msgs/share/sdv_msgs/msg/ThrottleMsg.msg\n'}
[0.853837] (sdv_msgs) StdoutLine: {'line': b'-- Up-to-date: /home/fcanof/vanttec_sdv/install/sdv_msgs/share/sdv_msgs/msg/CollisionEvent.msg\n'}
[0.854043] (sdv_msgs) StdoutLine: {'line': b'-- Up-to-date: /home/fcanof/vanttec_sdv/install/sdv_msgs/share/sdv_msgs/msg/LaneInvasionEvent.msg\n'}
[0.854172] (sdv_msgs) StdoutLine: {'line': b'-- Up-to-date: /home/fcanof/vanttec_sdv/install/sdv_msgs/share/sdv_msgs/msg/Status.msg\n'}
[0.854316] (sdv_msgs) StdoutLine: {'line': b'-- Up-to-date: /home/fcanof/vanttec_sdv/install/sdv_msgs/share/sdv_msgs/msg/VehicleControl.msg\n'}
[0.854393] (sdv_msgs) StdoutLine: {'line': b'-- Up-to-date: /home/fcanof/vanttec_sdv/install/sdv_msgs/share/sdv_msgs/msg/VehicleInfo.msg\n'}
[0.854560] (sdv_msgs) StdoutLine: {'line': b'-- Up-to-date: /home/fcanof/vanttec_sdv/install/sdv_msgs/share/sdv_msgs/msg/VehicleStatus.msg\n'}
[0.854736] (sdv_msgs) StdoutLine: {'line': b'-- Up-to-date: /home/fcanof/vanttec_sdv/install/sdv_msgs/share/sdv_msgs/msg/VehicleInfoWheel.msg\n'}
[0.854897] (sdv_msgs) StdoutLine: {'line': b'-- Up-to-date: /home/fcanof/vanttec_sdv/install/sdv_msgs/share/sdv_msgs/msg/GuidanceWaypoints.msg\n'}
[0.855079] (sdv_msgs) StdoutLine: {'line': b'-- Up-to-date: /home/fcanof/vanttec_sdv/install/sdv_msgs/share/sdv_msgs/msg/EtaPose.msg\n'}
[0.855242] (sdv_msgs) StdoutLine: {'line': b'-- Up-to-date: /home/fcanof/vanttec_sdv/install/sdv_msgs/share/sdv_msgs/msg/SystemDynamics.msg\n'}
[0.855336] (sdv_msgs) StdoutLine: {'line': b'-- Up-to-date: /home/fcanof/vanttec_sdv/install/sdv_msgs/share/sdv_msgs/msg/ThrustControl.msg\n'}
[0.855520] (sdv_msgs) StdoutLine: {'line': b'-- Up-to-date: /home/fcanof/vanttec_sdv/install/sdv_msgs/share/sdv_msgs/msg/Encoder.msg\n'}
[0.855704] (sdv_msgs) StdoutLine: {'line': b'-- Up-to-date: /home/fcanof/vanttec_sdv/install/sdv_msgs/share/ament_index/resource_index/package_run_dependencies/sdv_msgs\n'}
[0.856078] (sdv_msgs) StdoutLine: {'line': b'-- Up-to-date: /home/fcanof/vanttec_sdv/install/sdv_msgs/share/ament_index/resource_index/parent_prefix_path/sdv_msgs\n'}
[0.856183] (sdv_msgs) StdoutLine: {'line': b'-- Up-to-date: /home/fcanof/vanttec_sdv/install/sdv_msgs/share/sdv_msgs/environment/ament_prefix_path.sh\n'}
[0.856398] (sdv_msgs) StdoutLine: {'line': b'-- Up-to-date: /home/fcanof/vanttec_sdv/install/sdv_msgs/share/sdv_msgs/environment/ament_prefix_path.dsv\n'}
[0.856602] (sdv_msgs) StdoutLine: {'line': b'-- Up-to-date: /home/fcanof/vanttec_sdv/install/sdv_msgs/share/sdv_msgs/environment/path.sh\n'}
[0.856799] (sdv_msgs) StdoutLine: {'line': b'-- Up-to-date: /home/fcanof/vanttec_sdv/install/sdv_msgs/share/sdv_msgs/environment/path.dsv\n'}
[0.856949] (sdv_msgs) StdoutLine: {'line': b'-- Up-to-date: /home/fcanof/vanttec_sdv/install/sdv_msgs/share/sdv_msgs/local_setup.bash\n'}
[0.857241] (sdv_msgs) StdoutLine: {'line': b'-- Up-to-date: /home/fcanof/vanttec_sdv/install/sdv_msgs/share/sdv_msgs/local_setup.sh\n'}
[0.857451] (sdv_msgs) StdoutLine: {'line': b'-- Up-to-date: /home/fcanof/vanttec_sdv/install/sdv_msgs/share/sdv_msgs/local_setup.zsh\n'}
[0.857536] (sdv_msgs) StdoutLine: {'line': b'-- Up-to-date: /home/fcanof/vanttec_sdv/install/sdv_msgs/share/sdv_msgs/local_setup.dsv\n'}
[0.857763] (sdv_msgs) StdoutLine: {'line': b'-- Installing: /home/fcanof/vanttec_sdv/install/sdv_msgs/share/sdv_msgs/package.dsv\n'}
[0.857849] (sdv_msgs) StdoutLine: {'line': b'-- Up-to-date: /home/fcanof/vanttec_sdv/install/sdv_msgs/share/ament_index/resource_index/packages/sdv_msgs\n'}
[0.858030] (sdv_msgs) StdoutLine: {'line': b'-- Up-to-date: /home/fcanof/vanttec_sdv/install/sdv_msgs/share/sdv_msgs/cmake/export_sdv_msgs__rosidl_generator_cExport.cmake\n'}
[0.858188] (sdv_msgs) StdoutLine: {'line': b'-- Up-to-date: /home/fcanof/vanttec_sdv/install/sdv_msgs/share/sdv_msgs/cmake/export_sdv_msgs__rosidl_generator_cExport-noconfig.cmake\n'}
[0.858270] (sdv_msgs) StdoutLine: {'line': b'-- Up-to-date: /home/fcanof/vanttec_sdv/install/sdv_msgs/share/sdv_msgs/cmake/export_sdv_msgs__rosidl_typesupport_fastrtps_cExport.cmake\n'}
[0.858420] (sdv_msgs) StdoutLine: {'line': b'-- Up-to-date: /home/fcanof/vanttec_sdv/install/sdv_msgs/share/sdv_msgs/cmake/export_sdv_msgs__rosidl_typesupport_fastrtps_cExport-noconfig.cmake\n'}
[0.858562] (sdv_msgs) StdoutLine: {'line': b'-- Up-to-date: /home/fcanof/vanttec_sdv/install/sdv_msgs/share/sdv_msgs/cmake/export_sdv_msgs__rosidl_generator_cppExport.cmake\n'}
[0.858685] (sdv_msgs) StdoutLine: {'line': b'-- Up-to-date: /home/fcanof/vanttec_sdv/install/sdv_msgs/share/sdv_msgs/cmake/export_sdv_msgs__rosidl_typesupport_fastrtps_cppExport.cmake\n'}
[0.859013] (sdv_msgs) StdoutLine: {'line': b'-- Up-to-date: /home/fcanof/vanttec_sdv/install/sdv_msgs/share/sdv_msgs/cmake/export_sdv_msgs__rosidl_typesupport_fastrtps_cppExport-noconfig.cmake\n'}
[0.859101] (sdv_msgs) StdoutLine: {'line': b'-- Up-to-date: /home/fcanof/vanttec_sdv/install/sdv_msgs/share/sdv_msgs/cmake/sdv_msgs__rosidl_typesupport_introspection_cExport.cmake\n'}
[0.859289] (sdv_msgs) StdoutLine: {'line': b'-- Up-to-date: /home/fcanof/vanttec_sdv/install/sdv_msgs/share/sdv_msgs/cmake/sdv_msgs__rosidl_typesupport_introspection_cExport-noconfig.cmake\n'}
[0.859414] (sdv_msgs) StdoutLine: {'line': b'-- Up-to-date: /home/fcanof/vanttec_sdv/install/sdv_msgs/share/sdv_msgs/cmake/sdv_msgs__rosidl_typesupport_cExport.cmake\n'}
[0.859496] (sdv_msgs) StdoutLine: {'line': b'-- Up-to-date: /home/fcanof/vanttec_sdv/install/sdv_msgs/share/sdv_msgs/cmake/sdv_msgs__rosidl_typesupport_cExport-noconfig.cmake\n'}
[0.859666] (sdv_msgs) StdoutLine: {'line': b'-- Up-to-date: /home/fcanof/vanttec_sdv/install/sdv_msgs/share/sdv_msgs/cmake/sdv_msgs__rosidl_typesupport_introspection_cppExport.cmake\n'}
[0.859879] (sdv_msgs) StdoutLine: {'line': b'-- Up-to-date: /home/fcanof/vanttec_sdv/install/sdv_msgs/share/sdv_msgs/cmake/sdv_msgs__rosidl_typesupport_introspection_cppExport-noconfig.cmake\n'}
[0.860118] (sdv_msgs) StdoutLine: {'line': b'-- Up-to-date: /home/fcanof/vanttec_sdv/install/sdv_msgs/share/sdv_msgs/cmake/sdv_msgs__rosidl_typesupport_cppExport.cmake\n'}
[0.860239] (sdv_msgs) StdoutLine: {'line': b'-- Up-to-date: /home/fcanof/vanttec_sdv/install/sdv_msgs/share/sdv_msgs/cmake/sdv_msgs__rosidl_typesupport_cppExport-noconfig.cmake\n'}
[0.860486] (sdv_msgs) StdoutLine: {'line': b'-- Up-to-date: /home/fcanof/vanttec_sdv/install/sdv_msgs/share/sdv_msgs/cmake/export_sdv_msgs__rosidl_generator_pyExport.cmake\n'}
[0.860570] (sdv_msgs) StdoutLine: {'line': b'-- Up-to-date: /home/fcanof/vanttec_sdv/install/sdv_msgs/share/sdv_msgs/cmake/export_sdv_msgs__rosidl_generator_pyExport-noconfig.cmake\n'}
[0.860793] (sdv_msgs) StdoutLine: {'line': b'-- Up-to-date: /home/fcanof/vanttec_sdv/install/sdv_msgs/share/sdv_msgs/cmake/rosidl_cmake-extras.cmake\n'}
[0.860911] (sdv_msgs) StdoutLine: {'line': b'-- Up-to-date: /home/fcanof/vanttec_sdv/install/sdv_msgs/share/sdv_msgs/cmake/ament_cmake_export_dependencies-extras.cmake\n'}
[0.861055] (sdv_msgs) StdoutLine: {'line': b'-- Up-to-date: /home/fcanof/vanttec_sdv/install/sdv_msgs/share/sdv_msgs/cmake/ament_cmake_export_include_directories-extras.cmake\n'}
[0.861257] (sdv_msgs) StdoutLine: {'line': b'-- Up-to-date: /home/fcanof/vanttec_sdv/install/sdv_msgs/share/sdv_msgs/cmake/ament_cmake_export_libraries-extras.cmake\n'}
[0.861344] (sdv_msgs) StdoutLine: {'line': b'-- Up-to-date: /home/fcanof/vanttec_sdv/install/sdv_msgs/share/sdv_msgs/cmake/ament_cmake_export_targets-extras.cmake\n'}
[0.861468] (sdv_msgs) StdoutLine: {'line': b'-- Up-to-date: /home/fcanof/vanttec_sdv/install/sdv_msgs/share/sdv_msgs/cmake/rosidl_cmake_export_typesupport_targets-extras.cmake\n'}
[0.861629] (sdv_msgs) StdoutLine: {'line': b'-- Up-to-date: /home/fcanof/vanttec_sdv/install/sdv_msgs/share/sdv_msgs/cmake/rosidl_cmake_export_typesupport_libraries-extras.cmake\n'}
[0.861790] (sdv_msgs) StdoutLine: {'line': b'-- Up-to-date: /home/fcanof/vanttec_sdv/install/sdv_msgs/share/sdv_msgs/cmake/sdv_msgsConfig.cmake\n'}
[0.862015] (sdv_msgs) StdoutLine: {'line': b'-- Up-to-date: /home/fcanof/vanttec_sdv/install/sdv_msgs/share/sdv_msgs/cmake/sdv_msgsConfig-version.cmake\n'}
[0.862134] (sdv_msgs) StdoutLine: {'line': b'-- Up-to-date: /home/fcanof/vanttec_sdv/install/sdv_msgs/share/sdv_msgs/package.xml\n'}
[0.901223] (-) TimerEvent: {}
[0.931297] (sdv_msgs) CommandEnded: {'returncode': 0}
[1.001454] (-) TimerEvent: {}
[1.101686] (-) TimerEvent: {}
[1.202065] (-) TimerEvent: {}
[1.231934] (vectornav_msgs) JobEnded: {'identifier': 'vectornav_msgs', 'rc': 0}
[1.302153] (-) TimerEvent: {}
[1.357655] (sdv_msgs) JobEnded: {'identifier': 'sdv_msgs', 'rc': 0}
[1.358767] (sdv_can) JobStarted: {'identifier': 'sdv_can'}
[1.402255] (-) TimerEvent: {}
[1.451050] (sdv_can) JobProgress: {'identifier': 'sdv_can', 'progress': 'cmake'}
[1.451572] (sdv_can) JobProgress: {'identifier': 'sdv_can', 'progress': 'build'}
[1.451967] (sdv_can) Command: {'cmd': ['/usr/bin/cmake', '--build', '/home/fcanof/vanttec_sdv/build/sdv_can', '--', '-j12', '-l12'], 'cwd': '/home/fcanof/vanttec_sdv/build/sdv_can', 'env': OrderedDict([('GJS_DEBUG_TOPICS', 'JS ERROR;JS LOG'), ('LESSOPEN', '| /usr/bin/lesspipe %s'), ('USER', 'fcanof'), ('LC_TIME', 'es_MX.UTF-8'), ('GIO_MODULE_DIR', '/home/fcanof/snap/code/common/.cache/gio-modules'), ('XDG_SESSION_TYPE', 'x11'), ('GIT_ASKPASS', '/snap/code/154/usr/share/code/resources/app/extensions/git/dist/askpass.sh'), ('GTK_EXE_PREFIX_VSCODE_SNAP_ORIG', ''), ('GDK_BACKEND_VSCODE_SNAP_ORIG', ''), ('SHLVL', '1'), ('LD_LIBRARY_PATH', '/home/fcanof/vanttec_sdv/install/vectornav_msgs/lib:/home/fcanof/vanttec_sdv/install/sdv_msgs/lib:/opt/ros/humble/opt/rviz_ogre_vendor/lib:/opt/ros/humble/lib/x86_64-linux-gnu:/opt/ros/humble/lib'), ('HOME', '/home/fcanof'), ('CHROME_DESKTOP', 'code-url-handler.desktop'), ('LOCPATH_VSCODE_SNAP_ORIG', ''), ('TERM_PROGRAM_VERSION', '1.87.1'), ('DESKTOP_SESSION', 'ubuntu'), ('GTK_PATH', '/snap/code/154/usr/lib/x86_64-linux-gnu/gtk-3.0'), ('GTK_IM_MODULE_FILE', '/home/fcanof/snap/code/common/.cache/immodules/immodules.cache'), ('GIO_LAUNCHED_DESKTOP_FILE', '/var/lib/snapd/desktop/applications/code_code.desktop'), ('ROS_PYTHON_VERSION', '3'), ('GNOME_SHELL_SESSION_MODE', 'ubuntu'), ('GTK_MODULES', 'gail:atk-bridge'), ('GSETTINGS_SCHEMA_DIR_VSCODE_SNAP_ORIG', ''), ('VSCODE_GIT_ASKPASS_MAIN', '/snap/code/154/usr/share/code/resources/app/extensions/git/dist/askpass-main.js'), ('LC_MONETARY', 'es_MX.UTF-8'), ('VSCODE_GIT_ASKPASS_NODE', '/snap/code/154/usr/share/code/code'), ('MANAGERPID', '2223'), ('SYSTEMD_EXEC_PID', '2758'), ('DBUS_SESSION_BUS_ADDRESS', 'unix:path=/run/user/1000/bus'), ('COLORTERM', 'truecolor'), ('GIO_LAUNCHED_DESKTOP_FILE_PID', '50274'), ('COLCON_PREFIX_PATH', '/home/fcanof/vanttec_sdv/install'), ('ROS_DISTRO', 'humble'), ('GTK_IM_MODULE', 'ibus'), ('LOGNAME', 'fcanof'), ('JOURNAL_STREAM', '8:41161'), ('_', '/usr/bin/colcon'), ('ROS_VERSION', '2'), ('XDG_CONFIG_DIRS_VSCODE_SNAP_ORIG', '/etc/xdg/xdg-ubuntu:/etc/xdg'), ('XDG_SESSION_CLASS', 'user'), ('XDG_DATA_DIRS_VSCODE_SNAP_ORIG', '/usr/share/ubuntu:/usr/share/gnome:/usr/local/share/:/usr/share/:/var/lib/snapd/desktop'), ('USERNAME', 'fcanof'), ('TERM', 'xterm-256color'), ('GNOME_DESKTOP_SESSION_ID', 'this-is-deprecated'), ('ROS_LOCALHOST_ONLY', '1'), ('WINDOWPATH', '2'), ('PATH', '/home/fcanof/.local/bin:/opt/ros/humble/bin:/home/fcanof/.local/bin:/usr/local/sbin:/usr/local/bin:/usr/sbin:/usr/bin:/sbin:/bin:/usr/games:/usr/local/games:/snap/bin:/snap/bin'), ('SESSION_MANAGER', 'local/fcanof:@/tmp/.ICE-unix/2736,unix/fcanof:/tmp/.ICE-unix/2736'), ('GTK_EXE_PREFIX', '/snap/code/154/usr'), ('INVOCATION_ID', '4c90a3b36feb4d8c9cb26423b3ecfd5d'), ('XDG_MENU_PREFIX', 'gnome-'), ('LC_ADDRESS', 'es_MX.UTF-8'), ('BAMF_DESKTOP_FILE_HINT', '/var/lib/snapd/desktop/applications/code_code.desktop'), ('XDG_RUNTIME_DIR', '/run/user/1000'), ('GDK_BACKEND', 'x11'), ('DISPLAY', ':1'), ('LOCPATH', '/snap/code/154/usr/lib/locale'), ('LANG', 'en_US.UTF-8'), ('XDG_CURRENT_DESKTOP', 'Unity'), ('LC_TELEPHONE', 'es_MX.UTF-8'), ('GIO_MODULE_DIR_VSCODE_SNAP_ORIG', ''), ('XMODIFIERS', '@im=ibus'), ('XDG_SESSION_DESKTOP', 'ubuntu'), ('XAUTHORITY', '/run/user/1000/gdm/Xauthority'), ('LS_COLORS', 'rs=0:di=01;34:ln=01;36:mh=00:pi=40;33:so=01;35:do=01;35:bd=40;33;01:cd=40;33;01:or=40;31;01:mi=00:su=37;41:sg=30;43:ca=30;41:tw=30;42:ow=34;42:st=37;44:ex=01;32:*.tar=01;31:*.tgz=01;31:*.arc=01;31:*.arj=01;31:*.taz=01;31:*.lha=01;31:*.lz4=01;31:*.lzh=01;31:*.lzma=01;31:*.tlz=01;31:*.txz=01;31:*.tzo=01;31:*.t7z=01;31:*.zip=01;31:*.z=01;31:*.dz=01;31:*.gz=01;31:*.lrz=01;31:*.lz=01;31:*.lzo=01;31:*.xz=01;31:*.zst=01;31:*.tzst=01;31:*.bz2=01;31:*.bz=01;31:*.tbz=01;31:*.tbz2=01;31:*.tz=01;31:*.deb=01;31:*.rpm=01;31:*.jar=01;31:*.war=01;31:*.ear=01;31:*.sar=01;31:*.rar=01;31:*.alz=01;31:*.ace=01;31:*.zoo=01;31:*.cpio=01;31:*.7z=01;31:*.rz=01;31:*.cab=01;31:*.wim=01;31:*.swm=01;31:*.dwm=01;31:*.esd=01;31:*.jpg=01;35:*.jpeg=01;35:*.mjpg=01;35:*.mjpeg=01;35:*.gif=01;35:*.bmp=01;35:*.pbm=01;35:*.pgm=01;35:*.ppm=01;35:*.tga=01;35:*.xbm=01;35:*.xpm=01;35:*.tif=01;35:*.tiff=01;35:*.png=01;35:*.svg=01;35:*.svgz=01;35:*.mng=01;35:*.pcx=01;35:*.mov=01;35:*.mpg=01;35:*.mpeg=01;35:*.m2v=01;35:*.mkv=01;35:*.webm=01;35:*.webp=01;35:*.ogm=01;35:*.mp4=01;35:*.m4v=01;35:*.mp4v=01;35:*.vob=01;35:*.qt=01;35:*.nuv=01;35:*.wmv=01;35:*.asf=01;35:*.rm=01;35:*.rmvb=01;35:*.flc=01;35:*.avi=01;35:*.fli=01;35:*.flv=01;35:*.gl=01;35:*.dl=01;35:*.xcf=01;35:*.xwd=01;35:*.yuv=01;35:*.cgm=01;35:*.emf=01;35:*.ogv=01;35:*.ogx=01;35:*.aac=00;36:*.au=00;36:*.flac=00;36:*.m4a=00;36:*.mid=00;36:*.midi=00;36:*.mka=00;36:*.mp3=00;36:*.mpc=00;36:*.ogg=00;36:*.ra=00;36:*.wav=00;36:*.oga=00;36:*.opus=00;36:*.spx=00;36:*.xspf=00;36:'), ('VSCODE_GIT_IPC_HANDLE', '/run/user/1000/vscode-git-676dc8d9e0.sock'), ('TERM_PROGRAM', 'vscode'), ('SSH_AGENT_LAUNCHER', 'gnome-keyring'), ('SSH_AUTH_SOCK', '/run/user/1000/keyring/ssh'), ('GSETTINGS_SCHEMA_DIR', '/home/fcanof/snap/code/154/.local/share/glib-2.0/schemas'), ('ROS_DOMAIN_ID', '8'), ('AMENT_PREFIX_PATH', '/home/fcanof/vanttec_sdv/install/sdv_can:/home/fcanof/vanttec_sdv/install/vectornav_msgs:/home/fcanof/vanttec_sdv/install/sdv_msgs:/opt/ros/humble'), ('ORIGINAL_XDG_CURRENT_DESKTOP', 'ubuntu:GNOME'), ('SHELL', '/bin/bash'), ('LC_NAME', 'es_MX.UTF-8'), ('QT_ACCESSIBILITY', '1'), ('GDMSESSION', 'ubuntu'), ('LESSCLOSE', '/usr/bin/lesspipe %s %s'), ('GTK_PATH_VSCODE_SNAP_ORIG', ''), ('GTK_IM_MODULE_FILE_VSCODE_SNAP_ORIG', ''), ('LC_MEASUREMENT', 'es_MX.UTF-8'), ('GPG_AGENT_INFO', '/run/user/1000/gnupg/S.gpg-agent:0:1'), ('GJS_DEBUG_OUTPUT', 'stderr'), ('LC_IDENTIFICATION', 'es_MX.UTF-8'), ('VSCODE_GIT_ASKPASS_EXTRA_ARGS', ''), ('QT_IM_MODULE', 'ibus'), ('PWD', '/home/fcanof/vanttec_sdv/build/sdv_can'), ('LC_ALL', 'en_US.UTF-8'), ('XDG_CONFIG_DIRS', '/etc/xdg/xdg-ubuntu:/etc/xdg'), ('XDG_DATA_DIRS', '/home/fcanof/snap/code/154/.local/share:/home/fcanof/snap/code/154:/snap/code/154/usr/share:/usr/share/ubuntu:/usr/share/gnome:/usr/local/share/:/usr/share/:/var/lib/snapd/desktop'), ('PYTHONPATH', '/home/fcanof/vanttec_sdv/install/vectornav_msgs/local/lib/python3.10/dist-packages:/home/fcanof/vanttec_sdv/install/sdv_msgs/local/lib/python3.10/dist-packages:/opt/ros/humble/lib/python3.10/site-packages:/opt/ros/humble/local/lib/python3.10/dist-packages'), ('LC_NUMERIC', 'es_MX.UTF-8'), ('LC_PAPER', 'es_MX.UTF-8'), ('COLCON', '1'), ('CMAKE_PREFIX_PATH', '/home/fcanof/vanttec_sdv/install/vectornav_msgs:/home/fcanof/vanttec_sdv/install/sdv_msgs:/home/fcanof/vanttec_sdv/install/sdv_can:/opt/ros/humble')]), 'shell': False}
[1.496172] (sdv_can) StdoutLine: {'line': b'[ 50%] Built target Vanttec_CANLibLIB\n'}
[1.502325] (-) TimerEvent: {}
[1.508961] (sdv_can) StdoutLine: {'line': b'\x1b[35m\x1b[1mConsolidate compiler generated dependencies of target can_node\x1b[0m\n'}
[1.533429] (sdv_can) StdoutLine: {'line': b'[ 60%] \x1b[32mBuilding CXX object CMakeFiles/can_node.dir/src/CANTxNode.cpp.o\x1b[0m\n'}
[1.602379] (-) TimerEvent: {}
[1.702601] (-) TimerEvent: {}
[1.802825] (-) TimerEvent: {}
[1.903048] (-) TimerEvent: {}
[2.003287] (-) TimerEvent: {}
[2.103595] (-) TimerEvent: {}
[2.203844] (-) TimerEvent: {}
[2.304088] (-) TimerEvent: {}
[2.404316] (-) TimerEvent: {}
[2.504543] (-) TimerEvent: {}
[2.604781] (-) TimerEvent: {}
[2.705021] (-) TimerEvent: {}
[2.805247] (-) TimerEvent: {}
[2.905478] (-) TimerEvent: {}
[3.005705] (-) TimerEvent: {}
[3.105930] (-) TimerEvent: {}
[3.206158] (-) TimerEvent: {}
[3.306384] (-) TimerEvent: {}
[3.406619] (-) TimerEvent: {}
[3.506882] (-) TimerEvent: {}
[3.607188] (-) TimerEvent: {}
[3.707442] (-) TimerEvent: {}
[3.807682] (-) TimerEvent: {}
[3.867328] (sdv_can) StderrLine: {'line': b'\x1b[01m\x1b[K/home/fcanof/vanttec_sdv/workspace/src/sdv_can/src/CANTxNode.cpp:\x1b[m\x1b[K In member function \xe2\x80\x98\x1b[01m\x1b[Kvoid CANTxNode::steering_callback(const Vector3&)\x1b[m\x1b[K\xe2\x80\x99:\n'}
[3.867499] (sdv_can) StderrLine: {'line': b'\x1b[01m\x1b[K/home/fcanof/vanttec_sdv/workspace/src/sdv_can/src/CANTxNode.cpp:38:12:\x1b[m\x1b[K \x1b[01;35m\x1b[Kwarning: \x1b[m\x1b[Kunused variable \xe2\x80\x98\x1b[01m\x1b[Kstpr_frame\x1b[m\x1b[K\xe2\x80\x99 [\x1b[01;35m\x1b[K\x1b]8;;https://gcc.gnu.org/onlinedocs/gcc/Warning-Options.html#index-Wunused-variable\x07-Wunused-variable\x1b]8;;\x07\x1b[m\x1b[K]\n'}
[3.867581] (sdv_can) StderrLine: {'line': b'   38 |   uint32_t \x1b[01;35m\x1b[Kstpr_frame\x1b[m\x1b[K = 0;\n'}
[3.867646] (sdv_can) StderrLine: {'line': b'      |            \x1b[01;35m\x1b[K^~~~~~~~~~\x1b[m\x1b[K\n'}
[3.867709] (sdv_can) StderrLine: {'line': b'\x1b[01m\x1b[K/home/fcanof/vanttec_sdv/workspace/src/sdv_can/src/CANTxNode.cpp:39:11:\x1b[m\x1b[K \x1b[01;35m\x1b[Kwarning: \x1b[m\x1b[Kunused variable \xe2\x80\x98\x1b[01m\x1b[Kdir\x1b[m\x1b[K\xe2\x80\x99 [\x1b[01;35m\x1b[K\x1b]8;;https://gcc.gnu.org/onlinedocs/gcc/Warning-Options.html#index-Wunused-variable\x07-Wunused-variable\x1b]8;;\x07\x1b[m\x1b[K]\n'}
[3.867774] (sdv_can) StderrLine: {'line': b'   39 |   uint8_t \x1b[01;35m\x1b[Kdir\x1b[m\x1b[K = msg.x > 0 ? 1:(msg.x < 0 ? 0:2); // Normal -> CW:0, CCW:1, but inverted due to gears\n'}
[3.867838] (sdv_can) StderrLine: {'line': b'      |           \x1b[01;35m\x1b[K^~~\x1b[m\x1b[K\n'}
[3.867898] (sdv_can) StderrLine: {'line': b'\x1b[01m\x1b[K/home/fcanof/vanttec_sdv/workspace/src/sdv_can/src/CANTxNode.cpp:40:12:\x1b[m\x1b[K \x1b[01;35m\x1b[Kwarning: \x1b[m\x1b[Kunused variable \xe2\x80\x98\x1b[01m\x1b[Ksteps\x1b[m\x1b[K\xe2\x80\x99 [\x1b[01;35m\x1b[K\x1b]8;;https://gcc.gnu.org/onlinedocs/gcc/Warning-Options.html#index-Wunused-variable\x07-Wunused-variable\x1b]8;;\x07\x1b[m\x1b[K]\n'}
[3.867961] (sdv_can) StderrLine: {'line': b'   40 |   uint16_t \x1b[01;35m\x1b[Ksteps\x1b[m\x1b[K = (uint16_t) msg.y;\n'}
[3.868021] (sdv_can) StderrLine: {'line': b'      |            \x1b[01;35m\x1b[K^~~~~\x1b[m\x1b[K\n'}
[3.907770] (-) TimerEvent: {}
[4.008004] (-) TimerEvent: {}
[4.108250] (-) TimerEvent: {}
[4.208484] (-) TimerEvent: {}
[4.308718] (-) TimerEvent: {}
[4.408952] (-) TimerEvent: {}
[4.509181] (-) TimerEvent: {}
[4.609420] (-) TimerEvent: {}
[4.709663] (-) TimerEvent: {}
[4.809910] (-) TimerEvent: {}
[4.910157] (-) TimerEvent: {}
[5.010379] (-) TimerEvent: {}
[5.110614] (-) TimerEvent: {}
[5.210864] (-) TimerEvent: {}
[5.311140] (-) TimerEvent: {}
[5.411409] (-) TimerEvent: {}
[5.511667] (-) TimerEvent: {}
[5.611891] (-) TimerEvent: {}
[5.712117] (-) TimerEvent: {}
[5.812340] (-) TimerEvent: {}
[5.912571] (-) TimerEvent: {}
[6.012804] (-) TimerEvent: {}
[6.113031] (-) TimerEvent: {}
[6.213254] (-) TimerEvent: {}
[6.313478] (-) TimerEvent: {}
[6.413706] (-) TimerEvent: {}
[6.513941] (-) TimerEvent: {}
[6.614180] (-) TimerEvent: {}
[6.714436] (-) TimerEvent: {}
[6.814688] (-) TimerEvent: {}
[6.914945] (-) TimerEvent: {}
[7.015228] (-) TimerEvent: {}
[7.115489] (-) TimerEvent: {}
[7.215774] (-) TimerEvent: {}
[7.316110] (-) TimerEvent: {}
[7.416394] (-) TimerEvent: {}
[7.516677] (-) TimerEvent: {}
[7.616895] (-) TimerEvent: {}
[7.717111] (-) TimerEvent: {}
[7.817324] (-) TimerEvent: {}
[7.917547] (-) TimerEvent: {}
[8.017784] (-) TimerEvent: {}
[8.118052] (-) TimerEvent: {}
[8.218349] (-) TimerEvent: {}
[8.318648] (-) TimerEvent: {}
[8.419003] (-) TimerEvent: {}
[8.519255] (-) TimerEvent: {}
[8.619479] (-) TimerEvent: {}
[8.719695] (-) TimerEvent: {}
[8.819920] (-) TimerEvent: {}
[8.920152] (-) TimerEvent: {}
[9.020380] (-) TimerEvent: {}
[9.120608] (-) TimerEvent: {}
[9.220840] (-) TimerEvent: {}
[9.321068] (-) TimerEvent: {}
[9.421303] (-) TimerEvent: {}
[9.521553] (-) TimerEvent: {}
[9.621827] (-) TimerEvent: {}
[9.722102] (-) TimerEvent: {}
[9.822399] (-) TimerEvent: {}
[9.922649] (-) TimerEvent: {}
[10.022888] (-) TimerEvent: {}
[10.123125] (-) TimerEvent: {}
[10.223351] (-) TimerEvent: {}
[10.323573] (-) TimerEvent: {}
[10.423804] (-) TimerEvent: {}
[10.524052] (-) TimerEvent: {}
[10.624339] (-) TimerEvent: {}
[10.724634] (-) TimerEvent: {}
[10.824900] (-) TimerEvent: {}
[10.925183] (-) TimerEvent: {}
[11.025516] (-) TimerEvent: {}
[11.125838] (-) TimerEvent: {}
[11.226117] (-) TimerEvent: {}
[11.326387] (-) TimerEvent: {}
[11.426628] (-) TimerEvent: {}
[11.526859] (-) TimerEvent: {}
[11.627099] (-) TimerEvent: {}
[11.725019] (sdv_can) StdoutLine: {'line': b'[ 70%] \x1b[32m\x1b[1mLinking CXX executable can_node\x1b[0m\n'}
[11.727168] (-) TimerEvent: {}
[11.827393] (-) TimerEvent: {}
[11.927649] (-) TimerEvent: {}
[12.027880] (-) TimerEvent: {}
[12.128111] (-) TimerEvent: {}
[12.227952] (sdv_can) StdoutLine: {'line': b'[100%] Built target can_node\n'}
[12.228102] (-) TimerEvent: {}
[12.238712] (sdv_can) CommandEnded: {'returncode': 0}
[12.266291] (sdv_can) JobProgress: {'identifier': 'sdv_can', 'progress': 'install'}
[12.267144] (sdv_can) Command: {'cmd': ['/usr/bin/cmake', '--install', '/home/fcanof/vanttec_sdv/build/sdv_can'], 'cwd': '/home/fcanof/vanttec_sdv/build/sdv_can', 'env': OrderedDict([('GJS_DEBUG_TOPICS', 'JS ERROR;JS LOG'), ('LESSOPEN', '| /usr/bin/lesspipe %s'), ('USER', 'fcanof'), ('LC_TIME', 'es_MX.UTF-8'), ('GIO_MODULE_DIR', '/home/fcanof/snap/code/common/.cache/gio-modules'), ('XDG_SESSION_TYPE', 'x11'), ('GIT_ASKPASS', '/snap/code/154/usr/share/code/resources/app/extensions/git/dist/askpass.sh'), ('GTK_EXE_PREFIX_VSCODE_SNAP_ORIG', ''), ('GDK_BACKEND_VSCODE_SNAP_ORIG', ''), ('SHLVL', '1'), ('LD_LIBRARY_PATH', '/home/fcanof/vanttec_sdv/install/vectornav_msgs/lib:/home/fcanof/vanttec_sdv/install/sdv_msgs/lib:/opt/ros/humble/opt/rviz_ogre_vendor/lib:/opt/ros/humble/lib/x86_64-linux-gnu:/opt/ros/humble/lib'), ('HOME', '/home/fcanof'), ('CHROME_DESKTOP', 'code-url-handler.desktop'), ('LOCPATH_VSCODE_SNAP_ORIG', ''), ('TERM_PROGRAM_VERSION', '1.87.1'), ('DESKTOP_SESSION', 'ubuntu'), ('GTK_PATH', '/snap/code/154/usr/lib/x86_64-linux-gnu/gtk-3.0'), ('GTK_IM_MODULE_FILE', '/home/fcanof/snap/code/common/.cache/immodules/immodules.cache'), ('GIO_LAUNCHED_DESKTOP_FILE', '/var/lib/snapd/desktop/applications/code_code.desktop'), ('ROS_PYTHON_VERSION', '3'), ('GNOME_SHELL_SESSION_MODE', 'ubuntu'), ('GTK_MODULES', 'gail:atk-bridge'), ('GSETTINGS_SCHEMA_DIR_VSCODE_SNAP_ORIG', ''), ('VSCODE_GIT_ASKPASS_MAIN', '/snap/code/154/usr/share/code/resources/app/extensions/git/dist/askpass-main.js'), ('LC_MONETARY', 'es_MX.UTF-8'), ('VSCODE_GIT_ASKPASS_NODE', '/snap/code/154/usr/share/code/code'), ('MANAGERPID', '2223'), ('SYSTEMD_EXEC_PID', '2758'), ('DBUS_SESSION_BUS_ADDRESS', 'unix:path=/run/user/1000/bus'), ('COLORTERM', 'truecolor'), ('GIO_LAUNCHED_DESKTOP_FILE_PID', '50274'), ('COLCON_PREFIX_PATH', '/home/fcanof/vanttec_sdv/install'), ('ROS_DISTRO', 'humble'), ('GTK_IM_MODULE', 'ibus'), ('LOGNAME', 'fcanof'), ('JOURNAL_STREAM', '8:41161'), ('_', '/usr/bin/colcon'), ('ROS_VERSION', '2'), ('XDG_CONFIG_DIRS_VSCODE_SNAP_ORIG', '/etc/xdg/xdg-ubuntu:/etc/xdg'), ('XDG_SESSION_CLASS', 'user'), ('XDG_DATA_DIRS_VSCODE_SNAP_ORIG', '/usr/share/ubuntu:/usr/share/gnome:/usr/local/share/:/usr/share/:/var/lib/snapd/desktop'), ('USERNAME', 'fcanof'), ('TERM', 'xterm-256color'), ('GNOME_DESKTOP_SESSION_ID', 'this-is-deprecated'), ('ROS_LOCALHOST_ONLY', '1'), ('WINDOWPATH', '2'), ('PATH', '/home/fcanof/.local/bin:/opt/ros/humble/bin:/home/fcanof/.local/bin:/usr/local/sbin:/usr/local/bin:/usr/sbin:/usr/bin:/sbin:/bin:/usr/games:/usr/local/games:/snap/bin:/snap/bin'), ('SESSION_MANAGER', 'local/fcanof:@/tmp/.ICE-unix/2736,unix/fcanof:/tmp/.ICE-unix/2736'), ('GTK_EXE_PREFIX', '/snap/code/154/usr'), ('INVOCATION_ID', '4c90a3b36feb4d8c9cb26423b3ecfd5d'), ('XDG_MENU_PREFIX', 'gnome-'), ('LC_ADDRESS', 'es_MX.UTF-8'), ('BAMF_DESKTOP_FILE_HINT', '/var/lib/snapd/desktop/applications/code_code.desktop'), ('XDG_RUNTIME_DIR', '/run/user/1000'), ('GDK_BACKEND', 'x11'), ('DISPLAY', ':1'), ('LOCPATH', '/snap/code/154/usr/lib/locale'), ('LANG', 'en_US.UTF-8'), ('XDG_CURRENT_DESKTOP', 'Unity'), ('LC_TELEPHONE', 'es_MX.UTF-8'), ('GIO_MODULE_DIR_VSCODE_SNAP_ORIG', ''), ('XMODIFIERS', '@im=ibus'), ('XDG_SESSION_DESKTOP', 'ubuntu'), ('XAUTHORITY', '/run/user/1000/gdm/Xauthority'), ('LS_COLORS', 'rs=0:di=01;34:ln=01;36:mh=00:pi=40;33:so=01;35:do=01;35:bd=40;33;01:cd=40;33;01:or=40;31;01:mi=00:su=37;41:sg=30;43:ca=30;41:tw=30;42:ow=34;42:st=37;44:ex=01;32:*.tar=01;31:*.tgz=01;31:*.arc=01;31:*.arj=01;31:*.taz=01;31:*.lha=01;31:*.lz4=01;31:*.lzh=01;31:*.lzma=01;31:*.tlz=01;31:*.txz=01;31:*.tzo=01;31:*.t7z=01;31:*.zip=01;31:*.z=01;31:*.dz=01;31:*.gz=01;31:*.lrz=01;31:*.lz=01;31:*.lzo=01;31:*.xz=01;31:*.zst=01;31:*.tzst=01;31:*.bz2=01;31:*.bz=01;31:*.tbz=01;31:*.tbz2=01;31:*.tz=01;31:*.deb=01;31:*.rpm=01;31:*.jar=01;31:*.war=01;31:*.ear=01;31:*.sar=01;31:*.rar=01;31:*.alz=01;31:*.ace=01;31:*.zoo=01;31:*.cpio=01;31:*.7z=01;31:*.rz=01;31:*.cab=01;31:*.wim=01;31:*.swm=01;31:*.dwm=01;31:*.esd=01;31:*.jpg=01;35:*.jpeg=01;35:*.mjpg=01;35:*.mjpeg=01;35:*.gif=01;35:*.bmp=01;35:*.pbm=01;35:*.pgm=01;35:*.ppm=01;35:*.tga=01;35:*.xbm=01;35:*.xpm=01;35:*.tif=01;35:*.tiff=01;35:*.png=01;35:*.svg=01;35:*.svgz=01;35:*.mng=01;35:*.pcx=01;35:*.mov=01;35:*.mpg=01;35:*.mpeg=01;35:*.m2v=01;35:*.mkv=01;35:*.webm=01;35:*.webp=01;35:*.ogm=01;35:*.mp4=01;35:*.m4v=01;35:*.mp4v=01;35:*.vob=01;35:*.qt=01;35:*.nuv=01;35:*.wmv=01;35:*.asf=01;35:*.rm=01;35:*.rmvb=01;35:*.flc=01;35:*.avi=01;35:*.fli=01;35:*.flv=01;35:*.gl=01;35:*.dl=01;35:*.xcf=01;35:*.xwd=01;35:*.yuv=01;35:*.cgm=01;35:*.emf=01;35:*.ogv=01;35:*.ogx=01;35:*.aac=00;36:*.au=00;36:*.flac=00;36:*.m4a=00;36:*.mid=00;36:*.midi=00;36:*.mka=00;36:*.mp3=00;36:*.mpc=00;36:*.ogg=00;36:*.ra=00;36:*.wav=00;36:*.oga=00;36:*.opus=00;36:*.spx=00;36:*.xspf=00;36:'), ('VSCODE_GIT_IPC_HANDLE', '/run/user/1000/vscode-git-676dc8d9e0.sock'), ('TERM_PROGRAM', 'vscode'), ('SSH_AGENT_LAUNCHER', 'gnome-keyring'), ('SSH_AUTH_SOCK', '/run/user/1000/keyring/ssh'), ('GSETTINGS_SCHEMA_DIR', '/home/fcanof/snap/code/154/.local/share/glib-2.0/schemas'), ('ROS_DOMAIN_ID', '8'), ('AMENT_PREFIX_PATH', '/home/fcanof/vanttec_sdv/install/sdv_can:/home/fcanof/vanttec_sdv/install/vectornav_msgs:/home/fcanof/vanttec_sdv/install/sdv_msgs:/opt/ros/humble'), ('ORIGINAL_XDG_CURRENT_DESKTOP', 'ubuntu:GNOME'), ('SHELL', '/bin/bash'), ('LC_NAME', 'es_MX.UTF-8'), ('QT_ACCESSIBILITY', '1'), ('GDMSESSION', 'ubuntu'), ('LESSCLOSE', '/usr/bin/lesspipe %s %s'), ('GTK_PATH_VSCODE_SNAP_ORIG', ''), ('GTK_IM_MODULE_FILE_VSCODE_SNAP_ORIG', ''), ('LC_MEASUREMENT', 'es_MX.UTF-8'), ('GPG_AGENT_INFO', '/run/user/1000/gnupg/S.gpg-agent:0:1'), ('GJS_DEBUG_OUTPUT', 'stderr'), ('LC_IDENTIFICATION', 'es_MX.UTF-8'), ('VSCODE_GIT_ASKPASS_EXTRA_ARGS', ''), ('QT_IM_MODULE', 'ibus'), ('PWD', '/home/fcanof/vanttec_sdv/build/sdv_can'), ('LC_ALL', 'en_US.UTF-8'), ('XDG_CONFIG_DIRS', '/etc/xdg/xdg-ubuntu:/etc/xdg'), ('XDG_DATA_DIRS', '/home/fcanof/snap/code/154/.local/share:/home/fcanof/snap/code/154:/snap/code/154/usr/share:/usr/share/ubuntu:/usr/share/gnome:/usr/local/share/:/usr/share/:/var/lib/snapd/desktop'), ('PYTHONPATH', '/home/fcanof/vanttec_sdv/install/vectornav_msgs/local/lib/python3.10/dist-packages:/home/fcanof/vanttec_sdv/install/sdv_msgs/local/lib/python3.10/dist-packages:/opt/ros/humble/lib/python3.10/site-packages:/opt/ros/humble/local/lib/python3.10/dist-packages'), ('LC_NUMERIC', 'es_MX.UTF-8'), ('LC_PAPER', 'es_MX.UTF-8'), ('COLCON', '1'), ('CMAKE_PREFIX_PATH', '/home/fcanof/vanttec_sdv/install/vectornav_msgs:/home/fcanof/vanttec_sdv/install/sdv_msgs:/home/fcanof/vanttec_sdv/install/sdv_can:/opt/ros/humble')]), 'shell': False}
[12.273242] (sdv_can) StdoutLine: {'line': b'-- Install configuration: ""\n'}
[12.273394] (sdv_can) StdoutLine: {'line': b'-- Up-to-date: /home/fcanof/vanttec_sdv/install/sdv_can/share/sdv_can/launch\n'}
[12.273468] (sdv_can) StdoutLine: {'line': b'-- Up-to-date: /home/fcanof/vanttec_sdv/install/sdv_can/share/sdv_can/launch/panel.launch.py\n'}
[12.273561] (sdv_can) StdoutLine: {'line': b'-- Up-to-date: /home/fcanof/vanttec_sdv/install/sdv_can/share/sdv_can/launch/can_devices.launch.py\n'}
[12.273627] (sdv_can) StdoutLine: {'line': b'-- Up-to-date: /home/fcanof/vanttec_sdv/install/sdv_can/share/sdv_can/config\n'}
[12.273687] (sdv_can) StdoutLine: {'line': b'-- Up-to-date: /home/fcanof/vanttec_sdv/install/sdv_can/share/sdv_can/config/can_params.yaml\n'}
[12.273748] (sdv_can) StdoutLine: {'line': b'-- Installing: /home/fcanof/vanttec_sdv/install/sdv_can/lib/sdv_can/can_node\n'}
[12.278165] (sdv_can) StdoutLine: {'line': b'-- Set runtime path of "/home/fcanof/vanttec_sdv/install/sdv_can/lib/sdv_can/can_node" to ""\n'}
[12.278310] (sdv_can) StdoutLine: {'line': b'-- Up-to-date: /home/fcanof/vanttec_sdv/install/sdv_can/lib/sdv_can/can_node.py\n'}
[12.278436] (sdv_can) StdoutLine: {'line': b'-- Up-to-date: /home/fcanof/vanttec_sdv/install/sdv_can/lib/sdv_can/encoder_rm8004.py\n'}
[12.278528] (sdv_can) StdoutLine: {'line': b'-- Up-to-date: /home/fcanof/vanttec_sdv/install/sdv_can/lib/sdv_can/encoder_briter.py\n'}
[12.278608] (sdv_can) StdoutLine: {'line': b'-- Up-to-date: /home/fcanof/vanttec_sdv/install/sdv_can/lib/sdv_can/xbox_driver.py\n'}
[12.278708] (sdv_can) StdoutLine: {'line': b'-- Up-to-date: /home/fcanof/vanttec_sdv/install/sdv_can/lib/sdv_can/xbox_node.py\n'}
[12.278797] (sdv_can) StdoutLine: {'line': b'-- Up-to-date: /home/fcanof/vanttec_sdv/install/sdv_can/lib/sdv_can/speech.py\n'}
[12.278883] (sdv_can) StdoutLine: {'line': b'-- Up-to-date: /home/fcanof/vanttec_sdv/install/sdv_can/lib/sdv_can/panel_modulev2.py\n'}
[12.278965] (sdv_can) StdoutLine: {'line': b'-- Up-to-date: /home/fcanof/vanttec_sdv/install/sdv_can/lib/sdv_can/heartbeat_node.py\n'}
[12.279027] (sdv_can) StdoutLine: {'line': b'-- Up-to-date: /home/fcanof/vanttec_sdv/install/sdv_can/lib/sdv_can/velocitydata.py\n'}
[12.279112] (sdv_can) StdoutLine: {'line': b'-- Up-to-date: /home/fcanof/vanttec_sdv/install/sdv_can/lib/sdv_can/direcciondata.py\n'}
[12.279201] (sdv_can) StdoutLine: {'line': b'-- Up-to-date: /home/fcanof/vanttec_sdv/install/sdv_can/share/ament_index/resource_index/package_run_dependencies/sdv_can\n'}
[12.279263] (sdv_can) StdoutLine: {'line': b'-- Up-to-date: /home/fcanof/vanttec_sdv/install/sdv_can/share/ament_index/resource_index/parent_prefix_path/sdv_can\n'}
[12.279325] (sdv_can) StdoutLine: {'line': b'-- Up-to-date: /home/fcanof/vanttec_sdv/install/sdv_can/share/sdv_can/environment/ament_prefix_path.sh\n'}
[12.279386] (sdv_can) StdoutLine: {'line': b'-- Up-to-date: /home/fcanof/vanttec_sdv/install/sdv_can/share/sdv_can/environment/ament_prefix_path.dsv\n'}
[12.279446] (sdv_can) StdoutLine: {'line': b'-- Up-to-date: /home/fcanof/vanttec_sdv/install/sdv_can/share/sdv_can/environment/path.sh\n'}
[12.279507] (sdv_can) StdoutLine: {'line': b'-- Up-to-date: /home/fcanof/vanttec_sdv/install/sdv_can/share/sdv_can/environment/path.dsv\n'}
[12.279567] (sdv_can) StdoutLine: {'line': b'-- Up-to-date: /home/fcanof/vanttec_sdv/install/sdv_can/share/sdv_can/local_setup.bash\n'}
[12.279626] (sdv_can) StdoutLine: {'line': b'-- Up-to-date: /home/fcanof/vanttec_sdv/install/sdv_can/share/sdv_can/local_setup.sh\n'}
[12.279686] (sdv_can) StdoutLine: {'line': b'-- Up-to-date: /home/fcanof/vanttec_sdv/install/sdv_can/share/sdv_can/local_setup.zsh\n'}
[12.279746] (sdv_can) StdoutLine: {'line': b'-- Up-to-date: /home/fcanof/vanttec_sdv/install/sdv_can/share/sdv_can/local_setup.dsv\n'}
[12.279812] (sdv_can) StdoutLine: {'line': b'-- Installing: /home/fcanof/vanttec_sdv/install/sdv_can/share/sdv_can/package.dsv\n'}
[12.279872] (sdv_can) StdoutLine: {'line': b'-- Up-to-date: /home/fcanof/vanttec_sdv/install/sdv_can/share/ament_index/resource_index/packages/sdv_can\n'}
[12.279932] (sdv_can) StdoutLine: {'line': b'-- Up-to-date: /home/fcanof/vanttec_sdv/install/sdv_can/share/sdv_can/cmake/sdv_canConfig.cmake\n'}
[12.279991] (sdv_can) StdoutLine: {'line': b'-- Up-to-date: /home/fcanof/vanttec_sdv/install/sdv_can/share/sdv_can/cmake/sdv_canConfig-version.cmake\n'}
[12.280050] (sdv_can) StdoutLine: {'line': b'-- Up-to-date: /home/fcanof/vanttec_sdv/install/sdv_can/share/sdv_can/package.xml\n'}
[12.280721] (sdv_can) CommandEnded: {'returncode': 0}
[12.328182] (-) TimerEvent: {}
[12.428882] (-) TimerEvent: {}
[12.444983] (sdv_can) JobEnded: {'identifier': 'sdv_can', 'rc': 0}
[12.445616] (-) EventReactorShutdown: {}
