[0.000000] (-) TimerEvent: {}
[0.000108] (-) JobUnselected: {'identifier': 'isaac_ros_apriltag_interfaces'}
[0.000135] (-) JobUnselected: {'identifier': 'isaac_ros_bi3d_interfaces'}
[0.000154] (-) JobUnselected: {'identifier': 'isaac_ros_common'}
[0.000171] (-) JobUnselected: {'identifier': 'isaac_ros_nitros_bridge_interfaces'}
[0.000187] (-) JobUnselected: {'identifier': 'isaac_ros_nova_interfaces'}
[0.000203] (-) JobUnselected: {'identifier': 'isaac_ros_pointcloud_interfaces'}
[0.000316] (-) JobUnselected: {'identifier': 'isaac_ros_tensor_list_interfaces'}
[0.000519] (-) JobUnselected: {'identifier': 'isaac_ros_test'}
[0.000640] (-) JobUnselected: {'identifier': 'lidar3d_clustering'}
[0.000698] (-) JobUnselected: {'identifier': 'my_camera_node'}
[0.000731] (-) JobUnselected: {'identifier': 'ros_compatibility'}
[0.000793] (-) JobUnselected: {'identifier': 'sbg_driver'}
[0.000812] (-) JobUnselected: {'identifier': 'sdv_control'}
[0.000845] (-) JobUnselected: {'identifier': 'sdv_description'}
[0.000863] (-) JobUnselected: {'identifier': 'sdv_launch'}
[0.000881] (-) JobUnselected: {'identifier': 'sdv_lidar_processing'}
[0.000981] (-) JobUnselected: {'identifier': 'sdv_localization'}
[0.001000] (-) JobUnselected: {'identifier': 'sdv_manual_control'}
[0.001032] (-) JobUnselected: {'identifier': 'sdv_robot_description'}
[0.001055] (-) JobUnselected: {'identifier': 'vectornav'}
[0.001130] (-) JobUnselected: {'identifier': 'voxel_grid_filter'}
[0.001152] (sdv_msgs) JobQueued: {'identifier': 'sdv_msgs', 'dependencies': OrderedDict()}
[0.001178] (vectornav_msgs) JobQueued: {'identifier': 'vectornav_msgs', 'dependencies': OrderedDict()}
[0.001207] (sdv_can) JobQueued: {'identifier': 'sdv_can', 'dependencies': OrderedDict([('sdv_msgs', '/home/fcanof/vanttec_sdv/install/sdv_msgs'), ('vectornav_msgs', '/home/fcanof/vanttec_sdv/install/vectornav_msgs')])}
[0.001230] (sdv_msgs) JobStarted: {'identifier': 'sdv_msgs'}
[0.057768] (vectornav_msgs) JobStarted: {'identifier': 'vectornav_msgs'}
[0.099810] (-) TimerEvent: {}
[0.133391] (sdv_msgs) JobProgress: {'identifier': 'sdv_msgs', 'progress': 'cmake'}
[0.134696] (sdv_msgs) JobProgress: {'identifier': 'sdv_msgs', 'progress': 'build'}
[0.134792] (sdv_msgs) Command: {'cmd': ['/usr/bin/cmake', '--build', '/home/fcanof/vanttec_sdv/build/sdv_msgs', '--', '-j12', '-l12'], 'cwd': '/home/fcanof/vanttec_sdv/build/sdv_msgs', 'env': OrderedDict([('GJS_DEBUG_TOPICS', 'JS ERROR;JS LOG'), ('LESSOPEN', '| /usr/bin/lesspipe %s'), ('USER', 'fcanof'), ('LC_TIME', 'es_MX.UTF-8'), ('GIO_MODULE_DIR', '/home/fcanof/snap/code/common/.cache/gio-modules'), ('XDG_SESSION_TYPE', 'x11'), ('GIT_ASKPASS', '/snap/code/154/usr/share/code/resources/app/extensions/git/dist/askpass.sh'), ('GTK_EXE_PREFIX_VSCODE_SNAP_ORIG', ''), ('GDK_BACKEND_VSCODE_SNAP_ORIG', ''), ('SHLVL', '1'), ('LD_LIBRARY_PATH', '/opt/ros/humble/opt/rviz_ogre_vendor/lib:/opt/ros/humble/lib/x86_64-linux-gnu:/opt/ros/humble/lib'), ('HOME', '/home/fcanof'), ('CHROME_DESKTOP', 'code-url-handler.desktop'), ('LOCPATH_VSCODE_SNAP_ORIG', ''), ('TERM_PROGRAM_VERSION', '1.87.1'), ('DESKTOP_SESSION', 'ubuntu'), ('GTK_PATH', '/snap/code/154/usr/lib/x86_64-linux-gnu/gtk-3.0'), ('GTK_IM_MODULE_FILE', '/home/fcanof/snap/code/common/.cache/immodules/immodules.cache'), ('GIO_LAUNCHED_DESKTOP_FILE', '/var/lib/snapd/desktop/applications/code_code.desktop'), ('ROS_PYTHON_VERSION', '3'), ('GNOME_SHELL_SESSION_MODE', 'ubuntu'), ('GTK_MODULES', 'gail:atk-bridge'), ('GSETTINGS_SCHEMA_DIR_VSCODE_SNAP_ORIG', ''), ('VSCODE_GIT_ASKPASS_MAIN', '/snap/code/154/usr/share/code/resources/app/extensions/git/dist/askpass-main.js'), ('LC_MONETARY', 'es_MX.UTF-8'), ('VSCODE_GIT_ASKPASS_NODE', '/snap/code/154/usr/share/code/code'), ('MANAGERPID', '2223'), ('SYSTEMD_EXEC_PID', '2758'), ('DBUS_SESSION_BUS_ADDRESS', 'unix:path=/run/user/1000/bus'), ('COLORTERM', 'truecolor'), ('GIO_LAUNCHED_DESKTOP_FILE_PID', '50274'), ('ROS_DISTRO', 'humble'), ('GTK_IM_MODULE', 'ibus'), ('LOGNAME', 'fcanof'), ('JOURNAL_STREAM', '8:41161'), ('_', '/usr/bin/colcon'), ('ROS_VERSION', '2'), ('XDG_CONFIG_DIRS_VSCODE_SNAP_ORIG', '/etc/xdg/xdg-ubuntu:/etc/xdg'), ('XDG_SESSION_CLASS', 'user'), ('XDG_DATA_DIRS_VSCODE_SNAP_ORIG', '/usr/share/ubuntu:/usr/share/gnome:/usr/local/share/:/usr/share/:/var/lib/snapd/desktop'), ('USERNAME', 'fcanof'), ('TERM', 'xterm-256color'), ('GNOME_DESKTOP_SESSION_ID', 'this-is-deprecated'), ('ROS_LOCALHOST_ONLY', '1'), ('WINDOWPATH', '2'), ('PATH', '/home/fcanof/.local/bin:/opt/ros/humble/bin:/home/fcanof/.local/bin:/usr/local/sbin:/usr/local/bin:/usr/sbin:/usr/bin:/sbin:/bin:/usr/games:/usr/local/games:/snap/bin:/snap/bin'), ('SESSION_MANAGER', 'local/fcanof:@/tmp/.ICE-unix/2736,unix/fcanof:/tmp/.ICE-unix/2736'), ('GTK_EXE_PREFIX', '/snap/code/154/usr'), ('INVOCATION_ID', '4c90a3b36feb4d8c9cb26423b3ecfd5d'), ('XDG_MENU_PREFIX', 'gnome-'), ('LC_ADDRESS', 'es_MX.UTF-8'), ('BAMF_DESKTOP_FILE_HINT', '/var/lib/snapd/desktop/applications/code_code.desktop'), ('XDG_RUNTIME_DIR', '/run/user/1000'), ('GDK_BACKEND', 'x11'), ('DISPLAY', ':1'), ('LOCPATH', '/snap/code/154/usr/lib/locale'), ('LANG', 'en_US.UTF-8'), ('XDG_CURRENT_DESKTOP', 'Unity'), ('LC_TELEPHONE', 'es_MX.UTF-8'), ('GIO_MODULE_DIR_VSCODE_SNAP_ORIG', ''), ('XMODIFIERS', '@im=ibus'), ('XDG_SESSION_DESKTOP', 'ubuntu'), ('XAUTHORITY', '/run/user/1000/gdm/Xauthority'), ('LS_COLORS', 'rs=0:di=01;34:ln=01;36:mh=00:pi=40;33:so=01;35:do=01;35:bd=40;33;01:cd=40;33;01:or=40;31;01:mi=00:su=37;41:sg=30;43:ca=30;41:tw=30;42:ow=34;42:st=37;44:ex=01;32:*.tar=01;31:*.tgz=01;31:*.arc=01;31:*.arj=01;31:*.taz=01;31:*.lha=01;31:*.lz4=01;31:*.lzh=01;31:*.lzma=01;31:*.tlz=01;31:*.txz=01;31:*.tzo=01;31:*.t7z=01;31:*.zip=01;31:*.z=01;31:*.dz=01;31:*.gz=01;31:*.lrz=01;31:*.lz=01;31:*.lzo=01;31:*.xz=01;31:*.zst=01;31:*.tzst=01;31:*.bz2=01;31:*.bz=01;31:*.tbz=01;31:*.tbz2=01;31:*.tz=01;31:*.deb=01;31:*.rpm=01;31:*.jar=01;31:*.war=01;31:*.ear=01;31:*.sar=01;31:*.rar=01;31:*.alz=01;31:*.ace=01;31:*.zoo=01;31:*.cpio=01;31:*.7z=01;31:*.rz=01;31:*.cab=01;31:*.wim=01;31:*.swm=01;31:*.dwm=01;31:*.esd=01;31:*.jpg=01;35:*.jpeg=01;35:*.mjpg=01;35:*.mjpeg=01;35:*.gif=01;35:*.bmp=01;35:*.pbm=01;35:*.pgm=01;35:*.ppm=01;35:*.tga=01;35:*.xbm=01;35:*.xpm=01;35:*.tif=01;35:*.tiff=01;35:*.png=01;35:*.svg=01;35:*.svgz=01;35:*.mng=01;35:*.pcx=01;35:*.mov=01;35:*.mpg=01;35:*.mpeg=01;35:*.m2v=01;35:*.mkv=01;35:*.webm=01;35:*.webp=01;35:*.ogm=01;35:*.mp4=01;35:*.m4v=01;35:*.mp4v=01;35:*.vob=01;35:*.qt=01;35:*.nuv=01;35:*.wmv=01;35:*.asf=01;35:*.rm=01;35:*.rmvb=01;35:*.flc=01;35:*.avi=01;35:*.fli=01;35:*.flv=01;35:*.gl=01;35:*.dl=01;35:*.xcf=01;35:*.xwd=01;35:*.yuv=01;35:*.cgm=01;35:*.emf=01;35:*.ogv=01;35:*.ogx=01;35:*.aac=00;36:*.au=00;36:*.flac=00;36:*.m4a=00;36:*.mid=00;36:*.midi=00;36:*.mka=00;36:*.mp3=00;36:*.mpc=00;36:*.ogg=00;36:*.ra=00;36:*.wav=00;36:*.oga=00;36:*.opus=00;36:*.spx=00;36:*.xspf=00;36:'), ('VSCODE_GIT_IPC_HANDLE', '/run/user/1000/vscode-git-676dc8d9e0.sock'), ('TERM_PROGRAM', 'vscode'), ('SSH_AGENT_LAUNCHER', 'gnome-keyring'), ('SSH_AUTH_SOCK', '/run/user/1000/keyring/ssh'), ('GSETTINGS_SCHEMA_DIR', '/home/fcanof/snap/code/154/.local/share/glib-2.0/schemas'), ('ROS_DOMAIN_ID', '8'), ('AMENT_PREFIX_PATH', '/opt/ros/humble'), ('ORIGINAL_XDG_CURRENT_DESKTOP', 'ubuntu:GNOME'), ('SHELL', '/bin/bash'), ('LC_NAME', 'es_MX.UTF-8'), ('QT_ACCESSIBILITY', '1'), ('GDMSESSION', 'ubuntu'), ('LESSCLOSE', '/usr/bin/lesspipe %s %s'), ('GTK_PATH_VSCODE_SNAP_ORIG', ''), ('GTK_IM_MODULE_FILE_VSCODE_SNAP_ORIG', ''), ('LC_MEASUREMENT', 'es_MX.UTF-8'), ('GPG_AGENT_INFO', '/run/user/1000/gnupg/S.gpg-agent:0:1'), ('GJS_DEBUG_OUTPUT', 'stderr'), ('LC_IDENTIFICATION', 'es_MX.UTF-8'), ('VSCODE_GIT_ASKPASS_EXTRA_ARGS', ''), ('QT_IM_MODULE', 'ibus'), ('PWD', '/home/fcanof/vanttec_sdv/build/sdv_msgs'), ('LC_ALL', 'en_US.UTF-8'), ('XDG_CONFIG_DIRS', '/etc/xdg/xdg-ubuntu:/etc/xdg'), ('XDG_DATA_DIRS', '/home/fcanof/snap/code/154/.local/share:/home/fcanof/snap/code/154:/snap/code/154/usr/share:/usr/share/ubuntu:/usr/share/gnome:/usr/local/share/:/usr/share/:/var/lib/snapd/desktop'), ('PYTHONPATH', '/opt/ros/humble/lib/python3.10/site-packages:/opt/ros/humble/local/lib/python3.10/dist-packages'), ('LC_NUMERIC', 'es_MX.UTF-8'), ('LC_PAPER', 'es_MX.UTF-8'), ('COLCON', '1'), ('CMAKE_PREFIX_PATH', '/opt/ros/humble')]), 'shell': False}
[0.137484] (vectornav_msgs) JobProgress: {'identifier': 'vectornav_msgs', 'progress': 'cmake'}
[0.137970] (vectornav_msgs) JobProgress: {'identifier': 'vectornav_msgs', 'progress': 'build'}
[0.138263] (vectornav_msgs) Command: {'cmd': ['/usr/bin/cmake', '--build', '/home/fcanof/vanttec_sdv/build/vectornav_msgs', '--', '-j12', '-l12'], 'cwd': '/home/fcanof/vanttec_sdv/build/vectornav_msgs', 'env': OrderedDict([('GJS_DEBUG_TOPICS', 'JS ERROR;JS LOG'), ('LESSOPEN', '| /usr/bin/lesspipe %s'), ('USER', 'fcanof'), ('LC_TIME', 'es_MX.UTF-8'), ('GIO_MODULE_DIR', '/home/fcanof/snap/code/common/.cache/gio-modules'), ('XDG_SESSION_TYPE', 'x11'), ('GIT_ASKPASS', '/snap/code/154/usr/share/code/resources/app/extensions/git/dist/askpass.sh'), ('GTK_EXE_PREFIX_VSCODE_SNAP_ORIG', ''), ('GDK_BACKEND_VSCODE_SNAP_ORIG', ''), ('SHLVL', '1'), ('LD_LIBRARY_PATH', '/opt/ros/humble/opt/rviz_ogre_vendor/lib:/opt/ros/humble/lib/x86_64-linux-gnu:/opt/ros/humble/lib'), ('HOME', '/home/fcanof'), ('CHROME_DESKTOP', 'code-url-handler.desktop'), ('LOCPATH_VSCODE_SNAP_ORIG', ''), ('TERM_PROGRAM_VERSION', '1.87.1'), ('DESKTOP_SESSION', 'ubuntu'), ('GTK_PATH', '/snap/code/154/usr/lib/x86_64-linux-gnu/gtk-3.0'), ('GTK_IM_MODULE_FILE', '/home/fcanof/snap/code/common/.cache/immodules/immodules.cache'), ('GIO_LAUNCHED_DESKTOP_FILE', '/var/lib/snapd/desktop/applications/code_code.desktop'), ('ROS_PYTHON_VERSION', '3'), ('GNOME_SHELL_SESSION_MODE', 'ubuntu'), ('GTK_MODULES', 'gail:atk-bridge'), ('GSETTINGS_SCHEMA_DIR_VSCODE_SNAP_ORIG', ''), ('VSCODE_GIT_ASKPASS_MAIN', '/snap/code/154/usr/share/code/resources/app/extensions/git/dist/askpass-main.js'), ('LC_MONETARY', 'es_MX.UTF-8'), ('VSCODE_GIT_ASKPASS_NODE', '/snap/code/154/usr/share/code/code'), ('MANAGERPID', '2223'), ('SYSTEMD_EXEC_PID', '2758'), ('DBUS_SESSION_BUS_ADDRESS', 'unix:path=/run/user/1000/bus'), ('COLORTERM', 'truecolor'), ('GIO_LAUNCHED_DESKTOP_FILE_PID', '50274'), ('ROS_DISTRO', 'humble'), ('GTK_IM_MODULE', 'ibus'), ('LOGNAME', 'fcanof'), ('JOURNAL_STREAM', '8:41161'), ('_', '/usr/bin/colcon'), ('ROS_VERSION', '2'), ('XDG_CONFIG_DIRS_VSCODE_SNAP_ORIG', '/etc/xdg/xdg-ubuntu:/etc/xdg'), ('XDG_SESSION_CLASS', 'user'), ('XDG_DATA_DIRS_VSCODE_SNAP_ORIG', '/usr/share/ubuntu:/usr/share/gnome:/usr/local/share/:/usr/share/:/var/lib/snapd/desktop'), ('USERNAME', 'fcanof'), ('TERM', 'xterm-256color'), ('GNOME_DESKTOP_SESSION_ID', 'this-is-deprecated'), ('ROS_LOCALHOST_ONLY', '1'), ('WINDOWPATH', '2'), ('PATH', '/home/fcanof/.local/bin:/opt/ros/humble/bin:/home/fcanof/.local/bin:/usr/local/sbin:/usr/local/bin:/usr/sbin:/usr/bin:/sbin:/bin:/usr/games:/usr/local/games:/snap/bin:/snap/bin'), ('SESSION_MANAGER', 'local/fcanof:@/tmp/.ICE-unix/2736,unix/fcanof:/tmp/.ICE-unix/2736'), ('GTK_EXE_PREFIX', '/snap/code/154/usr'), ('INVOCATION_ID', '4c90a3b36feb4d8c9cb26423b3ecfd5d'), ('XDG_MENU_PREFIX', 'gnome-'), ('LC_ADDRESS', 'es_MX.UTF-8'), ('BAMF_DESKTOP_FILE_HINT', '/var/lib/snapd/desktop/applications/code_code.desktop'), ('XDG_RUNTIME_DIR', '/run/user/1000'), ('GDK_BACKEND', 'x11'), ('DISPLAY', ':1'), ('LOCPATH', '/snap/code/154/usr/lib/locale'), ('LANG', 'en_US.UTF-8'), ('XDG_CURRENT_DESKTOP', 'Unity'), ('LC_TELEPHONE', 'es_MX.UTF-8'), ('GIO_MODULE_DIR_VSCODE_SNAP_ORIG', ''), ('XMODIFIERS', '@im=ibus'), ('XDG_SESSION_DESKTOP', 'ubuntu'), ('XAUTHORITY', '/run/user/1000/gdm/Xauthority'), ('LS_COLORS', 'rs=0:di=01;34:ln=01;36:mh=00:pi=40;33:so=01;35:do=01;35:bd=40;33;01:cd=40;33;01:or=40;31;01:mi=00:su=37;41:sg=30;43:ca=30;41:tw=30;42:ow=34;42:st=37;44:ex=01;32:*.tar=01;31:*.tgz=01;31:*.arc=01;31:*.arj=01;31:*.taz=01;31:*.lha=01;31:*.lz4=01;31:*.lzh=01;31:*.lzma=01;31:*.tlz=01;31:*.txz=01;31:*.tzo=01;31:*.t7z=01;31:*.zip=01;31:*.z=01;31:*.dz=01;31:*.gz=01;31:*.lrz=01;31:*.lz=01;31:*.lzo=01;31:*.xz=01;31:*.zst=01;31:*.tzst=01;31:*.bz2=01;31:*.bz=01;31:*.tbz=01;31:*.tbz2=01;31:*.tz=01;31:*.deb=01;31:*.rpm=01;31:*.jar=01;31:*.war=01;31:*.ear=01;31:*.sar=01;31:*.rar=01;31:*.alz=01;31:*.ace=01;31:*.zoo=01;31:*.cpio=01;31:*.7z=01;31:*.rz=01;31:*.cab=01;31:*.wim=01;31:*.swm=01;31:*.dwm=01;31:*.esd=01;31:*.jpg=01;35:*.jpeg=01;35:*.mjpg=01;35:*.mjpeg=01;35:*.gif=01;35:*.bmp=01;35:*.pbm=01;35:*.pgm=01;35:*.ppm=01;35:*.tga=01;35:*.xbm=01;35:*.xpm=01;35:*.tif=01;35:*.tiff=01;35:*.png=01;35:*.svg=01;35:*.svgz=01;35:*.mng=01;35:*.pcx=01;35:*.mov=01;35:*.mpg=01;35:*.mpeg=01;35:*.m2v=01;35:*.mkv=01;35:*.webm=01;35:*.webp=01;35:*.ogm=01;35:*.mp4=01;35:*.m4v=01;35:*.mp4v=01;35:*.vob=01;35:*.qt=01;35:*.nuv=01;35:*.wmv=01;35:*.asf=01;35:*.rm=01;35:*.rmvb=01;35:*.flc=01;35:*.avi=01;35:*.fli=01;35:*.flv=01;35:*.gl=01;35:*.dl=01;35:*.xcf=01;35:*.xwd=01;35:*.yuv=01;35:*.cgm=01;35:*.emf=01;35:*.ogv=01;35:*.ogx=01;35:*.aac=00;36:*.au=00;36:*.flac=00;36:*.m4a=00;36:*.mid=00;36:*.midi=00;36:*.mka=00;36:*.mp3=00;36:*.mpc=00;36:*.ogg=00;36:*.ra=00;36:*.wav=00;36:*.oga=00;36:*.opus=00;36:*.spx=00;36:*.xspf=00;36:'), ('VSCODE_GIT_IPC_HANDLE', '/run/user/1000/vscode-git-676dc8d9e0.sock'), ('TERM_PROGRAM', 'vscode'), ('SSH_AGENT_LAUNCHER', 'gnome-keyring'), ('SSH_AUTH_SOCK', '/run/user/1000/keyring/ssh'), ('GSETTINGS_SCHEMA_DIR', '/home/fcanof/snap/code/154/.local/share/glib-2.0/schemas'), ('ROS_DOMAIN_ID', '8'), ('AMENT_PREFIX_PATH', '/opt/ros/humble'), ('ORIGINAL_XDG_CURRENT_DESKTOP', 'ubuntu:GNOME'), ('SHELL', '/bin/bash'), ('LC_NAME', 'es_MX.UTF-8'), ('QT_ACCESSIBILITY', '1'), ('GDMSESSION', 'ubuntu'), ('LESSCLOSE', '/usr/bin/lesspipe %s %s'), ('GTK_PATH_VSCODE_SNAP_ORIG', ''), ('GTK_IM_MODULE_FILE_VSCODE_SNAP_ORIG', ''), ('LC_MEASUREMENT', 'es_MX.UTF-8'), ('GPG_AGENT_INFO', '/run/user/1000/gnupg/S.gpg-agent:0:1'), ('GJS_DEBUG_OUTPUT', 'stderr'), ('LC_IDENTIFICATION', 'es_MX.UTF-8'), ('VSCODE_GIT_ASKPASS_EXTRA_ARGS', ''), ('QT_IM_MODULE', 'ibus'), ('PWD', '/home/fcanof/vanttec_sdv/build/vectornav_msgs'), ('LC_ALL', 'en_US.UTF-8'), ('XDG_CONFIG_DIRS', '/etc/xdg/xdg-ubuntu:/etc/xdg'), ('XDG_DATA_DIRS', '/home/fcanof/snap/code/154/.local/share:/home/fcanof/snap/code/154:/snap/code/154/usr/share:/usr/share/ubuntu:/usr/share/gnome:/usr/local/share/:/usr/share/:/var/lib/snapd/desktop'), ('PYTHONPATH', '/opt/ros/humble/lib/python3.10/site-packages:/opt/ros/humble/local/lib/python3.10/dist-packages'), ('LC_NUMERIC', 'es_MX.UTF-8'), ('LC_PAPER', 'es_MX.UTF-8'), ('COLCON', '1'), ('CMAKE_PREFIX_PATH', '/opt/ros/humble')]), 'shell': False}
[0.174891] (sdv_msgs) StdoutLine: {'line': b'\x1b[35m\x1b[1mConsolidate compiler generated dependencies of target sdv_msgs__rosidl_generator_c\x1b[0m\n'}
[0.175724] (vectornav_msgs) StdoutLine: {'line': b'\x1b[35m\x1b[1mConsolidate compiler generated dependencies of target vectornav_msgs__rosidl_generator_c\x1b[0m\n'}
[0.182030] (sdv_msgs) StdoutLine: {'line': b'[  0%] Built target sdv_msgs__cpp\n'}
[0.186267] (vectornav_msgs) StdoutLine: {'line': b'[  0%] Built target vectornav_msgs__cpp\n'}
[0.191839] (sdv_msgs) StdoutLine: {'line': b'[ 11%] Built target ament_cmake_python_copy_sdv_msgs\n'}
[0.192052] (sdv_msgs) StdoutLine: {'line': b'[ 12%] Built target sdv_msgs__rosidl_generator_c\n'}
[0.192222] (vectornav_msgs) StdoutLine: {'line': b'[ 12%] Built target vectornav_msgs__rosidl_generator_c\n'}
[0.194968] (vectornav_msgs) StdoutLine: {'line': b'[ 12%] Built target ament_cmake_python_copy_vectornav_msgs\n'}
[0.199095] (sdv_msgs) StdoutLine: {'line': b'\x1b[35m\x1b[1mConsolidate compiler generated dependencies of target sdv_msgs__rosidl_typesupport_cpp\x1b[0m\n'}
[0.199888] (-) TimerEvent: {}
[0.200167] (sdv_msgs) StdoutLine: {'line': b'\x1b[35m\x1b[1mConsolidate compiler generated dependencies of target sdv_msgs__rosidl_typesupport_introspection_cpp\x1b[0m\n'}
[0.200349] (sdv_msgs) StdoutLine: {'line': b'\x1b[35m\x1b[1mConsolidate compiler generated dependencies of target sdv_msgs__rosidl_typesupport_fastrtps_cpp\x1b[0m\n'}
[0.203194] (vectornav_msgs) StdoutLine: {'line': b'\x1b[35m\x1b[1mConsolidate compiler generated dependencies of target vectornav_msgs__rosidl_typesupport_cpp\x1b[0m\n'}
[0.204033] (vectornav_msgs) StdoutLine: {'line': b'\x1b[35m\x1b[1mConsolidate compiler generated dependencies of target vectornav_msgs__rosidl_typesupport_introspection_cpp\x1b[0m\n'}
[0.204236] (vectornav_msgs) StdoutLine: {'line': b'\x1b[35m\x1b[1mConsolidate compiler generated dependencies of target vectornav_msgs__rosidl_typesupport_fastrtps_cpp\x1b[0m\n'}
[0.209313] (sdv_msgs) StdoutLine: {'line': b'\x1b[35m\x1b[1mConsolidate compiler generated dependencies of target sdv_msgs__rosidl_typesupport_c\x1b[0m\n'}
[0.210661] (vectornav_msgs) StdoutLine: {'line': b'\x1b[35m\x1b[1mConsolidate compiler generated dependencies of target vectornav_msgs__rosidl_typesupport_fastrtps_c\x1b[0m\n'}
[0.210888] (vectornav_msgs) StdoutLine: {'line': b'\x1b[35m\x1b[1mConsolidate compiler generated dependencies of target vectornav_msgs__rosidl_typesupport_introspection_c\x1b[0m\n'}
[0.212364] (sdv_msgs) StdoutLine: {'line': b'\x1b[35m\x1b[1mConsolidate compiler generated dependencies of target sdv_msgs__rosidl_typesupport_fastrtps_c\x1b[0m\n'}
[0.228002] (vectornav_msgs) StdoutLine: {'line': b'\x1b[35m\x1b[1mConsolidate compiler generated dependencies of target vectornav_msgs__rosidl_typesupport_c\x1b[0m\n'}
[0.235250] (sdv_msgs) StdoutLine: {'line': b'\x1b[35m\x1b[1mConsolidate compiler generated dependencies of target sdv_msgs__rosidl_typesupport_introspection_c\x1b[0m\n'}
[0.235744] (sdv_msgs) StdoutLine: {'line': b'[ 24%] Built target sdv_msgs__rosidl_typesupport_c\n'}
[0.240713] (sdv_msgs) StdoutLine: {'line': b'[ 36%] Built target sdv_msgs__rosidl_typesupport_cpp\n'}
[0.240978] (vectornav_msgs) StdoutLine: {'line': b'[ 24%] Built target vectornav_msgs__rosidl_typesupport_introspection_c\n'}
[0.241663] (sdv_msgs) StdoutLine: {'line': b'[ 48%] Built target sdv_msgs__rosidl_typesupport_introspection_cpp\n'}
[0.246960] (vectornav_msgs) StdoutLine: {'line': b'[ 36%] Built target vectornav_msgs__rosidl_typesupport_cpp\n'}
[0.249834] (vectornav_msgs) StdoutLine: {'line': b'[ 48%] Built target vectornav_msgs__rosidl_typesupport_fastrtps_c\n'}
[0.250424] (sdv_msgs) StdoutLine: {'line': b'[ 60%] Built target sdv_msgs__rosidl_typesupport_fastrtps_c\n'}
[0.251228] (vectornav_msgs) StdoutLine: {'line': b'[ 71%] Built target vectornav_msgs__rosidl_typesupport_fastrtps_cpp\n'}
[0.251419] (vectornav_msgs) StdoutLine: {'line': b'[ 71%] Built target vectornav_msgs__rosidl_typesupport_c\n'}
[0.251708] (sdv_msgs) StdoutLine: {'line': b'[ 73%] Built target sdv_msgs__rosidl_typesupport_fastrtps_cpp\n'}
[0.251976] (sdv_msgs) StdoutLine: {'line': b'[ 84%] Built target sdv_msgs__rosidl_typesupport_introspection_c\n'}
[0.255720] (vectornav_msgs) StdoutLine: {'line': b'[ 83%] Built target vectornav_msgs__rosidl_typesupport_introspection_cpp\n'}
[0.269796] (sdv_msgs) StdoutLine: {'line': b'[ 84%] Built target sdv_msgs\n'}
[0.272856] (vectornav_msgs) StdoutLine: {'line': b'[ 83%] Built target vectornav_msgs\n'}
[0.288985] (sdv_msgs) StdoutLine: {'line': b'[ 85%] Built target sdv_msgs__py\n'}
[0.290825] (vectornav_msgs) StdoutLine: {'line': b'[ 84%] Built target vectornav_msgs__py\n'}
[0.299985] (-) TimerEvent: {}
[0.300625] (sdv_msgs) StdoutLine: {'line': b'\x1b[35m\x1b[1mConsolidate compiler generated dependencies of target sdv_msgs__rosidl_generator_py\x1b[0m\n'}
[0.301966] (vectornav_msgs) StdoutLine: {'line': b'\x1b[35m\x1b[1mConsolidate compiler generated dependencies of target vectornav_msgs__rosidl_generator_py\x1b[0m\n'}
[0.323555] (vectornav_msgs) StdoutLine: {'line': b'[ 95%] Built target vectornav_msgs__rosidl_generator_py\n'}
[0.324176] (sdv_msgs) StdoutLine: {'line': b'[ 96%] Built target sdv_msgs__rosidl_generator_py\n'}
[0.332861] (vectornav_msgs) StdoutLine: {'line': b'\x1b[35m\x1b[1mConsolidate compiler generated dependencies of target vectornav_msgs__rosidl_typesupport_fastrtps_c__pyext\x1b[0m\n'}
[0.335462] (vectornav_msgs) StdoutLine: {'line': b'\x1b[35m\x1b[1mConsolidate compiler generated dependencies of target vectornav_msgs__rosidl_typesupport_introspection_c__pyext\x1b[0m\n'}
[0.336186] (sdv_msgs) StdoutLine: {'line': b'\x1b[35m\x1b[1mConsolidate compiler generated dependencies of target sdv_msgs__rosidl_typesupport_fastrtps_c__pyext\x1b[0m\n'}
[0.336380] (vectornav_msgs) StdoutLine: {'line': b'\x1b[35m\x1b[1mConsolidate compiler generated dependencies of target vectornav_msgs__rosidl_typesupport_c__pyext\x1b[0m\n'}
[0.336520] (sdv_msgs) StdoutLine: {'line': b'\x1b[35m\x1b[1mConsolidate compiler generated dependencies of target sdv_msgs__rosidl_typesupport_c__pyext\x1b[0m\n'}
[0.336665] (sdv_msgs) StdoutLine: {'line': b'\x1b[35m\x1b[1mConsolidate compiler generated dependencies of target sdv_msgs__rosidl_typesupport_introspection_c__pyext\x1b[0m\n'}
[0.345762] (vectornav_msgs) StdoutLine: {'line': b'[ 97%] Built target vectornav_msgs__rosidl_typesupport_fastrtps_c__pyext\n'}
[0.351419] (sdv_msgs) StdoutLine: {'line': b'[ 97%] Built target sdv_msgs__rosidl_typesupport_c__pyext\n'}
[0.352111] (sdv_msgs) StdoutLine: {'line': b'[ 99%] Built target sdv_msgs__rosidl_typesupport_introspection_c__pyext\n'}
[0.352483] (vectornav_msgs) StdoutLine: {'line': b'[ 99%] Built target vectornav_msgs__rosidl_typesupport_c__pyext\n'}
[0.352678] (vectornav_msgs) StdoutLine: {'line': b'[100%] Built target vectornav_msgs__rosidl_typesupport_introspection_c__pyext\n'}
[0.353398] (sdv_msgs) StdoutLine: {'line': b'[100%] Built target sdv_msgs__rosidl_typesupport_fastrtps_c__pyext\n'}
[0.400073] (-) TimerEvent: {}
[0.482320] (sdv_msgs) StdoutLine: {'line': b'running egg_info\n'}
[0.482923] (sdv_msgs) StdoutLine: {'line': b'writing sdv_msgs.egg-info/PKG-INFO\n'}
[0.483102] (sdv_msgs) StdoutLine: {'line': b'writing dependency_links to sdv_msgs.egg-info/dependency_links.txt\n'}
[0.483305] (sdv_msgs) StdoutLine: {'line': b'writing top-level names to sdv_msgs.egg-info/top_level.txt\n'}
[0.485448] (sdv_msgs) StdoutLine: {'line': b"reading manifest file 'sdv_msgs.egg-info/SOURCES.txt'\n"}
[0.486069] (sdv_msgs) StdoutLine: {'line': b"writing manifest file 'sdv_msgs.egg-info/SOURCES.txt'\n"}
[0.495437] (vectornav_msgs) StdoutLine: {'line': b'running egg_info\n'}
[0.496197] (vectornav_msgs) StdoutLine: {'line': b'writing vectornav_msgs.egg-info/PKG-INFO\n'}
[0.496455] (vectornav_msgs) StdoutLine: {'line': b'writing dependency_links to vectornav_msgs.egg-info/dependency_links.txt\n'}
[0.496668] (vectornav_msgs) StdoutLine: {'line': b'writing top-level names to vectornav_msgs.egg-info/top_level.txt\n'}
[0.499190] (vectornav_msgs) StdoutLine: {'line': b"reading manifest file 'vectornav_msgs.egg-info/SOURCES.txt'\n"}
[0.499916] (vectornav_msgs) StdoutLine: {'line': b"writing manifest file 'vectornav_msgs.egg-info/SOURCES.txt'\n"}
[0.500139] (-) TimerEvent: {}
[0.507274] (sdv_msgs) StdoutLine: {'line': b'[100%] Built target ament_cmake_python_build_sdv_msgs_egg\n'}
[0.518909] (sdv_msgs) CommandEnded: {'returncode': 0}
[0.523761] (vectornav_msgs) StdoutLine: {'line': b'[100%] Built target ament_cmake_python_build_vectornav_msgs_egg\n'}
[0.533674] (vectornav_msgs) CommandEnded: {'returncode': 0}
[0.600225] (-) TimerEvent: {}
[0.700467] (-) TimerEvent: {}
[0.708292] (vectornav_msgs) JobProgress: {'identifier': 'vectornav_msgs', 'progress': 'install'}
[0.716176] (vectornav_msgs) Command: {'cmd': ['/usr/bin/cmake', '--install', '/home/fcanof/vanttec_sdv/build/vectornav_msgs'], 'cwd': '/home/fcanof/vanttec_sdv/build/vectornav_msgs', 'env': OrderedDict([('GJS_DEBUG_TOPICS', 'JS ERROR;JS LOG'), ('LESSOPEN', '| /usr/bin/lesspipe %s'), ('USER', 'fcanof'), ('LC_TIME', 'es_MX.UTF-8'), ('GIO_MODULE_DIR', '/home/fcanof/snap/code/common/.cache/gio-modules'), ('XDG_SESSION_TYPE', 'x11'), ('GIT_ASKPASS', '/snap/code/154/usr/share/code/resources/app/extensions/git/dist/askpass.sh'), ('GTK_EXE_PREFIX_VSCODE_SNAP_ORIG', ''), ('GDK_BACKEND_VSCODE_SNAP_ORIG', ''), ('SHLVL', '1'), ('LD_LIBRARY_PATH', '/opt/ros/humble/opt/rviz_ogre_vendor/lib:/opt/ros/humble/lib/x86_64-linux-gnu:/opt/ros/humble/lib'), ('HOME', '/home/fcanof'), ('CHROME_DESKTOP', 'code-url-handler.desktop'), ('LOCPATH_VSCODE_SNAP_ORIG', ''), ('TERM_PROGRAM_VERSION', '1.87.1'), ('DESKTOP_SESSION', 'ubuntu'), ('GTK_PATH', '/snap/code/154/usr/lib/x86_64-linux-gnu/gtk-3.0'), ('GTK_IM_MODULE_FILE', '/home/fcanof/snap/code/common/.cache/immodules/immodules.cache'), ('GIO_LAUNCHED_DESKTOP_FILE', '/var/lib/snapd/desktop/applications/code_code.desktop'), ('ROS_PYTHON_VERSION', '3'), ('GNOME_SHELL_SESSION_MODE', 'ubuntu'), ('GTK_MODULES', 'gail:atk-bridge'), ('GSETTINGS_SCHEMA_DIR_VSCODE_SNAP_ORIG', ''), ('VSCODE_GIT_ASKPASS_MAIN', '/snap/code/154/usr/share/code/resources/app/extensions/git/dist/askpass-main.js'), ('LC_MONETARY', 'es_MX.UTF-8'), ('VSCODE_GIT_ASKPASS_NODE', '/snap/code/154/usr/share/code/code'), ('MANAGERPID', '2223'), ('SYSTEMD_EXEC_PID', '2758'), ('DBUS_SESSION_BUS_ADDRESS', 'unix:path=/run/user/1000/bus'), ('COLORTERM', 'truecolor'), ('GIO_LAUNCHED_DESKTOP_FILE_PID', '50274'), ('ROS_DISTRO', 'humble'), ('GTK_IM_MODULE', 'ibus'), ('LOGNAME', 'fcanof'), ('JOURNAL_STREAM', '8:41161'), ('_', '/usr/bin/colcon'), ('ROS_VERSION', '2'), ('XDG_CONFIG_DIRS_VSCODE_SNAP_ORIG', '/etc/xdg/xdg-ubuntu:/etc/xdg'), ('XDG_SESSION_CLASS', 'user'), ('XDG_DATA_DIRS_VSCODE_SNAP_ORIG', '/usr/share/ubuntu:/usr/share/gnome:/usr/local/share/:/usr/share/:/var/lib/snapd/desktop'), ('USERNAME', 'fcanof'), ('TERM', 'xterm-256color'), ('GNOME_DESKTOP_SESSION_ID', 'this-is-deprecated'), ('ROS_LOCALHOST_ONLY', '1'), ('WINDOWPATH', '2'), ('PATH', '/home/fcanof/.local/bin:/opt/ros/humble/bin:/home/fcanof/.local/bin:/usr/local/sbin:/usr/local/bin:/usr/sbin:/usr/bin:/sbin:/bin:/usr/games:/usr/local/games:/snap/bin:/snap/bin'), ('SESSION_MANAGER', 'local/fcanof:@/tmp/.ICE-unix/2736,unix/fcanof:/tmp/.ICE-unix/2736'), ('GTK_EXE_PREFIX', '/snap/code/154/usr'), ('INVOCATION_ID', '4c90a3b36feb4d8c9cb26423b3ecfd5d'), ('XDG_MENU_PREFIX', 'gnome-'), ('LC_ADDRESS', 'es_MX.UTF-8'), ('BAMF_DESKTOP_FILE_HINT', '/var/lib/snapd/desktop/applications/code_code.desktop'), ('XDG_RUNTIME_DIR', '/run/user/1000'), ('GDK_BACKEND', 'x11'), ('DISPLAY', ':1'), ('LOCPATH', '/snap/code/154/usr/lib/locale'), ('LANG', 'en_US.UTF-8'), ('XDG_CURRENT_DESKTOP', 'Unity'), ('LC_TELEPHONE', 'es_MX.UTF-8'), ('GIO_MODULE_DIR_VSCODE_SNAP_ORIG', ''), ('XMODIFIERS', '@im=ibus'), ('XDG_SESSION_DESKTOP', 'ubuntu'), ('XAUTHORITY', '/run/user/1000/gdm/Xauthority'), ('LS_COLORS', 'rs=0:di=01;34:ln=01;36:mh=00:pi=40;33:so=01;35:do=01;35:bd=40;33;01:cd=40;33;01:or=40;31;01:mi=00:su=37;41:sg=30;43:ca=30;41:tw=30;42:ow=34;42:st=37;44:ex=01;32:*.tar=01;31:*.tgz=01;31:*.arc=01;31:*.arj=01;31:*.taz=01;31:*.lha=01;31:*.lz4=01;31:*.lzh=01;31:*.lzma=01;31:*.tlz=01;31:*.txz=01;31:*.tzo=01;31:*.t7z=01;31:*.zip=01;31:*.z=01;31:*.dz=01;31:*.gz=01;31:*.lrz=01;31:*.lz=01;31:*.lzo=01;31:*.xz=01;31:*.zst=01;31:*.tzst=01;31:*.bz2=01;31:*.bz=01;31:*.tbz=01;31:*.tbz2=01;31:*.tz=01;31:*.deb=01;31:*.rpm=01;31:*.jar=01;31:*.war=01;31:*.ear=01;31:*.sar=01;31:*.rar=01;31:*.alz=01;31:*.ace=01;31:*.zoo=01;31:*.cpio=01;31:*.7z=01;31:*.rz=01;31:*.cab=01;31:*.wim=01;31:*.swm=01;31:*.dwm=01;31:*.esd=01;31:*.jpg=01;35:*.jpeg=01;35:*.mjpg=01;35:*.mjpeg=01;35:*.gif=01;35:*.bmp=01;35:*.pbm=01;35:*.pgm=01;35:*.ppm=01;35:*.tga=01;35:*.xbm=01;35:*.xpm=01;35:*.tif=01;35:*.tiff=01;35:*.png=01;35:*.svg=01;35:*.svgz=01;35:*.mng=01;35:*.pcx=01;35:*.mov=01;35:*.mpg=01;35:*.mpeg=01;35:*.m2v=01;35:*.mkv=01;35:*.webm=01;35:*.webp=01;35:*.ogm=01;35:*.mp4=01;35:*.m4v=01;35:*.mp4v=01;35:*.vob=01;35:*.qt=01;35:*.nuv=01;35:*.wmv=01;35:*.asf=01;35:*.rm=01;35:*.rmvb=01;35:*.flc=01;35:*.avi=01;35:*.fli=01;35:*.flv=01;35:*.gl=01;35:*.dl=01;35:*.xcf=01;35:*.xwd=01;35:*.yuv=01;35:*.cgm=01;35:*.emf=01;35:*.ogv=01;35:*.ogx=01;35:*.aac=00;36:*.au=00;36:*.flac=00;36:*.m4a=00;36:*.mid=00;36:*.midi=00;36:*.mka=00;36:*.mp3=00;36:*.mpc=00;36:*.ogg=00;36:*.ra=00;36:*.wav=00;36:*.oga=00;36:*.opus=00;36:*.spx=00;36:*.xspf=00;36:'), ('VSCODE_GIT_IPC_HANDLE', '/run/user/1000/vscode-git-676dc8d9e0.sock'), ('TERM_PROGRAM', 'vscode'), ('SSH_AGENT_LAUNCHER', 'gnome-keyring'), ('SSH_AUTH_SOCK', '/run/user/1000/keyring/ssh'), ('GSETTINGS_SCHEMA_DIR', '/home/fcanof/snap/code/154/.local/share/glib-2.0/schemas'), ('ROS_DOMAIN_ID', '8'), ('AMENT_PREFIX_PATH', '/opt/ros/humble'), ('ORIGINAL_XDG_CURRENT_DESKTOP', 'ubuntu:GNOME'), ('SHELL', '/bin/bash'), ('LC_NAME', 'es_MX.UTF-8'), ('QT_ACCESSIBILITY', '1'), ('GDMSESSION', 'ubuntu'), ('LESSCLOSE', '/usr/bin/lesspipe %s %s'), ('GTK_PATH_VSCODE_SNAP_ORIG', ''), ('GTK_IM_MODULE_FILE_VSCODE_SNAP_ORIG', ''), ('LC_MEASUREMENT', 'es_MX.UTF-8'), ('GPG_AGENT_INFO', '/run/user/1000/gnupg/S.gpg-agent:0:1'), ('GJS_DEBUG_OUTPUT', 'stderr'), ('LC_IDENTIFICATION', 'es_MX.UTF-8'), ('VSCODE_GIT_ASKPASS_EXTRA_ARGS', ''), ('QT_IM_MODULE', 'ibus'), ('PWD', '/home/fcanof/vanttec_sdv/build/vectornav_msgs'), ('LC_ALL', 'en_US.UTF-8'), ('XDG_CONFIG_DIRS', '/etc/xdg/xdg-ubuntu:/etc/xdg'), ('XDG_DATA_DIRS', '/home/fcanof/snap/code/154/.local/share:/home/fcanof/snap/code/154:/snap/code/154/usr/share:/usr/share/ubuntu:/usr/share/gnome:/usr/local/share/:/usr/share/:/var/lib/snapd/desktop'), ('PYTHONPATH', '/opt/ros/humble/lib/python3.10/site-packages:/opt/ros/humble/local/lib/python3.10/dist-packages'), ('LC_NUMERIC', 'es_MX.UTF-8'), ('LC_PAPER', 'es_MX.UTF-8'), ('COLCON', '1'), ('CMAKE_PREFIX_PATH', '/opt/ros/humble')]), 'shell': False}
[0.724103] (vectornav_msgs) StdoutLine: {'line': b'-- Install configuration: ""\n'}
[0.724416] (vectornav_msgs) StdoutLine: {'line': b'-- Up-to-date: /home/fcanof/vanttec_sdv/install/vectornav_msgs/share/ament_index/resource_index/rosidl_interfaces/vectornav_msgs\n'}
[0.724602] (vectornav_msgs) StdoutLine: {'line': b'-- Up-to-date: /home/fcanof/vanttec_sdv/install/vectornav_msgs/include/vectornav_msgs/vectornav_msgs\n'}
[0.724812] (vectornav_msgs) StdoutLine: {'line': b'-- Up-to-date: /home/fcanof/vanttec_sdv/install/vectornav_msgs/include/vectornav_msgs/vectornav_msgs/action\n'}
[0.724993] (vectornav_msgs) StdoutLine: {'line': b'-- Up-to-date: /home/fcanof/vanttec_sdv/install/vectornav_msgs/include/vectornav_msgs/vectornav_msgs/action/detail\n'}
[0.725144] (vectornav_msgs) StdoutLine: {'line': b'-- Up-to-date: /home/fcanof/vanttec_sdv/install/vectornav_msgs/include/vectornav_msgs/vectornav_msgs/action/detail/mag_cal__type_support.h\n'}
[0.725359] (vectornav_msgs) StdoutLine: {'line': b'-- Up-to-date: /home/fcanof/vanttec_sdv/install/vectornav_msgs/include/vectornav_msgs/vectornav_msgs/action/detail/mag_cal__functions.c\n'}
[0.725540] (vectornav_msgs) StdoutLine: {'line': b'-- Up-to-date: /home/fcanof/vanttec_sdv/install/vectornav_msgs/include/vectornav_msgs/vectornav_msgs/action/detail/mag_cal__struct.h\n'}
[0.726079] (vectornav_msgs) StdoutLine: {'line': b'-- Up-to-date: /home/fcanof/vanttec_sdv/install/vectornav_msgs/include/vectornav_msgs/vectornav_msgs/action/detail/mag_cal__functions.h\n'}
[0.726232] (vectornav_msgs) StdoutLine: {'line': b'-- Up-to-date: /home/fcanof/vanttec_sdv/install/vectornav_msgs/include/vectornav_msgs/vectornav_msgs/action/mag_cal.h\n'}
[0.726429] (vectornav_msgs) StdoutLine: {'line': b'-- Up-to-date: /home/fcanof/vanttec_sdv/install/vectornav_msgs/include/vectornav_msgs/vectornav_msgs/msg\n'}
[0.726575] (vectornav_msgs) StdoutLine: {'line': b'-- Up-to-date: /home/fcanof/vanttec_sdv/install/vectornav_msgs/include/vectornav_msgs/vectornav_msgs/msg/vpe_status.h\n'}
[0.726709] (vectornav_msgs) StdoutLine: {'line': b'-- Up-to-date: /home/fcanof/vanttec_sdv/install/vectornav_msgs/include/vectornav_msgs/vectornav_msgs/msg/time_utc.h\n'}
[0.726903] (vectornav_msgs) StdoutLine: {'line': b'-- Up-to-date: /home/fcanof/vanttec_sdv/install/vectornav_msgs/include/vectornav_msgs/vectornav_msgs/msg/attitude_group.h\n'}
[0.727031] (vectornav_msgs) StdoutLine: {'line': b'-- Up-to-date: /home/fcanof/vanttec_sdv/install/vectornav_msgs/include/vectornav_msgs/vectornav_msgs/msg/ins_group.h\n'}
[0.727160] (vectornav_msgs) StdoutLine: {'line': b'-- Up-to-date: /home/fcanof/vanttec_sdv/install/vectornav_msgs/include/vectornav_msgs/vectornav_msgs/msg/time_group.h\n'}
[0.727312] (vectornav_msgs) StdoutLine: {'line': b'-- Up-to-date: /home/fcanof/vanttec_sdv/install/vectornav_msgs/include/vectornav_msgs/vectornav_msgs/msg/ins_status.h\n'}
[0.727471] (vectornav_msgs) StdoutLine: {'line': b'-- Up-to-date: /home/fcanof/vanttec_sdv/install/vectornav_msgs/include/vectornav_msgs/vectornav_msgs/msg/detail\n'}
[0.727624] (vectornav_msgs) StdoutLine: {'line': b'-- Up-to-date: /home/fcanof/vanttec_sdv/install/vectornav_msgs/include/vectornav_msgs/vectornav_msgs/msg/detail/common_group__type_support.h\n'}
[0.727763] (vectornav_msgs) StdoutLine: {'line': b'-- Up-to-date: /home/fcanof/vanttec_sdv/install/vectornav_msgs/include/vectornav_msgs/vectornav_msgs/msg/detail/time_status__struct.h\n'}
[0.727956] (vectornav_msgs) StdoutLine: {'line': b'-- Up-to-date: /home/fcanof/vanttec_sdv/install/vectornav_msgs/include/vectornav_msgs/vectornav_msgs/msg/detail/imu_group__struct.h\n'}
[0.728100] (vectornav_msgs) StdoutLine: {'line': b'-- Up-to-date: /home/fcanof/vanttec_sdv/install/vectornav_msgs/include/vectornav_msgs/vectornav_msgs/msg/detail/ins_status__struct.h\n'}
[0.728212] (vectornav_msgs) StdoutLine: {'line': b'-- Up-to-date: /home/fcanof/vanttec_sdv/install/vectornav_msgs/include/vectornav_msgs/vectornav_msgs/msg/detail/vpe_status__type_support.h\n'}
[0.728385] (vectornav_msgs) StdoutLine: {'line': b'-- Up-to-date: /home/fcanof/vanttec_sdv/install/vectornav_msgs/include/vectornav_msgs/vectornav_msgs/msg/detail/dop__functions.c\n'}
[0.728497] (vectornav_msgs) StdoutLine: {'line': b'-- Up-to-date: /home/fcanof/vanttec_sdv/install/vectornav_msgs/include/vectornav_msgs/vectornav_msgs/msg/detail/ins_status__type_support.h\n'}
[0.728648] (vectornav_msgs) StdoutLine: {'line': b'-- Up-to-date: /home/fcanof/vanttec_sdv/install/vectornav_msgs/include/vectornav_msgs/vectornav_msgs/msg/detail/gps_group__type_support.h\n'}
[0.728848] (vectornav_msgs) StdoutLine: {'line': b'-- Up-to-date: /home/fcanof/vanttec_sdv/install/vectornav_msgs/include/vectornav_msgs/vectornav_msgs/msg/detail/time_group__functions.c\n'}
[0.728992] (vectornav_msgs) StdoutLine: {'line': b'-- Up-to-date: /home/fcanof/vanttec_sdv/install/vectornav_msgs/include/vectornav_msgs/vectornav_msgs/msg/detail/time_status__functions.h\n'}
[0.729133] (vectornav_msgs) StdoutLine: {'line': b'-- Up-to-date: /home/fcanof/vanttec_sdv/install/vectornav_msgs/include/vectornav_msgs/vectornav_msgs/msg/detail/time_utc__functions.h\n'}
[0.729548] (vectornav_msgs) StdoutLine: {'line': b'-- Up-to-date: /home/fcanof/vanttec_sdv/install/vectornav_msgs/include/vectornav_msgs/vectornav_msgs/msg/detail/attitude_group__functions.c\n'}
[0.729716] (vectornav_msgs) StdoutLine: {'line': b'-- Up-to-date: /home/fcanof/vanttec_sdv/install/vectornav_msgs/include/vectornav_msgs/vectornav_msgs/msg/detail/ins_group__type_support.h\n'}
[0.729819] (vectornav_msgs) StdoutLine: {'line': b'-- Up-to-date: /home/fcanof/vanttec_sdv/install/vectornav_msgs/include/vectornav_msgs/vectornav_msgs/msg/detail/dop__struct.h\n'}
[0.730005] (vectornav_msgs) StdoutLine: {'line': b'-- Up-to-date: /home/fcanof/vanttec_sdv/install/vectornav_msgs/include/vectornav_msgs/vectornav_msgs/msg/detail/ins_group__struct.h\n'}
[0.730171] (vectornav_msgs) StdoutLine: {'line': b'-- Up-to-date: /home/fcanof/vanttec_sdv/install/vectornav_msgs/include/vectornav_msgs/vectornav_msgs/msg/detail/common_group__functions.c\n'}
[0.730276] (vectornav_msgs) StdoutLine: {'line': b'-- Up-to-date: /home/fcanof/vanttec_sdv/install/vectornav_msgs/include/vectornav_msgs/vectornav_msgs/msg/detail/ins_status__functions.c\n'}
[0.730382] (vectornav_msgs) StdoutLine: {'line': b'-- Up-to-date: /home/fcanof/vanttec_sdv/install/vectornav_msgs/include/vectornav_msgs/vectornav_msgs/msg/detail/vpe_status__functions.h\n'}
[0.730462] (vectornav_msgs) StdoutLine: {'line': b'-- Up-to-date: /home/fcanof/vanttec_sdv/install/vectornav_msgs/include/vectornav_msgs/vectornav_msgs/msg/detail/vpe_status__functions.c\n'}
[0.730553] (vectornav_msgs) StdoutLine: {'line': b'-- Up-to-date: /home/fcanof/vanttec_sdv/install/vectornav_msgs/include/vectornav_msgs/vectornav_msgs/msg/detail/vpe_status__struct.h\n'}
[0.730654] (vectornav_msgs) StdoutLine: {'line': b'-- Up-to-date: /home/fcanof/vanttec_sdv/install/vectornav_msgs/include/vectornav_msgs/vectornav_msgs/msg/detail/ins_group__functions.h\n'}
[0.730755] (vectornav_msgs) StdoutLine: {'line': b'-- Up-to-date: /home/fcanof/vanttec_sdv/install/vectornav_msgs/include/vectornav_msgs/vectornav_msgs/msg/detail/dop__functions.h\n'}
[0.730861] (vectornav_msgs) StdoutLine: {'line': b'-- Up-to-date: /home/fcanof/vanttec_sdv/install/vectornav_msgs/include/vectornav_msgs/vectornav_msgs/msg/detail/attitude_group__functions.h\n'}
[0.730966] (vectornav_msgs) StdoutLine: {'line': b'-- Up-to-date: /home/fcanof/vanttec_sdv/install/vectornav_msgs/include/vectornav_msgs/vectornav_msgs/msg/detail/gps_group__struct.h\n'}
[0.731042] (vectornav_msgs) StdoutLine: {'line': b'-- Up-to-date: /home/fcanof/vanttec_sdv/install/vectornav_msgs/include/vectornav_msgs/vectornav_msgs/msg/detail/gps_group__functions.c\n'}
[0.731104] (vectornav_msgs) StdoutLine: {'line': b'-- Up-to-date: /home/fcanof/vanttec_sdv/install/vectornav_msgs/include/vectornav_msgs/vectornav_msgs/msg/detail/time_utc__functions.c\n'}
[0.731795] (vectornav_msgs) StdoutLine: {'line': b'-- Up-to-date: /home/fcanof/vanttec_sdv/install/vectornav_msgs/include/vectornav_msgs/vectornav_msgs/msg/detail/time_utc__struct.h\n'}
[0.732262] (vectornav_msgs) StdoutLine: {'line': b'-- Up-to-date: /home/fcanof/vanttec_sdv/install/vectornav_msgs/include/vectornav_msgs/vectornav_msgs/msg/detail/time_group__functions.h\n'}
[0.733145] (vectornav_msgs) StdoutLine: {'line': b'-- Up-to-date: /home/fcanof/vanttec_sdv/install/vectornav_msgs/include/vectornav_msgs/vectornav_msgs/msg/detail/common_group__struct.h\n'}
[0.733340] (vectornav_msgs) StdoutLine: {'line': b'-- Up-to-date: /home/fcanof/vanttec_sdv/install/vectornav_msgs/include/vectornav_msgs/vectornav_msgs/msg/detail/imu_group__functions.h\n'}
[0.733465] (vectornav_msgs) StdoutLine: {'line': b'-- Up-to-date: /home/fcanof/vanttec_sdv/install/vectornav_msgs/include/vectornav_msgs/vectornav_msgs/msg/detail/imu_group__type_support.h\n'}
[0.733563] (vectornav_msgs) StdoutLine: {'line': b'-- Up-to-date: /home/fcanof/vanttec_sdv/install/vectornav_msgs/include/vectornav_msgs/vectornav_msgs/msg/detail/common_group__functions.h\n'}
[0.733675] (vectornav_msgs) StdoutLine: {'line': b'-- Up-to-date: /home/fcanof/vanttec_sdv/install/vectornav_msgs/include/vectornav_msgs/vectornav_msgs/msg/detail/ins_group__functions.c\n'}
[0.733773] (vectornav_msgs) StdoutLine: {'line': b'-- Up-to-date: /home/fcanof/vanttec_sdv/install/vectornav_msgs/include/vectornav_msgs/vectornav_msgs/msg/detail/attitude_group__type_support.h\n'}
[0.733907] (vectornav_msgs) StdoutLine: {'line': b'-- Up-to-date: /home/fcanof/vanttec_sdv/install/vectornav_msgs/include/vectornav_msgs/vectornav_msgs/msg/detail/time_status__type_support.h\n'}
[0.734020] (vectornav_msgs) StdoutLine: {'line': b'-- Up-to-date: /home/fcanof/vanttec_sdv/install/vectornav_msgs/include/vectornav_msgs/vectornav_msgs/msg/detail/imu_group__functions.c\n'}
[0.734130] (vectornav_msgs) StdoutLine: {'line': b'-- Up-to-date: /home/fcanof/vanttec_sdv/install/vectornav_msgs/include/vectornav_msgs/vectornav_msgs/msg/detail/time_group__struct.h\n'}
[0.734244] (vectornav_msgs) StdoutLine: {'line': b'-- Up-to-date: /home/fcanof/vanttec_sdv/install/vectornav_msgs/include/vectornav_msgs/vectornav_msgs/msg/detail/time_utc__type_support.h\n'}
[0.734354] (vectornav_msgs) StdoutLine: {'line': b'-- Up-to-date: /home/fcanof/vanttec_sdv/install/vectornav_msgs/include/vectornav_msgs/vectornav_msgs/msg/detail/time_group__type_support.h\n'}
[0.734452] (vectornav_msgs) StdoutLine: {'line': b'-- Up-to-date: /home/fcanof/vanttec_sdv/install/vectornav_msgs/include/vectornav_msgs/vectornav_msgs/msg/detail/time_status__functions.c\n'}
[0.734575] (vectornav_msgs) StdoutLine: {'line': b'-- Up-to-date: /home/fcanof/vanttec_sdv/install/vectornav_msgs/include/vectornav_msgs/vectornav_msgs/msg/detail/dop__type_support.h\n'}
[0.734730] (vectornav_msgs) StdoutLine: {'line': b'-- Up-to-date: /home/fcanof/vanttec_sdv/install/vectornav_msgs/include/vectornav_msgs/vectornav_msgs/msg/detail/attitude_group__struct.h\n'}
[0.734870] (vectornav_msgs) StdoutLine: {'line': b'-- Up-to-date: /home/fcanof/vanttec_sdv/install/vectornav_msgs/include/vectornav_msgs/vectornav_msgs/msg/detail/gps_group__functions.h\n'}
[0.735013] (vectornav_msgs) StdoutLine: {'line': b'-- Up-to-date: /home/fcanof/vanttec_sdv/install/vectornav_msgs/include/vectornav_msgs/vectornav_msgs/msg/detail/ins_status__functions.h\n'}
[0.735167] (vectornav_msgs) StdoutLine: {'line': b'-- Up-to-date: /home/fcanof/vanttec_sdv/install/vectornav_msgs/include/vectornav_msgs/vectornav_msgs/msg/time_status.h\n'}
[0.735316] (vectornav_msgs) StdoutLine: {'line': b'-- Up-to-date: /home/fcanof/vanttec_sdv/install/vectornav_msgs/include/vectornav_msgs/vectornav_msgs/msg/dop.h\n'}
[0.735456] (vectornav_msgs) StdoutLine: {'line': b'-- Up-to-date: /home/fcanof/vanttec_sdv/install/vectornav_msgs/include/vectornav_msgs/vectornav_msgs/msg/gps_group.h\n'}
[0.735559] (vectornav_msgs) StdoutLine: {'line': b'-- Up-to-date: /home/fcanof/vanttec_sdv/install/vectornav_msgs/include/vectornav_msgs/vectornav_msgs/msg/common_group.h\n'}
[0.735654] (vectornav_msgs) StdoutLine: {'line': b'-- Up-to-date: /home/fcanof/vanttec_sdv/install/vectornav_msgs/include/vectornav_msgs/vectornav_msgs/msg/rosidl_generator_c__visibility_control.h\n'}
[0.735750] (vectornav_msgs) StdoutLine: {'line': b'-- Up-to-date: /home/fcanof/vanttec_sdv/install/vectornav_msgs/include/vectornav_msgs/vectornav_msgs/msg/imu_group.h\n'}
[0.735844] (vectornav_msgs) StdoutLine: {'line': b'-- Up-to-date: /home/fcanof/vanttec_sdv/install/vectornav_msgs/share/vectornav_msgs/environment/library_path.sh\n'}
[0.735939] (vectornav_msgs) StdoutLine: {'line': b'-- Up-to-date: /home/fcanof/vanttec_sdv/install/vectornav_msgs/share/vectornav_msgs/environment/library_path.dsv\n'}
[0.736033] (vectornav_msgs) StdoutLine: {'line': b'-- Up-to-date: /home/fcanof/vanttec_sdv/install/vectornav_msgs/lib/libvectornav_msgs__rosidl_generator_c.so\n'}
[0.736127] (vectornav_msgs) StdoutLine: {'line': b'-- Up-to-date: /home/fcanof/vanttec_sdv/install/vectornav_msgs/include/vectornav_msgs/vectornav_msgs\n'}
[0.736220] (vectornav_msgs) StdoutLine: {'line': b'-- Up-to-date: /home/fcanof/vanttec_sdv/install/vectornav_msgs/include/vectornav_msgs/vectornav_msgs/action\n'}
[0.736315] (vectornav_msgs) StdoutLine: {'line': b'-- Up-to-date: /home/fcanof/vanttec_sdv/install/vectornav_msgs/include/vectornav_msgs/vectornav_msgs/action/detail\n'}
[0.736407] (vectornav_msgs) StdoutLine: {'line': b'-- Up-to-date: /home/fcanof/vanttec_sdv/install/vectornav_msgs/include/vectornav_msgs/vectornav_msgs/action/detail/mag_cal__rosidl_typesupport_fastrtps_c.h\n'}
[0.736501] (vectornav_msgs) StdoutLine: {'line': b'-- Up-to-date: /home/fcanof/vanttec_sdv/install/vectornav_msgs/include/vectornav_msgs/vectornav_msgs/msg\n'}
[0.736594] (vectornav_msgs) StdoutLine: {'line': b'-- Up-to-date: /home/fcanof/vanttec_sdv/install/vectornav_msgs/include/vectornav_msgs/vectornav_msgs/msg/rosidl_typesupport_fastrtps_c__visibility_control.h\n'}
[0.736700] (vectornav_msgs) StdoutLine: {'line': b'-- Up-to-date: /home/fcanof/vanttec_sdv/install/vectornav_msgs/include/vectornav_msgs/vectornav_msgs/msg/detail\n'}
[0.736793] (vectornav_msgs) StdoutLine: {'line': b'-- Up-to-date: /home/fcanof/vanttec_sdv/install/vectornav_msgs/include/vectornav_msgs/vectornav_msgs/msg/detail/imu_group__rosidl_typesupport_fastrtps_c.h\n'}
[0.736887] (vectornav_msgs) StdoutLine: {'line': b'-- Up-to-date: /home/fcanof/vanttec_sdv/install/vectornav_msgs/include/vectornav_msgs/vectornav_msgs/msg/detail/ins_group__rosidl_typesupport_fastrtps_c.h\n'}
[0.736983] (vectornav_msgs) StdoutLine: {'line': b'-- Up-to-date: /home/fcanof/vanttec_sdv/install/vectornav_msgs/include/vectornav_msgs/vectornav_msgs/msg/detail/ins_status__rosidl_typesupport_fastrtps_c.h\n'}
[0.737078] (vectornav_msgs) StdoutLine: {'line': b'-- Up-to-date: /home/fcanof/vanttec_sdv/install/vectornav_msgs/include/vectornav_msgs/vectornav_msgs/msg/detail/dop__rosidl_typesupport_fastrtps_c.h\n'}
[0.737171] (vectornav_msgs) StdoutLine: {'line': b'-- Up-to-date: /home/fcanof/vanttec_sdv/install/vectornav_msgs/include/vectornav_msgs/vectornav_msgs/msg/detail/common_group__rosidl_typesupport_fastrtps_c.h\n'}
[0.737265] (vectornav_msgs) StdoutLine: {'line': b'-- Up-to-date: /home/fcanof/vanttec_sdv/install/vectornav_msgs/include/vectornav_msgs/vectornav_msgs/msg/detail/time_status__rosidl_typesupport_fastrtps_c.h\n'}
[0.737376] (vectornav_msgs) StdoutLine: {'line': b'-- Up-to-date: /home/fcanof/vanttec_sdv/install/vectornav_msgs/include/vectornav_msgs/vectornav_msgs/msg/detail/time_group__rosidl_typesupport_fastrtps_c.h\n'}
[0.737474] (vectornav_msgs) StdoutLine: {'line': b'-- Up-to-date: /home/fcanof/vanttec_sdv/install/vectornav_msgs/include/vectornav_msgs/vectornav_msgs/msg/detail/attitude_group__rosidl_typesupport_fastrtps_c.h\n'}
[0.737569] (vectornav_msgs) StdoutLine: {'line': b'-- Up-to-date: /home/fcanof/vanttec_sdv/install/vectornav_msgs/include/vectornav_msgs/vectornav_msgs/msg/detail/vpe_status__rosidl_typesupport_fastrtps_c.h\n'}
[0.737663] (vectornav_msgs) StdoutLine: {'line': b'-- Up-to-date: /home/fcanof/vanttec_sdv/install/vectornav_msgs/include/vectornav_msgs/vectornav_msgs/msg/detail/gps_group__rosidl_typesupport_fastrtps_c.h\n'}
[0.737757] (vectornav_msgs) StdoutLine: {'line': b'-- Up-to-date: /home/fcanof/vanttec_sdv/install/vectornav_msgs/include/vectornav_msgs/vectornav_msgs/msg/detail/time_utc__rosidl_typesupport_fastrtps_c.h\n'}
[0.737851] (vectornav_msgs) StdoutLine: {'line': b'-- Up-to-date: /home/fcanof/vanttec_sdv/install/vectornav_msgs/lib/libvectornav_msgs__rosidl_typesupport_fastrtps_c.so\n'}
[0.737945] (vectornav_msgs) StdoutLine: {'line': b'-- Up-to-date: /home/fcanof/vanttec_sdv/install/vectornav_msgs/include/vectornav_msgs/vectornav_msgs\n'}
[0.738036] (vectornav_msgs) StdoutLine: {'line': b'-- Up-to-date: /home/fcanof/vanttec_sdv/install/vectornav_msgs/include/vectornav_msgs/vectornav_msgs/action\n'}
[0.738130] (vectornav_msgs) StdoutLine: {'line': b'-- Up-to-date: /home/fcanof/vanttec_sdv/install/vectornav_msgs/include/vectornav_msgs/vectornav_msgs/action/detail\n'}
[0.738222] (vectornav_msgs) StdoutLine: {'line': b'-- Up-to-date: /home/fcanof/vanttec_sdv/install/vectornav_msgs/include/vectornav_msgs/vectornav_msgs/action/detail/mag_cal__struct.hpp\n'}
[0.738321] (vectornav_msgs) StdoutLine: {'line': b'-- Up-to-date: /home/fcanof/vanttec_sdv/install/vectornav_msgs/include/vectornav_msgs/vectornav_msgs/action/detail/mag_cal__traits.hpp\n'}
[0.738415] (vectornav_msgs) StdoutLine: {'line': b'-- Up-to-date: /home/fcanof/vanttec_sdv/install/vectornav_msgs/include/vectornav_msgs/vectornav_msgs/action/detail/mag_cal__builder.hpp\n'}
[0.738509] (vectornav_msgs) StdoutLine: {'line': b'-- Up-to-date: /home/fcanof/vanttec_sdv/install/vectornav_msgs/include/vectornav_msgs/vectornav_msgs/action/mag_cal.hpp\n'}
[0.738601] (vectornav_msgs) StdoutLine: {'line': b'-- Up-to-date: /home/fcanof/vanttec_sdv/install/vectornav_msgs/include/vectornav_msgs/vectornav_msgs/msg\n'}
[0.738695] (vectornav_msgs) StdoutLine: {'line': b'-- Up-to-date: /home/fcanof/vanttec_sdv/install/vectornav_msgs/include/vectornav_msgs/vectornav_msgs/msg/attitude_group.hpp\n'}
[0.738787] (vectornav_msgs) StdoutLine: {'line': b'-- Up-to-date: /home/fcanof/vanttec_sdv/install/vectornav_msgs/include/vectornav_msgs/vectornav_msgs/msg/time_utc.hpp\n'}
[0.738881] (vectornav_msgs) StdoutLine: {'line': b'-- Up-to-date: /home/fcanof/vanttec_sdv/install/vectornav_msgs/include/vectornav_msgs/vectornav_msgs/msg/detail\n'}
[0.738974] (vectornav_msgs) StdoutLine: {'line': b'-- Up-to-date: /home/fcanof/vanttec_sdv/install/vectornav_msgs/include/vectornav_msgs/vectornav_msgs/msg/detail/time_utc__builder.hpp\n'}
[0.739068] (vectornav_msgs) StdoutLine: {'line': b'-- Up-to-date: /home/fcanof/vanttec_sdv/install/vectornav_msgs/include/vectornav_msgs/vectornav_msgs/msg/detail/dop__builder.hpp\n'}
[0.739161] (vectornav_msgs) StdoutLine: {'line': b'-- Up-to-date: /home/fcanof/vanttec_sdv/install/vectornav_msgs/include/vectornav_msgs/vectornav_msgs/msg/detail/common_group__builder.hpp\n'}
[0.739256] (vectornav_msgs) StdoutLine: {'line': b'-- Up-to-date: /home/fcanof/vanttec_sdv/install/vectornav_msgs/include/vectornav_msgs/vectornav_msgs/msg/detail/ins_group__builder.hpp\n'}
[0.739385] (vectornav_msgs) StdoutLine: {'line': b'-- Up-to-date: /home/fcanof/vanttec_sdv/install/vectornav_msgs/include/vectornav_msgs/vectornav_msgs/msg/detail/common_group__traits.hpp\n'}
[0.739523] (vectornav_msgs) StdoutLine: {'line': b'-- Up-to-date: /home/fcanof/vanttec_sdv/install/vectornav_msgs/include/vectornav_msgs/vectornav_msgs/msg/detail/ins_group__struct.hpp\n'}
[0.739669] (vectornav_msgs) StdoutLine: {'line': b'-- Up-to-date: /home/fcanof/vanttec_sdv/install/vectornav_msgs/include/vectornav_msgs/vectornav_msgs/msg/detail/time_group__struct.hpp\n'}
[0.739828] (vectornav_msgs) StdoutLine: {'line': b'-- Up-to-date: /home/fcanof/vanttec_sdv/install/vectornav_msgs/include/vectornav_msgs/vectornav_msgs/msg/detail/time_group__traits.hpp\n'}
[0.739983] (vectornav_msgs) StdoutLine: {'line': b'-- Up-to-date: /home/fcanof/vanttec_sdv/install/vectornav_msgs/include/vectornav_msgs/vectornav_msgs/msg/detail/gps_group__builder.hpp\n'}
[0.740136] (vectornav_msgs) StdoutLine: {'line': b'-- Up-to-date: /home/fcanof/vanttec_sdv/install/vectornav_msgs/include/vectornav_msgs/vectornav_msgs/msg/detail/time_group__builder.hpp\n'}
[0.740293] (vectornav_msgs) StdoutLine: {'line': b'-- Up-to-date: /home/fcanof/vanttec_sdv/install/vectornav_msgs/include/vectornav_msgs/vectornav_msgs/msg/detail/gps_group__struct.hpp\n'}
[0.740451] (vectornav_msgs) StdoutLine: {'line': b'-- Up-to-date: /home/fcanof/vanttec_sdv/install/vectornav_msgs/include/vectornav_msgs/vectornav_msgs/msg/detail/gps_group__traits.hpp\n'}
[0.740603] (vectornav_msgs) StdoutLine: {'line': b'-- Up-to-date: /home/fcanof/vanttec_sdv/install/vectornav_msgs/include/vectornav_msgs/vectornav_msgs/msg/detail/dop__struct.hpp\n'}
[0.740760] (vectornav_msgs) StdoutLine: {'line': b'-- Up-to-date: /home/fcanof/vanttec_sdv/install/vectornav_msgs/include/vectornav_msgs/vectornav_msgs/msg/detail/attitude_group__struct.hpp\n'}
[0.740925] (vectornav_msgs) StdoutLine: {'line': b'-- Up-to-date: /home/fcanof/vanttec_sdv/install/vectornav_msgs/include/vectornav_msgs/vectornav_msgs/msg/detail/attitude_group__traits.hpp\n'}
[0.741084] (vectornav_msgs) StdoutLine: {'line': b'-- Up-to-date: /home/fcanof/vanttec_sdv/install/vectornav_msgs/include/vectornav_msgs/vectornav_msgs/msg/detail/ins_status__builder.hpp\n'}
[0.741214] (vectornav_msgs) StdoutLine: {'line': b'-- Up-to-date: /home/fcanof/vanttec_sdv/install/vectornav_msgs/include/vectornav_msgs/vectornav_msgs/msg/detail/time_status__builder.hpp\n'}
[0.741330] (vectornav_msgs) StdoutLine: {'line': b'-- Up-to-date: /home/fcanof/vanttec_sdv/install/vectornav_msgs/include/vectornav_msgs/vectornav_msgs/msg/detail/ins_status__struct.hpp\n'}
[0.741448] (vectornav_msgs) StdoutLine: {'line': b'-- Up-to-date: /home/fcanof/vanttec_sdv/install/vectornav_msgs/include/vectornav_msgs/vectornav_msgs/msg/detail/time_utc__traits.hpp\n'}
[0.741569] (vectornav_msgs) StdoutLine: {'line': b'-- Up-to-date: /home/fcanof/vanttec_sdv/install/vectornav_msgs/include/vectornav_msgs/vectornav_msgs/msg/detail/imu_group__traits.hpp\n'}
[0.741713] (vectornav_msgs) StdoutLine: {'line': b'-- Up-to-date: /home/fcanof/vanttec_sdv/install/vectornav_msgs/include/vectornav_msgs/vectornav_msgs/msg/detail/time_status__struct.hpp\n'}
[0.741872] (vectornav_msgs) StdoutLine: {'line': b'-- Up-to-date: /home/fcanof/vanttec_sdv/install/vectornav_msgs/include/vectornav_msgs/vectornav_msgs/msg/detail/vpe_status__traits.hpp\n'}
[0.742013] (vectornav_msgs) StdoutLine: {'line': b'-- Up-to-date: /home/fcanof/vanttec_sdv/install/vectornav_msgs/include/vectornav_msgs/vectornav_msgs/msg/detail/attitude_group__builder.hpp\n'}
[0.742123] (vectornav_msgs) StdoutLine: {'line': b'-- Up-to-date: /home/fcanof/vanttec_sdv/install/vectornav_msgs/include/vectornav_msgs/vectornav_msgs/msg/detail/dop__traits.hpp\n'}
[0.742220] (vectornav_msgs) StdoutLine: {'line': b'-- Up-to-date: /home/fcanof/vanttec_sdv/install/vectornav_msgs/include/vectornav_msgs/vectornav_msgs/msg/detail/time_utc__struct.hpp\n'}
[0.742365] (vectornav_msgs) StdoutLine: {'line': b'-- Up-to-date: /home/fcanof/vanttec_sdv/install/vectornav_msgs/include/vectornav_msgs/vectornav_msgs/msg/detail/vpe_status__struct.hpp\n'}
[0.742517] (vectornav_msgs) StdoutLine: {'line': b'-- Up-to-date: /home/fcanof/vanttec_sdv/install/vectornav_msgs/include/vectornav_msgs/vectornav_msgs/msg/detail/vpe_status__builder.hpp\n'}
[0.742676] (vectornav_msgs) StdoutLine: {'line': b'-- Up-to-date: /home/fcanof/vanttec_sdv/install/vectornav_msgs/include/vectornav_msgs/vectornav_msgs/msg/detail/ins_status__traits.hpp\n'}
[0.742828] (vectornav_msgs) StdoutLine: {'line': b'-- Up-to-date: /home/fcanof/vanttec_sdv/install/vectornav_msgs/include/vectornav_msgs/vectornav_msgs/msg/detail/imu_group__struct.hpp\n'}
[0.742989] (vectornav_msgs) StdoutLine: {'line': b'-- Up-to-date: /home/fcanof/vanttec_sdv/install/vectornav_msgs/include/vectornav_msgs/vectornav_msgs/msg/detail/time_status__traits.hpp\n'}
[0.743148] (vectornav_msgs) StdoutLine: {'line': b'-- Up-to-date: /home/fcanof/vanttec_sdv/install/vectornav_msgs/include/vectornav_msgs/vectornav_msgs/msg/detail/common_group__struct.hpp\n'}
[0.743299] (vectornav_msgs) StdoutLine: {'line': b'-- Up-to-date: /home/fcanof/vanttec_sdv/install/vectornav_msgs/include/vectornav_msgs/vectornav_msgs/msg/detail/imu_group__builder.hpp\n'}
[0.743456] (vectornav_msgs) StdoutLine: {'line': b'-- Up-to-date: /home/fcanof/vanttec_sdv/install/vectornav_msgs/include/vectornav_msgs/vectornav_msgs/msg/detail/ins_group__traits.hpp\n'}
[0.743589] (vectornav_msgs) StdoutLine: {'line': b'-- Up-to-date: /home/fcanof/vanttec_sdv/install/vectornav_msgs/include/vectornav_msgs/vectornav_msgs/msg/gps_group.hpp\n'}
[0.743725] (vectornav_msgs) StdoutLine: {'line': b'-- Up-to-date: /home/fcanof/vanttec_sdv/install/vectornav_msgs/include/vectornav_msgs/vectornav_msgs/msg/ins_status.hpp\n'}
[0.743871] (vectornav_msgs) StdoutLine: {'line': b'-- Up-to-date: /home/fcanof/vanttec_sdv/install/vectornav_msgs/include/vectornav_msgs/vectornav_msgs/msg/dop.hpp\n'}
[0.744024] (vectornav_msgs) StdoutLine: {'line': b'-- Up-to-date: /home/fcanof/vanttec_sdv/install/vectornav_msgs/include/vectornav_msgs/vectornav_msgs/msg/time_group.hpp\n'}
[0.744155] (vectornav_msgs) StdoutLine: {'line': b'-- Up-to-date: /home/fcanof/vanttec_sdv/install/vectornav_msgs/include/vectornav_msgs/vectornav_msgs/msg/imu_group.hpp\n'}
[0.744267] (vectornav_msgs) StdoutLine: {'line': b'-- Up-to-date: /home/fcanof/vanttec_sdv/install/vectornav_msgs/include/vectornav_msgs/vectornav_msgs/msg/vpe_status.hpp\n'}
[0.744363] (vectornav_msgs) StdoutLine: {'line': b'-- Up-to-date: /home/fcanof/vanttec_sdv/install/vectornav_msgs/include/vectornav_msgs/vectornav_msgs/msg/common_group.hpp\n'}
[0.744498] (vectornav_msgs) StdoutLine: {'line': b'-- Up-to-date: /home/fcanof/vanttec_sdv/install/vectornav_msgs/include/vectornav_msgs/vectornav_msgs/msg/ins_group.hpp\n'}
[0.744649] (vectornav_msgs) StdoutLine: {'line': b'-- Up-to-date: /home/fcanof/vanttec_sdv/install/vectornav_msgs/include/vectornav_msgs/vectornav_msgs/msg/time_status.hpp\n'}
[0.744806] (vectornav_msgs) StdoutLine: {'line': b'-- Up-to-date: /home/fcanof/vanttec_sdv/install/vectornav_msgs/include/vectornav_msgs/vectornav_msgs\n'}
[0.744969] (vectornav_msgs) StdoutLine: {'line': b'-- Up-to-date: /home/fcanof/vanttec_sdv/install/vectornav_msgs/include/vectornav_msgs/vectornav_msgs/action\n'}
[0.745123] (vectornav_msgs) StdoutLine: {'line': b'-- Up-to-date: /home/fcanof/vanttec_sdv/install/vectornav_msgs/include/vectornav_msgs/vectornav_msgs/action/detail\n'}
[0.745232] (vectornav_msgs) StdoutLine: {'line': b'-- Up-to-date: /home/fcanof/vanttec_sdv/install/vectornav_msgs/include/vectornav_msgs/vectornav_msgs/action/detail/dds_fastrtps\n'}
[0.745347] (vectornav_msgs) StdoutLine: {'line': b'-- Up-to-date: /home/fcanof/vanttec_sdv/install/vectornav_msgs/include/vectornav_msgs/vectornav_msgs/action/detail/mag_cal__rosidl_typesupport_fastrtps_cpp.hpp\n'}
[0.745450] (vectornav_msgs) StdoutLine: {'line': b'-- Up-to-date: /home/fcanof/vanttec_sdv/install/vectornav_msgs/include/vectornav_msgs/vectornav_msgs/msg\n'}
[0.745565] (vectornav_msgs) StdoutLine: {'line': b'-- Up-to-date: /home/fcanof/vanttec_sdv/install/vectornav_msgs/include/vectornav_msgs/vectornav_msgs/msg/rosidl_typesupport_fastrtps_cpp__visibility_control.h\n'}
[0.745703] (vectornav_msgs) StdoutLine: {'line': b'-- Up-to-date: /home/fcanof/vanttec_sdv/install/vectornav_msgs/include/vectornav_msgs/vectornav_msgs/msg/detail\n'}
[0.745869] (vectornav_msgs) StdoutLine: {'line': b'-- Up-to-date: /home/fcanof/vanttec_sdv/install/vectornav_msgs/include/vectornav_msgs/vectornav_msgs/msg/detail/ins_group__rosidl_typesupport_fastrtps_cpp.hpp\n'}
[0.746040] (vectornav_msgs) StdoutLine: {'line': b'-- Up-to-date: /home/fcanof/vanttec_sdv/install/vectornav_msgs/include/vectornav_msgs/vectornav_msgs/msg/detail/vpe_status__rosidl_typesupport_fastrtps_cpp.hpp\n'}
[0.746197] (vectornav_msgs) StdoutLine: {'line': b'-- Up-to-date: /home/fcanof/vanttec_sdv/install/vectornav_msgs/include/vectornav_msgs/vectornav_msgs/msg/detail/time_group__rosidl_typesupport_fastrtps_cpp.hpp\n'}
[0.746371] (vectornav_msgs) StdoutLine: {'line': b'-- Up-to-date: /home/fcanof/vanttec_sdv/install/vectornav_msgs/include/vectornav_msgs/vectornav_msgs/msg/detail/dds_fastrtps\n'}
[0.746471] (vectornav_msgs) StdoutLine: {'line': b'-- Up-to-date: /home/fcanof/vanttec_sdv/install/vectornav_msgs/include/vectornav_msgs/vectornav_msgs/msg/detail/time_utc__rosidl_typesupport_fastrtps_cpp.hpp\n'}
[0.746581] (vectornav_msgs) StdoutLine: {'line': b'-- Up-to-date: /home/fcanof/vanttec_sdv/install/vectornav_msgs/include/vectornav_msgs/vectornav_msgs/msg/detail/gps_group__rosidl_typesupport_fastrtps_cpp.hpp\n'}
[0.746677] (vectornav_msgs) StdoutLine: {'line': b'-- Up-to-date: /home/fcanof/vanttec_sdv/install/vectornav_msgs/include/vectornav_msgs/vectornav_msgs/msg/detail/ins_status__rosidl_typesupport_fastrtps_cpp.hpp\n'}
[0.746788] (vectornav_msgs) StdoutLine: {'line': b'-- Up-to-date: /home/fcanof/vanttec_sdv/install/vectornav_msgs/include/vectornav_msgs/vectornav_msgs/msg/detail/common_group__rosidl_typesupport_fastrtps_cpp.hpp\n'}
[0.746919] (vectornav_msgs) StdoutLine: {'line': b'-- Up-to-date: /home/fcanof/vanttec_sdv/install/vectornav_msgs/include/vectornav_msgs/vectornav_msgs/msg/detail/dop__rosidl_typesupport_fastrtps_cpp.hpp\n'}
[0.747029] (vectornav_msgs) StdoutLine: {'line': b'-- Up-to-date: /home/fcanof/vanttec_sdv/install/vectornav_msgs/include/vectornav_msgs/vectornav_msgs/msg/detail/attitude_group__rosidl_typesupport_fastrtps_cpp.hpp\n'}
[0.747141] (vectornav_msgs) StdoutLine: {'line': b'-- Up-to-date: /home/fcanof/vanttec_sdv/install/vectornav_msgs/include/vectornav_msgs/vectornav_msgs/msg/detail/imu_group__rosidl_typesupport_fastrtps_cpp.hpp\n'}
[0.747252] (vectornav_msgs) StdoutLine: {'line': b'-- Up-to-date: /home/fcanof/vanttec_sdv/install/vectornav_msgs/include/vectornav_msgs/vectornav_msgs/msg/detail/time_status__rosidl_typesupport_fastrtps_cpp.hpp\n'}
[0.747363] (vectornav_msgs) StdoutLine: {'line': b'-- Up-to-date: /home/fcanof/vanttec_sdv/install/vectornav_msgs/lib/libvectornav_msgs__rosidl_typesupport_fastrtps_cpp.so\n'}
[0.747472] (vectornav_msgs) StdoutLine: {'line': b'-- Up-to-date: /home/fcanof/vanttec_sdv/install/vectornav_msgs/include/vectornav_msgs/vectornav_msgs\n'}
[0.747630] (vectornav_msgs) StdoutLine: {'line': b'-- Up-to-date: /home/fcanof/vanttec_sdv/install/vectornav_msgs/include/vectornav_msgs/vectornav_msgs/action\n'}
[0.747786] (sdv_msgs) JobProgress: {'identifier': 'sdv_msgs', 'progress': 'install'}
[0.747841] (vectornav_msgs) StdoutLine: {'line': b'-- Up-to-date: /home/fcanof/vanttec_sdv/install/vectornav_msgs/include/vectornav_msgs/vectornav_msgs/action/detail\n'}
[0.747999] (vectornav_msgs) StdoutLine: {'line': b'-- Up-to-date: /home/fcanof/vanttec_sdv/install/vectornav_msgs/include/vectornav_msgs/vectornav_msgs/action/detail/mag_cal__type_support.c\n'}
[0.748152] (vectornav_msgs) StdoutLine: {'line': b'-- Up-to-date: /home/fcanof/vanttec_sdv/install/vectornav_msgs/include/vectornav_msgs/vectornav_msgs/action/detail/mag_cal__rosidl_typesupport_introspection_c.h\n'}
[0.748318] (vectornav_msgs) StdoutLine: {'line': b'-- Up-to-date: /home/fcanof/vanttec_sdv/install/vectornav_msgs/include/vectornav_msgs/vectornav_msgs/msg\n'}
[0.748429] (vectornav_msgs) StdoutLine: {'line': b'-- Up-to-date: /home/fcanof/vanttec_sdv/install/vectornav_msgs/include/vectornav_msgs/vectornav_msgs/msg/detail\n'}
[0.748531] (vectornav_msgs) StdoutLine: {'line': b'-- Up-to-date: /home/fcanof/vanttec_sdv/install/vectornav_msgs/include/vectornav_msgs/vectornav_msgs/msg/detail/time_status__type_support.c\n'}
[0.748627] (vectornav_msgs) StdoutLine: {'line': b'-- Up-to-date: /home/fcanof/vanttec_sdv/install/vectornav_msgs/include/vectornav_msgs/vectornav_msgs/msg/detail/time_utc__rosidl_typesupport_introspection_c.h\n'}
[0.748722] (vectornav_msgs) StdoutLine: {'line': b'-- Up-to-date: /home/fcanof/vanttec_sdv/install/vectornav_msgs/include/vectornav_msgs/vectornav_msgs/msg/detail/time_utc__type_support.c\n'}
[0.748817] (vectornav_msgs) StdoutLine: {'line': b'-- Up-to-date: /home/fcanof/vanttec_sdv/install/vectornav_msgs/include/vectornav_msgs/vectornav_msgs/msg/detail/gps_group__type_support.c\n'}
[0.748911] (vectornav_msgs) StdoutLine: {'line': b'-- Up-to-date: /home/fcanof/vanttec_sdv/install/vectornav_msgs/include/vectornav_msgs/vectornav_msgs/msg/detail/time_group__type_support.c\n'}
[0.749004] (vectornav_msgs) StdoutLine: {'line': b'-- Up-to-date: /home/fcanof/vanttec_sdv/install/vectornav_msgs/include/vectornav_msgs/vectornav_msgs/msg/detail/common_group__rosidl_typesupport_introspection_c.h\n'}
[0.749098] (vectornav_msgs) StdoutLine: {'line': b'-- Up-to-date: /home/fcanof/vanttec_sdv/install/vectornav_msgs/include/vectornav_msgs/vectornav_msgs/msg/detail/attitude_group__type_support.c\n'}
[0.749192] (vectornav_msgs) StdoutLine: {'line': b'-- Up-to-date: /home/fcanof/vanttec_sdv/install/vectornav_msgs/include/vectornav_msgs/vectornav_msgs/msg/detail/vpe_status__type_support.c\n'}
[0.749284] (vectornav_msgs) StdoutLine: {'line': b'-- Up-to-date: /home/fcanof/vanttec_sdv/install/vectornav_msgs/include/vectornav_msgs/vectornav_msgs/msg/detail/vpe_status__rosidl_typesupport_introspection_c.h\n'}
[0.749399] (vectornav_msgs) StdoutLine: {'line': b'-- Up-to-date: /home/fcanof/vanttec_sdv/install/vectornav_msgs/include/vectornav_msgs/vectornav_msgs/msg/detail/ins_group__rosidl_typesupport_introspection_c.h\n'}
[0.749497] (vectornav_msgs) StdoutLine: {'line': b'-- Up-to-date: /home/fcanof/vanttec_sdv/install/vectornav_msgs/include/vectornav_msgs/vectornav_msgs/msg/detail/ins_group__type_support.c\n'}
[0.749590] (vectornav_msgs) StdoutLine: {'line': b'-- Up-to-date: /home/fcanof/vanttec_sdv/install/vectornav_msgs/include/vectornav_msgs/vectornav_msgs/msg/detail/ins_status__type_support.c\n'}
[0.749684] (vectornav_msgs) StdoutLine: {'line': b'-- Up-to-date: /home/fcanof/vanttec_sdv/install/vectornav_msgs/include/vectornav_msgs/vectornav_msgs/msg/detail/attitude_group__rosidl_typesupport_introspection_c.h\n'}
[0.749778] (vectornav_msgs) StdoutLine: {'line': b'-- Up-to-date: /home/fcanof/vanttec_sdv/install/vectornav_msgs/include/vectornav_msgs/vectornav_msgs/msg/detail/imu_group__rosidl_typesupport_introspection_c.h\n'}
[0.749873] (vectornav_msgs) StdoutLine: {'line': b'-- Up-to-date: /home/fcanof/vanttec_sdv/install/vectornav_msgs/include/vectornav_msgs/vectornav_msgs/msg/detail/time_status__rosidl_typesupport_introspection_c.h\n'}
[0.749966] (vectornav_msgs) StdoutLine: {'line': b'-- Up-to-date: /home/fcanof/vanttec_sdv/install/vectornav_msgs/include/vectornav_msgs/vectornav_msgs/msg/detail/dop__type_support.c\n'}
[0.750060] (vectornav_msgs) StdoutLine: {'line': b'-- Up-to-date: /home/fcanof/vanttec_sdv/install/vectornav_msgs/include/vectornav_msgs/vectornav_msgs/msg/detail/imu_group__type_support.c\n'}
[0.750154] (vectornav_msgs) StdoutLine: {'line': b'-- Up-to-date: /home/fcanof/vanttec_sdv/install/vectornav_msgs/include/vectornav_msgs/vectornav_msgs/msg/detail/ins_status__rosidl_typesupport_introspection_c.h\n'}
[0.750248] (vectornav_msgs) StdoutLine: {'line': b'-- Up-to-date: /home/fcanof/vanttec_sdv/install/vectornav_msgs/include/vectornav_msgs/vectornav_msgs/msg/detail/dop__rosidl_typesupport_introspection_c.h\n'}
[0.750343] (sdv_msgs) Command: {'cmd': ['/usr/bin/cmake', '--install', '/home/fcanof/vanttec_sdv/build/sdv_msgs'], 'cwd': '/home/fcanof/vanttec_sdv/build/sdv_msgs', 'env': OrderedDict([('GJS_DEBUG_TOPICS', 'JS ERROR;JS LOG'), ('LESSOPEN', '| /usr/bin/lesspipe %s'), ('USER', 'fcanof'), ('LC_TIME', 'es_MX.UTF-8'), ('GIO_MODULE_DIR', '/home/fcanof/snap/code/common/.cache/gio-modules'), ('XDG_SESSION_TYPE', 'x11'), ('GIT_ASKPASS', '/snap/code/154/usr/share/code/resources/app/extensions/git/dist/askpass.sh'), ('GTK_EXE_PREFIX_VSCODE_SNAP_ORIG', ''), ('GDK_BACKEND_VSCODE_SNAP_ORIG', ''), ('SHLVL', '1'), ('LD_LIBRARY_PATH', '/opt/ros/humble/opt/rviz_ogre_vendor/lib:/opt/ros/humble/lib/x86_64-linux-gnu:/opt/ros/humble/lib'), ('HOME', '/home/fcanof'), ('CHROME_DESKTOP', 'code-url-handler.desktop'), ('LOCPATH_VSCODE_SNAP_ORIG', ''), ('TERM_PROGRAM_VERSION', '1.87.1'), ('DESKTOP_SESSION', 'ubuntu'), ('GTK_PATH', '/snap/code/154/usr/lib/x86_64-linux-gnu/gtk-3.0'), ('GTK_IM_MODULE_FILE', '/home/fcanof/snap/code/common/.cache/immodules/immodules.cache'), ('GIO_LAUNCHED_DESKTOP_FILE', '/var/lib/snapd/desktop/applications/code_code.desktop'), ('ROS_PYTHON_VERSION', '3'), ('GNOME_SHELL_SESSION_MODE', 'ubuntu'), ('GTK_MODULES', 'gail:atk-bridge'), ('GSETTINGS_SCHEMA_DIR_VSCODE_SNAP_ORIG', ''), ('VSCODE_GIT_ASKPASS_MAIN', '/snap/code/154/usr/share/code/resources/app/extensions/git/dist/askpass-main.js'), ('LC_MONETARY', 'es_MX.UTF-8'), ('VSCODE_GIT_ASKPASS_NODE', '/snap/code/154/usr/share/code/code'), ('MANAGERPID', '2223'), ('SYSTEMD_EXEC_PID', '2758'), ('DBUS_SESSION_BUS_ADDRESS', 'unix:path=/run/user/1000/bus'), ('COLORTERM', 'truecolor'), ('GIO_LAUNCHED_DESKTOP_FILE_PID', '50274'), ('ROS_DISTRO', 'humble'), ('GTK_IM_MODULE', 'ibus'), ('LOGNAME', 'fcanof'), ('JOURNAL_STREAM', '8:41161'), ('_', '/usr/bin/colcon'), ('ROS_VERSION', '2'), ('XDG_CONFIG_DIRS_VSCODE_SNAP_ORIG', '/etc/xdg/xdg-ubuntu:/etc/xdg'), ('XDG_SESSION_CLASS', 'user'), ('XDG_DATA_DIRS_VSCODE_SNAP_ORIG', '/usr/share/ubuntu:/usr/share/gnome:/usr/local/share/:/usr/share/:/var/lib/snapd/desktop'), ('USERNAME', 'fcanof'), ('TERM', 'xterm-256color'), ('GNOME_DESKTOP_SESSION_ID', 'this-is-deprecated'), ('ROS_LOCALHOST_ONLY', '1'), ('WINDOWPATH', '2'), ('PATH', '/home/fcanof/.local/bin:/opt/ros/humble/bin:/home/fcanof/.local/bin:/usr/local/sbin:/usr/local/bin:/usr/sbin:/usr/bin:/sbin:/bin:/usr/games:/usr/local/games:/snap/bin:/snap/bin'), ('SESSION_MANAGER', 'local/fcanof:@/tmp/.ICE-unix/2736,unix/fcanof:/tmp/.ICE-unix/2736'), ('GTK_EXE_PREFIX', '/snap/code/154/usr'), ('INVOCATION_ID', '4c90a3b36feb4d8c9cb26423b3ecfd5d'), ('XDG_MENU_PREFIX', 'gnome-'), ('LC_ADDRESS', 'es_MX.UTF-8'), ('BAMF_DESKTOP_FILE_HINT', '/var/lib/snapd/desktop/applications/code_code.desktop'), ('XDG_RUNTIME_DIR', '/run/user/1000'), ('GDK_BACKEND', 'x11'), ('DISPLAY', ':1'), ('LOCPATH', '/snap/code/154/usr/lib/locale'), ('LANG', 'en_US.UTF-8'), ('XDG_CURRENT_DESKTOP', 'Unity'), ('LC_TELEPHONE', 'es_MX.UTF-8'), ('GIO_MODULE_DIR_VSCODE_SNAP_ORIG', ''), ('XMODIFIERS', '@im=ibus'), ('XDG_SESSION_DESKTOP', 'ubuntu'), ('XAUTHORITY', '/run/user/1000/gdm/Xauthority'), ('LS_COLORS', 'rs=0:di=01;34:ln=01;36:mh=00:pi=40;33:so=01;35:do=01;35:bd=40;33;01:cd=40;33;01:or=40;31;01:mi=00:su=37;41:sg=30;43:ca=30;41:tw=30;42:ow=34;42:st=37;44:ex=01;32:*.tar=01;31:*.tgz=01;31:*.arc=01;31:*.arj=01;31:*.taz=01;31:*.lha=01;31:*.lz4=01;31:*.lzh=01;31:*.lzma=01;31:*.tlz=01;31:*.txz=01;31:*.tzo=01;31:*.t7z=01;31:*.zip=01;31:*.z=01;31:*.dz=01;31:*.gz=01;31:*.lrz=01;31:*.lz=01;31:*.lzo=01;31:*.xz=01;31:*.zst=01;31:*.tzst=01;31:*.bz2=01;31:*.bz=01;31:*.tbz=01;31:*.tbz2=01;31:*.tz=01;31:*.deb=01;31:*.rpm=01;31:*.jar=01;31:*.war=01;31:*.ear=01;31:*.sar=01;31:*.rar=01;31:*.alz=01;31:*.ace=01;31:*.zoo=01;31:*.cpio=01;31:*.7z=01;31:*.rz=01;31:*.cab=01;31:*.wim=01;31:*.swm=01;31:*.dwm=01;31:*.esd=01;31:*.jpg=01;35:*.jpeg=01;35:*.mjpg=01;35:*.mjpeg=01;35:*.gif=01;35:*.bmp=01;35:*.pbm=01;35:*.pgm=01;35:*.ppm=01;35:*.tga=01;35:*.xbm=01;35:*.xpm=01;35:*.tif=01;35:*.tiff=01;35:*.png=01;35:*.svg=01;35:*.svgz=01;35:*.mng=01;35:*.pcx=01;35:*.mov=01;35:*.mpg=01;35:*.mpeg=01;35:*.m2v=01;35:*.mkv=01;35:*.webm=01;35:*.webp=01;35:*.ogm=01;35:*.mp4=01;35:*.m4v=01;35:*.mp4v=01;35:*.vob=01;35:*.qt=01;35:*.nuv=01;35:*.wmv=01;35:*.asf=01;35:*.rm=01;35:*.rmvb=01;35:*.flc=01;35:*.avi=01;35:*.fli=01;35:*.flv=01;35:*.gl=01;35:*.dl=01;35:*.xcf=01;35:*.xwd=01;35:*.yuv=01;35:*.cgm=01;35:*.emf=01;35:*.ogv=01;35:*.ogx=01;35:*.aac=00;36:*.au=00;36:*.flac=00;36:*.m4a=00;36:*.mid=00;36:*.midi=00;36:*.mka=00;36:*.mp3=00;36:*.mpc=00;36:*.ogg=00;36:*.ra=00;36:*.wav=00;36:*.oga=00;36:*.opus=00;36:*.spx=00;36:*.xspf=00;36:'), ('VSCODE_GIT_IPC_HANDLE', '/run/user/1000/vscode-git-676dc8d9e0.sock'), ('TERM_PROGRAM', 'vscode'), ('SSH_AGENT_LAUNCHER', 'gnome-keyring'), ('SSH_AUTH_SOCK', '/run/user/1000/keyring/ssh'), ('GSETTINGS_SCHEMA_DIR', '/home/fcanof/snap/code/154/.local/share/glib-2.0/schemas'), ('ROS_DOMAIN_ID', '8'), ('AMENT_PREFIX_PATH', '/opt/ros/humble'), ('ORIGINAL_XDG_CURRENT_DESKTOP', 'ubuntu:GNOME'), ('SHELL', '/bin/bash'), ('LC_NAME', 'es_MX.UTF-8'), ('QT_ACCESSIBILITY', '1'), ('GDMSESSION', 'ubuntu'), ('LESSCLOSE', '/usr/bin/lesspipe %s %s'), ('GTK_PATH_VSCODE_SNAP_ORIG', ''), ('GTK_IM_MODULE_FILE_VSCODE_SNAP_ORIG', ''), ('LC_MEASUREMENT', 'es_MX.UTF-8'), ('GPG_AGENT_INFO', '/run/user/1000/gnupg/S.gpg-agent:0:1'), ('GJS_DEBUG_OUTPUT', 'stderr'), ('LC_IDENTIFICATION', 'es_MX.UTF-8'), ('VSCODE_GIT_ASKPASS_EXTRA_ARGS', ''), ('QT_IM_MODULE', 'ibus'), ('PWD', '/home/fcanof/vanttec_sdv/build/sdv_msgs'), ('LC_ALL', 'en_US.UTF-8'), ('XDG_CONFIG_DIRS', '/etc/xdg/xdg-ubuntu:/etc/xdg'), ('XDG_DATA_DIRS', '/home/fcanof/snap/code/154/.local/share:/home/fcanof/snap/code/154:/snap/code/154/usr/share:/usr/share/ubuntu:/usr/share/gnome:/usr/local/share/:/usr/share/:/var/lib/snapd/desktop'), ('PYTHONPATH', '/opt/ros/humble/lib/python3.10/site-packages:/opt/ros/humble/local/lib/python3.10/dist-packages'), ('LC_NUMERIC', 'es_MX.UTF-8'), ('LC_PAPER', 'es_MX.UTF-8'), ('COLCON', '1'), ('CMAKE_PREFIX_PATH', '/opt/ros/humble')]), 'shell': False}
[0.750967] (vectornav_msgs) StdoutLine: {'line': b'-- Up-to-date: /home/fcanof/vanttec_sdv/install/vectornav_msgs/include/vectornav_msgs/vectornav_msgs/msg/detail/common_group__type_support.c\n'}
[0.751079] (vectornav_msgs) StdoutLine: {'line': b'-- Up-to-date: /home/fcanof/vanttec_sdv/install/vectornav_msgs/include/vectornav_msgs/vectornav_msgs/msg/detail/gps_group__rosidl_typesupport_introspection_c.h\n'}
[0.751179] (vectornav_msgs) StdoutLine: {'line': b'-- Up-to-date: /home/fcanof/vanttec_sdv/install/vectornav_msgs/include/vectornav_msgs/vectornav_msgs/msg/detail/time_group__rosidl_typesupport_introspection_c.h\n'}
[0.751275] (vectornav_msgs) StdoutLine: {'line': b'-- Up-to-date: /home/fcanof/vanttec_sdv/install/vectornav_msgs/include/vectornav_msgs/vectornav_msgs/msg/rosidl_typesupport_introspection_c__visibility_control.h\n'}
[0.751371] (vectornav_msgs) StdoutLine: {'line': b'-- Up-to-date: /home/fcanof/vanttec_sdv/install/vectornav_msgs/lib/libvectornav_msgs__rosidl_typesupport_introspection_c.so\n'}
[0.751466] (vectornav_msgs) StdoutLine: {'line': b'-- Up-to-date: /home/fcanof/vanttec_sdv/install/vectornav_msgs/lib/libvectornav_msgs__rosidl_typesupport_c.so\n'}
[0.751560] (vectornav_msgs) StdoutLine: {'line': b'-- Up-to-date: /home/fcanof/vanttec_sdv/install/vectornav_msgs/include/vectornav_msgs/vectornav_msgs\n'}
[0.751665] (vectornav_msgs) StdoutLine: {'line': b'-- Up-to-date: /home/fcanof/vanttec_sdv/install/vectornav_msgs/include/vectornav_msgs/vectornav_msgs/action\n'}
[0.751760] (vectornav_msgs) StdoutLine: {'line': b'-- Up-to-date: /home/fcanof/vanttec_sdv/install/vectornav_msgs/include/vectornav_msgs/vectornav_msgs/action/detail\n'}
[0.751854] (vectornav_msgs) StdoutLine: {'line': b'-- Up-to-date: /home/fcanof/vanttec_sdv/install/vectornav_msgs/include/vectornav_msgs/vectornav_msgs/action/detail/mag_cal__type_support.cpp\n'}
[0.751951] (vectornav_msgs) StdoutLine: {'line': b'-- Up-to-date: /home/fcanof/vanttec_sdv/install/vectornav_msgs/include/vectornav_msgs/vectornav_msgs/action/detail/mag_cal__rosidl_typesupport_introspection_cpp.hpp\n'}
[0.752050] (vectornav_msgs) StdoutLine: {'line': b'-- Up-to-date: /home/fcanof/vanttec_sdv/install/vectornav_msgs/include/vectornav_msgs/vectornav_msgs/msg\n'}
[0.752150] (vectornav_msgs) StdoutLine: {'line': b'-- Up-to-date: /home/fcanof/vanttec_sdv/install/vectornav_msgs/include/vectornav_msgs/vectornav_msgs/msg/detail\n'}
[0.752245] (vectornav_msgs) StdoutLine: {'line': b'-- Up-to-date: /home/fcanof/vanttec_sdv/install/vectornav_msgs/include/vectornav_msgs/vectornav_msgs/msg/detail/imu_group__rosidl_typesupport_introspection_cpp.hpp\n'}
[0.752338] (vectornav_msgs) StdoutLine: {'line': b'-- Up-to-date: /home/fcanof/vanttec_sdv/install/vectornav_msgs/include/vectornav_msgs/vectornav_msgs/msg/detail/time_status__rosidl_typesupport_introspection_cpp.hpp\n'}
[0.752432] (vectornav_msgs) StdoutLine: {'line': b'-- Up-to-date: /home/fcanof/vanttec_sdv/install/vectornav_msgs/include/vectornav_msgs/vectornav_msgs/msg/detail/time_status__type_support.cpp\n'}
[0.752526] (vectornav_msgs) StdoutLine: {'line': b'-- Up-to-date: /home/fcanof/vanttec_sdv/install/vectornav_msgs/include/vectornav_msgs/vectornav_msgs/msg/detail/attitude_group__type_support.cpp\n'}
[0.752624] (vectornav_msgs) StdoutLine: {'line': b'-- Up-to-date: /home/fcanof/vanttec_sdv/install/vectornav_msgs/include/vectornav_msgs/vectornav_msgs/msg/detail/vpe_status__type_support.cpp\n'}
[0.752719] (vectornav_msgs) StdoutLine: {'line': b'-- Up-to-date: /home/fcanof/vanttec_sdv/install/vectornav_msgs/include/vectornav_msgs/vectornav_msgs/msg/detail/ins_group__rosidl_typesupport_introspection_cpp.hpp\n'}
[0.752813] (vectornav_msgs) StdoutLine: {'line': b'-- Up-to-date: /home/fcanof/vanttec_sdv/install/vectornav_msgs/include/vectornav_msgs/vectornav_msgs/msg/detail/common_group__rosidl_typesupport_introspection_cpp.hpp\n'}
[0.752907] (vectornav_msgs) StdoutLine: {'line': b'-- Up-to-date: /home/fcanof/vanttec_sdv/install/vectornav_msgs/include/vectornav_msgs/vectornav_msgs/msg/detail/imu_group__type_support.cpp\n'}
[0.753002] (vectornav_msgs) StdoutLine: {'line': b'-- Up-to-date: /home/fcanof/vanttec_sdv/install/vectornav_msgs/include/vectornav_msgs/vectornav_msgs/msg/detail/gps_group__rosidl_typesupport_introspection_cpp.hpp\n'}
[0.753095] (vectornav_msgs) StdoutLine: {'line': b'-- Up-to-date: /home/fcanof/vanttec_sdv/install/vectornav_msgs/include/vectornav_msgs/vectornav_msgs/msg/detail/ins_status__rosidl_typesupport_introspection_cpp.hpp\n'}
[0.753188] (vectornav_msgs) StdoutLine: {'line': b'-- Up-to-date: /home/fcanof/vanttec_sdv/install/vectornav_msgs/include/vectornav_msgs/vectornav_msgs/msg/detail/attitude_group__rosidl_typesupport_introspection_cpp.hpp\n'}
[0.753283] (vectornav_msgs) StdoutLine: {'line': b'-- Up-to-date: /home/fcanof/vanttec_sdv/install/vectornav_msgs/include/vectornav_msgs/vectornav_msgs/msg/detail/common_group__type_support.cpp\n'}
[0.753387] (vectornav_msgs) StdoutLine: {'line': b'-- Up-to-date: /home/fcanof/vanttec_sdv/install/vectornav_msgs/include/vectornav_msgs/vectornav_msgs/msg/detail/dop__type_support.cpp\n'}
[0.753485] (vectornav_msgs) StdoutLine: {'line': b'-- Up-to-date: /home/fcanof/vanttec_sdv/install/vectornav_msgs/include/vectornav_msgs/vectornav_msgs/msg/detail/time_utc__type_support.cpp\n'}
[0.753578] (vectornav_msgs) StdoutLine: {'line': b'-- Up-to-date: /home/fcanof/vanttec_sdv/install/vectornav_msgs/include/vectornav_msgs/vectornav_msgs/msg/detail/vpe_status__rosidl_typesupport_introspection_cpp.hpp\n'}
[0.753672] (vectornav_msgs) StdoutLine: {'line': b'-- Up-to-date: /home/fcanof/vanttec_sdv/install/vectornav_msgs/include/vectornav_msgs/vectornav_msgs/msg/detail/time_group__rosidl_typesupport_introspection_cpp.hpp\n'}
[0.753765] (vectornav_msgs) StdoutLine: {'line': b'-- Up-to-date: /home/fcanof/vanttec_sdv/install/vectornav_msgs/include/vectornav_msgs/vectornav_msgs/msg/detail/dop__rosidl_typesupport_introspection_cpp.hpp\n'}
[0.753860] (vectornav_msgs) StdoutLine: {'line': b'-- Up-to-date: /home/fcanof/vanttec_sdv/install/vectornav_msgs/include/vectornav_msgs/vectornav_msgs/msg/detail/time_group__type_support.cpp\n'}
[0.753953] (vectornav_msgs) StdoutLine: {'line': b'-- Up-to-date: /home/fcanof/vanttec_sdv/install/vectornav_msgs/include/vectornav_msgs/vectornav_msgs/msg/detail/gps_group__type_support.cpp\n'}
[0.754053] (vectornav_msgs) StdoutLine: {'line': b'-- Up-to-date: /home/fcanof/vanttec_sdv/install/vectornav_msgs/include/vectornav_msgs/vectornav_msgs/msg/detail/time_utc__rosidl_typesupport_introspection_cpp.hpp\n'}
[0.754146] (vectornav_msgs) StdoutLine: {'line': b'-- Up-to-date: /home/fcanof/vanttec_sdv/install/vectornav_msgs/include/vectornav_msgs/vectornav_msgs/msg/detail/ins_group__type_support.cpp\n'}
[0.754240] (vectornav_msgs) StdoutLine: {'line': b'-- Up-to-date: /home/fcanof/vanttec_sdv/install/vectornav_msgs/include/vectornav_msgs/vectornav_msgs/msg/detail/ins_status__type_support.cpp\n'}
[0.754343] (vectornav_msgs) StdoutLine: {'line': b'-- Up-to-date: /home/fcanof/vanttec_sdv/install/vectornav_msgs/lib/libvectornav_msgs__rosidl_typesupport_introspection_cpp.so\n'}
[0.754437] (vectornav_msgs) StdoutLine: {'line': b'-- Up-to-date: /home/fcanof/vanttec_sdv/install/vectornav_msgs/lib/libvectornav_msgs__rosidl_typesupport_cpp.so\n'}
[0.754531] (vectornav_msgs) StdoutLine: {'line': b'-- Up-to-date: /home/fcanof/vanttec_sdv/install/vectornav_msgs/share/vectornav_msgs/environment/pythonpath.sh\n'}
[0.754624] (vectornav_msgs) StdoutLine: {'line': b'-- Up-to-date: /home/fcanof/vanttec_sdv/install/vectornav_msgs/share/vectornav_msgs/environment/pythonpath.dsv\n'}
[0.754717] (vectornav_msgs) StdoutLine: {'line': b'-- Up-to-date: /home/fcanof/vanttec_sdv/install/vectornav_msgs/local/lib/python3.10/dist-packages/vectornav_msgs-3.0.0-py3.10.egg-info\n'}
[0.754810] (vectornav_msgs) StdoutLine: {'line': b'-- Installing: /home/fcanof/vanttec_sdv/install/vectornav_msgs/local/lib/python3.10/dist-packages/vectornav_msgs-3.0.0-py3.10.egg-info/PKG-INFO\n'}
[0.754904] (vectornav_msgs) StdoutLine: {'line': b'-- Installing: /home/fcanof/vanttec_sdv/install/vectornav_msgs/local/lib/python3.10/dist-packages/vectornav_msgs-3.0.0-py3.10.egg-info/top_level.txt\n'}
[0.755000] (vectornav_msgs) StdoutLine: {'line': b'-- Installing: /home/fcanof/vanttec_sdv/install/vectornav_msgs/local/lib/python3.10/dist-packages/vectornav_msgs-3.0.0-py3.10.egg-info/SOURCES.txt\n'}
[0.755094] (vectornav_msgs) StdoutLine: {'line': b'-- Installing: /home/fcanof/vanttec_sdv/install/vectornav_msgs/local/lib/python3.10/dist-packages/vectornav_msgs-3.0.0-py3.10.egg-info/dependency_links.txt\n'}
[0.755192] (vectornav_msgs) StdoutLine: {'line': b'-- Up-to-date: /home/fcanof/vanttec_sdv/install/vectornav_msgs/local/lib/python3.10/dist-packages/vectornav_msgs\n'}
[0.755286] (vectornav_msgs) StdoutLine: {'line': b'-- Up-to-date: /home/fcanof/vanttec_sdv/install/vectornav_msgs/local/lib/python3.10/dist-packages/vectornav_msgs/action\n'}
[0.755378] (vectornav_msgs) StdoutLine: {'line': b'-- Up-to-date: /home/fcanof/vanttec_sdv/install/vectornav_msgs/local/lib/python3.10/dist-packages/vectornav_msgs/action/_mag_cal.py\n'}
[0.755472] (vectornav_msgs) StdoutLine: {'line': b'-- Up-to-date: /home/fcanof/vanttec_sdv/install/vectornav_msgs/local/lib/python3.10/dist-packages/vectornav_msgs/action/_mag_cal_s.c\n'}
[0.755565] (vectornav_msgs) StdoutLine: {'line': b'-- Up-to-date: /home/fcanof/vanttec_sdv/install/vectornav_msgs/local/lib/python3.10/dist-packages/vectornav_msgs/action/__init__.py\n'}
[0.755659] (vectornav_msgs) StdoutLine: {'line': b'-- Up-to-date: /home/fcanof/vanttec_sdv/install/vectornav_msgs/local/lib/python3.10/dist-packages/vectornav_msgs/_vectornav_msgs_s.ep.rosidl_typesupport_introspection_c.c\n'}
[0.755752] (vectornav_msgs) StdoutLine: {'line': b'-- Up-to-date: /home/fcanof/vanttec_sdv/install/vectornav_msgs/local/lib/python3.10/dist-packages/vectornav_msgs/libvectornav_msgs__rosidl_generator_py.so\n'}
[0.755847] (vectornav_msgs) StdoutLine: {'line': b'-- Up-to-date: /home/fcanof/vanttec_sdv/install/vectornav_msgs/local/lib/python3.10/dist-packages/vectornav_msgs/_vectornav_msgs_s.ep.rosidl_typesupport_c.c\n'}
[0.755940] (vectornav_msgs) StdoutLine: {'line': b'-- Up-to-date: /home/fcanof/vanttec_sdv/install/vectornav_msgs/local/lib/python3.10/dist-packages/vectornav_msgs/_vectornav_msgs_s.ep.rosidl_typesupport_fastrtps_c.c\n'}
[0.756039] (vectornav_msgs) StdoutLine: {'line': b'-- Up-to-date: /home/fcanof/vanttec_sdv/install/vectornav_msgs/local/lib/python3.10/dist-packages/vectornav_msgs/msg\n'}
[0.756133] (vectornav_msgs) StdoutLine: {'line': b'-- Up-to-date: /home/fcanof/vanttec_sdv/install/vectornav_msgs/local/lib/python3.10/dist-packages/vectornav_msgs/msg/_ins_group.py\n'}
[0.756226] (vectornav_msgs) StdoutLine: {'line': b'-- Up-to-date: /home/fcanof/vanttec_sdv/install/vectornav_msgs/local/lib/python3.10/dist-packages/vectornav_msgs/msg/_time_status.py\n'}
[0.756319] (vectornav_msgs) StdoutLine: {'line': b'-- Up-to-date: /home/fcanof/vanttec_sdv/install/vectornav_msgs/local/lib/python3.10/dist-packages/vectornav_msgs/msg/_common_group.py\n'}
[0.756413] (vectornav_msgs) StdoutLine: {'line': b'-- Up-to-date: /home/fcanof/vanttec_sdv/install/vectornav_msgs/local/lib/python3.10/dist-packages/vectornav_msgs/msg/_vpe_status.py\n'}
[0.756509] (vectornav_msgs) StdoutLine: {'line': b'-- Up-to-date: /home/fcanof/vanttec_sdv/install/vectornav_msgs/local/lib/python3.10/dist-packages/vectornav_msgs/msg/_imu_group_s.c\n'}
[0.756602] (vectornav_msgs) StdoutLine: {'line': b'-- Up-to-date: /home/fcanof/vanttec_sdv/install/vectornav_msgs/local/lib/python3.10/dist-packages/vectornav_msgs/msg/_ins_group_s.c\n'}
[0.756696] (vectornav_msgs) StdoutLine: {'line': b'-- Up-to-date: /home/fcanof/vanttec_sdv/install/vectornav_msgs/local/lib/python3.10/dist-packages/vectornav_msgs/msg/_attitude_group_s.c\n'}
[0.756789] (vectornav_msgs) StdoutLine: {'line': b'-- Up-to-date: /home/fcanof/vanttec_sdv/install/vectornav_msgs/local/lib/python3.10/dist-packages/vectornav_msgs/msg/_time_utc.py\n'}
[0.756882] (vectornav_msgs) StdoutLine: {'line': b'-- Up-to-date: /home/fcanof/vanttec_sdv/install/vectornav_msgs/local/lib/python3.10/dist-packages/vectornav_msgs/msg/_ins_status_s.c\n'}
[0.756975] (vectornav_msgs) StdoutLine: {'line': b'-- Up-to-date: /home/fcanof/vanttec_sdv/install/vectornav_msgs/local/lib/python3.10/dist-packages/vectornav_msgs/msg/_time_group_s.c\n'}
[0.757068] (vectornav_msgs) StdoutLine: {'line': b'-- Up-to-date: /home/fcanof/vanttec_sdv/install/vectornav_msgs/local/lib/python3.10/dist-packages/vectornav_msgs/msg/_dop.py\n'}
[0.757169] (vectornav_msgs) StdoutLine: {'line': b'-- Up-to-date: /home/fcanof/vanttec_sdv/install/vectornav_msgs/local/lib/python3.10/dist-packages/vectornav_msgs/msg/_time_status_s.c\n'}
[0.757263] (vectornav_msgs) StdoutLine: {'line': b'-- Up-to-date: /home/fcanof/vanttec_sdv/install/vectornav_msgs/local/lib/python3.10/dist-packages/vectornav_msgs/msg/_time_utc_s.c\n'}
[0.757364] (vectornav_msgs) StdoutLine: {'line': b'-- Up-to-date: /home/fcanof/vanttec_sdv/install/vectornav_msgs/local/lib/python3.10/dist-packages/vectornav_msgs/msg/_vpe_status_s.c\n'}
[0.757462] (vectornav_msgs) StdoutLine: {'line': b'-- Up-to-date: /home/fcanof/vanttec_sdv/install/vectornav_msgs/local/lib/python3.10/dist-packages/vectornav_msgs/msg/_imu_group.py\n'}
[0.757555] (vectornav_msgs) StdoutLine: {'line': b'-- Up-to-date: /home/fcanof/vanttec_sdv/install/vectornav_msgs/local/lib/python3.10/dist-packages/vectornav_msgs/msg/_ins_status.py\n'}
[0.757649] (vectornav_msgs) StdoutLine: {'line': b'-- Up-to-date: /home/fcanof/vanttec_sdv/install/vectornav_msgs/local/lib/python3.10/dist-packages/vectornav_msgs/msg/_time_group.py\n'}
[0.757741] (vectornav_msgs) StdoutLine: {'line': b'-- Up-to-date: /home/fcanof/vanttec_sdv/install/vectornav_msgs/local/lib/python3.10/dist-packages/vectornav_msgs/msg/__init__.py\n'}
[0.757839] (vectornav_msgs) StdoutLine: {'line': b'-- Up-to-date: /home/fcanof/vanttec_sdv/install/vectornav_msgs/local/lib/python3.10/dist-packages/vectornav_msgs/msg/_gps_group_s.c\n'}
[0.757932] (vectornav_msgs) StdoutLine: {'line': b'-- Up-to-date: /home/fcanof/vanttec_sdv/install/vectornav_msgs/local/lib/python3.10/dist-packages/vectornav_msgs/msg/_gps_group.py\n'}
[0.758028] (vectornav_msgs) StdoutLine: {'line': b'-- Up-to-date: /home/fcanof/vanttec_sdv/install/vectornav_msgs/local/lib/python3.10/dist-packages/vectornav_msgs/msg/_common_group_s.c\n'}
[0.758130] (vectornav_msgs) StdoutLine: {'line': b'-- Up-to-date: /home/fcanof/vanttec_sdv/install/vectornav_msgs/local/lib/python3.10/dist-packages/vectornav_msgs/msg/_attitude_group.py\n'}
[0.758223] (vectornav_msgs) StdoutLine: {'line': b'-- Up-to-date: /home/fcanof/vanttec_sdv/install/vectornav_msgs/local/lib/python3.10/dist-packages/vectornav_msgs/msg/_dop_s.c\n'}
[0.758316] (vectornav_msgs) StdoutLine: {'line': b'-- Up-to-date: /home/fcanof/vanttec_sdv/install/vectornav_msgs/local/lib/python3.10/dist-packages/vectornav_msgs/vectornav_msgs_s__rosidl_typesupport_fastrtps_c.cpython-310-x86_64-linux-gnu.so\n'}
[0.758412] (vectornav_msgs) StdoutLine: {'line': b'-- Up-to-date: /home/fcanof/vanttec_sdv/install/vectornav_msgs/local/lib/python3.10/dist-packages/vectornav_msgs/vectornav_msgs_s__rosidl_typesupport_introspection_c.cpython-310-x86_64-linux-gnu.so\n'}
[0.758506] (vectornav_msgs) StdoutLine: {'line': b'-- Up-to-date: /home/fcanof/vanttec_sdv/install/vectornav_msgs/local/lib/python3.10/dist-packages/vectornav_msgs/__init__.py\n'}
[0.758600] (vectornav_msgs) StdoutLine: {'line': b'-- Up-to-date: /home/fcanof/vanttec_sdv/install/vectornav_msgs/local/lib/python3.10/dist-packages/vectornav_msgs/vectornav_msgs_s__rosidl_typesupport_c.cpython-310-x86_64-linux-gnu.so\n'}
[0.758693] (sdv_msgs) StdoutLine: {'line': b'-- Install configuration: ""\n'}
[0.758792] (sdv_msgs) StdoutLine: {'line': b'-- Up-to-date: /home/fcanof/vanttec_sdv/install/sdv_msgs/share/ament_index/resource_index/rosidl_interfaces/sdv_msgs\n'}
[0.758884] (sdv_msgs) StdoutLine: {'line': b'-- Up-to-date: /home/fcanof/vanttec_sdv/install/sdv_msgs/include/sdv_msgs/sdv_msgs\n'}
[0.758977] (sdv_msgs) StdoutLine: {'line': b'-- Up-to-date: /home/fcanof/vanttec_sdv/install/sdv_msgs/include/sdv_msgs/sdv_msgs/msg\n'}
[0.759069] (sdv_msgs) StdoutLine: {'line': b'-- Up-to-date: /home/fcanof/vanttec_sdv/install/sdv_msgs/include/sdv_msgs/sdv_msgs/msg/vehicle_info.h\n'}
[0.759162] (sdv_msgs) StdoutLine: {'line': b'-- Up-to-date: /home/fcanof/vanttec_sdv/install/sdv_msgs/include/sdv_msgs/sdv_msgs/msg/detail\n'}
[0.759254] (sdv_msgs) StdoutLine: {'line': b'-- Up-to-date: /home/fcanof/vanttec_sdv/install/sdv_msgs/include/sdv_msgs/sdv_msgs/msg/detail/xbox_msg__struct.h\n'}
[0.759347] (sdv_msgs) StdoutLine: {'line': b'-- Up-to-date: /home/fcanof/vanttec_sdv/install/sdv_msgs/include/sdv_msgs/sdv_msgs/msg/detail/vehicle_control__functions.h\n'}
[0.759441] (sdv_msgs) StdoutLine: {'line': b'-- Up-to-date: /home/fcanof/vanttec_sdv/install/sdv_msgs/include/sdv_msgs/sdv_msgs/msg/detail/status__struct.h\n'}
[0.759541] (sdv_msgs) StdoutLine: {'line': b'-- Up-to-date: /home/fcanof/vanttec_sdv/install/sdv_msgs/include/sdv_msgs/sdv_msgs/msg/detail/thrust_control__functions.c\n'}
[0.759636] (sdv_msgs) StdoutLine: {'line': b'-- Up-to-date: /home/fcanof/vanttec_sdv/install/sdv_msgs/include/sdv_msgs/sdv_msgs/msg/detail/vehicle_info__functions.c\n'}
[0.759728] (sdv_msgs) StdoutLine: {'line': b'-- Up-to-date: /home/fcanof/vanttec_sdv/install/sdv_msgs/include/sdv_msgs/sdv_msgs/msg/detail/panel_msg__functions.c\n'}
[0.759822] (sdv_msgs) StdoutLine: {'line': b'-- Up-to-date: /home/fcanof/vanttec_sdv/install/sdv_msgs/include/sdv_msgs/sdv_msgs/msg/detail/vehicle_control__struct.h\n'}
[0.759914] (sdv_msgs) StdoutLine: {'line': b'-- Up-to-date: /home/fcanof/vanttec_sdv/install/sdv_msgs/include/sdv_msgs/sdv_msgs/msg/detail/vehicle_status__functions.c\n'}
[0.760007] (sdv_msgs) StdoutLine: {'line': b'-- Up-to-date: /home/fcanof/vanttec_sdv/install/sdv_msgs/include/sdv_msgs/sdv_msgs/msg/detail/guidance_waypoints__functions.h\n'}
[0.760098] (sdv_msgs) StdoutLine: {'line': b'-- Up-to-date: /home/fcanof/vanttec_sdv/install/sdv_msgs/include/sdv_msgs/sdv_msgs/msg/detail/collision_event__type_support.h\n'}
[0.760191] (sdv_msgs) StdoutLine: {'line': b'-- Up-to-date: /home/fcanof/vanttec_sdv/install/sdv_msgs/include/sdv_msgs/sdv_msgs/msg/detail/status__type_support.h\n'}
[0.760293] (sdv_msgs) StdoutLine: {'line': b'-- Up-to-date: /home/fcanof/vanttec_sdv/install/sdv_msgs/include/sdv_msgs/sdv_msgs/msg/detail/collision_event__functions.h\n'}
[0.760391] (sdv_msgs) StdoutLine: {'line': b'-- Up-to-date: /home/fcanof/vanttec_sdv/install/sdv_msgs/include/sdv_msgs/sdv_msgs/msg/detail/status__functions.c\n'}
[0.760484] (sdv_msgs) StdoutLine: {'line': b'-- Up-to-date: /home/fcanof/vanttec_sdv/install/sdv_msgs/include/sdv_msgs/sdv_msgs/msg/detail/eta_pose__functions.h\n'}
[0.760576] (sdv_msgs) StdoutLine: {'line': b'-- Up-to-date: /home/fcanof/vanttec_sdv/install/sdv_msgs/include/sdv_msgs/sdv_msgs/msg/detail/system_dynamics__type_support.h\n'}
[0.760668] (sdv_msgs) StdoutLine: {'line': b'-- Up-to-date: /home/fcanof/vanttec_sdv/install/sdv_msgs/include/sdv_msgs/sdv_msgs/msg/detail/vehicle_control__functions.c\n'}
[0.760760] (sdv_msgs) StdoutLine: {'line': b'-- Up-to-date: /home/fcanof/vanttec_sdv/install/sdv_msgs/include/sdv_msgs/sdv_msgs/msg/detail/throttle_msg__struct.h\n'}
[0.760852] (sdv_msgs) StdoutLine: {'line': b'-- Up-to-date: /home/fcanof/vanttec_sdv/install/sdv_msgs/include/sdv_msgs/sdv_msgs/msg/detail/throttle_msg__functions.c\n'}
[0.760944] (sdv_msgs) StdoutLine: {'line': b'-- Up-to-date: /home/fcanof/vanttec_sdv/install/sdv_msgs/include/sdv_msgs/sdv_msgs/msg/detail/vehicle_info_wheel__type_support.h\n'}
[0.761039] (sdv_msgs) StdoutLine: {'line': b'-- Up-to-date: /home/fcanof/vanttec_sdv/install/sdv_msgs/include/sdv_msgs/sdv_msgs/msg/detail/encoder__struct.h\n'}
[0.761131] (sdv_msgs) StdoutLine: {'line': b'-- Up-to-date: /home/fcanof/vanttec_sdv/install/sdv_msgs/include/sdv_msgs/sdv_msgs/msg/detail/vehicle_info__functions.h\n'}
[0.761224] (sdv_msgs) StdoutLine: {'line': b'-- Up-to-date: /home/fcanof/vanttec_sdv/install/sdv_msgs/include/sdv_msgs/sdv_msgs/msg/detail/thrust_control__type_support.h\n'}
[0.761321] (sdv_msgs) StdoutLine: {'line': b'-- Up-to-date: /home/fcanof/vanttec_sdv/install/sdv_msgs/include/sdv_msgs/sdv_msgs/msg/detail/system_dynamics__functions.h\n'}
[0.761422] (sdv_msgs) StdoutLine: {'line': b'-- Up-to-date: /home/fcanof/vanttec_sdv/install/sdv_msgs/include/sdv_msgs/sdv_msgs/msg/detail/panel_msg__type_support.h\n'}
[0.761514] (sdv_msgs) StdoutLine: {'line': b'-- Up-to-date: /home/fcanof/vanttec_sdv/install/sdv_msgs/include/sdv_msgs/sdv_msgs/msg/detail/vehicle_info__type_support.h\n'}
[0.761607] (sdv_msgs) StdoutLine: {'line': b'-- Up-to-date: /home/fcanof/vanttec_sdv/install/sdv_msgs/include/sdv_msgs/sdv_msgs/msg/detail/collision_event__functions.c\n'}
[0.761700] (sdv_msgs) StdoutLine: {'line': b'-- Up-to-date: /home/fcanof/vanttec_sdv/install/sdv_msgs/include/sdv_msgs/sdv_msgs/msg/detail/encoder__type_support.h\n'}
[0.761793] (sdv_msgs) StdoutLine: {'line': b'-- Up-to-date: /home/fcanof/vanttec_sdv/install/sdv_msgs/include/sdv_msgs/sdv_msgs/msg/detail/vehicle_status__functions.h\n'}
[0.761886] (sdv_msgs) StdoutLine: {'line': b'-- Up-to-date: /home/fcanof/vanttec_sdv/install/sdv_msgs/include/sdv_msgs/sdv_msgs/msg/detail/system_dynamics__functions.c\n'}
[0.761979] (sdv_msgs) StdoutLine: {'line': b'-- Up-to-date: /home/fcanof/vanttec_sdv/install/sdv_msgs/include/sdv_msgs/sdv_msgs/msg/detail/lane_invasion_event__struct.h\n'}
[0.762072] (sdv_msgs) StdoutLine: {'line': b'-- Up-to-date: /home/fcanof/vanttec_sdv/install/sdv_msgs/include/sdv_msgs/sdv_msgs/msg/detail/xbox_msg__functions.h\n'}
[0.762165] (sdv_msgs) StdoutLine: {'line': b'-- Up-to-date: /home/fcanof/vanttec_sdv/install/sdv_msgs/include/sdv_msgs/sdv_msgs/msg/detail/throttle_msg__type_support.h\n'}
[0.762258] (sdv_msgs) StdoutLine: {'line': b'-- Up-to-date: /home/fcanof/vanttec_sdv/install/sdv_msgs/include/sdv_msgs/sdv_msgs/msg/detail/xbox_msg__type_support.h\n'}
[0.762350] (sdv_msgs) StdoutLine: {'line': b'-- Up-to-date: /home/fcanof/vanttec_sdv/install/sdv_msgs/include/sdv_msgs/sdv_msgs/msg/detail/vehicle_info_wheel__functions.c\n'}
[0.762443] (sdv_msgs) StdoutLine: {'line': b'-- Up-to-date: /home/fcanof/vanttec_sdv/install/sdv_msgs/include/sdv_msgs/sdv_msgs/msg/detail/xbox_msg__functions.c\n'}
[0.762543] (sdv_msgs) StdoutLine: {'line': b'-- Up-to-date: /home/fcanof/vanttec_sdv/install/sdv_msgs/include/sdv_msgs/sdv_msgs/msg/detail/eta_pose__type_support.h\n'}
[0.762641] (sdv_msgs) StdoutLine: {'line': b'-- Up-to-date: /home/fcanof/vanttec_sdv/install/sdv_msgs/include/sdv_msgs/sdv_msgs/msg/detail/encoder__functions.c\n'}
[0.762733] (sdv_msgs) StdoutLine: {'line': b'-- Up-to-date: /home/fcanof/vanttec_sdv/install/sdv_msgs/include/sdv_msgs/sdv_msgs/msg/detail/lane_invasion_event__functions.h\n'}
[0.762828] (sdv_msgs) StdoutLine: {'line': b'-- Up-to-date: /home/fcanof/vanttec_sdv/install/sdv_msgs/include/sdv_msgs/sdv_msgs/msg/detail/panel_msg__functions.h\n'}
[0.762920] (sdv_msgs) StdoutLine: {'line': b'-- Up-to-date: /home/fcanof/vanttec_sdv/install/sdv_msgs/include/sdv_msgs/sdv_msgs/msg/detail/vehicle_info_wheel__struct.h\n'}
[0.763013] (sdv_msgs) StdoutLine: {'line': b'-- Up-to-date: /home/fcanof/vanttec_sdv/install/sdv_msgs/include/sdv_msgs/sdv_msgs/msg/detail/vehicle_status__type_support.h\n'}
[0.763105] (sdv_msgs) StdoutLine: {'line': b'-- Up-to-date: /home/fcanof/vanttec_sdv/install/sdv_msgs/include/sdv_msgs/sdv_msgs/msg/detail/thrust_control__struct.h\n'}
[0.763198] (sdv_msgs) StdoutLine: {'line': b'-- Up-to-date: /home/fcanof/vanttec_sdv/install/sdv_msgs/include/sdv_msgs/sdv_msgs/msg/detail/vehicle_info_wheel__functions.h\n'}
[0.763290] (sdv_msgs) StdoutLine: {'line': b'-- Up-to-date: /home/fcanof/vanttec_sdv/install/sdv_msgs/include/sdv_msgs/sdv_msgs/msg/detail/eta_pose__struct.h\n'}
[0.763384] (sdv_msgs) StdoutLine: {'line': b'-- Up-to-date: /home/fcanof/vanttec_sdv/install/sdv_msgs/include/sdv_msgs/sdv_msgs/msg/detail/throttle_msg__functions.h\n'}
[0.763486] (sdv_msgs) StdoutLine: {'line': b'-- Up-to-date: /home/fcanof/vanttec_sdv/install/sdv_msgs/include/sdv_msgs/sdv_msgs/msg/detail/vehicle_info__struct.h\n'}
[0.763580] (sdv_msgs) StdoutLine: {'line': b'-- Up-to-date: /home/fcanof/vanttec_sdv/install/sdv_msgs/include/sdv_msgs/sdv_msgs/msg/detail/lane_invasion_event__type_support.h\n'}
[0.763673] (sdv_msgs) StdoutLine: {'line': b'-- Up-to-date: /home/fcanof/vanttec_sdv/install/sdv_msgs/include/sdv_msgs/sdv_msgs/msg/detail/guidance_waypoints__struct.h\n'}
[0.763801] (sdv_msgs) StdoutLine: {'line': b'-- Up-to-date: /home/fcanof/vanttec_sdv/install/sdv_msgs/include/sdv_msgs/sdv_msgs/msg/detail/guidance_waypoints__type_support.h\n'}
[0.763898] (sdv_msgs) StdoutLine: {'line': b'-- Up-to-date: /home/fcanof/vanttec_sdv/install/sdv_msgs/include/sdv_msgs/sdv_msgs/msg/detail/status__functions.h\n'}
[0.763992] (sdv_msgs) StdoutLine: {'line': b'-- Up-to-date: /home/fcanof/vanttec_sdv/install/sdv_msgs/include/sdv_msgs/sdv_msgs/msg/detail/vehicle_control__type_support.h\n'}
[0.764087] (sdv_msgs) StdoutLine: {'line': b'-- Up-to-date: /home/fcanof/vanttec_sdv/install/sdv_msgs/include/sdv_msgs/sdv_msgs/msg/detail/guidance_waypoints__functions.c\n'}
[0.764179] (sdv_msgs) StdoutLine: {'line': b'-- Up-to-date: /home/fcanof/vanttec_sdv/install/sdv_msgs/include/sdv_msgs/sdv_msgs/msg/detail/lane_invasion_event__functions.c\n'}
[0.764271] (sdv_msgs) StdoutLine: {'line': b'-- Up-to-date: /home/fcanof/vanttec_sdv/install/sdv_msgs/include/sdv_msgs/sdv_msgs/msg/detail/vehicle_status__struct.h\n'}
[0.764363] (sdv_msgs) StdoutLine: {'line': b'-- Up-to-date: /home/fcanof/vanttec_sdv/install/sdv_msgs/include/sdv_msgs/sdv_msgs/msg/detail/eta_pose__functions.c\n'}
[0.764455] (sdv_msgs) StdoutLine: {'line': b'-- Up-to-date: /home/fcanof/vanttec_sdv/install/sdv_msgs/include/sdv_msgs/sdv_msgs/msg/detail/panel_msg__struct.h\n'}
[0.764548] (sdv_msgs) StdoutLine: {'line': b'-- Up-to-date: /home/fcanof/vanttec_sdv/install/sdv_msgs/include/sdv_msgs/sdv_msgs/msg/detail/thrust_control__functions.h\n'}
[0.764640] (sdv_msgs) StdoutLine: {'line': b'-- Up-to-date: /home/fcanof/vanttec_sdv/install/sdv_msgs/include/sdv_msgs/sdv_msgs/msg/detail/system_dynamics__struct.h\n'}
[0.764732] (sdv_msgs) StdoutLine: {'line': b'-- Up-to-date: /home/fcanof/vanttec_sdv/install/sdv_msgs/include/sdv_msgs/sdv_msgs/msg/detail/encoder__functions.h\n'}
[0.764825] (sdv_msgs) StdoutLine: {'line': b'-- Up-to-date: /home/fcanof/vanttec_sdv/install/sdv_msgs/include/sdv_msgs/sdv_msgs/msg/detail/collision_event__struct.h\n'}
[0.764924] (sdv_msgs) StdoutLine: {'line': b'-- Up-to-date: /home/fcanof/vanttec_sdv/install/sdv_msgs/include/sdv_msgs/sdv_msgs/msg/vehicle_info_wheel.h\n'}
[0.765018] (sdv_msgs) StdoutLine: {'line': b'-- Up-to-date: /home/fcanof/vanttec_sdv/install/sdv_msgs/include/sdv_msgs/sdv_msgs/msg/encoder.h\n'}
[0.765110] (sdv_msgs) StdoutLine: {'line': b'-- Up-to-date: /home/fcanof/vanttec_sdv/install/sdv_msgs/include/sdv_msgs/sdv_msgs/msg/vehicle_status.h\n'}
[0.765203] (sdv_msgs) StdoutLine: {'line': b'-- Up-to-date: /home/fcanof/vanttec_sdv/install/sdv_msgs/include/sdv_msgs/sdv_msgs/msg/xbox_msg.h\n'}
[0.765295] (sdv_msgs) StdoutLine: {'line': b'-- Up-to-date: /home/fcanof/vanttec_sdv/install/sdv_msgs/include/sdv_msgs/sdv_msgs/msg/panel_msg.h\n'}
[0.765435] (sdv_msgs) StdoutLine: {'line': b'-- Up-to-date: /home/fcanof/vanttec_sdv/install/sdv_msgs/include/sdv_msgs/sdv_msgs/msg/collision_event.h\n'}
[0.765512] (sdv_msgs) StdoutLine: {'line': b'-- Up-to-date: /home/fcanof/vanttec_sdv/install/sdv_msgs/include/sdv_msgs/sdv_msgs/msg/vehicle_control.h\n'}
[0.765577] (sdv_msgs) StdoutLine: {'line': b'-- Up-to-date: /home/fcanof/vanttec_sdv/install/sdv_msgs/include/sdv_msgs/sdv_msgs/msg/throttle_msg.h\n'}
[0.765644] (sdv_msgs) StdoutLine: {'line': b'-- Up-to-date: /home/fcanof/vanttec_sdv/install/sdv_msgs/include/sdv_msgs/sdv_msgs/msg/status.h\n'}
[0.765705] (sdv_msgs) StdoutLine: {'line': b'-- Up-to-date: /home/fcanof/vanttec_sdv/install/sdv_msgs/include/sdv_msgs/sdv_msgs/msg/eta_pose.h\n'}
[0.765763] (sdv_msgs) StdoutLine: {'line': b'-- Up-to-date: /home/fcanof/vanttec_sdv/install/sdv_msgs/include/sdv_msgs/sdv_msgs/msg/guidance_waypoints.h\n'}
[0.765821] (sdv_msgs) StdoutLine: {'line': b'-- Up-to-date: /home/fcanof/vanttec_sdv/install/sdv_msgs/include/sdv_msgs/sdv_msgs/msg/thrust_control.h\n'}
[0.765879] (sdv_msgs) StdoutLine: {'line': b'-- Up-to-date: /home/fcanof/vanttec_sdv/install/sdv_msgs/include/sdv_msgs/sdv_msgs/msg/lane_invasion_event.h\n'}
[0.765937] (sdv_msgs) StdoutLine: {'line': b'-- Up-to-date: /home/fcanof/vanttec_sdv/install/sdv_msgs/include/sdv_msgs/sdv_msgs/msg/rosidl_generator_c__visibility_control.h\n'}
[0.765994] (sdv_msgs) StdoutLine: {'line': b'-- Up-to-date: /home/fcanof/vanttec_sdv/install/sdv_msgs/include/sdv_msgs/sdv_msgs/msg/system_dynamics.h\n'}
[0.766051] (sdv_msgs) StdoutLine: {'line': b'-- Up-to-date: /home/fcanof/vanttec_sdv/install/sdv_msgs/share/sdv_msgs/environment/library_path.sh\n'}
[0.766109] (sdv_msgs) StdoutLine: {'line': b'-- Up-to-date: /home/fcanof/vanttec_sdv/install/sdv_msgs/share/sdv_msgs/environment/library_path.dsv\n'}
[0.766168] (sdv_msgs) StdoutLine: {'line': b'-- Up-to-date: /home/fcanof/vanttec_sdv/install/sdv_msgs/lib/libsdv_msgs__rosidl_generator_c.so\n'}
[0.766225] (sdv_msgs) StdoutLine: {'line': b'-- Up-to-date: /home/fcanof/vanttec_sdv/install/sdv_msgs/include/sdv_msgs/sdv_msgs\n'}
[0.766281] (sdv_msgs) StdoutLine: {'line': b'-- Up-to-date: /home/fcanof/vanttec_sdv/install/sdv_msgs/include/sdv_msgs/sdv_msgs/msg\n'}
[0.766338] (sdv_msgs) StdoutLine: {'line': b'-- Up-to-date: /home/fcanof/vanttec_sdv/install/sdv_msgs/include/sdv_msgs/sdv_msgs/msg/rosidl_typesupport_fastrtps_c__visibility_control.h\n'}
[0.766394] (sdv_msgs) StdoutLine: {'line': b'-- Up-to-date: /home/fcanof/vanttec_sdv/install/sdv_msgs/include/sdv_msgs/sdv_msgs/msg/detail\n'}
[0.766459] (sdv_msgs) StdoutLine: {'line': b'-- Up-to-date: /home/fcanof/vanttec_sdv/install/sdv_msgs/include/sdv_msgs/sdv_msgs/msg/detail/status__rosidl_typesupport_fastrtps_c.h\n'}
[0.766516] (sdv_msgs) StdoutLine: {'line': b'-- Up-to-date: /home/fcanof/vanttec_sdv/install/sdv_msgs/include/sdv_msgs/sdv_msgs/msg/detail/collision_event__rosidl_typesupport_fastrtps_c.h\n'}
[0.766573] (sdv_msgs) StdoutLine: {'line': b'-- Up-to-date: /home/fcanof/vanttec_sdv/install/sdv_msgs/include/sdv_msgs/sdv_msgs/msg/detail/throttle_msg__rosidl_typesupport_fastrtps_c.h\n'}
[0.766630] (sdv_msgs) StdoutLine: {'line': b'-- Up-to-date: /home/fcanof/vanttec_sdv/install/sdv_msgs/include/sdv_msgs/sdv_msgs/msg/detail/panel_msg__rosidl_typesupport_fastrtps_c.h\n'}
[0.766690] (sdv_msgs) StdoutLine: {'line': b'-- Up-to-date: /home/fcanof/vanttec_sdv/install/sdv_msgs/include/sdv_msgs/sdv_msgs/msg/detail/encoder__rosidl_typesupport_fastrtps_c.h\n'}
[0.766747] (sdv_msgs) StdoutLine: {'line': b'-- Up-to-date: /home/fcanof/vanttec_sdv/install/sdv_msgs/include/sdv_msgs/sdv_msgs/msg/detail/lane_invasion_event__rosidl_typesupport_fastrtps_c.h\n'}
[0.766804] (sdv_msgs) StdoutLine: {'line': b'-- Up-to-date: /home/fcanof/vanttec_sdv/install/sdv_msgs/include/sdv_msgs/sdv_msgs/msg/detail/vehicle_info_wheel__rosidl_typesupport_fastrtps_c.h\n'}
[0.766861] (sdv_msgs) StdoutLine: {'line': b'-- Up-to-date: /home/fcanof/vanttec_sdv/install/sdv_msgs/include/sdv_msgs/sdv_msgs/msg/detail/vehicle_status__rosidl_typesupport_fastrtps_c.h\n'}
[0.766918] (sdv_msgs) StdoutLine: {'line': b'-- Up-to-date: /home/fcanof/vanttec_sdv/install/sdv_msgs/include/sdv_msgs/sdv_msgs/msg/detail/vehicle_info__rosidl_typesupport_fastrtps_c.h\n'}
[0.766975] (sdv_msgs) StdoutLine: {'line': b'-- Up-to-date: /home/fcanof/vanttec_sdv/install/sdv_msgs/include/sdv_msgs/sdv_msgs/msg/detail/thrust_control__rosidl_typesupport_fastrtps_c.h\n'}
[0.767032] (sdv_msgs) StdoutLine: {'line': b'-- Up-to-date: /home/fcanof/vanttec_sdv/install/sdv_msgs/include/sdv_msgs/sdv_msgs/msg/detail/eta_pose__rosidl_typesupport_fastrtps_c.h\n'}
[0.767091] (sdv_msgs) StdoutLine: {'line': b'-- Up-to-date: /home/fcanof/vanttec_sdv/install/sdv_msgs/include/sdv_msgs/sdv_msgs/msg/detail/guidance_waypoints__rosidl_typesupport_fastrtps_c.h\n'}
[0.767148] (sdv_msgs) StdoutLine: {'line': b'-- Up-to-date: /home/fcanof/vanttec_sdv/install/sdv_msgs/include/sdv_msgs/sdv_msgs/msg/detail/system_dynamics__rosidl_typesupport_fastrtps_c.h\n'}
[0.767206] (sdv_msgs) StdoutLine: {'line': b'-- Up-to-date: /home/fcanof/vanttec_sdv/install/sdv_msgs/include/sdv_msgs/sdv_msgs/msg/detail/xbox_msg__rosidl_typesupport_fastrtps_c.h\n'}
[0.767263] (sdv_msgs) StdoutLine: {'line': b'-- Up-to-date: /home/fcanof/vanttec_sdv/install/sdv_msgs/include/sdv_msgs/sdv_msgs/msg/detail/vehicle_control__rosidl_typesupport_fastrtps_c.h\n'}
[0.767320] (sdv_msgs) StdoutLine: {'line': b'-- Up-to-date: /home/fcanof/vanttec_sdv/install/sdv_msgs/lib/libsdv_msgs__rosidl_typesupport_fastrtps_c.so\n'}
[0.767376] (sdv_msgs) StdoutLine: {'line': b'-- Up-to-date: /home/fcanof/vanttec_sdv/install/sdv_msgs/include/sdv_msgs/sdv_msgs\n'}
[0.767436] (sdv_msgs) StdoutLine: {'line': b'-- Up-to-date: /home/fcanof/vanttec_sdv/install/sdv_msgs/include/sdv_msgs/sdv_msgs/msg\n'}
[0.767494] (sdv_msgs) StdoutLine: {'line': b'-- Up-to-date: /home/fcanof/vanttec_sdv/install/sdv_msgs/include/sdv_msgs/sdv_msgs/msg/vehicle_info_wheel.hpp\n'}
[0.767565] (sdv_msgs) StdoutLine: {'line': b'-- Up-to-date: /home/fcanof/vanttec_sdv/install/sdv_msgs/include/sdv_msgs/sdv_msgs/msg/vehicle_info.hpp\n'}
[0.767676] (sdv_msgs) StdoutLine: {'line': b'-- Up-to-date: /home/fcanof/vanttec_sdv/install/sdv_msgs/include/sdv_msgs/sdv_msgs/msg/guidance_waypoints.hpp\n'}
[0.767742] (sdv_msgs) StdoutLine: {'line': b'-- Up-to-date: /home/fcanof/vanttec_sdv/install/sdv_msgs/include/sdv_msgs/sdv_msgs/msg/system_dynamics.hpp\n'}
[0.767805] (sdv_msgs) StdoutLine: {'line': b'-- Up-to-date: /home/fcanof/vanttec_sdv/install/sdv_msgs/include/sdv_msgs/sdv_msgs/msg/detail\n'}
[0.767898] (sdv_msgs) StdoutLine: {'line': b'-- Up-to-date: /home/fcanof/vanttec_sdv/install/sdv_msgs/include/sdv_msgs/sdv_msgs/msg/detail/vehicle_info__builder.hpp\n'}
[0.767958] (sdv_msgs) StdoutLine: {'line': b'-- Up-to-date: /home/fcanof/vanttec_sdv/install/sdv_msgs/include/sdv_msgs/sdv_msgs/msg/detail/xbox_msg__struct.hpp\n'}
[0.768017] (sdv_msgs) StdoutLine: {'line': b'-- Up-to-date: /home/fcanof/vanttec_sdv/install/sdv_msgs/include/sdv_msgs/sdv_msgs/msg/detail/collision_event__traits.hpp\n'}
[0.768104] (sdv_msgs) StdoutLine: {'line': b'-- Up-to-date: /home/fcanof/vanttec_sdv/install/sdv_msgs/include/sdv_msgs/sdv_msgs/msg/detail/encoder__traits.hpp\n'}
[0.768164] (sdv_msgs) StdoutLine: {'line': b'-- Up-to-date: /home/fcanof/vanttec_sdv/install/sdv_msgs/include/sdv_msgs/sdv_msgs/msg/detail/collision_event__struct.hpp\n'}
[0.768226] (sdv_msgs) StdoutLine: {'line': b'-- Up-to-date: /home/fcanof/vanttec_sdv/install/sdv_msgs/include/sdv_msgs/sdv_msgs/msg/detail/guidance_waypoints__traits.hpp\n'}
[0.768316] (sdv_msgs) StdoutLine: {'line': b'-- Up-to-date: /home/fcanof/vanttec_sdv/install/sdv_msgs/include/sdv_msgs/sdv_msgs/msg/detail/vehicle_control__struct.hpp\n'}
[0.768376] (sdv_msgs) StdoutLine: {'line': b'-- Up-to-date: /home/fcanof/vanttec_sdv/install/sdv_msgs/include/sdv_msgs/sdv_msgs/msg/detail/panel_msg__struct.hpp\n'}
[0.768483] (sdv_msgs) StdoutLine: {'line': b'-- Up-to-date: /home/fcanof/vanttec_sdv/install/sdv_msgs/include/sdv_msgs/sdv_msgs/msg/detail/status__builder.hpp\n'}
[0.768600] (sdv_msgs) StdoutLine: {'line': b'-- Up-to-date: /home/fcanof/vanttec_sdv/install/sdv_msgs/include/sdv_msgs/sdv_msgs/msg/detail/thrust_control__struct.hpp\n'}
[0.768734] (sdv_msgs) StdoutLine: {'line': b'-- Up-to-date: /home/fcanof/vanttec_sdv/install/sdv_msgs/include/sdv_msgs/sdv_msgs/msg/detail/vehicle_info__struct.hpp\n'}
[0.768843] (sdv_msgs) StdoutLine: {'line': b'-- Up-to-date: /home/fcanof/vanttec_sdv/install/sdv_msgs/include/sdv_msgs/sdv_msgs/msg/detail/vehicle_control__traits.hpp\n'}
[0.768969] (sdv_msgs) StdoutLine: {'line': b'-- Up-to-date: /home/fcanof/vanttec_sdv/install/sdv_msgs/include/sdv_msgs/sdv_msgs/msg/detail/system_dynamics__traits.hpp\n'}
[0.769083] (sdv_msgs) StdoutLine: {'line': b'-- Up-to-date: /home/fcanof/vanttec_sdv/install/sdv_msgs/include/sdv_msgs/sdv_msgs/msg/detail/panel_msg__builder.hpp\n'}
[0.769198] (sdv_msgs) StdoutLine: {'line': b'-- Up-to-date: /home/fcanof/vanttec_sdv/install/sdv_msgs/include/sdv_msgs/sdv_msgs/msg/detail/lane_invasion_event__builder.hpp\n'}
[0.769337] (sdv_msgs) StdoutLine: {'line': b'-- Up-to-date: /home/fcanof/vanttec_sdv/install/sdv_msgs/include/sdv_msgs/sdv_msgs/msg/detail/encoder__builder.hpp\n'}
[0.769401] (sdv_msgs) StdoutLine: {'line': b'-- Up-to-date: /home/fcanof/vanttec_sdv/install/sdv_msgs/include/sdv_msgs/sdv_msgs/msg/detail/encoder__struct.hpp\n'}
[0.769460] (sdv_msgs) StdoutLine: {'line': b'-- Up-to-date: /home/fcanof/vanttec_sdv/install/sdv_msgs/include/sdv_msgs/sdv_msgs/msg/detail/vehicle_status__traits.hpp\n'}
[0.769552] (sdv_msgs) StdoutLine: {'line': b'-- Up-to-date: /home/fcanof/vanttec_sdv/install/sdv_msgs/include/sdv_msgs/sdv_msgs/msg/detail/vehicle_status__struct.hpp\n'}
[0.769679] (sdv_msgs) StdoutLine: {'line': b'-- Up-to-date: /home/fcanof/vanttec_sdv/install/sdv_msgs/include/sdv_msgs/sdv_msgs/msg/detail/vehicle_info_wheel__traits.hpp\n'}
[0.769788] (sdv_msgs) StdoutLine: {'line': b'-- Up-to-date: /home/fcanof/vanttec_sdv/install/sdv_msgs/include/sdv_msgs/sdv_msgs/msg/detail/thrust_control__traits.hpp\n'}
[0.769902] (sdv_msgs) StdoutLine: {'line': b'-- Up-to-date: /home/fcanof/vanttec_sdv/install/sdv_msgs/include/sdv_msgs/sdv_msgs/msg/detail/lane_invasion_event__traits.hpp\n'}
[0.770016] (sdv_msgs) StdoutLine: {'line': b'-- Up-to-date: /home/fcanof/vanttec_sdv/install/sdv_msgs/include/sdv_msgs/sdv_msgs/msg/detail/vehicle_info_wheel__struct.hpp\n'}
[0.770115] (sdv_msgs) StdoutLine: {'line': b'-- Up-to-date: /home/fcanof/vanttec_sdv/install/sdv_msgs/include/sdv_msgs/sdv_msgs/msg/detail/guidance_waypoints__builder.hpp\n'}
[0.770247] (sdv_msgs) StdoutLine: {'line': b'-- Up-to-date: /home/fcanof/vanttec_sdv/install/sdv_msgs/include/sdv_msgs/sdv_msgs/msg/detail/vehicle_info__traits.hpp\n'}
[0.770333] (sdv_msgs) StdoutLine: {'line': b'-- Up-to-date: /home/fcanof/vanttec_sdv/install/sdv_msgs/include/sdv_msgs/sdv_msgs/msg/detail/status__struct.hpp\n'}
[0.770393] (sdv_msgs) StdoutLine: {'line': b'-- Up-to-date: /home/fcanof/vanttec_sdv/install/sdv_msgs/include/sdv_msgs/sdv_msgs/msg/detail/throttle_msg__traits.hpp\n'}
[0.770485] (sdv_msgs) StdoutLine: {'line': b'-- Up-to-date: /home/fcanof/vanttec_sdv/install/sdv_msgs/include/sdv_msgs/sdv_msgs/msg/detail/xbox_msg__traits.hpp\n'}
[0.770577] (sdv_msgs) StdoutLine: {'line': b'-- Up-to-date: /home/fcanof/vanttec_sdv/install/sdv_msgs/include/sdv_msgs/sdv_msgs/msg/detail/vehicle_control__builder.hpp\n'}
[0.770666] (sdv_msgs) StdoutLine: {'line': b'-- Up-to-date: /home/fcanof/vanttec_sdv/install/sdv_msgs/include/sdv_msgs/sdv_msgs/msg/detail/eta_pose__traits.hpp\n'}
[0.770775] (sdv_msgs) StdoutLine: {'line': b'-- Up-to-date: /home/fcanof/vanttec_sdv/install/sdv_msgs/include/sdv_msgs/sdv_msgs/msg/detail/eta_pose__builder.hpp\n'}
[0.770858] (sdv_msgs) StdoutLine: {'line': b'-- Up-to-date: /home/fcanof/vanttec_sdv/install/sdv_msgs/include/sdv_msgs/sdv_msgs/msg/detail/throttle_msg__struct.hpp\n'}
[0.770926] (sdv_msgs) StdoutLine: {'line': b'-- Up-to-date: /home/fcanof/vanttec_sdv/install/sdv_msgs/include/sdv_msgs/sdv_msgs/msg/detail/throttle_msg__builder.hpp\n'}
[0.771036] (sdv_msgs) StdoutLine: {'line': b'-- Up-to-date: /home/fcanof/vanttec_sdv/install/sdv_msgs/include/sdv_msgs/sdv_msgs/msg/detail/vehicle_info_wheel__builder.hpp\n'}
[0.771124] (sdv_msgs) StdoutLine: {'line': b'-- Up-to-date: /home/fcanof/vanttec_sdv/install/sdv_msgs/include/sdv_msgs/sdv_msgs/msg/detail/panel_msg__traits.hpp\n'}
[0.771209] (sdv_msgs) StdoutLine: {'line': b'-- Up-to-date: /home/fcanof/vanttec_sdv/install/sdv_msgs/include/sdv_msgs/sdv_msgs/msg/detail/thrust_control__builder.hpp\n'}
[0.771321] (sdv_msgs) StdoutLine: {'line': b'-- Up-to-date: /home/fcanof/vanttec_sdv/install/sdv_msgs/include/sdv_msgs/sdv_msgs/msg/detail/xbox_msg__builder.hpp\n'}
[0.771407] (sdv_msgs) StdoutLine: {'line': b'-- Up-to-date: /home/fcanof/vanttec_sdv/install/sdv_msgs/include/sdv_msgs/sdv_msgs/msg/detail/status__traits.hpp\n'}
[0.771489] (sdv_msgs) StdoutLine: {'line': b'-- Up-to-date: /home/fcanof/vanttec_sdv/install/sdv_msgs/include/sdv_msgs/sdv_msgs/msg/detail/system_dynamics__builder.hpp\n'}
[0.771599] (sdv_msgs) StdoutLine: {'line': b'-- Up-to-date: /home/fcanof/vanttec_sdv/install/sdv_msgs/include/sdv_msgs/sdv_msgs/msg/detail/collision_event__builder.hpp\n'}
[0.771668] (sdv_msgs) StdoutLine: {'line': b'-- Up-to-date: /home/fcanof/vanttec_sdv/install/sdv_msgs/include/sdv_msgs/sdv_msgs/msg/detail/guidance_waypoints__struct.hpp\n'}
[0.771796] (sdv_msgs) StdoutLine: {'line': b'-- Up-to-date: /home/fcanof/vanttec_sdv/install/sdv_msgs/include/sdv_msgs/sdv_msgs/msg/detail/system_dynamics__struct.hpp\n'}
[0.771910] (sdv_msgs) StdoutLine: {'line': b'-- Up-to-date: /home/fcanof/vanttec_sdv/install/sdv_msgs/include/sdv_msgs/sdv_msgs/msg/detail/vehicle_status__builder.hpp\n'}
[0.772016] (sdv_msgs) StdoutLine: {'line': b'-- Up-to-date: /home/fcanof/vanttec_sdv/install/sdv_msgs/include/sdv_msgs/sdv_msgs/msg/detail/lane_invasion_event__struct.hpp\n'}
[0.772132] (sdv_msgs) StdoutLine: {'line': b'-- Up-to-date: /home/fcanof/vanttec_sdv/install/sdv_msgs/include/sdv_msgs/sdv_msgs/msg/detail/eta_pose__struct.hpp\n'}
[0.772248] (sdv_msgs) StdoutLine: {'line': b'-- Up-to-date: /home/fcanof/vanttec_sdv/install/sdv_msgs/include/sdv_msgs/sdv_msgs/msg/throttle_msg.hpp\n'}
[0.772313] (sdv_msgs) StdoutLine: {'line': b'-- Up-to-date: /home/fcanof/vanttec_sdv/install/sdv_msgs/include/sdv_msgs/sdv_msgs/msg/vehicle_control.hpp\n'}
[0.772372] (sdv_msgs) StdoutLine: {'line': b'-- Up-to-date: /home/fcanof/vanttec_sdv/install/sdv_msgs/include/sdv_msgs/sdv_msgs/msg/lane_invasion_event.hpp\n'}
[0.772430] (sdv_msgs) StdoutLine: {'line': b'-- Up-to-date: /home/fcanof/vanttec_sdv/install/sdv_msgs/include/sdv_msgs/sdv_msgs/msg/collision_event.hpp\n'}
[0.772488] (sdv_msgs) StdoutLine: {'line': b'-- Up-to-date: /home/fcanof/vanttec_sdv/install/sdv_msgs/include/sdv_msgs/sdv_msgs/msg/vehicle_status.hpp\n'}
[0.772545] (sdv_msgs) StdoutLine: {'line': b'-- Up-to-date: /home/fcanof/vanttec_sdv/install/sdv_msgs/include/sdv_msgs/sdv_msgs/msg/status.hpp\n'}
[0.772603] (sdv_msgs) StdoutLine: {'line': b'-- Up-to-date: /home/fcanof/vanttec_sdv/install/sdv_msgs/include/sdv_msgs/sdv_msgs/msg/xbox_msg.hpp\n'}
[0.772663] (sdv_msgs) StdoutLine: {'line': b'-- Up-to-date: /home/fcanof/vanttec_sdv/install/sdv_msgs/include/sdv_msgs/sdv_msgs/msg/panel_msg.hpp\n'}
[0.772719] (sdv_msgs) StdoutLine: {'line': b'-- Up-to-date: /home/fcanof/vanttec_sdv/install/sdv_msgs/include/sdv_msgs/sdv_msgs/msg/encoder.hpp\n'}
[0.772781] (sdv_msgs) StdoutLine: {'line': b'-- Up-to-date: /home/fcanof/vanttec_sdv/install/sdv_msgs/include/sdv_msgs/sdv_msgs/msg/eta_pose.hpp\n'}
[0.772838] (sdv_msgs) StdoutLine: {'line': b'-- Up-to-date: /home/fcanof/vanttec_sdv/install/sdv_msgs/include/sdv_msgs/sdv_msgs/msg/thrust_control.hpp\n'}
[0.772895] (sdv_msgs) StdoutLine: {'line': b'-- Up-to-date: /home/fcanof/vanttec_sdv/install/sdv_msgs/include/sdv_msgs/sdv_msgs\n'}
[0.772952] (sdv_msgs) StdoutLine: {'line': b'-- Up-to-date: /home/fcanof/vanttec_sdv/install/sdv_msgs/include/sdv_msgs/sdv_msgs/msg\n'}
[0.773008] (sdv_msgs) StdoutLine: {'line': b'-- Up-to-date: /home/fcanof/vanttec_sdv/install/sdv_msgs/include/sdv_msgs/sdv_msgs/msg/rosidl_typesupport_fastrtps_cpp__visibility_control.h\n'}
[0.773066] (sdv_msgs) StdoutLine: {'line': b'-- Up-to-date: /home/fcanof/vanttec_sdv/install/sdv_msgs/include/sdv_msgs/sdv_msgs/msg/detail\n'}
[0.773122] (sdv_msgs) StdoutLine: {'line': b'-- Up-to-date: /home/fcanof/vanttec_sdv/install/sdv_msgs/include/sdv_msgs/sdv_msgs/msg/detail/system_dynamics__rosidl_typesupport_fastrtps_cpp.hpp\n'}
[0.773183] (sdv_msgs) StdoutLine: {'line': b'-- Up-to-date: /home/fcanof/vanttec_sdv/install/sdv_msgs/include/sdv_msgs/sdv_msgs/msg/detail/dds_fastrtps\n'}
[0.773240] (sdv_msgs) StdoutLine: {'line': b'-- Up-to-date: /home/fcanof/vanttec_sdv/install/sdv_msgs/include/sdv_msgs/sdv_msgs/msg/detail/vehicle_info__rosidl_typesupport_fastrtps_cpp.hpp\n'}
[0.773297] (sdv_msgs) StdoutLine: {'line': b'-- Up-to-date: /home/fcanof/vanttec_sdv/install/sdv_msgs/include/sdv_msgs/sdv_msgs/msg/detail/vehicle_status__rosidl_typesupport_fastrtps_cpp.hpp\n'}
[0.773370] (sdv_msgs) StdoutLine: {'line': b'-- Up-to-date: /home/fcanof/vanttec_sdv/install/sdv_msgs/include/sdv_msgs/sdv_msgs/msg/detail/vehicle_info_wheel__rosidl_typesupport_fastrtps_cpp.hpp\n'}
[0.773428] (sdv_msgs) StdoutLine: {'line': b'-- Up-to-date: /home/fcanof/vanttec_sdv/install/sdv_msgs/include/sdv_msgs/sdv_msgs/msg/detail/guidance_waypoints__rosidl_typesupport_fastrtps_cpp.hpp\n'}
[0.773485] (sdv_msgs) StdoutLine: {'line': b'-- Up-to-date: /home/fcanof/vanttec_sdv/install/sdv_msgs/include/sdv_msgs/sdv_msgs/msg/detail/status__rosidl_typesupport_fastrtps_cpp.hpp\n'}
[0.773544] (sdv_msgs) StdoutLine: {'line': b'-- Up-to-date: /home/fcanof/vanttec_sdv/install/sdv_msgs/include/sdv_msgs/sdv_msgs/msg/detail/encoder__rosidl_typesupport_fastrtps_cpp.hpp\n'}
[0.773602] (sdv_msgs) StdoutLine: {'line': b'-- Up-to-date: /home/fcanof/vanttec_sdv/install/sdv_msgs/include/sdv_msgs/sdv_msgs/msg/detail/thrust_control__rosidl_typesupport_fastrtps_cpp.hpp\n'}
[0.773659] (sdv_msgs) StdoutLine: {'line': b'-- Up-to-date: /home/fcanof/vanttec_sdv/install/sdv_msgs/include/sdv_msgs/sdv_msgs/msg/detail/panel_msg__rosidl_typesupport_fastrtps_cpp.hpp\n'}
[0.773719] (sdv_msgs) StdoutLine: {'line': b'-- Up-to-date: /home/fcanof/vanttec_sdv/install/sdv_msgs/include/sdv_msgs/sdv_msgs/msg/detail/xbox_msg__rosidl_typesupport_fastrtps_cpp.hpp\n'}
[0.773777] (sdv_msgs) StdoutLine: {'line': b'-- Up-to-date: /home/fcanof/vanttec_sdv/install/sdv_msgs/include/sdv_msgs/sdv_msgs/msg/detail/collision_event__rosidl_typesupport_fastrtps_cpp.hpp\n'}
[0.773835] (sdv_msgs) StdoutLine: {'line': b'-- Up-to-date: /home/fcanof/vanttec_sdv/install/sdv_msgs/include/sdv_msgs/sdv_msgs/msg/detail/vehicle_control__rosidl_typesupport_fastrtps_cpp.hpp\n'}
[0.773920] (sdv_msgs) StdoutLine: {'line': b'-- Up-to-date: /home/fcanof/vanttec_sdv/install/sdv_msgs/include/sdv_msgs/sdv_msgs/msg/detail/eta_pose__rosidl_typesupport_fastrtps_cpp.hpp\n'}
[0.774019] (sdv_msgs) StdoutLine: {'line': b'-- Up-to-date: /home/fcanof/vanttec_sdv/install/sdv_msgs/include/sdv_msgs/sdv_msgs/msg/detail/lane_invasion_event__rosidl_typesupport_fastrtps_cpp.hpp\n'}
[0.774081] (sdv_msgs) StdoutLine: {'line': b'-- Up-to-date: /home/fcanof/vanttec_sdv/install/sdv_msgs/include/sdv_msgs/sdv_msgs/msg/detail/throttle_msg__rosidl_typesupport_fastrtps_cpp.hpp\n'}
[0.774141] (sdv_msgs) StdoutLine: {'line': b'-- Up-to-date: /home/fcanof/vanttec_sdv/install/sdv_msgs/lib/libsdv_msgs__rosidl_typesupport_fastrtps_cpp.so\n'}
[0.774365] (sdv_msgs) StdoutLine: {'line': b'-- Up-to-date: /home/fcanof/vanttec_sdv/install/sdv_msgs/include/sdv_msgs/sdv_msgs\n'}
[0.774436] (sdv_msgs) StdoutLine: {'line': b'-- Up-to-date: /home/fcanof/vanttec_sdv/install/sdv_msgs/include/sdv_msgs/sdv_msgs/msg\n'}
[0.774507] (sdv_msgs) StdoutLine: {'line': b'-- Up-to-date: /home/fcanof/vanttec_sdv/install/sdv_msgs/include/sdv_msgs/sdv_msgs/msg/detail\n'}
[0.774668] (sdv_msgs) StdoutLine: {'line': b'-- Up-to-date: /home/fcanof/vanttec_sdv/install/sdv_msgs/include/sdv_msgs/sdv_msgs/msg/detail/vehicle_status__type_support.c\n'}
[0.774878] (sdv_msgs) StdoutLine: {'line': b'-- Up-to-date: /home/fcanof/vanttec_sdv/install/sdv_msgs/include/sdv_msgs/sdv_msgs/msg/detail/throttle_msg__type_support.c\n'}
[0.775052] (sdv_msgs) StdoutLine: {'line': b'-- Up-to-date: /home/fcanof/vanttec_sdv/install/sdv_msgs/include/sdv_msgs/sdv_msgs/msg/detail/vehicle_status__rosidl_typesupport_introspection_c.h\n'}
[0.775169] (sdv_msgs) StdoutLine: {'line': b'-- Up-to-date: /home/fcanof/vanttec_sdv/install/sdv_msgs/include/sdv_msgs/sdv_msgs/msg/detail/guidance_waypoints__rosidl_typesupport_introspection_c.h\n'}
[0.775450] (sdv_msgs) StdoutLine: {'line': b'-- Up-to-date: /home/fcanof/vanttec_sdv/install/sdv_msgs/include/sdv_msgs/sdv_msgs/msg/detail/guidance_waypoints__type_support.c\n'}
[0.775513] (sdv_msgs) StdoutLine: {'line': b'-- Up-to-date: /home/fcanof/vanttec_sdv/install/sdv_msgs/include/sdv_msgs/sdv_msgs/msg/detail/panel_msg__type_support.c\n'}
[0.775574] (sdv_msgs) StdoutLine: {'line': b'-- Up-to-date: /home/fcanof/vanttec_sdv/install/sdv_msgs/include/sdv_msgs/sdv_msgs/msg/detail/encoder__rosidl_typesupport_introspection_c.h\n'}
[0.775642] (sdv_msgs) StdoutLine: {'line': b'-- Up-to-date: /home/fcanof/vanttec_sdv/install/sdv_msgs/include/sdv_msgs/sdv_msgs/msg/detail/vehicle_info__type_support.c\n'}
[0.775807] (sdv_msgs) StdoutLine: {'line': b'-- Up-to-date: /home/fcanof/vanttec_sdv/install/sdv_msgs/include/sdv_msgs/sdv_msgs/msg/detail/vehicle_info_wheel__rosidl_typesupport_introspection_c.h\n'}
[0.775897] (sdv_msgs) StdoutLine: {'line': b'-- Up-to-date: /home/fcanof/vanttec_sdv/install/sdv_msgs/include/sdv_msgs/sdv_msgs/msg/detail/panel_msg__rosidl_typesupport_introspection_c.h\n'}
[0.775959] (sdv_msgs) StdoutLine: {'line': b'-- Up-to-date: /home/fcanof/vanttec_sdv/install/sdv_msgs/include/sdv_msgs/sdv_msgs/msg/detail/vehicle_info_wheel__type_support.c\n'}
[0.776020] (sdv_msgs) StdoutLine: {'line': b'-- Up-to-date: /home/fcanof/vanttec_sdv/install/sdv_msgs/include/sdv_msgs/sdv_msgs/msg/detail/collision_event__type_support.c\n'}
[0.776080] (sdv_msgs) StdoutLine: {'line': b'-- Up-to-date: /home/fcanof/vanttec_sdv/install/sdv_msgs/include/sdv_msgs/sdv_msgs/msg/detail/collision_event__rosidl_typesupport_introspection_c.h\n'}
[0.776140] (sdv_msgs) StdoutLine: {'line': b'-- Up-to-date: /home/fcanof/vanttec_sdv/install/sdv_msgs/include/sdv_msgs/sdv_msgs/msg/detail/eta_pose__rosidl_typesupport_introspection_c.h\n'}
[0.776200] (sdv_msgs) StdoutLine: {'line': b'-- Up-to-date: /home/fcanof/vanttec_sdv/install/sdv_msgs/include/sdv_msgs/sdv_msgs/msg/detail/xbox_msg__rosidl_typesupport_introspection_c.h\n'}
[0.776260] (sdv_msgs) StdoutLine: {'line': b'-- Up-to-date: /home/fcanof/vanttec_sdv/install/sdv_msgs/include/sdv_msgs/sdv_msgs/msg/detail/xbox_msg__type_support.c\n'}
[0.776320] (sdv_msgs) StdoutLine: {'line': b'-- Up-to-date: /home/fcanof/vanttec_sdv/install/sdv_msgs/include/sdv_msgs/sdv_msgs/msg/detail/thrust_control__rosidl_typesupport_introspection_c.h\n'}
[0.776381] (sdv_msgs) StdoutLine: {'line': b'-- Up-to-date: /home/fcanof/vanttec_sdv/install/sdv_msgs/include/sdv_msgs/sdv_msgs/msg/detail/throttle_msg__rosidl_typesupport_introspection_c.h\n'}
[0.776440] (sdv_msgs) StdoutLine: {'line': b'-- Up-to-date: /home/fcanof/vanttec_sdv/install/sdv_msgs/include/sdv_msgs/sdv_msgs/msg/detail/vehicle_control__type_support.c\n'}
[0.776500] (sdv_msgs) StdoutLine: {'line': b'-- Up-to-date: /home/fcanof/vanttec_sdv/install/sdv_msgs/include/sdv_msgs/sdv_msgs/msg/detail/lane_invasion_event__rosidl_typesupport_introspection_c.h\n'}
[0.776655] (sdv_msgs) StdoutLine: {'line': b'-- Up-to-date: /home/fcanof/vanttec_sdv/install/sdv_msgs/include/sdv_msgs/sdv_msgs/msg/detail/system_dynamics__type_support.c\n'}
[0.776716] (sdv_msgs) StdoutLine: {'line': b'-- Up-to-date: /home/fcanof/vanttec_sdv/install/sdv_msgs/include/sdv_msgs/sdv_msgs/msg/detail/vehicle_control__rosidl_typesupport_introspection_c.h\n'}
[0.776776] (sdv_msgs) StdoutLine: {'line': b'-- Up-to-date: /home/fcanof/vanttec_sdv/install/sdv_msgs/include/sdv_msgs/sdv_msgs/msg/detail/encoder__type_support.c\n'}
[0.776837] (sdv_msgs) StdoutLine: {'line': b'-- Up-to-date: /home/fcanof/vanttec_sdv/install/sdv_msgs/include/sdv_msgs/sdv_msgs/msg/detail/thrust_control__type_support.c\n'}
[0.776896] (sdv_msgs) StdoutLine: {'line': b'-- Up-to-date: /home/fcanof/vanttec_sdv/install/sdv_msgs/include/sdv_msgs/sdv_msgs/msg/detail/eta_pose__type_support.c\n'}
[0.776955] (sdv_msgs) StdoutLine: {'line': b'-- Up-to-date: /home/fcanof/vanttec_sdv/install/sdv_msgs/include/sdv_msgs/sdv_msgs/msg/detail/status__rosidl_typesupport_introspection_c.h\n'}
[0.777015] (sdv_msgs) StdoutLine: {'line': b'-- Up-to-date: /home/fcanof/vanttec_sdv/install/sdv_msgs/include/sdv_msgs/sdv_msgs/msg/detail/vehicle_info__rosidl_typesupport_introspection_c.h\n'}
[0.777075] (sdv_msgs) StdoutLine: {'line': b'-- Up-to-date: /home/fcanof/vanttec_sdv/install/sdv_msgs/include/sdv_msgs/sdv_msgs/msg/detail/status__type_support.c\n'}
[0.777135] (sdv_msgs) StdoutLine: {'line': b'-- Up-to-date: /home/fcanof/vanttec_sdv/install/sdv_msgs/include/sdv_msgs/sdv_msgs/msg/detail/lane_invasion_event__type_support.c\n'}
[0.777265] (sdv_msgs) StdoutLine: {'line': b'-- Up-to-date: /home/fcanof/vanttec_sdv/install/sdv_msgs/include/sdv_msgs/sdv_msgs/msg/detail/system_dynamics__rosidl_typesupport_introspection_c.h\n'}
[0.777468] (sdv_msgs) StdoutLine: {'line': b'-- Up-to-date: /home/fcanof/vanttec_sdv/install/sdv_msgs/include/sdv_msgs/sdv_msgs/msg/rosidl_typesupport_introspection_c__visibility_control.h\n'}
[0.777600] (sdv_msgs) StdoutLine: {'line': b'-- Up-to-date: /home/fcanof/vanttec_sdv/install/sdv_msgs/lib/libsdv_msgs__rosidl_typesupport_introspection_c.so\n'}
[0.777687] (sdv_msgs) StdoutLine: {'line': b'-- Up-to-date: /home/fcanof/vanttec_sdv/install/sdv_msgs/lib/libsdv_msgs__rosidl_typesupport_c.so\n'}
[0.777852] (sdv_msgs) StdoutLine: {'line': b'-- Up-to-date: /home/fcanof/vanttec_sdv/install/sdv_msgs/include/sdv_msgs/sdv_msgs\n'}
[0.777984] (sdv_msgs) StdoutLine: {'line': b'-- Up-to-date: /home/fcanof/vanttec_sdv/install/sdv_msgs/include/sdv_msgs/sdv_msgs/msg\n'}
[0.778069] (sdv_msgs) StdoutLine: {'line': b'-- Up-to-date: /home/fcanof/vanttec_sdv/install/sdv_msgs/include/sdv_msgs/sdv_msgs/msg/detail\n'}
[0.778208] (sdv_msgs) StdoutLine: {'line': b'-- Up-to-date: /home/fcanof/vanttec_sdv/install/sdv_msgs/include/sdv_msgs/sdv_msgs/msg/detail/panel_msg__rosidl_typesupport_introspection_cpp.hpp\n'}
[0.778365] (sdv_msgs) StdoutLine: {'line': b'-- Up-to-date: /home/fcanof/vanttec_sdv/install/sdv_msgs/include/sdv_msgs/sdv_msgs/msg/detail/collision_event__rosidl_typesupport_introspection_cpp.hpp\n'}
[0.778481] (sdv_msgs) StdoutLine: {'line': b'-- Up-to-date: /home/fcanof/vanttec_sdv/install/sdv_msgs/include/sdv_msgs/sdv_msgs/msg/detail/status__rosidl_typesupport_introspection_cpp.hpp\n'}
[0.778601] (sdv_msgs) StdoutLine: {'line': b'-- Up-to-date: /home/fcanof/vanttec_sdv/install/sdv_msgs/include/sdv_msgs/sdv_msgs/msg/detail/guidance_waypoints__type_support.cpp\n'}
[0.778741] (sdv_msgs) StdoutLine: {'line': b'-- Up-to-date: /home/fcanof/vanttec_sdv/install/sdv_msgs/include/sdv_msgs/sdv_msgs/msg/detail/xbox_msg__type_support.cpp\n'}
[0.778824] (sdv_msgs) StdoutLine: {'line': b'-- Up-to-date: /home/fcanof/vanttec_sdv/install/sdv_msgs/include/sdv_msgs/sdv_msgs/msg/detail/vehicle_control__rosidl_typesupport_introspection_cpp.hpp\n'}
[0.778978] (sdv_msgs) StdoutLine: {'line': b'-- Up-to-date: /home/fcanof/vanttec_sdv/install/sdv_msgs/include/sdv_msgs/sdv_msgs/msg/detail/throttle_msg__rosidl_typesupport_introspection_cpp.hpp\n'}
[0.779061] (sdv_msgs) StdoutLine: {'line': b'-- Up-to-date: /home/fcanof/vanttec_sdv/install/sdv_msgs/include/sdv_msgs/sdv_msgs/msg/detail/vehicle_control__type_support.cpp\n'}
[0.779188] (sdv_msgs) StdoutLine: {'line': b'-- Up-to-date: /home/fcanof/vanttec_sdv/install/sdv_msgs/include/sdv_msgs/sdv_msgs/msg/detail/eta_pose__rosidl_typesupport_introspection_cpp.hpp\n'}
[0.779336] (sdv_msgs) StdoutLine: {'line': b'-- Up-to-date: /home/fcanof/vanttec_sdv/install/sdv_msgs/include/sdv_msgs/sdv_msgs/msg/detail/vehicle_info_wheel__type_support.cpp\n'}
[0.779418] (sdv_msgs) StdoutLine: {'line': b'-- Up-to-date: /home/fcanof/vanttec_sdv/install/sdv_msgs/include/sdv_msgs/sdv_msgs/msg/detail/vehicle_status__rosidl_typesupport_introspection_cpp.hpp\n'}
[0.779552] (sdv_msgs) StdoutLine: {'line': b'-- Up-to-date: /home/fcanof/vanttec_sdv/install/sdv_msgs/include/sdv_msgs/sdv_msgs/msg/detail/vehicle_status__type_support.cpp\n'}
[0.779632] (sdv_msgs) StdoutLine: {'line': b'-- Up-to-date: /home/fcanof/vanttec_sdv/install/sdv_msgs/include/sdv_msgs/sdv_msgs/msg/detail/vehicle_info_wheel__rosidl_typesupport_introspection_cpp.hpp\n'}
[0.779762] (sdv_msgs) StdoutLine: {'line': b'-- Up-to-date: /home/fcanof/vanttec_sdv/install/sdv_msgs/include/sdv_msgs/sdv_msgs/msg/detail/lane_invasion_event__rosidl_typesupport_introspection_cpp.hpp\n'}
[0.779876] (sdv_msgs) StdoutLine: {'line': b'-- Up-to-date: /home/fcanof/vanttec_sdv/install/sdv_msgs/include/sdv_msgs/sdv_msgs/msg/detail/eta_pose__type_support.cpp\n'}
[0.779957] (sdv_msgs) StdoutLine: {'line': b'-- Up-to-date: /home/fcanof/vanttec_sdv/install/sdv_msgs/include/sdv_msgs/sdv_msgs/msg/detail/encoder__type_support.cpp\n'}
[0.780146] (sdv_msgs) StdoutLine: {'line': b'-- Up-to-date: /home/fcanof/vanttec_sdv/install/sdv_msgs/include/sdv_msgs/sdv_msgs/msg/detail/thrust_control__type_support.cpp\n'}
[0.780227] (sdv_msgs) StdoutLine: {'line': b'-- Up-to-date: /home/fcanof/vanttec_sdv/install/sdv_msgs/include/sdv_msgs/sdv_msgs/msg/detail/system_dynamics__rosidl_typesupport_introspection_cpp.hpp\n'}
[0.780428] (sdv_msgs) StdoutLine: {'line': b'-- Up-to-date: /home/fcanof/vanttec_sdv/install/sdv_msgs/include/sdv_msgs/sdv_msgs/msg/detail/collision_event__type_support.cpp\n'}
[0.780589] (sdv_msgs) StdoutLine: {'line': b'-- Up-to-date: /home/fcanof/vanttec_sdv/install/sdv_msgs/include/sdv_msgs/sdv_msgs/msg/detail/thrust_control__rosidl_typesupport_introspection_cpp.hpp\n'}
[0.780673] (sdv_msgs) StdoutLine: {'line': b'-- Up-to-date: /home/fcanof/vanttec_sdv/install/sdv_msgs/include/sdv_msgs/sdv_msgs/msg/detail/lane_invasion_event__type_support.cpp\n'}
[0.780814] (sdv_msgs) StdoutLine: {'line': b'-- Up-to-date: /home/fcanof/vanttec_sdv/install/sdv_msgs/include/sdv_msgs/sdv_msgs/msg/detail/guidance_waypoints__rosidl_typesupport_introspection_cpp.hpp\n'}
[0.780904] (sdv_msgs) StdoutLine: {'line': b'-- Up-to-date: /home/fcanof/vanttec_sdv/install/sdv_msgs/include/sdv_msgs/sdv_msgs/msg/detail/status__type_support.cpp\n'}
[0.781162] (sdv_msgs) StdoutLine: {'line': b'-- Up-to-date: /home/fcanof/vanttec_sdv/install/sdv_msgs/include/sdv_msgs/sdv_msgs/msg/detail/vehicle_info__type_support.cpp\n'}
[0.781270] (sdv_msgs) StdoutLine: {'line': b'-- Up-to-date: /home/fcanof/vanttec_sdv/install/sdv_msgs/include/sdv_msgs/sdv_msgs/msg/detail/xbox_msg__rosidl_typesupport_introspection_cpp.hpp\n'}
[0.781446] (sdv_msgs) StdoutLine: {'line': b'-- Up-to-date: /home/fcanof/vanttec_sdv/install/sdv_msgs/include/sdv_msgs/sdv_msgs/msg/detail/panel_msg__type_support.cpp\n'}
[0.781575] (sdv_msgs) StdoutLine: {'line': b'-- Up-to-date: /home/fcanof/vanttec_sdv/install/sdv_msgs/include/sdv_msgs/sdv_msgs/msg/detail/vehicle_info__rosidl_typesupport_introspection_cpp.hpp\n'}
[0.781659] (sdv_msgs) StdoutLine: {'line': b'-- Up-to-date: /home/fcanof/vanttec_sdv/install/sdv_msgs/include/sdv_msgs/sdv_msgs/msg/detail/system_dynamics__type_support.cpp\n'}
[0.781885] (sdv_msgs) StdoutLine: {'line': b'-- Up-to-date: /home/fcanof/vanttec_sdv/install/sdv_msgs/include/sdv_msgs/sdv_msgs/msg/detail/encoder__rosidl_typesupport_introspection_cpp.hpp\n'}
[0.782062] (sdv_msgs) StdoutLine: {'line': b'-- Up-to-date: /home/fcanof/vanttec_sdv/install/sdv_msgs/include/sdv_msgs/sdv_msgs/msg/detail/throttle_msg__type_support.cpp\n'}
[0.782126] (sdv_msgs) StdoutLine: {'line': b'-- Up-to-date: /home/fcanof/vanttec_sdv/install/sdv_msgs/lib/libsdv_msgs__rosidl_typesupport_introspection_cpp.so\n'}
[0.782278] (sdv_msgs) StdoutLine: {'line': b'-- Up-to-date: /home/fcanof/vanttec_sdv/install/sdv_msgs/lib/libsdv_msgs__rosidl_typesupport_cpp.so\n'}
[0.782479] (sdv_msgs) StdoutLine: {'line': b'-- Up-to-date: /home/fcanof/vanttec_sdv/install/sdv_msgs/share/sdv_msgs/environment/pythonpath.sh\n'}
[0.782642] (sdv_msgs) StdoutLine: {'line': b'-- Up-to-date: /home/fcanof/vanttec_sdv/install/sdv_msgs/share/sdv_msgs/environment/pythonpath.dsv\n'}
[0.782861] (sdv_msgs) StdoutLine: {'line': b'-- Up-to-date: /home/fcanof/vanttec_sdv/install/sdv_msgs/local/lib/python3.10/dist-packages/sdv_msgs-0.0.0-py3.10.egg-info\n'}
[0.782925] (sdv_msgs) StdoutLine: {'line': b'-- Installing: /home/fcanof/vanttec_sdv/install/sdv_msgs/local/lib/python3.10/dist-packages/sdv_msgs-0.0.0-py3.10.egg-info/PKG-INFO\n'}
[0.783058] (sdv_msgs) StdoutLine: {'line': b'-- Installing: /home/fcanof/vanttec_sdv/install/sdv_msgs/local/lib/python3.10/dist-packages/sdv_msgs-0.0.0-py3.10.egg-info/top_level.txt\n'}
[0.783225] (sdv_msgs) StdoutLine: {'line': b'-- Installing: /home/fcanof/vanttec_sdv/install/sdv_msgs/local/lib/python3.10/dist-packages/sdv_msgs-0.0.0-py3.10.egg-info/SOURCES.txt\n'}
[0.783324] (sdv_msgs) StdoutLine: {'line': b'-- Installing: /home/fcanof/vanttec_sdv/install/sdv_msgs/local/lib/python3.10/dist-packages/sdv_msgs-0.0.0-py3.10.egg-info/dependency_links.txt\n'}
[0.783491] (sdv_msgs) StdoutLine: {'line': b'-- Up-to-date: /home/fcanof/vanttec_sdv/install/sdv_msgs/local/lib/python3.10/dist-packages/sdv_msgs\n'}
[0.783608] (sdv_msgs) StdoutLine: {'line': b'-- Up-to-date: /home/fcanof/vanttec_sdv/install/sdv_msgs/local/lib/python3.10/dist-packages/sdv_msgs/sdv_msgs_s__rosidl_typesupport_c.cpython-310-x86_64-linux-gnu.so\n'}
[0.783748] (sdv_msgs) StdoutLine: {'line': b'-- Up-to-date: /home/fcanof/vanttec_sdv/install/sdv_msgs/local/lib/python3.10/dist-packages/sdv_msgs/_sdv_msgs_s.ep.rosidl_typesupport_c.c\n'}
[0.783878] (sdv_msgs) StdoutLine: {'line': b'-- Up-to-date: /home/fcanof/vanttec_sdv/install/sdv_msgs/local/lib/python3.10/dist-packages/sdv_msgs/_sdv_msgs_s.ep.rosidl_typesupport_introspection_c.c\n'}
[0.784037] (sdv_msgs) StdoutLine: {'line': b'-- Up-to-date: /home/fcanof/vanttec_sdv/install/sdv_msgs/local/lib/python3.10/dist-packages/sdv_msgs/sdv_msgs_s__rosidl_typesupport_fastrtps_c.cpython-310-x86_64-linux-gnu.so\n'}
[0.784142] (sdv_msgs) StdoutLine: {'line': b'-- Up-to-date: /home/fcanof/vanttec_sdv/install/sdv_msgs/local/lib/python3.10/dist-packages/sdv_msgs/libsdv_msgs__rosidl_generator_py.so\n'}
[0.784316] (sdv_msgs) StdoutLine: {'line': b'-- Up-to-date: /home/fcanof/vanttec_sdv/install/sdv_msgs/local/lib/python3.10/dist-packages/sdv_msgs/msg\n'}
[0.784405] (sdv_msgs) StdoutLine: {'line': b'-- Up-to-date: /home/fcanof/vanttec_sdv/install/sdv_msgs/local/lib/python3.10/dist-packages/sdv_msgs/msg/_throttle_msg_s.c\n'}
[0.784526] (sdv_msgs) StdoutLine: {'line': b'-- Up-to-date: /home/fcanof/vanttec_sdv/install/sdv_msgs/local/lib/python3.10/dist-packages/sdv_msgs/msg/_system_dynamics_s.c\n'}
[0.784636] (sdv_msgs) StdoutLine: {'line': b'-- Up-to-date: /home/fcanof/vanttec_sdv/install/sdv_msgs/local/lib/python3.10/dist-packages/sdv_msgs/msg/_vehicle_info_wheel.py\n'}
[0.784785] (sdv_msgs) StdoutLine: {'line': b'-- Up-to-date: /home/fcanof/vanttec_sdv/install/sdv_msgs/local/lib/python3.10/dist-packages/sdv_msgs/msg/_guidance_waypoints.py\n'}
[0.784896] (sdv_msgs) StdoutLine: {'line': b'-- Up-to-date: /home/fcanof/vanttec_sdv/install/sdv_msgs/local/lib/python3.10/dist-packages/sdv_msgs/msg/_vehicle_status_s.c\n'}
[0.785036] (sdv_msgs) StdoutLine: {'line': b'-- Up-to-date: /home/fcanof/vanttec_sdv/install/sdv_msgs/local/lib/python3.10/dist-packages/sdv_msgs/msg/_collision_event_s.c\n'}
[0.785189] (sdv_msgs) StdoutLine: {'line': b'-- Up-to-date: /home/fcanof/vanttec_sdv/install/sdv_msgs/local/lib/python3.10/dist-packages/sdv_msgs/msg/_vehicle_control.py\n'}
[0.785438] (sdv_msgs) StdoutLine: {'line': b'-- Up-to-date: /home/fcanof/vanttec_sdv/install/sdv_msgs/local/lib/python3.10/dist-packages/sdv_msgs/msg/_vehicle_control_s.c\n'}
[0.785583] (sdv_msgs) StdoutLine: {'line': b'-- Up-to-date: /home/fcanof/vanttec_sdv/install/sdv_msgs/local/lib/python3.10/dist-packages/sdv_msgs/msg/_lane_invasion_event.py\n'}
[0.785708] (sdv_msgs) StdoutLine: {'line': b'-- Up-to-date: /home/fcanof/vanttec_sdv/install/sdv_msgs/local/lib/python3.10/dist-packages/sdv_msgs/msg/_collision_event.py\n'}
[0.785845] (sdv_msgs) StdoutLine: {'line': b'-- Up-to-date: /home/fcanof/vanttec_sdv/install/sdv_msgs/local/lib/python3.10/dist-packages/sdv_msgs/msg/_eta_pose_s.c\n'}
[0.785975] (sdv_msgs) StdoutLine: {'line': b'-- Up-to-date: /home/fcanof/vanttec_sdv/install/sdv_msgs/local/lib/python3.10/dist-packages/sdv_msgs/msg/_system_dynamics.py\n'}
[0.786062] (sdv_msgs) StdoutLine: {'line': b'-- Up-to-date: /home/fcanof/vanttec_sdv/install/sdv_msgs/local/lib/python3.10/dist-packages/sdv_msgs/msg/_panel_msg_s.c\n'}
[0.786189] (sdv_msgs) StdoutLine: {'line': b'-- Up-to-date: /home/fcanof/vanttec_sdv/install/sdv_msgs/local/lib/python3.10/dist-packages/sdv_msgs/msg/_eta_pose.py\n'}
[0.786254] (sdv_msgs) StdoutLine: {'line': b'-- Up-to-date: /home/fcanof/vanttec_sdv/install/sdv_msgs/local/lib/python3.10/dist-packages/sdv_msgs/msg/_encoder.py\n'}
[0.786404] (sdv_msgs) StdoutLine: {'line': b'-- Up-to-date: /home/fcanof/vanttec_sdv/install/sdv_msgs/local/lib/python3.10/dist-packages/sdv_msgs/msg/_thrust_control.py\n'}
[0.786531] (sdv_msgs) StdoutLine: {'line': b'-- Up-to-date: /home/fcanof/vanttec_sdv/install/sdv_msgs/local/lib/python3.10/dist-packages/sdv_msgs/msg/_vehicle_status.py\n'}
[0.786661] (sdv_msgs) StdoutLine: {'line': b'-- Up-to-date: /home/fcanof/vanttec_sdv/install/sdv_msgs/local/lib/python3.10/dist-packages/sdv_msgs/msg/_vehicle_info.py\n'}
[0.786745] (sdv_msgs) StdoutLine: {'line': b'-- Up-to-date: /home/fcanof/vanttec_sdv/install/sdv_msgs/local/lib/python3.10/dist-packages/sdv_msgs/msg/_guidance_waypoints_s.c\n'}
[0.786971] (sdv_msgs) StdoutLine: {'line': b'-- Up-to-date: /home/fcanof/vanttec_sdv/install/sdv_msgs/local/lib/python3.10/dist-packages/sdv_msgs/msg/_status_s.c\n'}
[0.787236] (sdv_msgs) StdoutLine: {'line': b'-- Up-to-date: /home/fcanof/vanttec_sdv/install/sdv_msgs/local/lib/python3.10/dist-packages/sdv_msgs/msg/_status.py\n'}
[0.787325] (sdv_msgs) StdoutLine: {'line': b'-- Up-to-date: /home/fcanof/vanttec_sdv/install/sdv_msgs/local/lib/python3.10/dist-packages/sdv_msgs/msg/_thrust_control_s.c\n'}
[0.787442] (sdv_msgs) StdoutLine: {'line': b'-- Up-to-date: /home/fcanof/vanttec_sdv/install/sdv_msgs/local/lib/python3.10/dist-packages/sdv_msgs/msg/_vehicle_info_s.c\n'}
[0.787521] (sdv_msgs) StdoutLine: {'line': b'-- Up-to-date: /home/fcanof/vanttec_sdv/install/sdv_msgs/local/lib/python3.10/dist-packages/sdv_msgs/msg/_xbox_msg.py\n'}
[0.787657] (sdv_msgs) StdoutLine: {'line': b'-- Up-to-date: /home/fcanof/vanttec_sdv/install/sdv_msgs/local/lib/python3.10/dist-packages/sdv_msgs/msg/_throttle_msg.py\n'}
[0.787787] (sdv_msgs) StdoutLine: {'line': b'-- Up-to-date: /home/fcanof/vanttec_sdv/install/sdv_msgs/local/lib/python3.10/dist-packages/sdv_msgs/msg/_vehicle_info_wheel_s.c\n'}
[0.787873] (sdv_msgs) StdoutLine: {'line': b'-- Up-to-date: /home/fcanof/vanttec_sdv/install/sdv_msgs/local/lib/python3.10/dist-packages/sdv_msgs/msg/__init__.py\n'}
[0.788007] (sdv_msgs) StdoutLine: {'line': b'-- Up-to-date: /home/fcanof/vanttec_sdv/install/sdv_msgs/local/lib/python3.10/dist-packages/sdv_msgs/msg/_lane_invasion_event_s.c\n'}
[0.788089] (sdv_msgs) StdoutLine: {'line': b'-- Up-to-date: /home/fcanof/vanttec_sdv/install/sdv_msgs/local/lib/python3.10/dist-packages/sdv_msgs/msg/_panel_msg.py\n'}
[0.788214] (sdv_msgs) StdoutLine: {'line': b'-- Up-to-date: /home/fcanof/vanttec_sdv/install/sdv_msgs/local/lib/python3.10/dist-packages/sdv_msgs/msg/_encoder_s.c\n'}
[0.788296] (sdv_msgs) StdoutLine: {'line': b'-- Up-to-date: /home/fcanof/vanttec_sdv/install/sdv_msgs/local/lib/python3.10/dist-packages/sdv_msgs/msg/_xbox_msg_s.c\n'}
[0.788414] (sdv_msgs) StdoutLine: {'line': b'-- Up-to-date: /home/fcanof/vanttec_sdv/install/sdv_msgs/local/lib/python3.10/dist-packages/sdv_msgs/sdv_msgs_s__rosidl_typesupport_introspection_c.cpython-310-x86_64-linux-gnu.so\n'}
[0.788493] (sdv_msgs) StdoutLine: {'line': b'-- Up-to-date: /home/fcanof/vanttec_sdv/install/sdv_msgs/local/lib/python3.10/dist-packages/sdv_msgs/_sdv_msgs_s.ep.rosidl_typesupport_fastrtps_c.c\n'}
[0.788625] (sdv_msgs) StdoutLine: {'line': b'-- Up-to-date: /home/fcanof/vanttec_sdv/install/sdv_msgs/local/lib/python3.10/dist-packages/sdv_msgs/__init__.py\n'}
[0.788712] (vectornav_msgs) StdoutLine: {'line': b"Listing '/home/fcanof/vanttec_sdv/install/vectornav_msgs/local/lib/python3.10/dist-packages/vectornav_msgs'...\n"}
[0.788877] (vectornav_msgs) StdoutLine: {'line': b"Listing '/home/fcanof/vanttec_sdv/install/vectornav_msgs/local/lib/python3.10/dist-packages/vectornav_msgs/action'...\n"}
[0.788954] (vectornav_msgs) StdoutLine: {'line': b"Listing '/home/fcanof/vanttec_sdv/install/vectornav_msgs/local/lib/python3.10/dist-packages/vectornav_msgs/msg'...\n"}
[0.789086] (vectornav_msgs) StdoutLine: {'line': b'-- Up-to-date: /home/fcanof/vanttec_sdv/install/vectornav_msgs/local/lib/python3.10/dist-packages/vectornav_msgs/vectornav_msgs_s__rosidl_typesupport_fastrtps_c.cpython-310-x86_64-linux-gnu.so\n'}
[0.789202] (vectornav_msgs) StdoutLine: {'line': b'-- Up-to-date: /home/fcanof/vanttec_sdv/install/vectornav_msgs/local/lib/python3.10/dist-packages/vectornav_msgs/vectornav_msgs_s__rosidl_typesupport_introspection_c.cpython-310-x86_64-linux-gnu.so\n'}
[0.789282] (vectornav_msgs) StdoutLine: {'line': b'-- Up-to-date: /home/fcanof/vanttec_sdv/install/vectornav_msgs/local/lib/python3.10/dist-packages/vectornav_msgs/vectornav_msgs_s__rosidl_typesupport_c.cpython-310-x86_64-linux-gnu.so\n'}
[0.789425] (vectornav_msgs) StdoutLine: {'line': b'-- Up-to-date: /home/fcanof/vanttec_sdv/install/vectornav_msgs/lib/libvectornav_msgs__rosidl_generator_py.so\n'}
[0.789551] (vectornav_msgs) StdoutLine: {'line': b'-- Up-to-date: /home/fcanof/vanttec_sdv/install/vectornav_msgs/share/vectornav_msgs/msg/AttitudeGroup.idl\n'}
[0.789665] (vectornav_msgs) StdoutLine: {'line': b'-- Up-to-date: /home/fcanof/vanttec_sdv/install/vectornav_msgs/share/vectornav_msgs/msg/CommonGroup.idl\n'}
[0.789748] (vectornav_msgs) StdoutLine: {'line': b'-- Up-to-date: /home/fcanof/vanttec_sdv/install/vectornav_msgs/share/vectornav_msgs/msg/DOP.idl\n'}
[0.789916] (vectornav_msgs) StdoutLine: {'line': b'-- Up-to-date: /home/fcanof/vanttec_sdv/install/vectornav_msgs/share/vectornav_msgs/msg/GpsGroup.idl\n'}
[0.789991] (vectornav_msgs) StdoutLine: {'line': b'-- Up-to-date: /home/fcanof/vanttec_sdv/install/vectornav_msgs/share/vectornav_msgs/msg/ImuGroup.idl\n'}
[0.790181] (vectornav_msgs) StdoutLine: {'line': b'-- Up-to-date: /home/fcanof/vanttec_sdv/install/vectornav_msgs/share/vectornav_msgs/msg/InsGroup.idl\n'}
[0.790260] (vectornav_msgs) StdoutLine: {'line': b'-- Up-to-date: /home/fcanof/vanttec_sdv/install/vectornav_msgs/share/vectornav_msgs/msg/InsStatus.idl\n'}
[0.790389] (vectornav_msgs) StdoutLine: {'line': b'-- Up-to-date: /home/fcanof/vanttec_sdv/install/vectornav_msgs/share/vectornav_msgs/msg/TimeGroup.idl\n'}
[0.790512] (vectornav_msgs) StdoutLine: {'line': b'-- Up-to-date: /home/fcanof/vanttec_sdv/install/vectornav_msgs/share/vectornav_msgs/msg/TimeStatus.idl\n'}
[0.790578] (vectornav_msgs) StdoutLine: {'line': b'-- Up-to-date: /home/fcanof/vanttec_sdv/install/vectornav_msgs/share/vectornav_msgs/msg/TimeUTC.idl\n'}
[0.790639] (vectornav_msgs) StdoutLine: {'line': b'-- Up-to-date: /home/fcanof/vanttec_sdv/install/vectornav_msgs/share/vectornav_msgs/msg/VpeStatus.idl\n'}
[0.790699] (vectornav_msgs) StdoutLine: {'line': b'-- Up-to-date: /home/fcanof/vanttec_sdv/install/vectornav_msgs/share/vectornav_msgs/action/MagCal.idl\n'}
[0.790775] (vectornav_msgs) StdoutLine: {'line': b'-- Up-to-date: /home/fcanof/vanttec_sdv/install/vectornav_msgs/share/vectornav_msgs/msg/AttitudeGroup.msg\n'}
[0.790918] (vectornav_msgs) StdoutLine: {'line': b'-- Up-to-date: /home/fcanof/vanttec_sdv/install/vectornav_msgs/share/vectornav_msgs/msg/CommonGroup.msg\n'}
[0.791015] (vectornav_msgs) StdoutLine: {'line': b'-- Up-to-date: /home/fcanof/vanttec_sdv/install/vectornav_msgs/share/vectornav_msgs/msg/DOP.msg\n'}
[0.791210] (vectornav_msgs) StdoutLine: {'line': b'-- Up-to-date: /home/fcanof/vanttec_sdv/install/vectornav_msgs/share/vectornav_msgs/msg/GpsGroup.msg\n'}
[0.791418] (vectornav_msgs) StdoutLine: {'line': b'-- Up-to-date: /home/fcanof/vanttec_sdv/install/vectornav_msgs/share/vectornav_msgs/msg/ImuGroup.msg\n'}
[0.791587] (vectornav_msgs) StdoutLine: {'line': b'-- Up-to-date: /home/fcanof/vanttec_sdv/install/vectornav_msgs/share/vectornav_msgs/msg/InsGroup.msg\n'}
[0.791754] (vectornav_msgs) StdoutLine: {'line': b'-- Up-to-date: /home/fcanof/vanttec_sdv/install/vectornav_msgs/share/vectornav_msgs/msg/InsStatus.msg\n'}
[0.791839] (vectornav_msgs) StdoutLine: {'line': b'-- Up-to-date: /home/fcanof/vanttec_sdv/install/vectornav_msgs/share/vectornav_msgs/msg/TimeGroup.msg\n'}
[0.791995] (vectornav_msgs) StdoutLine: {'line': b'-- Up-to-date: /home/fcanof/vanttec_sdv/install/vectornav_msgs/share/vectornav_msgs/msg/TimeStatus.msg\n'}
[0.792164] (vectornav_msgs) StdoutLine: {'line': b'-- Up-to-date: /home/fcanof/vanttec_sdv/install/vectornav_msgs/share/vectornav_msgs/msg/TimeUTC.msg\n'}
[0.792339] (vectornav_msgs) StdoutLine: {'line': b'-- Up-to-date: /home/fcanof/vanttec_sdv/install/vectornav_msgs/share/vectornav_msgs/msg/VpeStatus.msg\n'}
[0.792421] (vectornav_msgs) StdoutLine: {'line': b'-- Up-to-date: /home/fcanof/vanttec_sdv/install/vectornav_msgs/share/vectornav_msgs/action/MagCal.action\n'}
[0.792615] (vectornav_msgs) StdoutLine: {'line': b'-- Up-to-date: /home/fcanof/vanttec_sdv/install/vectornav_msgs/share/ament_index/resource_index/package_run_dependencies/vectornav_msgs\n'}
[0.792768] (vectornav_msgs) StdoutLine: {'line': b'-- Up-to-date: /home/fcanof/vanttec_sdv/install/vectornav_msgs/share/ament_index/resource_index/parent_prefix_path/vectornav_msgs\n'}
[0.792887] (vectornav_msgs) StdoutLine: {'line': b'-- Up-to-date: /home/fcanof/vanttec_sdv/install/vectornav_msgs/share/vectornav_msgs/environment/ament_prefix_path.sh\n'}
[0.792969] (vectornav_msgs) StdoutLine: {'line': b'-- Up-to-date: /home/fcanof/vanttec_sdv/install/vectornav_msgs/share/vectornav_msgs/environment/ament_prefix_path.dsv\n'}
[0.793161] (vectornav_msgs) StdoutLine: {'line': b'-- Up-to-date: /home/fcanof/vanttec_sdv/install/vectornav_msgs/share/vectornav_msgs/environment/path.sh\n'}
[0.793298] (vectornav_msgs) StdoutLine: {'line': b'-- Up-to-date: /home/fcanof/vanttec_sdv/install/vectornav_msgs/share/vectornav_msgs/environment/path.dsv\n'}
[0.793444] (vectornav_msgs) StdoutLine: {'line': b'-- Up-to-date: /home/fcanof/vanttec_sdv/install/vectornav_msgs/share/vectornav_msgs/local_setup.bash\n'}
[0.793564] (vectornav_msgs) StdoutLine: {'line': b'-- Up-to-date: /home/fcanof/vanttec_sdv/install/vectornav_msgs/share/vectornav_msgs/local_setup.sh\n'}
[0.793753] (vectornav_msgs) StdoutLine: {'line': b'-- Up-to-date: /home/fcanof/vanttec_sdv/install/vectornav_msgs/share/vectornav_msgs/local_setup.zsh\n'}
[0.793922] (vectornav_msgs) StdoutLine: {'line': b'-- Up-to-date: /home/fcanof/vanttec_sdv/install/vectornav_msgs/share/vectornav_msgs/local_setup.dsv\n'}
[0.794093] (vectornav_msgs) StdoutLine: {'line': b'-- Installing: /home/fcanof/vanttec_sdv/install/vectornav_msgs/share/vectornav_msgs/package.dsv\n'}
[0.794207] (vectornav_msgs) StdoutLine: {'line': b'-- Up-to-date: /home/fcanof/vanttec_sdv/install/vectornav_msgs/share/ament_index/resource_index/packages/vectornav_msgs\n'}
[0.794325] (vectornav_msgs) StdoutLine: {'line': b'-- Up-to-date: /home/fcanof/vanttec_sdv/install/vectornav_msgs/share/vectornav_msgs/cmake/export_vectornav_msgs__rosidl_generator_cExport.cmake\n'}
[0.794499] (vectornav_msgs) StdoutLine: {'line': b'-- Up-to-date: /home/fcanof/vanttec_sdv/install/vectornav_msgs/share/vectornav_msgs/cmake/export_vectornav_msgs__rosidl_generator_cExport-noconfig.cmake\n'}
[0.794668] (vectornav_msgs) StdoutLine: {'line': b'-- Up-to-date: /home/fcanof/vanttec_sdv/install/vectornav_msgs/share/vectornav_msgs/cmake/export_vectornav_msgs__rosidl_typesupport_fastrtps_cExport.cmake\n'}
[0.794804] (vectornav_msgs) StdoutLine: {'line': b'-- Up-to-date: /home/fcanof/vanttec_sdv/install/vectornav_msgs/share/vectornav_msgs/cmake/export_vectornav_msgs__rosidl_typesupport_fastrtps_cExport-noconfig.cmake\n'}
[0.794884] (vectornav_msgs) StdoutLine: {'line': b'-- Up-to-date: /home/fcanof/vanttec_sdv/install/vectornav_msgs/share/vectornav_msgs/cmake/export_vectornav_msgs__rosidl_generator_cppExport.cmake\n'}
[0.795084] (vectornav_msgs) StdoutLine: {'line': b'-- Up-to-date: /home/fcanof/vanttec_sdv/install/vectornav_msgs/share/vectornav_msgs/cmake/export_vectornav_msgs__rosidl_typesupport_fastrtps_cppExport.cmake\n'}
[0.795253] (vectornav_msgs) StdoutLine: {'line': b'-- Up-to-date: /home/fcanof/vanttec_sdv/install/vectornav_msgs/share/vectornav_msgs/cmake/export_vectornav_msgs__rosidl_typesupport_fastrtps_cppExport-noconfig.cmake\n'}
[0.795368] (vectornav_msgs) StdoutLine: {'line': b'-- Up-to-date: /home/fcanof/vanttec_sdv/install/vectornav_msgs/share/vectornav_msgs/cmake/vectornav_msgs__rosidl_typesupport_introspection_cExport.cmake\n'}
[0.795491] (vectornav_msgs) StdoutLine: {'line': b'-- Up-to-date: /home/fcanof/vanttec_sdv/install/vectornav_msgs/share/vectornav_msgs/cmake/vectornav_msgs__rosidl_typesupport_introspection_cExport-noconfig.cmake\n'}
[0.795572] (vectornav_msgs) StdoutLine: {'line': b'-- Up-to-date: /home/fcanof/vanttec_sdv/install/vectornav_msgs/share/vectornav_msgs/cmake/vectornav_msgs__rosidl_typesupport_cExport.cmake\n'}
[0.795760] (vectornav_msgs) StdoutLine: {'line': b'-- Up-to-date: /home/fcanof/vanttec_sdv/install/vectornav_msgs/share/vectornav_msgs/cmake/vectornav_msgs__rosidl_typesupport_cExport-noconfig.cmake\n'}
[0.795921] (vectornav_msgs) StdoutLine: {'line': b'-- Up-to-date: /home/fcanof/vanttec_sdv/install/vectornav_msgs/share/vectornav_msgs/cmake/vectornav_msgs__rosidl_typesupport_introspection_cppExport.cmake\n'}
[0.796037] (vectornav_msgs) StdoutLine: {'line': b'-- Up-to-date: /home/fcanof/vanttec_sdv/install/vectornav_msgs/share/vectornav_msgs/cmake/vectornav_msgs__rosidl_typesupport_introspection_cppExport-noconfig.cmake\n'}
[0.796213] (vectornav_msgs) StdoutLine: {'line': b'-- Up-to-date: /home/fcanof/vanttec_sdv/install/vectornav_msgs/share/vectornav_msgs/cmake/vectornav_msgs__rosidl_typesupport_cppExport.cmake\n'}
[0.796353] (vectornav_msgs) StdoutLine: {'line': b'-- Up-to-date: /home/fcanof/vanttec_sdv/install/vectornav_msgs/share/vectornav_msgs/cmake/vectornav_msgs__rosidl_typesupport_cppExport-noconfig.cmake\n'}
[0.796437] (vectornav_msgs) StdoutLine: {'line': b'-- Up-to-date: /home/fcanof/vanttec_sdv/install/vectornav_msgs/share/vectornav_msgs/cmake/export_vectornav_msgs__rosidl_generator_pyExport.cmake\n'}
[0.796628] (vectornav_msgs) StdoutLine: {'line': b'-- Up-to-date: /home/fcanof/vanttec_sdv/install/vectornav_msgs/share/vectornav_msgs/cmake/export_vectornav_msgs__rosidl_generator_pyExport-noconfig.cmake\n'}
[0.796797] (vectornav_msgs) StdoutLine: {'line': b'-- Up-to-date: /home/fcanof/vanttec_sdv/install/vectornav_msgs/share/vectornav_msgs/cmake/rosidl_cmake-extras.cmake\n'}
[0.796964] (vectornav_msgs) StdoutLine: {'line': b'-- Up-to-date: /home/fcanof/vanttec_sdv/install/vectornav_msgs/share/vectornav_msgs/cmake/ament_cmake_export_dependencies-extras.cmake\n'}
[0.797129] (vectornav_msgs) StdoutLine: {'line': b'-- Up-to-date: /home/fcanof/vanttec_sdv/install/vectornav_msgs/share/vectornav_msgs/cmake/ament_cmake_export_include_directories-extras.cmake\n'}
[0.797214] (vectornav_msgs) StdoutLine: {'line': b'-- Up-to-date: /home/fcanof/vanttec_sdv/install/vectornav_msgs/share/vectornav_msgs/cmake/ament_cmake_export_libraries-extras.cmake\n'}
[0.797386] (vectornav_msgs) StdoutLine: {'line': b'-- Up-to-date: /home/fcanof/vanttec_sdv/install/vectornav_msgs/share/vectornav_msgs/cmake/ament_cmake_export_targets-extras.cmake\n'}
[0.797563] (vectornav_msgs) StdoutLine: {'line': b'-- Up-to-date: /home/fcanof/vanttec_sdv/install/vectornav_msgs/share/vectornav_msgs/cmake/rosidl_cmake_export_typesupport_targets-extras.cmake\n'}
[0.797679] (vectornav_msgs) StdoutLine: {'line': b'-- Up-to-date: /home/fcanof/vanttec_sdv/install/vectornav_msgs/share/vectornav_msgs/cmake/rosidl_cmake_export_typesupport_libraries-extras.cmake\n'}
[0.797809] (vectornav_msgs) StdoutLine: {'line': b'-- Up-to-date: /home/fcanof/vanttec_sdv/install/vectornav_msgs/share/vectornav_msgs/cmake/vectornav_msgsConfig.cmake\n'}
[0.797909] (vectornav_msgs) StdoutLine: {'line': b'-- Up-to-date: /home/fcanof/vanttec_sdv/install/vectornav_msgs/share/vectornav_msgs/cmake/vectornav_msgsConfig-version.cmake\n'}
[0.798046] (vectornav_msgs) StdoutLine: {'line': b'-- Up-to-date: /home/fcanof/vanttec_sdv/install/vectornav_msgs/share/vectornav_msgs/package.xml\n'}
[0.798221] (vectornav_msgs) CommandEnded: {'returncode': 0}
[0.798642] (sdv_msgs) StdoutLine: {'line': b"Listing '/home/fcanof/vanttec_sdv/install/sdv_msgs/local/lib/python3.10/dist-packages/sdv_msgs'...\n"}
[0.798788] (sdv_msgs) StdoutLine: {'line': b"Listing '/home/fcanof/vanttec_sdv/install/sdv_msgs/local/lib/python3.10/dist-packages/sdv_msgs/msg'...\n"}
[0.799013] (sdv_msgs) StdoutLine: {'line': b'-- Up-to-date: /home/fcanof/vanttec_sdv/install/sdv_msgs/local/lib/python3.10/dist-packages/sdv_msgs/sdv_msgs_s__rosidl_typesupport_fastrtps_c.cpython-310-x86_64-linux-gnu.so\n'}
[0.799220] (sdv_msgs) StdoutLine: {'line': b'-- Up-to-date: /home/fcanof/vanttec_sdv/install/sdv_msgs/local/lib/python3.10/dist-packages/sdv_msgs/sdv_msgs_s__rosidl_typesupport_introspection_c.cpython-310-x86_64-linux-gnu.so\n'}
[0.799390] (sdv_msgs) StdoutLine: {'line': b'-- Up-to-date: /home/fcanof/vanttec_sdv/install/sdv_msgs/local/lib/python3.10/dist-packages/sdv_msgs/sdv_msgs_s__rosidl_typesupport_c.cpython-310-x86_64-linux-gnu.so\n'}
[0.799478] (sdv_msgs) StdoutLine: {'line': b'-- Up-to-date: /home/fcanof/vanttec_sdv/install/sdv_msgs/lib/libsdv_msgs__rosidl_generator_py.so\n'}
[0.799599] (sdv_msgs) StdoutLine: {'line': b'-- Up-to-date: /home/fcanof/vanttec_sdv/install/sdv_msgs/share/sdv_msgs/msg/PanelMsg.idl\n'}
[0.799683] (sdv_msgs) StdoutLine: {'line': b'-- Up-to-date: /home/fcanof/vanttec_sdv/install/sdv_msgs/share/sdv_msgs/msg/XboxMsg.idl\n'}
[0.799870] (sdv_msgs) StdoutLine: {'line': b'-- Up-to-date: /home/fcanof/vanttec_sdv/install/sdv_msgs/share/sdv_msgs/msg/ThrottleMsg.idl\n'}
[0.800021] (sdv_msgs) StdoutLine: {'line': b'-- Up-to-date: /home/fcanof/vanttec_sdv/install/sdv_msgs/share/sdv_msgs/msg/CollisionEvent.idl\n'}
[0.800104] (sdv_msgs) StdoutLine: {'line': b'-- Up-to-date: /home/fcanof/vanttec_sdv/install/sdv_msgs/share/sdv_msgs/msg/LaneInvasionEvent.idl\n'}
[0.800298] (sdv_msgs) StdoutLine: {'line': b'-- Up-to-date: /home/fcanof/vanttec_sdv/install/sdv_msgs/share/sdv_msgs/msg/Status.idl\n'}
[0.800435] (sdv_msgs) StdoutLine: {'line': b'-- Up-to-date: /home/fcanof/vanttec_sdv/install/sdv_msgs/share/sdv_msgs/msg/VehicleControl.idl\n'}
[0.800567] (-) TimerEvent: {}
[0.800691] (sdv_msgs) StdoutLine: {'line': b'-- Up-to-date: /home/fcanof/vanttec_sdv/install/sdv_msgs/share/sdv_msgs/msg/VehicleInfo.idl\n'}
[0.800780] (sdv_msgs) StdoutLine: {'line': b'-- Up-to-date: /home/fcanof/vanttec_sdv/install/sdv_msgs/share/sdv_msgs/msg/VehicleStatus.idl\n'}
[0.800940] (sdv_msgs) StdoutLine: {'line': b'-- Up-to-date: /home/fcanof/vanttec_sdv/install/sdv_msgs/share/sdv_msgs/msg/VehicleInfoWheel.idl\n'}
[0.801021] (sdv_msgs) StdoutLine: {'line': b'-- Up-to-date: /home/fcanof/vanttec_sdv/install/sdv_msgs/share/sdv_msgs/msg/GuidanceWaypoints.idl\n'}
[0.801172] (sdv_msgs) StdoutLine: {'line': b'-- Up-to-date: /home/fcanof/vanttec_sdv/install/sdv_msgs/share/sdv_msgs/msg/EtaPose.idl\n'}
[0.801381] (sdv_msgs) StdoutLine: {'line': b'-- Up-to-date: /home/fcanof/vanttec_sdv/install/sdv_msgs/share/sdv_msgs/msg/SystemDynamics.idl\n'}
[0.801506] (sdv_msgs) StdoutLine: {'line': b'-- Up-to-date: /home/fcanof/vanttec_sdv/install/sdv_msgs/share/sdv_msgs/msg/ThrustControl.idl\n'}
[0.801737] (sdv_msgs) StdoutLine: {'line': b'-- Up-to-date: /home/fcanof/vanttec_sdv/install/sdv_msgs/share/sdv_msgs/msg/Encoder.idl\n'}
[0.801825] (sdv_msgs) StdoutLine: {'line': b'-- Up-to-date: /home/fcanof/vanttec_sdv/install/sdv_msgs/share/sdv_msgs/msg/PanelMsg.msg\n'}
[0.801988] (sdv_msgs) StdoutLine: {'line': b'-- Up-to-date: /home/fcanof/vanttec_sdv/install/sdv_msgs/share/sdv_msgs/msg/XboxMsg.msg\n'}
[0.802109] (sdv_msgs) StdoutLine: {'line': b'-- Up-to-date: /home/fcanof/vanttec_sdv/install/sdv_msgs/share/sdv_msgs/msg/ThrottleMsg.msg\n'}
[0.802224] (sdv_msgs) StdoutLine: {'line': b'-- Up-to-date: /home/fcanof/vanttec_sdv/install/sdv_msgs/share/sdv_msgs/msg/CollisionEvent.msg\n'}
[0.802430] (sdv_msgs) StdoutLine: {'line': b'-- Up-to-date: /home/fcanof/vanttec_sdv/install/sdv_msgs/share/sdv_msgs/msg/LaneInvasionEvent.msg\n'}
[0.802548] (sdv_msgs) StdoutLine: {'line': b'-- Up-to-date: /home/fcanof/vanttec_sdv/install/sdv_msgs/share/sdv_msgs/msg/Status.msg\n'}
[0.802710] (sdv_msgs) StdoutLine: {'line': b'-- Up-to-date: /home/fcanof/vanttec_sdv/install/sdv_msgs/share/sdv_msgs/msg/VehicleControl.msg\n'}
[0.802798] (sdv_msgs) StdoutLine: {'line': b'-- Up-to-date: /home/fcanof/vanttec_sdv/install/sdv_msgs/share/sdv_msgs/msg/VehicleInfo.msg\n'}
[0.802976] (sdv_msgs) StdoutLine: {'line': b'-- Up-to-date: /home/fcanof/vanttec_sdv/install/sdv_msgs/share/sdv_msgs/msg/VehicleStatus.msg\n'}
[0.803093] (sdv_msgs) StdoutLine: {'line': b'-- Up-to-date: /home/fcanof/vanttec_sdv/install/sdv_msgs/share/sdv_msgs/msg/VehicleInfoWheel.msg\n'}
[0.803355] (sdv_msgs) StdoutLine: {'line': b'-- Up-to-date: /home/fcanof/vanttec_sdv/install/sdv_msgs/share/sdv_msgs/msg/GuidanceWaypoints.msg\n'}
[0.803472] (sdv_msgs) StdoutLine: {'line': b'-- Up-to-date: /home/fcanof/vanttec_sdv/install/sdv_msgs/share/sdv_msgs/msg/EtaPose.msg\n'}
[0.803549] (sdv_msgs) StdoutLine: {'line': b'-- Up-to-date: /home/fcanof/vanttec_sdv/install/sdv_msgs/share/sdv_msgs/msg/SystemDynamics.msg\n'}
[0.803674] (sdv_msgs) StdoutLine: {'line': b'-- Up-to-date: /home/fcanof/vanttec_sdv/install/sdv_msgs/share/sdv_msgs/msg/ThrustControl.msg\n'}
[0.803759] (sdv_msgs) StdoutLine: {'line': b'-- Up-to-date: /home/fcanof/vanttec_sdv/install/sdv_msgs/share/sdv_msgs/msg/Encoder.msg\n'}
[0.803899] (sdv_msgs) StdoutLine: {'line': b'-- Up-to-date: /home/fcanof/vanttec_sdv/install/sdv_msgs/share/ament_index/resource_index/package_run_dependencies/sdv_msgs\n'}
[0.804059] (sdv_msgs) StdoutLine: {'line': b'-- Up-to-date: /home/fcanof/vanttec_sdv/install/sdv_msgs/share/ament_index/resource_index/parent_prefix_path/sdv_msgs\n'}
[0.804143] (sdv_msgs) StdoutLine: {'line': b'-- Up-to-date: /home/fcanof/vanttec_sdv/install/sdv_msgs/share/sdv_msgs/environment/ament_prefix_path.sh\n'}
[0.804299] (sdv_msgs) StdoutLine: {'line': b'-- Up-to-date: /home/fcanof/vanttec_sdv/install/sdv_msgs/share/sdv_msgs/environment/ament_prefix_path.dsv\n'}
[0.804452] (sdv_msgs) StdoutLine: {'line': b'-- Up-to-date: /home/fcanof/vanttec_sdv/install/sdv_msgs/share/sdv_msgs/environment/path.sh\n'}
[0.804746] (sdv_msgs) StdoutLine: {'line': b'-- Up-to-date: /home/fcanof/vanttec_sdv/install/sdv_msgs/share/sdv_msgs/environment/path.dsv\n'}
[0.804922] (sdv_msgs) StdoutLine: {'line': b'-- Up-to-date: /home/fcanof/vanttec_sdv/install/sdv_msgs/share/sdv_msgs/local_setup.bash\n'}
[0.805036] (sdv_msgs) StdoutLine: {'line': b'-- Up-to-date: /home/fcanof/vanttec_sdv/install/sdv_msgs/share/sdv_msgs/local_setup.sh\n'}
[0.805154] (sdv_msgs) StdoutLine: {'line': b'-- Up-to-date: /home/fcanof/vanttec_sdv/install/sdv_msgs/share/sdv_msgs/local_setup.zsh\n'}
[0.805335] (sdv_msgs) StdoutLine: {'line': b'-- Up-to-date: /home/fcanof/vanttec_sdv/install/sdv_msgs/share/sdv_msgs/local_setup.dsv\n'}
[0.805422] (sdv_msgs) StdoutLine: {'line': b'-- Installing: /home/fcanof/vanttec_sdv/install/sdv_msgs/share/sdv_msgs/package.dsv\n'}
[0.805589] (sdv_msgs) StdoutLine: {'line': b'-- Up-to-date: /home/fcanof/vanttec_sdv/install/sdv_msgs/share/ament_index/resource_index/packages/sdv_msgs\n'}
[0.805720] (sdv_msgs) StdoutLine: {'line': b'-- Up-to-date: /home/fcanof/vanttec_sdv/install/sdv_msgs/share/sdv_msgs/cmake/export_sdv_msgs__rosidl_generator_cExport.cmake\n'}
[0.805836] (sdv_msgs) StdoutLine: {'line': b'-- Up-to-date: /home/fcanof/vanttec_sdv/install/sdv_msgs/share/sdv_msgs/cmake/export_sdv_msgs__rosidl_generator_cExport-noconfig.cmake\n'}
[0.805963] (sdv_msgs) StdoutLine: {'line': b'-- Up-to-date: /home/fcanof/vanttec_sdv/install/sdv_msgs/share/sdv_msgs/cmake/export_sdv_msgs__rosidl_typesupport_fastrtps_cExport.cmake\n'}
[0.806210] (sdv_msgs) StdoutLine: {'line': b'-- Up-to-date: /home/fcanof/vanttec_sdv/install/sdv_msgs/share/sdv_msgs/cmake/export_sdv_msgs__rosidl_typesupport_fastrtps_cExport-noconfig.cmake\n'}
[0.806296] (sdv_msgs) StdoutLine: {'line': b'-- Up-to-date: /home/fcanof/vanttec_sdv/install/sdv_msgs/share/sdv_msgs/cmake/export_sdv_msgs__rosidl_generator_cppExport.cmake\n'}
[0.806361] (sdv_msgs) StdoutLine: {'line': b'-- Up-to-date: /home/fcanof/vanttec_sdv/install/sdv_msgs/share/sdv_msgs/cmake/export_sdv_msgs__rosidl_typesupport_fastrtps_cppExport.cmake\n'}
[0.806541] (sdv_msgs) StdoutLine: {'line': b'-- Up-to-date: /home/fcanof/vanttec_sdv/install/sdv_msgs/share/sdv_msgs/cmake/export_sdv_msgs__rosidl_typesupport_fastrtps_cppExport-noconfig.cmake\n'}
[0.806722] (sdv_msgs) StdoutLine: {'line': b'-- Up-to-date: /home/fcanof/vanttec_sdv/install/sdv_msgs/share/sdv_msgs/cmake/sdv_msgs__rosidl_typesupport_introspection_cExport.cmake\n'}
[0.806916] (sdv_msgs) StdoutLine: {'line': b'-- Up-to-date: /home/fcanof/vanttec_sdv/install/sdv_msgs/share/sdv_msgs/cmake/sdv_msgs__rosidl_typesupport_introspection_cExport-noconfig.cmake\n'}
[0.807000] (sdv_msgs) StdoutLine: {'line': b'-- Up-to-date: /home/fcanof/vanttec_sdv/install/sdv_msgs/share/sdv_msgs/cmake/sdv_msgs__rosidl_typesupport_cExport.cmake\n'}
[0.807135] (sdv_msgs) StdoutLine: {'line': b'-- Up-to-date: /home/fcanof/vanttec_sdv/install/sdv_msgs/share/sdv_msgs/cmake/sdv_msgs__rosidl_typesupport_cExport-noconfig.cmake\n'}
[0.807215] (sdv_msgs) StdoutLine: {'line': b'-- Up-to-date: /home/fcanof/vanttec_sdv/install/sdv_msgs/share/sdv_msgs/cmake/sdv_msgs__rosidl_typesupport_introspection_cppExport.cmake\n'}
[0.807342] (sdv_msgs) StdoutLine: {'line': b'-- Up-to-date: /home/fcanof/vanttec_sdv/install/sdv_msgs/share/sdv_msgs/cmake/sdv_msgs__rosidl_typesupport_introspection_cppExport-noconfig.cmake\n'}
[0.807464] (sdv_msgs) StdoutLine: {'line': b'-- Up-to-date: /home/fcanof/vanttec_sdv/install/sdv_msgs/share/sdv_msgs/cmake/sdv_msgs__rosidl_typesupport_cppExport.cmake\n'}
[0.807625] (sdv_msgs) StdoutLine: {'line': b'-- Up-to-date: /home/fcanof/vanttec_sdv/install/sdv_msgs/share/sdv_msgs/cmake/sdv_msgs__rosidl_typesupport_cppExport-noconfig.cmake\n'}
[0.807834] (sdv_msgs) StdoutLine: {'line': b'-- Up-to-date: /home/fcanof/vanttec_sdv/install/sdv_msgs/share/sdv_msgs/cmake/export_sdv_msgs__rosidl_generator_pyExport.cmake\n'}
[0.808004] (sdv_msgs) StdoutLine: {'line': b'-- Up-to-date: /home/fcanof/vanttec_sdv/install/sdv_msgs/share/sdv_msgs/cmake/export_sdv_msgs__rosidl_generator_pyExport-noconfig.cmake\n'}
[0.808089] (sdv_msgs) StdoutLine: {'line': b'-- Up-to-date: /home/fcanof/vanttec_sdv/install/sdv_msgs/share/sdv_msgs/cmake/rosidl_cmake-extras.cmake\n'}
[0.808256] (sdv_msgs) StdoutLine: {'line': b'-- Up-to-date: /home/fcanof/vanttec_sdv/install/sdv_msgs/share/sdv_msgs/cmake/ament_cmake_export_dependencies-extras.cmake\n'}
[0.808398] (sdv_msgs) StdoutLine: {'line': b'-- Up-to-date: /home/fcanof/vanttec_sdv/install/sdv_msgs/share/sdv_msgs/cmake/ament_cmake_export_include_directories-extras.cmake\n'}
[0.808483] (sdv_msgs) StdoutLine: {'line': b'-- Up-to-date: /home/fcanof/vanttec_sdv/install/sdv_msgs/share/sdv_msgs/cmake/ament_cmake_export_libraries-extras.cmake\n'}
[0.808672] (sdv_msgs) StdoutLine: {'line': b'-- Up-to-date: /home/fcanof/vanttec_sdv/install/sdv_msgs/share/sdv_msgs/cmake/ament_cmake_export_targets-extras.cmake\n'}
[0.808809] (sdv_msgs) StdoutLine: {'line': b'-- Up-to-date: /home/fcanof/vanttec_sdv/install/sdv_msgs/share/sdv_msgs/cmake/rosidl_cmake_export_typesupport_targets-extras.cmake\n'}
[0.808952] (sdv_msgs) StdoutLine: {'line': b'-- Up-to-date: /home/fcanof/vanttec_sdv/install/sdv_msgs/share/sdv_msgs/cmake/rosidl_cmake_export_typesupport_libraries-extras.cmake\n'}
[0.809035] (sdv_msgs) StdoutLine: {'line': b'-- Up-to-date: /home/fcanof/vanttec_sdv/install/sdv_msgs/share/sdv_msgs/cmake/sdv_msgsConfig.cmake\n'}
[0.809194] (sdv_msgs) StdoutLine: {'line': b'-- Up-to-date: /home/fcanof/vanttec_sdv/install/sdv_msgs/share/sdv_msgs/cmake/sdv_msgsConfig-version.cmake\n'}
[0.809314] (sdv_msgs) StdoutLine: {'line': b'-- Up-to-date: /home/fcanof/vanttec_sdv/install/sdv_msgs/share/sdv_msgs/package.xml\n'}
[0.880683] (sdv_msgs) CommandEnded: {'returncode': 0}
[0.900696] (-) TimerEvent: {}
[1.000963] (-) TimerEvent: {}
[1.101191] (-) TimerEvent: {}
[1.154685] (vectornav_msgs) JobEnded: {'identifier': 'vectornav_msgs', 'rc': 0}
[1.201275] (-) TimerEvent: {}
[1.272197] (sdv_msgs) JobEnded: {'identifier': 'sdv_msgs', 'rc': 0}
[1.272972] (sdv_can) JobStarted: {'identifier': 'sdv_can'}
[1.301362] (-) TimerEvent: {}
[1.334337] (sdv_can) JobProgress: {'identifier': 'sdv_can', 'progress': 'cmake'}
[1.335450] (sdv_can) JobProgress: {'identifier': 'sdv_can', 'progress': 'build'}
[1.335506] (sdv_can) Command: {'cmd': ['/usr/bin/cmake', '--build', '/home/fcanof/vanttec_sdv/build/sdv_can', '--', '-j12', '-l12'], 'cwd': '/home/fcanof/vanttec_sdv/build/sdv_can', 'env': OrderedDict([('GJS_DEBUG_TOPICS', 'JS ERROR;JS LOG'), ('LESSOPEN', '| /usr/bin/lesspipe %s'), ('USER', 'fcanof'), ('LC_TIME', 'es_MX.UTF-8'), ('GIO_MODULE_DIR', '/home/fcanof/snap/code/common/.cache/gio-modules'), ('XDG_SESSION_TYPE', 'x11'), ('GIT_ASKPASS', '/snap/code/154/usr/share/code/resources/app/extensions/git/dist/askpass.sh'), ('GTK_EXE_PREFIX_VSCODE_SNAP_ORIG', ''), ('GDK_BACKEND_VSCODE_SNAP_ORIG', ''), ('SHLVL', '1'), ('LD_LIBRARY_PATH', '/home/fcanof/vanttec_sdv/install/vectornav_msgs/lib:/home/fcanof/vanttec_sdv/install/sdv_msgs/lib:/opt/ros/humble/opt/rviz_ogre_vendor/lib:/opt/ros/humble/lib/x86_64-linux-gnu:/opt/ros/humble/lib'), ('HOME', '/home/fcanof'), ('CHROME_DESKTOP', 'code-url-handler.desktop'), ('LOCPATH_VSCODE_SNAP_ORIG', ''), ('TERM_PROGRAM_VERSION', '1.87.1'), ('DESKTOP_SESSION', 'ubuntu'), ('GTK_PATH', '/snap/code/154/usr/lib/x86_64-linux-gnu/gtk-3.0'), ('GTK_IM_MODULE_FILE', '/home/fcanof/snap/code/common/.cache/immodules/immodules.cache'), ('GIO_LAUNCHED_DESKTOP_FILE', '/var/lib/snapd/desktop/applications/code_code.desktop'), ('ROS_PYTHON_VERSION', '3'), ('GNOME_SHELL_SESSION_MODE', 'ubuntu'), ('GTK_MODULES', 'gail:atk-bridge'), ('GSETTINGS_SCHEMA_DIR_VSCODE_SNAP_ORIG', ''), ('VSCODE_GIT_ASKPASS_MAIN', '/snap/code/154/usr/share/code/resources/app/extensions/git/dist/askpass-main.js'), ('LC_MONETARY', 'es_MX.UTF-8'), ('VSCODE_GIT_ASKPASS_NODE', '/snap/code/154/usr/share/code/code'), ('MANAGERPID', '2223'), ('SYSTEMD_EXEC_PID', '2758'), ('DBUS_SESSION_BUS_ADDRESS', 'unix:path=/run/user/1000/bus'), ('COLORTERM', 'truecolor'), ('GIO_LAUNCHED_DESKTOP_FILE_PID', '50274'), ('ROS_DISTRO', 'humble'), ('GTK_IM_MODULE', 'ibus'), ('LOGNAME', 'fcanof'), ('JOURNAL_STREAM', '8:41161'), ('_', '/usr/bin/colcon'), ('ROS_VERSION', '2'), ('XDG_CONFIG_DIRS_VSCODE_SNAP_ORIG', '/etc/xdg/xdg-ubuntu:/etc/xdg'), ('XDG_SESSION_CLASS', 'user'), ('XDG_DATA_DIRS_VSCODE_SNAP_ORIG', '/usr/share/ubuntu:/usr/share/gnome:/usr/local/share/:/usr/share/:/var/lib/snapd/desktop'), ('USERNAME', 'fcanof'), ('TERM', 'xterm-256color'), ('GNOME_DESKTOP_SESSION_ID', 'this-is-deprecated'), ('ROS_LOCALHOST_ONLY', '1'), ('WINDOWPATH', '2'), ('PATH', '/home/fcanof/.local/bin:/opt/ros/humble/bin:/home/fcanof/.local/bin:/usr/local/sbin:/usr/local/bin:/usr/sbin:/usr/bin:/sbin:/bin:/usr/games:/usr/local/games:/snap/bin:/snap/bin'), ('SESSION_MANAGER', 'local/fcanof:@/tmp/.ICE-unix/2736,unix/fcanof:/tmp/.ICE-unix/2736'), ('GTK_EXE_PREFIX', '/snap/code/154/usr'), ('INVOCATION_ID', '4c90a3b36feb4d8c9cb26423b3ecfd5d'), ('XDG_MENU_PREFIX', 'gnome-'), ('LC_ADDRESS', 'es_MX.UTF-8'), ('BAMF_DESKTOP_FILE_HINT', '/var/lib/snapd/desktop/applications/code_code.desktop'), ('XDG_RUNTIME_DIR', '/run/user/1000'), ('GDK_BACKEND', 'x11'), ('DISPLAY', ':1'), ('LOCPATH', '/snap/code/154/usr/lib/locale'), ('LANG', 'en_US.UTF-8'), ('XDG_CURRENT_DESKTOP', 'Unity'), ('LC_TELEPHONE', 'es_MX.UTF-8'), ('GIO_MODULE_DIR_VSCODE_SNAP_ORIG', ''), ('XMODIFIERS', '@im=ibus'), ('XDG_SESSION_DESKTOP', 'ubuntu'), ('XAUTHORITY', '/run/user/1000/gdm/Xauthority'), ('LS_COLORS', 'rs=0:di=01;34:ln=01;36:mh=00:pi=40;33:so=01;35:do=01;35:bd=40;33;01:cd=40;33;01:or=40;31;01:mi=00:su=37;41:sg=30;43:ca=30;41:tw=30;42:ow=34;42:st=37;44:ex=01;32:*.tar=01;31:*.tgz=01;31:*.arc=01;31:*.arj=01;31:*.taz=01;31:*.lha=01;31:*.lz4=01;31:*.lzh=01;31:*.lzma=01;31:*.tlz=01;31:*.txz=01;31:*.tzo=01;31:*.t7z=01;31:*.zip=01;31:*.z=01;31:*.dz=01;31:*.gz=01;31:*.lrz=01;31:*.lz=01;31:*.lzo=01;31:*.xz=01;31:*.zst=01;31:*.tzst=01;31:*.bz2=01;31:*.bz=01;31:*.tbz=01;31:*.tbz2=01;31:*.tz=01;31:*.deb=01;31:*.rpm=01;31:*.jar=01;31:*.war=01;31:*.ear=01;31:*.sar=01;31:*.rar=01;31:*.alz=01;31:*.ace=01;31:*.zoo=01;31:*.cpio=01;31:*.7z=01;31:*.rz=01;31:*.cab=01;31:*.wim=01;31:*.swm=01;31:*.dwm=01;31:*.esd=01;31:*.jpg=01;35:*.jpeg=01;35:*.mjpg=01;35:*.mjpeg=01;35:*.gif=01;35:*.bmp=01;35:*.pbm=01;35:*.pgm=01;35:*.ppm=01;35:*.tga=01;35:*.xbm=01;35:*.xpm=01;35:*.tif=01;35:*.tiff=01;35:*.png=01;35:*.svg=01;35:*.svgz=01;35:*.mng=01;35:*.pcx=01;35:*.mov=01;35:*.mpg=01;35:*.mpeg=01;35:*.m2v=01;35:*.mkv=01;35:*.webm=01;35:*.webp=01;35:*.ogm=01;35:*.mp4=01;35:*.m4v=01;35:*.mp4v=01;35:*.vob=01;35:*.qt=01;35:*.nuv=01;35:*.wmv=01;35:*.asf=01;35:*.rm=01;35:*.rmvb=01;35:*.flc=01;35:*.avi=01;35:*.fli=01;35:*.flv=01;35:*.gl=01;35:*.dl=01;35:*.xcf=01;35:*.xwd=01;35:*.yuv=01;35:*.cgm=01;35:*.emf=01;35:*.ogv=01;35:*.ogx=01;35:*.aac=00;36:*.au=00;36:*.flac=00;36:*.m4a=00;36:*.mid=00;36:*.midi=00;36:*.mka=00;36:*.mp3=00;36:*.mpc=00;36:*.ogg=00;36:*.ra=00;36:*.wav=00;36:*.oga=00;36:*.opus=00;36:*.spx=00;36:*.xspf=00;36:'), ('VSCODE_GIT_IPC_HANDLE', '/run/user/1000/vscode-git-676dc8d9e0.sock'), ('TERM_PROGRAM', 'vscode'), ('SSH_AGENT_LAUNCHER', 'gnome-keyring'), ('SSH_AUTH_SOCK', '/run/user/1000/keyring/ssh'), ('GSETTINGS_SCHEMA_DIR', '/home/fcanof/snap/code/154/.local/share/glib-2.0/schemas'), ('ROS_DOMAIN_ID', '8'), ('AMENT_PREFIX_PATH', '/home/fcanof/vanttec_sdv/install/vectornav_msgs:/home/fcanof/vanttec_sdv/install/sdv_msgs:/opt/ros/humble'), ('ORIGINAL_XDG_CURRENT_DESKTOP', 'ubuntu:GNOME'), ('SHELL', '/bin/bash'), ('LC_NAME', 'es_MX.UTF-8'), ('QT_ACCESSIBILITY', '1'), ('GDMSESSION', 'ubuntu'), ('LESSCLOSE', '/usr/bin/lesspipe %s %s'), ('GTK_PATH_VSCODE_SNAP_ORIG', ''), ('GTK_IM_MODULE_FILE_VSCODE_SNAP_ORIG', ''), ('LC_MEASUREMENT', 'es_MX.UTF-8'), ('GPG_AGENT_INFO', '/run/user/1000/gnupg/S.gpg-agent:0:1'), ('GJS_DEBUG_OUTPUT', 'stderr'), ('LC_IDENTIFICATION', 'es_MX.UTF-8'), ('VSCODE_GIT_ASKPASS_EXTRA_ARGS', ''), ('QT_IM_MODULE', 'ibus'), ('PWD', '/home/fcanof/vanttec_sdv/build/sdv_can'), ('LC_ALL', 'en_US.UTF-8'), ('XDG_CONFIG_DIRS', '/etc/xdg/xdg-ubuntu:/etc/xdg'), ('XDG_DATA_DIRS', '/home/fcanof/snap/code/154/.local/share:/home/fcanof/snap/code/154:/snap/code/154/usr/share:/usr/share/ubuntu:/usr/share/gnome:/usr/local/share/:/usr/share/:/var/lib/snapd/desktop'), ('PYTHONPATH', '/home/fcanof/vanttec_sdv/install/vectornav_msgs/local/lib/python3.10/dist-packages:/home/fcanof/vanttec_sdv/install/sdv_msgs/local/lib/python3.10/dist-packages:/opt/ros/humble/lib/python3.10/site-packages:/opt/ros/humble/local/lib/python3.10/dist-packages'), ('LC_NUMERIC', 'es_MX.UTF-8'), ('LC_PAPER', 'es_MX.UTF-8'), ('COLCON', '1'), ('CMAKE_PREFIX_PATH', '/home/fcanof/vanttec_sdv/install/vectornav_msgs:/home/fcanof/vanttec_sdv/install/sdv_msgs:/opt/ros/humble')]), 'shell': False}
[1.369388] (sdv_can) StdoutLine: {'line': b'\x1b[35m\x1b[1mConsolidate compiler generated dependencies of target Vanttec_CANLibLIB\x1b[0m\n'}
[1.378824] (sdv_can) StdoutLine: {'line': b'[ 50%] Built target Vanttec_CANLibLIB\n'}
[1.389020] (sdv_can) StdoutLine: {'line': b'\x1b[35m\x1b[1mConsolidate compiler generated dependencies of target can_node\x1b[0m\n'}
[1.401436] (-) TimerEvent: {}
[1.409860] (sdv_can) StdoutLine: {'line': b'[ 60%] \x1b[32mBuilding CXX object CMakeFiles/can_node.dir/src/can_node.cpp.o\x1b[0m\n'}
[1.411028] (sdv_can) StdoutLine: {'line': b'[ 70%] \x1b[32mBuilding CXX object CMakeFiles/can_node.dir/src/CANTxNode.cpp.o\x1b[0m\n'}
[1.501527] (-) TimerEvent: {}
[1.601759] (-) TimerEvent: {}
[1.701992] (-) TimerEvent: {}
[1.802229] (-) TimerEvent: {}
[1.902459] (-) TimerEvent: {}
[2.002691] (-) TimerEvent: {}
[2.102926] (-) TimerEvent: {}
[2.203162] (-) TimerEvent: {}
[2.303393] (-) TimerEvent: {}
[2.403664] (-) TimerEvent: {}
[2.503911] (-) TimerEvent: {}
[2.604146] (-) TimerEvent: {}
[2.704394] (-) TimerEvent: {}
[2.804643] (-) TimerEvent: {}
[2.904881] (-) TimerEvent: {}
[3.005125] (-) TimerEvent: {}
[3.105374] (-) TimerEvent: {}
[3.205620] (-) TimerEvent: {}
[3.305873] (-) TimerEvent: {}
[3.406135] (-) TimerEvent: {}
[3.506414] (-) TimerEvent: {}
[3.606662] (-) TimerEvent: {}
[3.706902] (-) TimerEvent: {}
[3.761311] (sdv_can) StderrLine: {'line': b'\x1b[01m\x1b[K/home/fcanof/vanttec_sdv/workspace/src/sdv_can/src/CANTxNode.cpp:\x1b[m\x1b[K In lambda function:\n'}
[3.761494] (sdv_can) StderrLine: {'line': b'\x1b[01m\x1b[K/home/fcanof/vanttec_sdv/workspace/src/sdv_can/src/CANTxNode.cpp:22:9:\x1b[m\x1b[K \x1b[01;31m\x1b[Kerror: \x1b[m\x1b[K\xe2\x80\x98\x1b[01m\x1b[Khandler\x1b[m\x1b[K\xe2\x80\x99 is not captured\n'}
[3.761565] (sdv_can) StderrLine: {'line': b'   22 |         \x1b[01;31m\x1b[Khandler\x1b[m\x1b[K->write(steerMsg);\n'}
[3.761626] (sdv_can) StderrLine: {'line': b'      |         \x1b[01;31m\x1b[K^~~~~~~\x1b[m\x1b[K\n'}
[3.761685] (sdv_can) StderrLine: {'line': b'\x1b[01m\x1b[K/home/fcanof/vanttec_sdv/workspace/src/sdv_can/src/CANTxNode.cpp:18:27:\x1b[m\x1b[K \x1b[01;36m\x1b[Knote: \x1b[m\x1b[Kthe lambda has no capture-default\n'}
[3.761744] (sdv_can) StderrLine: {'line': b'   18 |       "cmd_vel", 10, [this\x1b[01;36m\x1b[K]\x1b[m\x1b[K(const geometry_msgs::msg::Twist &msg){\n'}
[3.761803] (sdv_can) StderrLine: {'line': b'      |                           \x1b[01;36m\x1b[K^\x1b[m\x1b[K\n'}
[3.761860] (sdv_can) StderrLine: {'line': b'\x1b[01m\x1b[K/home/fcanof/vanttec_sdv/workspace/src/sdv_can/src/CANTxNode.cpp:10:66:\x1b[m\x1b[K \x1b[01;36m\x1b[Knote: \x1b[m\x1b[K\xe2\x80\x98\x1b[01m\x1b[Kconst std::shared_ptr<vanttec::CANHandler>& handler\x1b[m\x1b[K\xe2\x80\x99 declared here\n'}
[3.761920] (sdv_can) StderrLine: {'line': b'   10 | CANTxNode::CANTxNode(\x1b[01;36m\x1b[Kconst std::shared_ptr<vanttec::CANHandler> &handler\x1b[m\x1b[K)\n'}
[3.761978] (sdv_can) StderrLine: {'line': b'      |                      \x1b[01;36m\x1b[K~~~~~~~~~~~~~~~~~~~~~~~~~~~~~~~~~~~~~~~~~~~~^~~~~~~\x1b[m\x1b[K\n'}
[3.777628] (sdv_can) StderrLine: {'line': b'\x1b[01m\x1b[K/home/fcanof/vanttec_sdv/workspace/src/sdv_can/src/CANTxNode.cpp:\x1b[m\x1b[K In member function \xe2\x80\x98\x1b[01m\x1b[Kvoid CANTxNode::steering_callback(const Vector3&)\x1b[m\x1b[K\xe2\x80\x99:\n'}
[3.777783] (sdv_can) StderrLine: {'line': b'\x1b[01m\x1b[K/home/fcanof/vanttec_sdv/workspace/src/sdv_can/src/CANTxNode.cpp:38:12:\x1b[m\x1b[K \x1b[01;35m\x1b[Kwarning: \x1b[m\x1b[Kunused variable \xe2\x80\x98\x1b[01m\x1b[Kstpr_frame\x1b[m\x1b[K\xe2\x80\x99 [\x1b[01;35m\x1b[K\x1b]8;;https://gcc.gnu.org/onlinedocs/gcc/Warning-Options.html#index-Wunused-variable\x07-Wunused-variable\x1b]8;;\x07\x1b[m\x1b[K]\n'}
[3.777856] (sdv_can) StderrLine: {'line': b'   38 |   uint32_t \x1b[01;35m\x1b[Kstpr_frame\x1b[m\x1b[K = 0;\n'}
[3.777917] (sdv_can) StderrLine: {'line': b'      |            \x1b[01;35m\x1b[K^~~~~~~~~~\x1b[m\x1b[K\n'}
[3.777976] (sdv_can) StderrLine: {'line': b'\x1b[01m\x1b[K/home/fcanof/vanttec_sdv/workspace/src/sdv_can/src/CANTxNode.cpp:40:12:\x1b[m\x1b[K \x1b[01;35m\x1b[Kwarning: \x1b[m\x1b[Kunused variable \xe2\x80\x98\x1b[01m\x1b[Ksteps\x1b[m\x1b[K\xe2\x80\x99 [\x1b[01;35m\x1b[K\x1b]8;;https://gcc.gnu.org/onlinedocs/gcc/Warning-Options.html#index-Wunused-variable\x07-Wunused-variable\x1b]8;;\x07\x1b[m\x1b[K]\n'}
[3.778037] (sdv_can) StderrLine: {'line': b'   40 |   uint16_t \x1b[01;35m\x1b[Ksteps\x1b[m\x1b[K = (uint16_t) msg.y;\n'}
[3.778104] (sdv_can) StderrLine: {'line': b'      |            \x1b[01;35m\x1b[K^~~~~\x1b[m\x1b[K\n'}
[3.806992] (-) TimerEvent: {}
[3.907219] (-) TimerEvent: {}
[4.007456] (-) TimerEvent: {}
[4.107689] (-) TimerEvent: {}
[4.207928] (-) TimerEvent: {}
[4.308172] (-) TimerEvent: {}
[4.408399] (-) TimerEvent: {}
[4.508660] (-) TimerEvent: {}
[4.608933] (-) TimerEvent: {}
[4.709193] (-) TimerEvent: {}
[4.809465] (-) TimerEvent: {}
[4.909738] (-) TimerEvent: {}
[5.010002] (-) TimerEvent: {}
[5.110266] (-) TimerEvent: {}
[5.210541] (-) TimerEvent: {}
[5.310842] (-) TimerEvent: {}
[5.411153] (-) TimerEvent: {}
[5.511430] (-) TimerEvent: {}
[5.611692] (-) TimerEvent: {}
[5.711986] (-) TimerEvent: {}
[5.812249] (-) TimerEvent: {}
[5.912508] (-) TimerEvent: {}
[6.012770] (-) TimerEvent: {}
[6.113030] (-) TimerEvent: {}
[6.213282] (-) TimerEvent: {}
[6.313547] (-) TimerEvent: {}
[6.413815] (-) TimerEvent: {}
[6.514083] (-) TimerEvent: {}
[6.614340] (-) TimerEvent: {}
[6.714599] (-) TimerEvent: {}
[6.814852] (-) TimerEvent: {}
[6.887984] (sdv_can) StderrLine: {'line': b'gmake[2]: *** [CMakeFiles/can_node.dir/build.make:90: CMakeFiles/can_node.dir/src/CANTxNode.cpp.o] Error 1\n'}
[6.888207] (sdv_can) StderrLine: {'line': b'gmake[1]: *** [CMakeFiles/Makefile2:154: CMakeFiles/can_node.dir/all] Error 2\n'}
[6.888358] (sdv_can) StderrLine: {'line': b'gmake: *** [Makefile:146: all] Error 2\n'}
[6.890112] (sdv_can) CommandEnded: {'returncode': 2}
[6.914949] (-) TimerEvent: {}
[6.975254] (sdv_can) JobEnded: {'identifier': 'sdv_can', 'rc': 2}
[6.985919] (-) EventReactorShutdown: {}
