[0.161s] DEBUG:colcon:Command line arguments: ['/usr/bin/colcon', 'build', '--packages-select', 'sdv_msgs']
[0.161s] DEBUG:colcon:Parsed command line arguments: Namespace(log_base=None, log_level=None, verb_name='build', build_base='build', install_base='install', merge_install=False, symlink_install=False, test_result_base=None, continue_on_error=False, executor='parallel', parallel_workers=12, event_handlers=None, ignore_user_meta=False, metas=['./colcon.meta'], base_paths=['.'], packages_ignore=None, packages_ignore_regex=None, paths=None, packages_up_to=None, packages_up_to_regex=None, packages_above=None, packages_above_and_dependencies=None, packages_above_depth=None, packages_select_by_dep=None, packages_skip_by_dep=None, packages_skip_up_to=None, packages_select_build_failed=False, packages_skip_build_finished=False, packages_select_test_failures=False, packages_skip_test_passed=False, packages_select=['sdv_msgs'], packages_skip=None, packages_select_regex=None, packages_skip_regex=None, packages_start=None, packages_end=None, allow_overriding=[], cmake_args=None, cmake_target=None, cmake_target_skip_unavailable=False, cmake_clean_cache=False, cmake_clean_first=False, cmake_force_configure=False, ament_cmake_args=None, catkin_cmake_args=None, catkin_skip_building_tests=False, verb_parser=<colcon_defaults.argument_parser.defaults.DefaultArgumentsDecorator object at 0x79d48cbd55d0>, verb_extension=<colcon_core.verb.build.BuildVerb object at 0x79d48cbd5000>, main=<bound method BuildVerb.main of <colcon_core.verb.build.BuildVerb object at 0x79d48cbd5000>>)
[0.397s] Level 1:colcon.colcon_core.package_discovery:discover_packages(colcon_meta) check parameters
[0.397s] Level 1:colcon.colcon_core.package_discovery:discover_packages(recursive) check parameters
[0.397s] Level 1:colcon.colcon_core.package_discovery:discover_packages(ignore) check parameters
[0.397s] Level 1:colcon.colcon_core.package_discovery:discover_packages(path) check parameters
[0.397s] Level 1:colcon.colcon_core.package_discovery:discover_packages(colcon_meta) discover
[0.397s] Level 1:colcon.colcon_core.package_discovery:discover_packages(recursive) discover
[0.398s] INFO:colcon.colcon_core.package_discovery:Crawling recursively for packages in '/home/fectec151/Downloads/Projects/vanttec_sdv'
[0.398s] Level 1:colcon.colcon_core.package_identification:_identify(.) by extensions ['ignore', 'ignore_ament_install']
[0.398s] Level 1:colcon.colcon_core.package_identification:_identify(.) by extension 'ignore'
[0.398s] Level 1:colcon.colcon_core.package_identification:_identify(.) by extension 'ignore_ament_install'
[0.398s] Level 1:colcon.colcon_core.package_identification:_identify(.) by extensions ['colcon_pkg']
[0.398s] Level 1:colcon.colcon_core.package_identification:_identify(.) by extension 'colcon_pkg'
[0.398s] Level 1:colcon.colcon_core.package_identification:_identify(.) by extensions ['colcon_meta']
[0.398s] Level 1:colcon.colcon_core.package_identification:_identify(.) by extension 'colcon_meta'
[0.398s] Level 1:colcon.colcon_core.package_identification:_identify(.) by extensions ['ros']
[0.398s] Level 1:colcon.colcon_core.package_identification:_identify(.) by extension 'ros'
[0.421s] Level 1:colcon.colcon_core.package_identification:_identify(.) by extensions ['cmake', 'python']
[0.421s] Level 1:colcon.colcon_core.package_identification:_identify(.) by extension 'cmake'
[0.421s] Level 1:colcon.colcon_core.package_identification:_identify(.) by extension 'python'
[0.421s] Level 1:colcon.colcon_core.package_identification:_identify(.) by extensions ['python_setup_py']
[0.421s] Level 1:colcon.colcon_core.package_identification:_identify(.) by extension 'python_setup_py'
[0.421s] Level 1:colcon.colcon_core.package_identification:_identify(build) by extensions ['ignore', 'ignore_ament_install']
[0.422s] Level 1:colcon.colcon_core.package_identification:_identify(build) by extension 'ignore'
[0.422s] Level 1:colcon.colcon_core.package_identification:_identify(build) ignored
[0.422s] Level 1:colcon.colcon_core.package_identification:_identify(contrib) by extensions ['ignore', 'ignore_ament_install']
[0.422s] Level 1:colcon.colcon_core.package_identification:_identify(contrib) by extension 'ignore'
[0.422s] Level 1:colcon.colcon_core.package_identification:_identify(contrib) by extension 'ignore_ament_install'
[0.422s] Level 1:colcon.colcon_core.package_identification:_identify(contrib) by extensions ['colcon_pkg']
[0.422s] Level 1:colcon.colcon_core.package_identification:_identify(contrib) by extension 'colcon_pkg'
[0.422s] Level 1:colcon.colcon_core.package_identification:_identify(contrib) by extensions ['colcon_meta']
[0.423s] Level 1:colcon.colcon_core.package_identification:_identify(contrib) by extension 'colcon_meta'
[0.423s] Level 1:colcon.colcon_core.package_identification:_identify(contrib) by extensions ['ros']
[0.423s] Level 1:colcon.colcon_core.package_identification:_identify(contrib) by extension 'ros'
[0.423s] Level 1:colcon.colcon_core.package_identification:_identify(contrib) by extensions ['cmake', 'python']
[0.423s] Level 1:colcon.colcon_core.package_identification:_identify(contrib) by extension 'cmake'
[0.423s] Level 1:colcon.colcon_core.package_identification:_identify(contrib) by extension 'python'
[0.423s] Level 1:colcon.colcon_core.package_identification:_identify(contrib) by extensions ['python_setup_py']
[0.423s] Level 1:colcon.colcon_core.package_identification:_identify(contrib) by extension 'python_setup_py'
[0.423s] Level 1:colcon.colcon_core.package_identification:_identify(install) by extensions ['ignore', 'ignore_ament_install']
[0.423s] Level 1:colcon.colcon_core.package_identification:_identify(install) by extension 'ignore'
[0.424s] Level 1:colcon.colcon_core.package_identification:_identify(install) ignored
[0.424s] Level 1:colcon.colcon_core.package_identification:_identify(log) by extensions ['ignore', 'ignore_ament_install']
[0.424s] Level 1:colcon.colcon_core.package_identification:_identify(log) by extension 'ignore'
[0.424s] Level 1:colcon.colcon_core.package_identification:_identify(log) ignored
[0.424s] Level 1:colcon.colcon_core.package_identification:_identify(utils) by extensions ['ignore', 'ignore_ament_install']
[0.424s] Level 1:colcon.colcon_core.package_identification:_identify(utils) by extension 'ignore'
[0.424s] Level 1:colcon.colcon_core.package_identification:_identify(utils) by extension 'ignore_ament_install'
[0.425s] Level 1:colcon.colcon_core.package_identification:_identify(utils) by extensions ['colcon_pkg']
[0.425s] Level 1:colcon.colcon_core.package_identification:_identify(utils) by extension 'colcon_pkg'
[0.425s] Level 1:colcon.colcon_core.package_identification:_identify(utils) by extensions ['colcon_meta']
[0.425s] Level 1:colcon.colcon_core.package_identification:_identify(utils) by extension 'colcon_meta'
[0.425s] Level 1:colcon.colcon_core.package_identification:_identify(utils) by extensions ['ros']
[0.425s] Level 1:colcon.colcon_core.package_identification:_identify(utils) by extension 'ros'
[0.425s] Level 1:colcon.colcon_core.package_identification:_identify(utils) by extensions ['cmake', 'python']
[0.425s] Level 1:colcon.colcon_core.package_identification:_identify(utils) by extension 'cmake'
[0.425s] Level 1:colcon.colcon_core.package_identification:_identify(utils) by extension 'python'
[0.425s] Level 1:colcon.colcon_core.package_identification:_identify(utils) by extensions ['python_setup_py']
[0.425s] Level 1:colcon.colcon_core.package_identification:_identify(utils) by extension 'python_setup_py'
[0.425s] Level 1:colcon.colcon_core.package_identification:_identify(utils/lidar_imu_calibration) by extensions ['ignore', 'ignore_ament_install']
[0.426s] Level 1:colcon.colcon_core.package_identification:_identify(utils/lidar_imu_calibration) by extension 'ignore'
[0.426s] Level 1:colcon.colcon_core.package_identification:_identify(utils/lidar_imu_calibration) by extension 'ignore_ament_install'
[0.426s] Level 1:colcon.colcon_core.package_identification:_identify(utils/lidar_imu_calibration) by extensions ['colcon_pkg']
[0.426s] Level 1:colcon.colcon_core.package_identification:_identify(utils/lidar_imu_calibration) by extension 'colcon_pkg'
[0.426s] Level 1:colcon.colcon_core.package_identification:_identify(utils/lidar_imu_calibration) by extensions ['colcon_meta']
[0.426s] Level 1:colcon.colcon_core.package_identification:_identify(utils/lidar_imu_calibration) by extension 'colcon_meta'
[0.426s] Level 1:colcon.colcon_core.package_identification:_identify(utils/lidar_imu_calibration) by extensions ['ros']
[0.426s] Level 1:colcon.colcon_core.package_identification:_identify(utils/lidar_imu_calibration) by extension 'ros'
[0.426s] Level 1:colcon.colcon_core.package_identification:_identify(utils/lidar_imu_calibration) by extensions ['cmake', 'python']
[0.426s] Level 1:colcon.colcon_core.package_identification:_identify(utils/lidar_imu_calibration) by extension 'cmake'
[0.426s] Level 1:colcon.colcon_core.package_identification:_identify(utils/lidar_imu_calibration) by extension 'python'
[0.426s] Level 1:colcon.colcon_core.package_identification:_identify(utils/lidar_imu_calibration) by extensions ['python_setup_py']
[0.427s] Level 1:colcon.colcon_core.package_identification:_identify(utils/lidar_imu_calibration) by extension 'python_setup_py'
[0.427s] Level 1:colcon.colcon_core.package_identification:_identify(utils/lidar_imu_calibration/OA-LICalib) by extensions ['ignore', 'ignore_ament_install']
[0.427s] Level 1:colcon.colcon_core.package_identification:_identify(utils/lidar_imu_calibration/OA-LICalib) by extension 'ignore'
[0.427s] Level 1:colcon.colcon_core.package_identification:_identify(utils/lidar_imu_calibration/OA-LICalib) by extension 'ignore_ament_install'
[0.427s] Level 1:colcon.colcon_core.package_identification:_identify(utils/lidar_imu_calibration/OA-LICalib) by extensions ['colcon_pkg']
[0.427s] Level 1:colcon.colcon_core.package_identification:_identify(utils/lidar_imu_calibration/OA-LICalib) by extension 'colcon_pkg'
[0.427s] Level 1:colcon.colcon_core.package_identification:_identify(utils/lidar_imu_calibration/OA-LICalib) by extensions ['colcon_meta']
[0.427s] Level 1:colcon.colcon_core.package_identification:_identify(utils/lidar_imu_calibration/OA-LICalib) by extension 'colcon_meta'
[0.427s] Level 1:colcon.colcon_core.package_identification:_identify(utils/lidar_imu_calibration/OA-LICalib) by extensions ['ros']
[0.427s] Level 1:colcon.colcon_core.package_identification:_identify(utils/lidar_imu_calibration/OA-LICalib) by extension 'ros'
[0.433s] DEBUG:colcon.colcon_core.package_identification:Package 'utils/lidar_imu_calibration/OA-LICalib' with type 'ros.catkin' and name 'oa_licalib'
[0.433s] Level 1:colcon.colcon_core.package_identification:_identify(workspace) by extensions ['ignore', 'ignore_ament_install']
[0.434s] Level 1:colcon.colcon_core.package_identification:_identify(workspace) by extension 'ignore'
[0.434s] Level 1:colcon.colcon_core.package_identification:_identify(workspace) by extension 'ignore_ament_install'
[0.434s] Level 1:colcon.colcon_core.package_identification:_identify(workspace) by extensions ['colcon_pkg']
[0.434s] Level 1:colcon.colcon_core.package_identification:_identify(workspace) by extension 'colcon_pkg'
[0.434s] Level 1:colcon.colcon_core.package_identification:_identify(workspace) by extensions ['colcon_meta']
[0.434s] Level 1:colcon.colcon_core.package_identification:_identify(workspace) by extension 'colcon_meta'
[0.434s] Level 1:colcon.colcon_core.package_identification:_identify(workspace) by extensions ['ros']
[0.434s] Level 1:colcon.colcon_core.package_identification:_identify(workspace) by extension 'ros'
[0.434s] Level 1:colcon.colcon_core.package_identification:_identify(workspace) by extensions ['cmake', 'python']
[0.434s] Level 1:colcon.colcon_core.package_identification:_identify(workspace) by extension 'cmake'
[0.434s] Level 1:colcon.colcon_core.package_identification:_identify(workspace) by extension 'python'
[0.434s] Level 1:colcon.colcon_core.package_identification:_identify(workspace) by extensions ['python_setup_py']
[0.435s] Level 1:colcon.colcon_core.package_identification:_identify(workspace) by extension 'python_setup_py'
[0.435s] Level 1:colcon.colcon_core.package_identification:_identify(workspace/build) by extensions ['ignore', 'ignore_ament_install']
[0.435s] Level 1:colcon.colcon_core.package_identification:_identify(workspace/build) by extension 'ignore'
[0.435s] Level 1:colcon.colcon_core.package_identification:_identify(workspace/build) ignored
[0.435s] Level 1:colcon.colcon_core.package_identification:_identify(workspace/install) by extensions ['ignore', 'ignore_ament_install']
[0.435s] Level 1:colcon.colcon_core.package_identification:_identify(workspace/install) by extension 'ignore'
[0.435s] Level 1:colcon.colcon_core.package_identification:_identify(workspace/install) ignored
[0.436s] Level 1:colcon.colcon_core.package_identification:_identify(workspace/log) by extensions ['ignore', 'ignore_ament_install']
[0.436s] Level 1:colcon.colcon_core.package_identification:_identify(workspace/log) by extension 'ignore'
[0.436s] Level 1:colcon.colcon_core.package_identification:_identify(workspace/log) ignored
[0.436s] Level 1:colcon.colcon_core.package_identification:_identify(workspace/src) by extensions ['ignore', 'ignore_ament_install']
[0.436s] Level 1:colcon.colcon_core.package_identification:_identify(workspace/src) by extension 'ignore'
[0.436s] Level 1:colcon.colcon_core.package_identification:_identify(workspace/src) by extension 'ignore_ament_install'
[0.436s] Level 1:colcon.colcon_core.package_identification:_identify(workspace/src) by extensions ['colcon_pkg']
[0.436s] Level 1:colcon.colcon_core.package_identification:_identify(workspace/src) by extension 'colcon_pkg'
[0.437s] Level 1:colcon.colcon_core.package_identification:_identify(workspace/src) by extensions ['colcon_meta']
[0.437s] Level 1:colcon.colcon_core.package_identification:_identify(workspace/src) by extension 'colcon_meta'
[0.437s] Level 1:colcon.colcon_core.package_identification:_identify(workspace/src) by extensions ['ros']
[0.437s] Level 1:colcon.colcon_core.package_identification:_identify(workspace/src) by extension 'ros'
[0.437s] Level 1:colcon.colcon_core.package_identification:_identify(workspace/src) by extensions ['cmake', 'python']
[0.437s] Level 1:colcon.colcon_core.package_identification:_identify(workspace/src) by extension 'cmake'
[0.437s] Level 1:colcon.colcon_core.package_identification:_identify(workspace/src) by extension 'python'
[0.437s] Level 1:colcon.colcon_core.package_identification:_identify(workspace/src) by extensions ['python_setup_py']
[0.437s] Level 1:colcon.colcon_core.package_identification:_identify(workspace/src) by extension 'python_setup_py'
[0.437s] Level 1:colcon.colcon_core.package_identification:_identify(workspace/src/LIO-SAM) by extensions ['ignore', 'ignore_ament_install']
[0.437s] Level 1:colcon.colcon_core.package_identification:_identify(workspace/src/LIO-SAM) by extension 'ignore'
[0.437s] Level 1:colcon.colcon_core.package_identification:_identify(workspace/src/LIO-SAM) by extension 'ignore_ament_install'
[0.437s] Level 1:colcon.colcon_core.package_identification:_identify(workspace/src/LIO-SAM) by extensions ['colcon_pkg']
[0.437s] Level 1:colcon.colcon_core.package_identification:_identify(workspace/src/LIO-SAM) by extension 'colcon_pkg'
[0.437s] Level 1:colcon.colcon_core.package_identification:_identify(workspace/src/LIO-SAM) by extensions ['colcon_meta']
[0.437s] Level 1:colcon.colcon_core.package_identification:_identify(workspace/src/LIO-SAM) by extension 'colcon_meta'
[0.437s] Level 1:colcon.colcon_core.package_identification:_identify(workspace/src/LIO-SAM) by extensions ['ros']
[0.437s] Level 1:colcon.colcon_core.package_identification:_identify(workspace/src/LIO-SAM) by extension 'ros'
[0.439s] DEBUG:colcon.colcon_core.package_identification:Package 'workspace/src/LIO-SAM' with type 'ros.ament_cmake' and name 'lio_sam'
[0.440s] Level 1:colcon.colcon_core.package_identification:_identify(workspace/src/drivers) by extensions ['ignore', 'ignore_ament_install']
[0.440s] Level 1:colcon.colcon_core.package_identification:_identify(workspace/src/drivers) by extension 'ignore'
[0.440s] Level 1:colcon.colcon_core.package_identification:_identify(workspace/src/drivers) by extension 'ignore_ament_install'
[0.440s] Level 1:colcon.colcon_core.package_identification:_identify(workspace/src/drivers) by extensions ['colcon_pkg']
[0.440s] Level 1:colcon.colcon_core.package_identification:_identify(workspace/src/drivers) by extension 'colcon_pkg'
[0.440s] Level 1:colcon.colcon_core.package_identification:_identify(workspace/src/drivers) by extensions ['colcon_meta']
[0.440s] Level 1:colcon.colcon_core.package_identification:_identify(workspace/src/drivers) by extension 'colcon_meta'
[0.440s] Level 1:colcon.colcon_core.package_identification:_identify(workspace/src/drivers) by extensions ['ros']
[0.441s] Level 1:colcon.colcon_core.package_identification:_identify(workspace/src/drivers) by extension 'ros'
[0.441s] Level 1:colcon.colcon_core.package_identification:_identify(workspace/src/drivers) by extensions ['cmake', 'python']
[0.441s] Level 1:colcon.colcon_core.package_identification:_identify(workspace/src/drivers) by extension 'cmake'
[0.441s] Level 1:colcon.colcon_core.package_identification:_identify(workspace/src/drivers) by extension 'python'
[0.441s] Level 1:colcon.colcon_core.package_identification:_identify(workspace/src/drivers) by extensions ['python_setup_py']
[0.441s] Level 1:colcon.colcon_core.package_identification:_identify(workspace/src/drivers) by extension 'python_setup_py'
[0.441s] Level 1:colcon.colcon_core.package_identification:_identify(workspace/src/drivers/sbg_ros2_driver) by extensions ['ignore', 'ignore_ament_install']
[0.441s] Level 1:colcon.colcon_core.package_identification:_identify(workspace/src/drivers/sbg_ros2_driver) by extension 'ignore'
[0.441s] Level 1:colcon.colcon_core.package_identification:_identify(workspace/src/drivers/sbg_ros2_driver) by extension 'ignore_ament_install'
[0.442s] Level 1:colcon.colcon_core.package_identification:_identify(workspace/src/drivers/sbg_ros2_driver) by extensions ['colcon_pkg']
[0.442s] Level 1:colcon.colcon_core.package_identification:_identify(workspace/src/drivers/sbg_ros2_driver) by extension 'colcon_pkg'
[0.442s] Level 1:colcon.colcon_core.package_identification:_identify(workspace/src/drivers/sbg_ros2_driver) by extensions ['colcon_meta']
[0.442s] Level 1:colcon.colcon_core.package_identification:_identify(workspace/src/drivers/sbg_ros2_driver) by extension 'colcon_meta'
[0.442s] Level 1:colcon.colcon_core.package_identification:_identify(workspace/src/drivers/sbg_ros2_driver) by extensions ['ros']
[0.442s] Level 1:colcon.colcon_core.package_identification:_identify(workspace/src/drivers/sbg_ros2_driver) by extension 'ros'
[0.442s] Level 1:colcon.colcon_core.package_identification:_identify(workspace/src/drivers/sbg_ros2_driver) by extensions ['cmake', 'python']
[0.442s] Level 1:colcon.colcon_core.package_identification:_identify(workspace/src/drivers/sbg_ros2_driver) by extension 'cmake'
[0.442s] Level 1:colcon.colcon_core.package_identification:_identify(workspace/src/drivers/sbg_ros2_driver) by extension 'python'
[0.442s] Level 1:colcon.colcon_core.package_identification:_identify(workspace/src/drivers/sbg_ros2_driver) by extensions ['python_setup_py']
[0.442s] Level 1:colcon.colcon_core.package_identification:_identify(workspace/src/drivers/sbg_ros2_driver) by extension 'python_setup_py'
[0.442s] Level 1:colcon.colcon_core.package_identification:_identify(workspace/src/drivers/vectornav) by extensions ['ignore', 'ignore_ament_install']
[0.442s] Level 1:colcon.colcon_core.package_identification:_identify(workspace/src/drivers/vectornav) by extension 'ignore'
[0.442s] Level 1:colcon.colcon_core.package_identification:_identify(workspace/src/drivers/vectornav) by extension 'ignore_ament_install'
[0.443s] Level 1:colcon.colcon_core.package_identification:_identify(workspace/src/drivers/vectornav) by extensions ['colcon_pkg']
[0.443s] Level 1:colcon.colcon_core.package_identification:_identify(workspace/src/drivers/vectornav) by extension 'colcon_pkg'
[0.443s] Level 1:colcon.colcon_core.package_identification:_identify(workspace/src/drivers/vectornav) by extensions ['colcon_meta']
[0.443s] Level 1:colcon.colcon_core.package_identification:_identify(workspace/src/drivers/vectornav) by extension 'colcon_meta'
[0.443s] Level 1:colcon.colcon_core.package_identification:_identify(workspace/src/drivers/vectornav) by extensions ['ros']
[0.443s] Level 1:colcon.colcon_core.package_identification:_identify(workspace/src/drivers/vectornav) by extension 'ros'
[0.443s] Level 1:colcon.colcon_core.package_identification:_identify(workspace/src/drivers/vectornav) by extensions ['cmake', 'python']
[0.443s] Level 1:colcon.colcon_core.package_identification:_identify(workspace/src/drivers/vectornav) by extension 'cmake'
[0.443s] Level 1:colcon.colcon_core.package_identification:_identify(workspace/src/drivers/vectornav) by extension 'python'
[0.443s] Level 1:colcon.colcon_core.package_identification:_identify(workspace/src/drivers/vectornav) by extensions ['python_setup_py']
[0.443s] Level 1:colcon.colcon_core.package_identification:_identify(workspace/src/drivers/vectornav) by extension 'python_setup_py'
[0.443s] Level 1:colcon.colcon_core.package_identification:_identify(workspace/src/drivers/vectornav/vectornav) by extensions ['ignore', 'ignore_ament_install']
[0.443s] Level 1:colcon.colcon_core.package_identification:_identify(workspace/src/drivers/vectornav/vectornav) by extension 'ignore'
[0.444s] Level 1:colcon.colcon_core.package_identification:_identify(workspace/src/drivers/vectornav/vectornav) by extension 'ignore_ament_install'
[0.444s] Level 1:colcon.colcon_core.package_identification:_identify(workspace/src/drivers/vectornav/vectornav) by extensions ['colcon_pkg']
[0.444s] Level 1:colcon.colcon_core.package_identification:_identify(workspace/src/drivers/vectornav/vectornav) by extension 'colcon_pkg'
[0.444s] Level 1:colcon.colcon_core.package_identification:_identify(workspace/src/drivers/vectornav/vectornav) by extensions ['colcon_meta']
[0.444s] Level 1:colcon.colcon_core.package_identification:_identify(workspace/src/drivers/vectornav/vectornav) by extension 'colcon_meta'
[0.444s] Level 1:colcon.colcon_core.package_identification:_identify(workspace/src/drivers/vectornav/vectornav) by extensions ['ros']
[0.444s] Level 1:colcon.colcon_core.package_identification:_identify(workspace/src/drivers/vectornav/vectornav) by extension 'ros'
[0.446s] DEBUG:colcon.colcon_core.package_identification:Package 'workspace/src/drivers/vectornav/vectornav' with type 'ros.ament_cmake' and name 'vectornav'
[0.446s] Level 1:colcon.colcon_core.package_identification:_identify(workspace/src/drivers/vectornav/vectornav_msgs) by extensions ['ignore', 'ignore_ament_install']
[0.446s] Level 1:colcon.colcon_core.package_identification:_identify(workspace/src/drivers/vectornav/vectornav_msgs) by extension 'ignore'
[0.446s] Level 1:colcon.colcon_core.package_identification:_identify(workspace/src/drivers/vectornav/vectornav_msgs) by extension 'ignore_ament_install'
[0.446s] Level 1:colcon.colcon_core.package_identification:_identify(workspace/src/drivers/vectornav/vectornav_msgs) by extensions ['colcon_pkg']
[0.447s] Level 1:colcon.colcon_core.package_identification:_identify(workspace/src/drivers/vectornav/vectornav_msgs) by extension 'colcon_pkg'
[0.447s] Level 1:colcon.colcon_core.package_identification:_identify(workspace/src/drivers/vectornav/vectornav_msgs) by extensions ['colcon_meta']
[0.447s] Level 1:colcon.colcon_core.package_identification:_identify(workspace/src/drivers/vectornav/vectornav_msgs) by extension 'colcon_meta'
[0.447s] Level 1:colcon.colcon_core.package_identification:_identify(workspace/src/drivers/vectornav/vectornav_msgs) by extensions ['ros']
[0.447s] Level 1:colcon.colcon_core.package_identification:_identify(workspace/src/drivers/vectornav/vectornav_msgs) by extension 'ros'
[0.448s] DEBUG:colcon.colcon_core.package_identification:Package 'workspace/src/drivers/vectornav/vectornav_msgs' with type 'ros.ament_cmake' and name 'vectornav_msgs'
[0.448s] Level 1:colcon.colcon_core.package_identification:_identify(workspace/src/isaac_ros_common) by extensions ['ignore', 'ignore_ament_install']
[0.448s] Level 1:colcon.colcon_core.package_identification:_identify(workspace/src/isaac_ros_common) by extension 'ignore'
[0.448s] Level 1:colcon.colcon_core.package_identification:_identify(workspace/src/isaac_ros_common) by extension 'ignore_ament_install'
[0.448s] Level 1:colcon.colcon_core.package_identification:_identify(workspace/src/isaac_ros_common) by extensions ['colcon_pkg']
[0.448s] Level 1:colcon.colcon_core.package_identification:_identify(workspace/src/isaac_ros_common) by extension 'colcon_pkg'
[0.448s] Level 1:colcon.colcon_core.package_identification:_identify(workspace/src/isaac_ros_common) by extensions ['colcon_meta']
[0.448s] Level 1:colcon.colcon_core.package_identification:_identify(workspace/src/isaac_ros_common) by extension 'colcon_meta'
[0.448s] Level 1:colcon.colcon_core.package_identification:_identify(workspace/src/isaac_ros_common) by extensions ['ros']
[0.448s] Level 1:colcon.colcon_core.package_identification:_identify(workspace/src/isaac_ros_common) by extension 'ros'
[0.449s] Level 1:colcon.colcon_core.package_identification:_identify(workspace/src/isaac_ros_common) by extensions ['cmake', 'python']
[0.449s] Level 1:colcon.colcon_core.package_identification:_identify(workspace/src/isaac_ros_common) by extension 'cmake'
[0.449s] Level 1:colcon.colcon_core.package_identification:_identify(workspace/src/isaac_ros_common) by extension 'python'
[0.449s] Level 1:colcon.colcon_core.package_identification:_identify(workspace/src/isaac_ros_common) by extensions ['python_setup_py']
[0.449s] Level 1:colcon.colcon_core.package_identification:_identify(workspace/src/isaac_ros_common) by extension 'python_setup_py'
[0.449s] Level 1:colcon.colcon_core.package_identification:_identify(workspace/src/isaac_ros_common/docker) by extensions ['ignore', 'ignore_ament_install']
[0.449s] Level 1:colcon.colcon_core.package_identification:_identify(workspace/src/isaac_ros_common/docker) by extension 'ignore'
[0.449s] Level 1:colcon.colcon_core.package_identification:_identify(workspace/src/isaac_ros_common/docker) by extension 'ignore_ament_install'
[0.449s] Level 1:colcon.colcon_core.package_identification:_identify(workspace/src/isaac_ros_common/docker) by extensions ['colcon_pkg']
[0.449s] Level 1:colcon.colcon_core.package_identification:_identify(workspace/src/isaac_ros_common/docker) by extension 'colcon_pkg'
[0.449s] Level 1:colcon.colcon_core.package_identification:_identify(workspace/src/isaac_ros_common/docker) by extensions ['colcon_meta']
[0.449s] Level 1:colcon.colcon_core.package_identification:_identify(workspace/src/isaac_ros_common/docker) by extension 'colcon_meta'
[0.449s] Level 1:colcon.colcon_core.package_identification:_identify(workspace/src/isaac_ros_common/docker) by extensions ['ros']
[0.449s] Level 1:colcon.colcon_core.package_identification:_identify(workspace/src/isaac_ros_common/docker) by extension 'ros'
[0.449s] Level 1:colcon.colcon_core.package_identification:_identify(workspace/src/isaac_ros_common/docker) by extensions ['cmake', 'python']
[0.449s] Level 1:colcon.colcon_core.package_identification:_identify(workspace/src/isaac_ros_common/docker) by extension 'cmake'
[0.449s] Level 1:colcon.colcon_core.package_identification:_identify(workspace/src/isaac_ros_common/docker) by extension 'python'
[0.450s] Level 1:colcon.colcon_core.package_identification:_identify(workspace/src/isaac_ros_common/docker) by extensions ['python_setup_py']
[0.450s] Level 1:colcon.colcon_core.package_identification:_identify(workspace/src/isaac_ros_common/docker) by extension 'python_setup_py'
[0.450s] Level 1:colcon.colcon_core.package_identification:_identify(workspace/src/isaac_ros_common/docker/middleware_profiles) by extensions ['ignore', 'ignore_ament_install']
[0.450s] Level 1:colcon.colcon_core.package_identification:_identify(workspace/src/isaac_ros_common/docker/middleware_profiles) by extension 'ignore'
[0.450s] Level 1:colcon.colcon_core.package_identification:_identify(workspace/src/isaac_ros_common/docker/middleware_profiles) by extension 'ignore_ament_install'
[0.450s] Level 1:colcon.colcon_core.package_identification:_identify(workspace/src/isaac_ros_common/docker/middleware_profiles) by extensions ['colcon_pkg']
[0.450s] Level 1:colcon.colcon_core.package_identification:_identify(workspace/src/isaac_ros_common/docker/middleware_profiles) by extension 'colcon_pkg'
[0.450s] Level 1:colcon.colcon_core.package_identification:_identify(workspace/src/isaac_ros_common/docker/middleware_profiles) by extensions ['colcon_meta']
[0.450s] Level 1:colcon.colcon_core.package_identification:_identify(workspace/src/isaac_ros_common/docker/middleware_profiles) by extension 'colcon_meta'
[0.450s] Level 1:colcon.colcon_core.package_identification:_identify(workspace/src/isaac_ros_common/docker/middleware_profiles) by extensions ['ros']
[0.450s] Level 1:colcon.colcon_core.package_identification:_identify(workspace/src/isaac_ros_common/docker/middleware_profiles) by extension 'ros'
[0.450s] Level 1:colcon.colcon_core.package_identification:_identify(workspace/src/isaac_ros_common/docker/middleware_profiles) by extensions ['cmake', 'python']
[0.450s] Level 1:colcon.colcon_core.package_identification:_identify(workspace/src/isaac_ros_common/docker/middleware_profiles) by extension 'cmake'
[0.451s] Level 1:colcon.colcon_core.package_identification:_identify(workspace/src/isaac_ros_common/docker/middleware_profiles) by extension 'python'
[0.451s] Level 1:colcon.colcon_core.package_identification:_identify(workspace/src/isaac_ros_common/docker/middleware_profiles) by extensions ['python_setup_py']
[0.451s] Level 1:colcon.colcon_core.package_identification:_identify(workspace/src/isaac_ros_common/docker/middleware_profiles) by extension 'python_setup_py'
[0.451s] Level 1:colcon.colcon_core.package_identification:_identify(workspace/src/isaac_ros_common/docker/patches) by extensions ['ignore', 'ignore_ament_install']
[0.451s] Level 1:colcon.colcon_core.package_identification:_identify(workspace/src/isaac_ros_common/docker/patches) by extension 'ignore'
[0.451s] Level 1:colcon.colcon_core.package_identification:_identify(workspace/src/isaac_ros_common/docker/patches) by extension 'ignore_ament_install'
[0.451s] Level 1:colcon.colcon_core.package_identification:_identify(workspace/src/isaac_ros_common/docker/patches) by extensions ['colcon_pkg']
[0.451s] Level 1:colcon.colcon_core.package_identification:_identify(workspace/src/isaac_ros_common/docker/patches) by extension 'colcon_pkg'
[0.451s] Level 1:colcon.colcon_core.package_identification:_identify(workspace/src/isaac_ros_common/docker/patches) by extensions ['colcon_meta']
[0.451s] Level 1:colcon.colcon_core.package_identification:_identify(workspace/src/isaac_ros_common/docker/patches) by extension 'colcon_meta'
[0.451s] Level 1:colcon.colcon_core.package_identification:_identify(workspace/src/isaac_ros_common/docker/patches) by extensions ['ros']
[0.451s] Level 1:colcon.colcon_core.package_identification:_identify(workspace/src/isaac_ros_common/docker/patches) by extension 'ros'
[0.452s] Level 1:colcon.colcon_core.package_identification:_identify(workspace/src/isaac_ros_common/docker/patches) by extensions ['cmake', 'python']
[0.452s] Level 1:colcon.colcon_core.package_identification:_identify(workspace/src/isaac_ros_common/docker/patches) by extension 'cmake'
[0.452s] Level 1:colcon.colcon_core.package_identification:_identify(workspace/src/isaac_ros_common/docker/patches) by extension 'python'
[0.452s] Level 1:colcon.colcon_core.package_identification:_identify(workspace/src/isaac_ros_common/docker/patches) by extensions ['python_setup_py']
[0.452s] Level 1:colcon.colcon_core.package_identification:_identify(workspace/src/isaac_ros_common/docker/patches) by extension 'python_setup_py'
[0.452s] Level 1:colcon.colcon_core.package_identification:_identify(workspace/src/isaac_ros_common/docker/scripts) by extensions ['ignore', 'ignore_ament_install']
[0.452s] Level 1:colcon.colcon_core.package_identification:_identify(workspace/src/isaac_ros_common/docker/scripts) by extension 'ignore'
[0.453s] Level 1:colcon.colcon_core.package_identification:_identify(workspace/src/isaac_ros_common/docker/scripts) by extension 'ignore_ament_install'
[0.453s] Level 1:colcon.colcon_core.package_identification:_identify(workspace/src/isaac_ros_common/docker/scripts) by extensions ['colcon_pkg']
[0.453s] Level 1:colcon.colcon_core.package_identification:_identify(workspace/src/isaac_ros_common/docker/scripts) by extension 'colcon_pkg'
[0.453s] Level 1:colcon.colcon_core.package_identification:_identify(workspace/src/isaac_ros_common/docker/scripts) by extensions ['colcon_meta']
[0.453s] Level 1:colcon.colcon_core.package_identification:_identify(workspace/src/isaac_ros_common/docker/scripts) by extension 'colcon_meta'
[0.453s] Level 1:colcon.colcon_core.package_identification:_identify(workspace/src/isaac_ros_common/docker/scripts) by extensions ['ros']
[0.453s] Level 1:colcon.colcon_core.package_identification:_identify(workspace/src/isaac_ros_common/docker/scripts) by extension 'ros'
[0.454s] Level 1:colcon.colcon_core.package_identification:_identify(workspace/src/isaac_ros_common/docker/scripts) by extensions ['cmake', 'python']
[0.454s] Level 1:colcon.colcon_core.package_identification:_identify(workspace/src/isaac_ros_common/docker/scripts) by extension 'cmake'
[0.454s] Level 1:colcon.colcon_core.package_identification:_identify(workspace/src/isaac_ros_common/docker/scripts) by extension 'python'
[0.454s] Level 1:colcon.colcon_core.package_identification:_identify(workspace/src/isaac_ros_common/docker/scripts) by extensions ['python_setup_py']
[0.454s] Level 1:colcon.colcon_core.package_identification:_identify(workspace/src/isaac_ros_common/docker/scripts) by extension 'python_setup_py'
[0.454s] Level 1:colcon.colcon_core.package_identification:_identify(workspace/src/isaac_ros_common/docker/tao) by extensions ['ignore', 'ignore_ament_install']
[0.454s] Level 1:colcon.colcon_core.package_identification:_identify(workspace/src/isaac_ros_common/docker/tao) by extension 'ignore'
[0.455s] Level 1:colcon.colcon_core.package_identification:_identify(workspace/src/isaac_ros_common/docker/tao) by extension 'ignore_ament_install'
[0.455s] Level 1:colcon.colcon_core.package_identification:_identify(workspace/src/isaac_ros_common/docker/tao) by extensions ['colcon_pkg']
[0.455s] Level 1:colcon.colcon_core.package_identification:_identify(workspace/src/isaac_ros_common/docker/tao) by extension 'colcon_pkg'
[0.455s] Level 1:colcon.colcon_core.package_identification:_identify(workspace/src/isaac_ros_common/docker/tao) by extensions ['colcon_meta']
[0.455s] Level 1:colcon.colcon_core.package_identification:_identify(workspace/src/isaac_ros_common/docker/tao) by extension 'colcon_meta'
[0.455s] Level 1:colcon.colcon_core.package_identification:_identify(workspace/src/isaac_ros_common/docker/tao) by extensions ['ros']
[0.455s] Level 1:colcon.colcon_core.package_identification:_identify(workspace/src/isaac_ros_common/docker/tao) by extension 'ros'
[0.455s] Level 1:colcon.colcon_core.package_identification:_identify(workspace/src/isaac_ros_common/docker/tao) by extensions ['cmake', 'python']
[0.455s] Level 1:colcon.colcon_core.package_identification:_identify(workspace/src/isaac_ros_common/docker/tao) by extension 'cmake'
[0.456s] Level 1:colcon.colcon_core.package_identification:_identify(workspace/src/isaac_ros_common/docker/tao) by extension 'python'
[0.456s] Level 1:colcon.colcon_core.package_identification:_identify(workspace/src/isaac_ros_common/docker/tao) by extensions ['python_setup_py']
[0.456s] Level 1:colcon.colcon_core.package_identification:_identify(workspace/src/isaac_ros_common/docker/tao) by extension 'python_setup_py'
[0.456s] Level 1:colcon.colcon_core.package_identification:_identify(workspace/src/isaac_ros_common/docker/udev_rules) by extensions ['ignore', 'ignore_ament_install']
[0.456s] Level 1:colcon.colcon_core.package_identification:_identify(workspace/src/isaac_ros_common/docker/udev_rules) by extension 'ignore'
[0.456s] Level 1:colcon.colcon_core.package_identification:_identify(workspace/src/isaac_ros_common/docker/udev_rules) by extension 'ignore_ament_install'
[0.457s] Level 1:colcon.colcon_core.package_identification:_identify(workspace/src/isaac_ros_common/docker/udev_rules) by extensions ['colcon_pkg']
[0.457s] Level 1:colcon.colcon_core.package_identification:_identify(workspace/src/isaac_ros_common/docker/udev_rules) by extension 'colcon_pkg'
[0.457s] Level 1:colcon.colcon_core.package_identification:_identify(workspace/src/isaac_ros_common/docker/udev_rules) by extensions ['colcon_meta']
[0.457s] Level 1:colcon.colcon_core.package_identification:_identify(workspace/src/isaac_ros_common/docker/udev_rules) by extension 'colcon_meta'
[0.457s] Level 1:colcon.colcon_core.package_identification:_identify(workspace/src/isaac_ros_common/docker/udev_rules) by extensions ['ros']
[0.457s] Level 1:colcon.colcon_core.package_identification:_identify(workspace/src/isaac_ros_common/docker/udev_rules) by extension 'ros'
[0.457s] Level 1:colcon.colcon_core.package_identification:_identify(workspace/src/isaac_ros_common/docker/udev_rules) by extensions ['cmake', 'python']
[0.457s] Level 1:colcon.colcon_core.package_identification:_identify(workspace/src/isaac_ros_common/docker/udev_rules) by extension 'cmake'
[0.457s] Level 1:colcon.colcon_core.package_identification:_identify(workspace/src/isaac_ros_common/docker/udev_rules) by extension 'python'
[0.457s] Level 1:colcon.colcon_core.package_identification:_identify(workspace/src/isaac_ros_common/docker/udev_rules) by extensions ['python_setup_py']
[0.458s] Level 1:colcon.colcon_core.package_identification:_identify(workspace/src/isaac_ros_common/docker/udev_rules) by extension 'python_setup_py'
[0.458s] Level 1:colcon.colcon_core.package_identification:_identify(workspace/src/isaac_ros_common/isaac_ros_apriltag_interfaces) by extensions ['ignore', 'ignore_ament_install']
[0.458s] Level 1:colcon.colcon_core.package_identification:_identify(workspace/src/isaac_ros_common/isaac_ros_apriltag_interfaces) by extension 'ignore'
[0.458s] Level 1:colcon.colcon_core.package_identification:_identify(workspace/src/isaac_ros_common/isaac_ros_apriltag_interfaces) by extension 'ignore_ament_install'
[0.458s] Level 1:colcon.colcon_core.package_identification:_identify(workspace/src/isaac_ros_common/isaac_ros_apriltag_interfaces) by extensions ['colcon_pkg']
[0.458s] Level 1:colcon.colcon_core.package_identification:_identify(workspace/src/isaac_ros_common/isaac_ros_apriltag_interfaces) by extension 'colcon_pkg'
[0.458s] Level 1:colcon.colcon_core.package_identification:_identify(workspace/src/isaac_ros_common/isaac_ros_apriltag_interfaces) by extensions ['colcon_meta']
[0.458s] Level 1:colcon.colcon_core.package_identification:_identify(workspace/src/isaac_ros_common/isaac_ros_apriltag_interfaces) by extension 'colcon_meta'
[0.459s] Level 1:colcon.colcon_core.package_identification:_identify(workspace/src/isaac_ros_common/isaac_ros_apriltag_interfaces) by extensions ['ros']
[0.459s] Level 1:colcon.colcon_core.package_identification:_identify(workspace/src/isaac_ros_common/isaac_ros_apriltag_interfaces) by extension 'ros'
[0.460s] DEBUG:colcon.colcon_core.package_identification:Package 'workspace/src/isaac_ros_common/isaac_ros_apriltag_interfaces' with type 'ros.ament_cmake' and name 'isaac_ros_apriltag_interfaces'
[0.461s] Level 1:colcon.colcon_core.package_identification:_identify(workspace/src/isaac_ros_common/isaac_ros_bi3d_interfaces) by extensions ['ignore', 'ignore_ament_install']
[0.461s] Level 1:colcon.colcon_core.package_identification:_identify(workspace/src/isaac_ros_common/isaac_ros_bi3d_interfaces) by extension 'ignore'
[0.461s] Level 1:colcon.colcon_core.package_identification:_identify(workspace/src/isaac_ros_common/isaac_ros_bi3d_interfaces) by extension 'ignore_ament_install'
[0.461s] Level 1:colcon.colcon_core.package_identification:_identify(workspace/src/isaac_ros_common/isaac_ros_bi3d_interfaces) by extensions ['colcon_pkg']
[0.461s] Level 1:colcon.colcon_core.package_identification:_identify(workspace/src/isaac_ros_common/isaac_ros_bi3d_interfaces) by extension 'colcon_pkg'
[0.461s] Level 1:colcon.colcon_core.package_identification:_identify(workspace/src/isaac_ros_common/isaac_ros_bi3d_interfaces) by extensions ['colcon_meta']
[0.461s] Level 1:colcon.colcon_core.package_identification:_identify(workspace/src/isaac_ros_common/isaac_ros_bi3d_interfaces) by extension 'colcon_meta'
[0.461s] Level 1:colcon.colcon_core.package_identification:_identify(workspace/src/isaac_ros_common/isaac_ros_bi3d_interfaces) by extensions ['ros']
[0.461s] Level 1:colcon.colcon_core.package_identification:_identify(workspace/src/isaac_ros_common/isaac_ros_bi3d_interfaces) by extension 'ros'
[0.462s] DEBUG:colcon.colcon_core.package_identification:Package 'workspace/src/isaac_ros_common/isaac_ros_bi3d_interfaces' with type 'ros.ament_cmake' and name 'isaac_ros_bi3d_interfaces'
[0.462s] Level 1:colcon.colcon_core.package_identification:_identify(workspace/src/isaac_ros_common/isaac_ros_common) by extensions ['ignore', 'ignore_ament_install']
[0.462s] Level 1:colcon.colcon_core.package_identification:_identify(workspace/src/isaac_ros_common/isaac_ros_common) by extension 'ignore'
[0.462s] Level 1:colcon.colcon_core.package_identification:_identify(workspace/src/isaac_ros_common/isaac_ros_common) by extension 'ignore_ament_install'
[0.462s] Level 1:colcon.colcon_core.package_identification:_identify(workspace/src/isaac_ros_common/isaac_ros_common) by extensions ['colcon_pkg']
[0.462s] Level 1:colcon.colcon_core.package_identification:_identify(workspace/src/isaac_ros_common/isaac_ros_common) by extension 'colcon_pkg'
[0.463s] Level 1:colcon.colcon_core.package_identification:_identify(workspace/src/isaac_ros_common/isaac_ros_common) by extensions ['colcon_meta']
[0.463s] Level 1:colcon.colcon_core.package_identification:_identify(workspace/src/isaac_ros_common/isaac_ros_common) by extension 'colcon_meta'
[0.463s] Level 1:colcon.colcon_core.package_identification:_identify(workspace/src/isaac_ros_common/isaac_ros_common) by extensions ['ros']
[0.463s] Level 1:colcon.colcon_core.package_identification:_identify(workspace/src/isaac_ros_common/isaac_ros_common) by extension 'ros'
[0.464s] DEBUG:colcon.colcon_core.package_identification:Package 'workspace/src/isaac_ros_common/isaac_ros_common' with type 'ros.ament_cmake' and name 'isaac_ros_common'
[0.464s] Level 1:colcon.colcon_core.package_identification:_identify(workspace/src/isaac_ros_common/isaac_ros_nitros_bridge_interfaces) by extensions ['ignore', 'ignore_ament_install']
[0.464s] Level 1:colcon.colcon_core.package_identification:_identify(workspace/src/isaac_ros_common/isaac_ros_nitros_bridge_interfaces) by extension 'ignore'
[0.464s] Level 1:colcon.colcon_core.package_identification:_identify(workspace/src/isaac_ros_common/isaac_ros_nitros_bridge_interfaces) by extension 'ignore_ament_install'
[0.464s] Level 1:colcon.colcon_core.package_identification:_identify(workspace/src/isaac_ros_common/isaac_ros_nitros_bridge_interfaces) by extensions ['colcon_pkg']
[0.464s] Level 1:colcon.colcon_core.package_identification:_identify(workspace/src/isaac_ros_common/isaac_ros_nitros_bridge_interfaces) by extension 'colcon_pkg'
[0.464s] Level 1:colcon.colcon_core.package_identification:_identify(workspace/src/isaac_ros_common/isaac_ros_nitros_bridge_interfaces) by extensions ['colcon_meta']
[0.464s] Level 1:colcon.colcon_core.package_identification:_identify(workspace/src/isaac_ros_common/isaac_ros_nitros_bridge_interfaces) by extension 'colcon_meta'
[0.465s] Level 1:colcon.colcon_core.package_identification:_identify(workspace/src/isaac_ros_common/isaac_ros_nitros_bridge_interfaces) by extensions ['ros']
[0.465s] Level 1:colcon.colcon_core.package_identification:_identify(workspace/src/isaac_ros_common/isaac_ros_nitros_bridge_interfaces) by extension 'ros'
[0.466s] DEBUG:colcon.colcon_core.package_identification:Package 'workspace/src/isaac_ros_common/isaac_ros_nitros_bridge_interfaces' with type 'ros.ament_cmake' and name 'isaac_ros_nitros_bridge_interfaces'
[0.466s] Level 1:colcon.colcon_core.package_identification:_identify(workspace/src/isaac_ros_common/isaac_ros_nova_interfaces) by extensions ['ignore', 'ignore_ament_install']
[0.466s] Level 1:colcon.colcon_core.package_identification:_identify(workspace/src/isaac_ros_common/isaac_ros_nova_interfaces) by extension 'ignore'
[0.466s] Level 1:colcon.colcon_core.package_identification:_identify(workspace/src/isaac_ros_common/isaac_ros_nova_interfaces) by extension 'ignore_ament_install'
[0.466s] Level 1:colcon.colcon_core.package_identification:_identify(workspace/src/isaac_ros_common/isaac_ros_nova_interfaces) by extensions ['colcon_pkg']
[0.466s] Level 1:colcon.colcon_core.package_identification:_identify(workspace/src/isaac_ros_common/isaac_ros_nova_interfaces) by extension 'colcon_pkg'
[0.466s] Level 1:colcon.colcon_core.package_identification:_identify(workspace/src/isaac_ros_common/isaac_ros_nova_interfaces) by extensions ['colcon_meta']
[0.466s] Level 1:colcon.colcon_core.package_identification:_identify(workspace/src/isaac_ros_common/isaac_ros_nova_interfaces) by extension 'colcon_meta'
[0.466s] Level 1:colcon.colcon_core.package_identification:_identify(workspace/src/isaac_ros_common/isaac_ros_nova_interfaces) by extensions ['ros']
[0.466s] Level 1:colcon.colcon_core.package_identification:_identify(workspace/src/isaac_ros_common/isaac_ros_nova_interfaces) by extension 'ros'
[0.467s] DEBUG:colcon.colcon_core.package_identification:Package 'workspace/src/isaac_ros_common/isaac_ros_nova_interfaces' with type 'ros.ament_cmake' and name 'isaac_ros_nova_interfaces'
[0.468s] Level 1:colcon.colcon_core.package_identification:_identify(workspace/src/isaac_ros_common/isaac_ros_pointcloud_interfaces) by extensions ['ignore', 'ignore_ament_install']
[0.468s] Level 1:colcon.colcon_core.package_identification:_identify(workspace/src/isaac_ros_common/isaac_ros_pointcloud_interfaces) by extension 'ignore'
[0.468s] Level 1:colcon.colcon_core.package_identification:_identify(workspace/src/isaac_ros_common/isaac_ros_pointcloud_interfaces) by extension 'ignore_ament_install'
[0.468s] Level 1:colcon.colcon_core.package_identification:_identify(workspace/src/isaac_ros_common/isaac_ros_pointcloud_interfaces) by extensions ['colcon_pkg']
[0.468s] Level 1:colcon.colcon_core.package_identification:_identify(workspace/src/isaac_ros_common/isaac_ros_pointcloud_interfaces) by extension 'colcon_pkg'
[0.468s] Level 1:colcon.colcon_core.package_identification:_identify(workspace/src/isaac_ros_common/isaac_ros_pointcloud_interfaces) by extensions ['colcon_meta']
[0.468s] Level 1:colcon.colcon_core.package_identification:_identify(workspace/src/isaac_ros_common/isaac_ros_pointcloud_interfaces) by extension 'colcon_meta'
[0.468s] Level 1:colcon.colcon_core.package_identification:_identify(workspace/src/isaac_ros_common/isaac_ros_pointcloud_interfaces) by extensions ['ros']
[0.468s] Level 1:colcon.colcon_core.package_identification:_identify(workspace/src/isaac_ros_common/isaac_ros_pointcloud_interfaces) by extension 'ros'
[0.469s] DEBUG:colcon.colcon_core.package_identification:Package 'workspace/src/isaac_ros_common/isaac_ros_pointcloud_interfaces' with type 'ros.ament_cmake' and name 'isaac_ros_pointcloud_interfaces'
[0.470s] Level 1:colcon.colcon_core.package_identification:_identify(workspace/src/isaac_ros_common/isaac_ros_tensor_list_interfaces) by extensions ['ignore', 'ignore_ament_install']
[0.470s] Level 1:colcon.colcon_core.package_identification:_identify(workspace/src/isaac_ros_common/isaac_ros_tensor_list_interfaces) by extension 'ignore'
[0.470s] Level 1:colcon.colcon_core.package_identification:_identify(workspace/src/isaac_ros_common/isaac_ros_tensor_list_interfaces) by extension 'ignore_ament_install'
[0.470s] Level 1:colcon.colcon_core.package_identification:_identify(workspace/src/isaac_ros_common/isaac_ros_tensor_list_interfaces) by extensions ['colcon_pkg']
[0.470s] Level 1:colcon.colcon_core.package_identification:_identify(workspace/src/isaac_ros_common/isaac_ros_tensor_list_interfaces) by extension 'colcon_pkg'
[0.470s] Level 1:colcon.colcon_core.package_identification:_identify(workspace/src/isaac_ros_common/isaac_ros_tensor_list_interfaces) by extensions ['colcon_meta']
[0.470s] Level 1:colcon.colcon_core.package_identification:_identify(workspace/src/isaac_ros_common/isaac_ros_tensor_list_interfaces) by extension 'colcon_meta'
[0.471s] Level 1:colcon.colcon_core.package_identification:_identify(workspace/src/isaac_ros_common/isaac_ros_tensor_list_interfaces) by extensions ['ros']
[0.471s] Level 1:colcon.colcon_core.package_identification:_identify(workspace/src/isaac_ros_common/isaac_ros_tensor_list_interfaces) by extension 'ros'
[0.471s] DEBUG:colcon.colcon_core.package_identification:Package 'workspace/src/isaac_ros_common/isaac_ros_tensor_list_interfaces' with type 'ros.ament_cmake' and name 'isaac_ros_tensor_list_interfaces'
[0.472s] Level 1:colcon.colcon_core.package_identification:_identify(workspace/src/isaac_ros_common/isaac_ros_test) by extensions ['ignore', 'ignore_ament_install']
[0.472s] Level 1:colcon.colcon_core.package_identification:_identify(workspace/src/isaac_ros_common/isaac_ros_test) by extension 'ignore'
[0.472s] Level 1:colcon.colcon_core.package_identification:_identify(workspace/src/isaac_ros_common/isaac_ros_test) by extension 'ignore_ament_install'
[0.472s] Level 1:colcon.colcon_core.package_identification:_identify(workspace/src/isaac_ros_common/isaac_ros_test) by extensions ['colcon_pkg']
[0.472s] Level 1:colcon.colcon_core.package_identification:_identify(workspace/src/isaac_ros_common/isaac_ros_test) by extension 'colcon_pkg'
[0.472s] Level 1:colcon.colcon_core.package_identification:_identify(workspace/src/isaac_ros_common/isaac_ros_test) by extensions ['colcon_meta']
[0.472s] Level 1:colcon.colcon_core.package_identification:_identify(workspace/src/isaac_ros_common/isaac_ros_test) by extension 'colcon_meta'
[0.472s] Level 1:colcon.colcon_core.package_identification:_identify(workspace/src/isaac_ros_common/isaac_ros_test) by extensions ['ros']
[0.473s] Level 1:colcon.colcon_core.package_identification:_identify(workspace/src/isaac_ros_common/isaac_ros_test) by extension 'ros'
[0.474s] DEBUG:colcon.colcon_core.package_identification:Package 'workspace/src/isaac_ros_common/isaac_ros_test' with type 'ros.ament_python' and name 'isaac_ros_test'
[0.474s] Level 1:colcon.colcon_core.package_identification:_identify(workspace/src/isaac_ros_common/scripts) by extensions ['ignore', 'ignore_ament_install']
[0.474s] Level 1:colcon.colcon_core.package_identification:_identify(workspace/src/isaac_ros_common/scripts) by extension 'ignore'
[0.474s] Level 1:colcon.colcon_core.package_identification:_identify(workspace/src/isaac_ros_common/scripts) by extension 'ignore_ament_install'
[0.474s] Level 1:colcon.colcon_core.package_identification:_identify(workspace/src/isaac_ros_common/scripts) by extensions ['colcon_pkg']
[0.474s] Level 1:colcon.colcon_core.package_identification:_identify(workspace/src/isaac_ros_common/scripts) by extension 'colcon_pkg'
[0.474s] Level 1:colcon.colcon_core.package_identification:_identify(workspace/src/isaac_ros_common/scripts) by extensions ['colcon_meta']
[0.474s] Level 1:colcon.colcon_core.package_identification:_identify(workspace/src/isaac_ros_common/scripts) by extension 'colcon_meta'
[0.475s] Level 1:colcon.colcon_core.package_identification:_identify(workspace/src/isaac_ros_common/scripts) by extensions ['ros']
[0.475s] Level 1:colcon.colcon_core.package_identification:_identify(workspace/src/isaac_ros_common/scripts) by extension 'ros'
[0.475s] Level 1:colcon.colcon_core.package_identification:_identify(workspace/src/isaac_ros_common/scripts) by extensions ['cmake', 'python']
[0.475s] Level 1:colcon.colcon_core.package_identification:_identify(workspace/src/isaac_ros_common/scripts) by extension 'cmake'
[0.475s] Level 1:colcon.colcon_core.package_identification:_identify(workspace/src/isaac_ros_common/scripts) by extension 'python'
[0.475s] Level 1:colcon.colcon_core.package_identification:_identify(workspace/src/isaac_ros_common/scripts) by extensions ['python_setup_py']
[0.475s] Level 1:colcon.colcon_core.package_identification:_identify(workspace/src/isaac_ros_common/scripts) by extension 'python_setup_py'
[0.475s] Level 1:colcon.colcon_core.package_identification:_identify(workspace/src/isaac_ros_common/scripts/utils) by extensions ['ignore', 'ignore_ament_install']
[0.476s] Level 1:colcon.colcon_core.package_identification:_identify(workspace/src/isaac_ros_common/scripts/utils) by extension 'ignore'
[0.476s] Level 1:colcon.colcon_core.package_identification:_identify(workspace/src/isaac_ros_common/scripts/utils) by extension 'ignore_ament_install'
[0.476s] Level 1:colcon.colcon_core.package_identification:_identify(workspace/src/isaac_ros_common/scripts/utils) by extensions ['colcon_pkg']
[0.476s] Level 1:colcon.colcon_core.package_identification:_identify(workspace/src/isaac_ros_common/scripts/utils) by extension 'colcon_pkg'
[0.476s] Level 1:colcon.colcon_core.package_identification:_identify(workspace/src/isaac_ros_common/scripts/utils) by extensions ['colcon_meta']
[0.476s] Level 1:colcon.colcon_core.package_identification:_identify(workspace/src/isaac_ros_common/scripts/utils) by extension 'colcon_meta'
[0.476s] Level 1:colcon.colcon_core.package_identification:_identify(workspace/src/isaac_ros_common/scripts/utils) by extensions ['ros']
[0.476s] Level 1:colcon.colcon_core.package_identification:_identify(workspace/src/isaac_ros_common/scripts/utils) by extension 'ros'
[0.476s] Level 1:colcon.colcon_core.package_identification:_identify(workspace/src/isaac_ros_common/scripts/utils) by extensions ['cmake', 'python']
[0.476s] Level 1:colcon.colcon_core.package_identification:_identify(workspace/src/isaac_ros_common/scripts/utils) by extension 'cmake'
[0.476s] Level 1:colcon.colcon_core.package_identification:_identify(workspace/src/isaac_ros_common/scripts/utils) by extension 'python'
[0.476s] Level 1:colcon.colcon_core.package_identification:_identify(workspace/src/isaac_ros_common/scripts/utils) by extensions ['python_setup_py']
[0.476s] Level 1:colcon.colcon_core.package_identification:_identify(workspace/src/isaac_ros_common/scripts/utils) by extension 'python_setup_py'
[0.477s] Level 1:colcon.colcon_core.package_identification:_identify(workspace/src/lidar_localization_ros2) by extensions ['ignore', 'ignore_ament_install']
[0.477s] Level 1:colcon.colcon_core.package_identification:_identify(workspace/src/lidar_localization_ros2) by extension 'ignore'
[0.477s] Level 1:colcon.colcon_core.package_identification:_identify(workspace/src/lidar_localization_ros2) by extension 'ignore_ament_install'
[0.477s] Level 1:colcon.colcon_core.package_identification:_identify(workspace/src/lidar_localization_ros2) by extensions ['colcon_pkg']
[0.477s] Level 1:colcon.colcon_core.package_identification:_identify(workspace/src/lidar_localization_ros2) by extension 'colcon_pkg'
[0.477s] Level 1:colcon.colcon_core.package_identification:_identify(workspace/src/lidar_localization_ros2) by extensions ['colcon_meta']
[0.477s] Level 1:colcon.colcon_core.package_identification:_identify(workspace/src/lidar_localization_ros2) by extension 'colcon_meta'
[0.477s] Level 1:colcon.colcon_core.package_identification:_identify(workspace/src/lidar_localization_ros2) by extensions ['ros']
[0.477s] Level 1:colcon.colcon_core.package_identification:_identify(workspace/src/lidar_localization_ros2) by extension 'ros'
[0.477s] Level 1:colcon.colcon_core.package_identification:_identify(workspace/src/lidar_localization_ros2) by extensions ['cmake', 'python']
[0.477s] Level 1:colcon.colcon_core.package_identification:_identify(workspace/src/lidar_localization_ros2) by extension 'cmake'
[0.477s] Level 1:colcon.colcon_core.package_identification:_identify(workspace/src/lidar_localization_ros2) by extension 'python'
[0.477s] Level 1:colcon.colcon_core.package_identification:_identify(workspace/src/lidar_localization_ros2) by extensions ['python_setup_py']
[0.477s] Level 1:colcon.colcon_core.package_identification:_identify(workspace/src/lidar_localization_ros2) by extension 'python_setup_py'
[0.477s] Level 1:colcon.colcon_core.package_identification:_identify(workspace/src/ndt_omp_ros2) by extensions ['ignore', 'ignore_ament_install']
[0.478s] Level 1:colcon.colcon_core.package_identification:_identify(workspace/src/ndt_omp_ros2) by extension 'ignore'
[0.478s] Level 1:colcon.colcon_core.package_identification:_identify(workspace/src/ndt_omp_ros2) by extension 'ignore_ament_install'
[0.478s] Level 1:colcon.colcon_core.package_identification:_identify(workspace/src/ndt_omp_ros2) by extensions ['colcon_pkg']
[0.478s] Level 1:colcon.colcon_core.package_identification:_identify(workspace/src/ndt_omp_ros2) by extension 'colcon_pkg'
[0.478s] Level 1:colcon.colcon_core.package_identification:_identify(workspace/src/ndt_omp_ros2) by extensions ['colcon_meta']
[0.478s] Level 1:colcon.colcon_core.package_identification:_identify(workspace/src/ndt_omp_ros2) by extension 'colcon_meta'
[0.478s] Level 1:colcon.colcon_core.package_identification:_identify(workspace/src/ndt_omp_ros2) by extensions ['ros']
[0.478s] Level 1:colcon.colcon_core.package_identification:_identify(workspace/src/ndt_omp_ros2) by extension 'ros'
[0.478s] Level 1:colcon.colcon_core.package_identification:_identify(workspace/src/ndt_omp_ros2) by extensions ['cmake', 'python']
[0.478s] Level 1:colcon.colcon_core.package_identification:_identify(workspace/src/ndt_omp_ros2) by extension 'cmake'
[0.478s] Level 1:colcon.colcon_core.package_identification:_identify(workspace/src/ndt_omp_ros2) by extension 'python'
[0.478s] Level 1:colcon.colcon_core.package_identification:_identify(workspace/src/ndt_omp_ros2) by extensions ['python_setup_py']
[0.478s] Level 1:colcon.colcon_core.package_identification:_identify(workspace/src/ndt_omp_ros2) by extension 'python_setup_py'
[0.478s] Level 1:colcon.colcon_core.package_identification:_identify(workspace/src/sdv_can) by extensions ['ignore', 'ignore_ament_install']
[0.479s] Level 1:colcon.colcon_core.package_identification:_identify(workspace/src/sdv_can) by extension 'ignore'
[0.479s] Level 1:colcon.colcon_core.package_identification:_identify(workspace/src/sdv_can) by extension 'ignore_ament_install'
[0.479s] Level 1:colcon.colcon_core.package_identification:_identify(workspace/src/sdv_can) by extensions ['colcon_pkg']
[0.479s] Level 1:colcon.colcon_core.package_identification:_identify(workspace/src/sdv_can) by extension 'colcon_pkg'
[0.479s] Level 1:colcon.colcon_core.package_identification:_identify(workspace/src/sdv_can) by extensions ['colcon_meta']
[0.479s] Level 1:colcon.colcon_core.package_identification:_identify(workspace/src/sdv_can) by extension 'colcon_meta'
[0.479s] Level 1:colcon.colcon_core.package_identification:_identify(workspace/src/sdv_can) by extensions ['ros']
[0.479s] Level 1:colcon.colcon_core.package_identification:_identify(workspace/src/sdv_can) by extension 'ros'
[0.481s] DEBUG:colcon.colcon_core.package_identification:Package 'workspace/src/sdv_can' with type 'ros.ament_cmake' and name 'sdv_can'
[0.481s] Level 1:colcon.colcon_core.package_identification:_identify(workspace/src/sdv_control) by extensions ['ignore', 'ignore_ament_install']
[0.481s] Level 1:colcon.colcon_core.package_identification:_identify(workspace/src/sdv_control) by extension 'ignore'
[0.481s] Level 1:colcon.colcon_core.package_identification:_identify(workspace/src/sdv_control) by extension 'ignore_ament_install'
[0.481s] Level 1:colcon.colcon_core.package_identification:_identify(workspace/src/sdv_control) by extensions ['colcon_pkg']
[0.482s] Level 1:colcon.colcon_core.package_identification:_identify(workspace/src/sdv_control) by extension 'colcon_pkg'
[0.482s] Level 1:colcon.colcon_core.package_identification:_identify(workspace/src/sdv_control) by extensions ['colcon_meta']
[0.482s] Level 1:colcon.colcon_core.package_identification:_identify(workspace/src/sdv_control) by extension 'colcon_meta'
[0.482s] Level 1:colcon.colcon_core.package_identification:_identify(workspace/src/sdv_control) by extensions ['ros']
[0.482s] Level 1:colcon.colcon_core.package_identification:_identify(workspace/src/sdv_control) by extension 'ros'
[0.484s] DEBUG:colcon.colcon_core.package_identification:Package 'workspace/src/sdv_control' with type 'ros.ament_cmake' and name 'sdv_control'
[0.484s] Level 1:colcon.colcon_core.package_identification:_identify(workspace/src/sdv_description) by extensions ['ignore', 'ignore_ament_install']
[0.484s] Level 1:colcon.colcon_core.package_identification:_identify(workspace/src/sdv_description) by extension 'ignore'
[0.484s] Level 1:colcon.colcon_core.package_identification:_identify(workspace/src/sdv_description) by extension 'ignore_ament_install'
[0.484s] Level 1:colcon.colcon_core.package_identification:_identify(workspace/src/sdv_description) by extensions ['colcon_pkg']
[0.484s] Level 1:colcon.colcon_core.package_identification:_identify(workspace/src/sdv_description) by extension 'colcon_pkg'
[0.484s] Level 1:colcon.colcon_core.package_identification:_identify(workspace/src/sdv_description) by extensions ['colcon_meta']
[0.484s] Level 1:colcon.colcon_core.package_identification:_identify(workspace/src/sdv_description) by extension 'colcon_meta'
[0.484s] Level 1:colcon.colcon_core.package_identification:_identify(workspace/src/sdv_description) by extensions ['ros']
[0.484s] Level 1:colcon.colcon_core.package_identification:_identify(workspace/src/sdv_description) by extension 'ros'
[0.486s] DEBUG:colcon.colcon_core.package_identification:Package 'workspace/src/sdv_description' with type 'ros.ament_cmake' and name 'sdv_description'
[0.486s] Level 1:colcon.colcon_core.package_identification:_identify(workspace/src/sdv_docker) by extensions ['ignore', 'ignore_ament_install']
[0.486s] Level 1:colcon.colcon_core.package_identification:_identify(workspace/src/sdv_docker) by extension 'ignore'
[0.486s] Level 1:colcon.colcon_core.package_identification:_identify(workspace/src/sdv_docker) by extension 'ignore_ament_install'
[0.486s] Level 1:colcon.colcon_core.package_identification:_identify(workspace/src/sdv_docker) by extensions ['colcon_pkg']
[0.486s] Level 1:colcon.colcon_core.package_identification:_identify(workspace/src/sdv_docker) by extension 'colcon_pkg'
[0.486s] Level 1:colcon.colcon_core.package_identification:_identify(workspace/src/sdv_docker) by extensions ['colcon_meta']
[0.486s] Level 1:colcon.colcon_core.package_identification:_identify(workspace/src/sdv_docker) by extension 'colcon_meta'
[0.486s] Level 1:colcon.colcon_core.package_identification:_identify(workspace/src/sdv_docker) by extensions ['ros']
[0.486s] Level 1:colcon.colcon_core.package_identification:_identify(workspace/src/sdv_docker) by extension 'ros'
[0.487s] Level 1:colcon.colcon_core.package_identification:_identify(workspace/src/sdv_docker) by extensions ['cmake', 'python']
[0.487s] Level 1:colcon.colcon_core.package_identification:_identify(workspace/src/sdv_docker) by extension 'cmake'
[0.487s] Level 1:colcon.colcon_core.package_identification:_identify(workspace/src/sdv_docker) by extension 'python'
[0.487s] Level 1:colcon.colcon_core.package_identification:_identify(workspace/src/sdv_docker) by extensions ['python_setup_py']
[0.487s] Level 1:colcon.colcon_core.package_identification:_identify(workspace/src/sdv_docker) by extension 'python_setup_py'
[0.487s] Level 1:colcon.colcon_core.package_identification:_identify(workspace/src/sdv_launch) by extensions ['ignore', 'ignore_ament_install']
[0.487s] Level 1:colcon.colcon_core.package_identification:_identify(workspace/src/sdv_launch) by extension 'ignore'
[0.487s] Level 1:colcon.colcon_core.package_identification:_identify(workspace/src/sdv_launch) by extension 'ignore_ament_install'
[0.487s] Level 1:colcon.colcon_core.package_identification:_identify(workspace/src/sdv_launch) by extensions ['colcon_pkg']
[0.487s] Level 1:colcon.colcon_core.package_identification:_identify(workspace/src/sdv_launch) by extension 'colcon_pkg'
[0.487s] Level 1:colcon.colcon_core.package_identification:_identify(workspace/src/sdv_launch) by extensions ['colcon_meta']
[0.488s] Level 1:colcon.colcon_core.package_identification:_identify(workspace/src/sdv_launch) by extension 'colcon_meta'
[0.488s] Level 1:colcon.colcon_core.package_identification:_identify(workspace/src/sdv_launch) by extensions ['ros']
[0.488s] Level 1:colcon.colcon_core.package_identification:_identify(workspace/src/sdv_launch) by extension 'ros'
[0.488s] DEBUG:colcon.colcon_core.package_identification:Package 'workspace/src/sdv_launch' with type 'ros.ament_cmake' and name 'sdv_launch'
[0.489s] Level 1:colcon.colcon_core.package_identification:_identify(workspace/src/sdv_lidar) by extensions ['ignore', 'ignore_ament_install']
[0.489s] Level 1:colcon.colcon_core.package_identification:_identify(workspace/src/sdv_lidar) by extension 'ignore'
[0.489s] Level 1:colcon.colcon_core.package_identification:_identify(workspace/src/sdv_lidar) by extension 'ignore_ament_install'
[0.489s] Level 1:colcon.colcon_core.package_identification:_identify(workspace/src/sdv_lidar) by extensions ['colcon_pkg']
[0.489s] Level 1:colcon.colcon_core.package_identification:_identify(workspace/src/sdv_lidar) by extension 'colcon_pkg'
[0.489s] Level 1:colcon.colcon_core.package_identification:_identify(workspace/src/sdv_lidar) by extensions ['colcon_meta']
[0.489s] Level 1:colcon.colcon_core.package_identification:_identify(workspace/src/sdv_lidar) by extension 'colcon_meta'
[0.489s] Level 1:colcon.colcon_core.package_identification:_identify(workspace/src/sdv_lidar) by extensions ['ros']
[0.489s] Level 1:colcon.colcon_core.package_identification:_identify(workspace/src/sdv_lidar) by extension 'ros'
[0.489s] Level 1:colcon.colcon_core.package_identification:_identify(workspace/src/sdv_lidar) by extensions ['cmake', 'python']
[0.489s] Level 1:colcon.colcon_core.package_identification:_identify(workspace/src/sdv_lidar) by extension 'cmake'
[0.489s] Level 1:colcon.colcon_core.package_identification:_identify(workspace/src/sdv_lidar) by extension 'python'
[0.489s] Level 1:colcon.colcon_core.package_identification:_identify(workspace/src/sdv_lidar) by extensions ['python_setup_py']
[0.489s] Level 1:colcon.colcon_core.package_identification:_identify(workspace/src/sdv_lidar) by extension 'python_setup_py'
[0.490s] Level 1:colcon.colcon_core.package_identification:_identify(workspace/src/sdv_lidar/lidar3d_clustering) by extensions ['ignore', 'ignore_ament_install']
[0.490s] Level 1:colcon.colcon_core.package_identification:_identify(workspace/src/sdv_lidar/lidar3d_clustering) by extension 'ignore'
[0.490s] Level 1:colcon.colcon_core.package_identification:_identify(workspace/src/sdv_lidar/lidar3d_clustering) by extension 'ignore_ament_install'
[0.490s] Level 1:colcon.colcon_core.package_identification:_identify(workspace/src/sdv_lidar/lidar3d_clustering) by extensions ['colcon_pkg']
[0.490s] Level 1:colcon.colcon_core.package_identification:_identify(workspace/src/sdv_lidar/lidar3d_clustering) by extension 'colcon_pkg'
[0.490s] Level 1:colcon.colcon_core.package_identification:_identify(workspace/src/sdv_lidar/lidar3d_clustering) by extensions ['colcon_meta']
[0.490s] Level 1:colcon.colcon_core.package_identification:_identify(workspace/src/sdv_lidar/lidar3d_clustering) by extension 'colcon_meta'
[0.490s] Level 1:colcon.colcon_core.package_identification:_identify(workspace/src/sdv_lidar/lidar3d_clustering) by extensions ['ros']
[0.490s] Level 1:colcon.colcon_core.package_identification:_identify(workspace/src/sdv_lidar/lidar3d_clustering) by extension 'ros'
[0.492s] DEBUG:colcon.colcon_core.package_identification:Package 'workspace/src/sdv_lidar/lidar3d_clustering' with type 'ros.ament_cmake' and name 'lidar3d_clustering'
[0.492s] Level 1:colcon.colcon_core.package_identification:_identify(workspace/src/sdv_lidar/lidar_ground_getter) by extensions ['ignore', 'ignore_ament_install']
[0.492s] Level 1:colcon.colcon_core.package_identification:_identify(workspace/src/sdv_lidar/lidar_ground_getter) by extension 'ignore'
[0.492s] Level 1:colcon.colcon_core.package_identification:_identify(workspace/src/sdv_lidar/lidar_ground_getter) by extension 'ignore_ament_install'
[0.493s] Level 1:colcon.colcon_core.package_identification:_identify(workspace/src/sdv_lidar/lidar_ground_getter) by extensions ['colcon_pkg']
[0.493s] Level 1:colcon.colcon_core.package_identification:_identify(workspace/src/sdv_lidar/lidar_ground_getter) by extension 'colcon_pkg'
[0.493s] Level 1:colcon.colcon_core.package_identification:_identify(workspace/src/sdv_lidar/lidar_ground_getter) by extensions ['colcon_meta']
[0.493s] Level 1:colcon.colcon_core.package_identification:_identify(workspace/src/sdv_lidar/lidar_ground_getter) by extension 'colcon_meta'
[0.493s] Level 1:colcon.colcon_core.package_identification:_identify(workspace/src/sdv_lidar/lidar_ground_getter) by extensions ['ros']
[0.493s] Level 1:colcon.colcon_core.package_identification:_identify(workspace/src/sdv_lidar/lidar_ground_getter) by extension 'ros'
[0.494s] DEBUG:colcon.colcon_core.package_identification:Package 'workspace/src/sdv_lidar/lidar_ground_getter' with type 'ros.ament_cmake' and name 'lidar_ground_getter'
[0.494s] Level 1:colcon.colcon_core.package_identification:_identify(workspace/src/sdv_lidar/lidar_imu_sync) by extensions ['ignore', 'ignore_ament_install']
[0.494s] Level 1:colcon.colcon_core.package_identification:_identify(workspace/src/sdv_lidar/lidar_imu_sync) by extension 'ignore'
[0.495s] Level 1:colcon.colcon_core.package_identification:_identify(workspace/src/sdv_lidar/lidar_imu_sync) by extension 'ignore_ament_install'
[0.495s] Level 1:colcon.colcon_core.package_identification:_identify(workspace/src/sdv_lidar/lidar_imu_sync) by extensions ['colcon_pkg']
[0.495s] Level 1:colcon.colcon_core.package_identification:_identify(workspace/src/sdv_lidar/lidar_imu_sync) by extension 'colcon_pkg'
[0.495s] Level 1:colcon.colcon_core.package_identification:_identify(workspace/src/sdv_lidar/lidar_imu_sync) by extensions ['colcon_meta']
[0.495s] Level 1:colcon.colcon_core.package_identification:_identify(workspace/src/sdv_lidar/lidar_imu_sync) by extension 'colcon_meta'
[0.495s] Level 1:colcon.colcon_core.package_identification:_identify(workspace/src/sdv_lidar/lidar_imu_sync) by extensions ['ros']
[0.495s] Level 1:colcon.colcon_core.package_identification:_identify(workspace/src/sdv_lidar/lidar_imu_sync) by extension 'ros'
[0.496s] DEBUG:colcon.colcon_core.package_identification:Package 'workspace/src/sdv_lidar/lidar_imu_sync' with type 'ros.ament_cmake' and name 'lidar_imu_sync'
[0.497s] Level 1:colcon.colcon_core.package_identification:_identify(workspace/src/sdv_lidar/lidar_path_to_odom) by extensions ['ignore', 'ignore_ament_install']
[0.497s] Level 1:colcon.colcon_core.package_identification:_identify(workspace/src/sdv_lidar/lidar_path_to_odom) by extension 'ignore'
[0.497s] Level 1:colcon.colcon_core.package_identification:_identify(workspace/src/sdv_lidar/lidar_path_to_odom) by extension 'ignore_ament_install'
[0.497s] Level 1:colcon.colcon_core.package_identification:_identify(workspace/src/sdv_lidar/lidar_path_to_odom) by extensions ['colcon_pkg']
[0.497s] Level 1:colcon.colcon_core.package_identification:_identify(workspace/src/sdv_lidar/lidar_path_to_odom) by extension 'colcon_pkg'
[0.497s] Level 1:colcon.colcon_core.package_identification:_identify(workspace/src/sdv_lidar/lidar_path_to_odom) by extensions ['colcon_meta']
[0.497s] Level 1:colcon.colcon_core.package_identification:_identify(workspace/src/sdv_lidar/lidar_path_to_odom) by extension 'colcon_meta'
[0.497s] Level 1:colcon.colcon_core.package_identification:_identify(workspace/src/sdv_lidar/lidar_path_to_odom) by extensions ['ros']
[0.497s] Level 1:colcon.colcon_core.package_identification:_identify(workspace/src/sdv_lidar/lidar_path_to_odom) by extension 'ros'
[0.499s] DEBUG:colcon.colcon_core.package_identification:Package 'workspace/src/sdv_lidar/lidar_path_to_odom' with type 'ros.ament_cmake' and name 'lidar_path_to_odom'
[0.499s] Level 1:colcon.colcon_core.package_identification:_identify(workspace/src/sdv_lidar/sdv_lidar_processing) by extensions ['ignore', 'ignore_ament_install']
[0.499s] Level 1:colcon.colcon_core.package_identification:_identify(workspace/src/sdv_lidar/sdv_lidar_processing) by extension 'ignore'
[0.499s] Level 1:colcon.colcon_core.package_identification:_identify(workspace/src/sdv_lidar/sdv_lidar_processing) by extension 'ignore_ament_install'
[0.499s] Level 1:colcon.colcon_core.package_identification:_identify(workspace/src/sdv_lidar/sdv_lidar_processing) by extensions ['colcon_pkg']
[0.499s] Level 1:colcon.colcon_core.package_identification:_identify(workspace/src/sdv_lidar/sdv_lidar_processing) by extension 'colcon_pkg'
[0.500s] Level 1:colcon.colcon_core.package_identification:_identify(workspace/src/sdv_lidar/sdv_lidar_processing) by extensions ['colcon_meta']
[0.500s] Level 1:colcon.colcon_core.package_identification:_identify(workspace/src/sdv_lidar/sdv_lidar_processing) by extension 'colcon_meta'
[0.500s] Level 1:colcon.colcon_core.package_identification:_identify(workspace/src/sdv_lidar/sdv_lidar_processing) by extensions ['ros']
[0.500s] Level 1:colcon.colcon_core.package_identification:_identify(workspace/src/sdv_lidar/sdv_lidar_processing) by extension 'ros'
[0.501s] DEBUG:colcon.colcon_core.package_identification:Package 'workspace/src/sdv_lidar/sdv_lidar_processing' with type 'ros.ament_cmake' and name 'sdv_lidar_processing'
[0.501s] Level 1:colcon.colcon_core.package_identification:_identify(workspace/src/sdv_lidar/sdv_robot_description) by extensions ['ignore', 'ignore_ament_install']
[0.502s] Level 1:colcon.colcon_core.package_identification:_identify(workspace/src/sdv_lidar/sdv_robot_description) by extension 'ignore'
[0.502s] Level 1:colcon.colcon_core.package_identification:_identify(workspace/src/sdv_lidar/sdv_robot_description) by extension 'ignore_ament_install'
[0.502s] Level 1:colcon.colcon_core.package_identification:_identify(workspace/src/sdv_lidar/sdv_robot_description) by extensions ['colcon_pkg']
[0.502s] Level 1:colcon.colcon_core.package_identification:_identify(workspace/src/sdv_lidar/sdv_robot_description) by extension 'colcon_pkg'
[0.502s] Level 1:colcon.colcon_core.package_identification:_identify(workspace/src/sdv_lidar/sdv_robot_description) by extensions ['colcon_meta']
[0.502s] Level 1:colcon.colcon_core.package_identification:_identify(workspace/src/sdv_lidar/sdv_robot_description) by extension 'colcon_meta'
[0.502s] Level 1:colcon.colcon_core.package_identification:_identify(workspace/src/sdv_lidar/sdv_robot_description) by extensions ['ros']
[0.502s] Level 1:colcon.colcon_core.package_identification:_identify(workspace/src/sdv_lidar/sdv_robot_description) by extension 'ros'
[0.503s] DEBUG:colcon.colcon_core.package_identification:Package 'workspace/src/sdv_lidar/sdv_robot_description' with type 'ros.ament_cmake' and name 'sdv_robot_description'
[0.503s] Level 1:colcon.colcon_core.package_identification:_identify(workspace/src/sdv_lidar/voxel_grid_filter) by extensions ['ignore', 'ignore_ament_install']
[0.503s] Level 1:colcon.colcon_core.package_identification:_identify(workspace/src/sdv_lidar/voxel_grid_filter) by extension 'ignore'
[0.503s] Level 1:colcon.colcon_core.package_identification:_identify(workspace/src/sdv_lidar/voxel_grid_filter) by extension 'ignore_ament_install'
[0.503s] Level 1:colcon.colcon_core.package_identification:_identify(workspace/src/sdv_lidar/voxel_grid_filter) by extensions ['colcon_pkg']
[0.503s] Level 1:colcon.colcon_core.package_identification:_identify(workspace/src/sdv_lidar/voxel_grid_filter) by extension 'colcon_pkg'
[0.503s] Level 1:colcon.colcon_core.package_identification:_identify(workspace/src/sdv_lidar/voxel_grid_filter) by extensions ['colcon_meta']
[0.503s] Level 1:colcon.colcon_core.package_identification:_identify(workspace/src/sdv_lidar/voxel_grid_filter) by extension 'colcon_meta'
[0.503s] Level 1:colcon.colcon_core.package_identification:_identify(workspace/src/sdv_lidar/voxel_grid_filter) by extensions ['ros']
[0.503s] Level 1:colcon.colcon_core.package_identification:_identify(workspace/src/sdv_lidar/voxel_grid_filter) by extension 'ros'
[0.504s] DEBUG:colcon.colcon_core.package_identification:Package 'workspace/src/sdv_lidar/voxel_grid_filter' with type 'ros.ament_cmake' and name 'voxel_grid_filter'
[0.504s] Level 1:colcon.colcon_core.package_identification:_identify(workspace/src/sdv_localization) by extensions ['ignore', 'ignore_ament_install']
[0.505s] Level 1:colcon.colcon_core.package_identification:_identify(workspace/src/sdv_localization) by extension 'ignore'
[0.505s] Level 1:colcon.colcon_core.package_identification:_identify(workspace/src/sdv_localization) by extension 'ignore_ament_install'
[0.505s] Level 1:colcon.colcon_core.package_identification:_identify(workspace/src/sdv_localization) by extensions ['colcon_pkg']
[0.505s] Level 1:colcon.colcon_core.package_identification:_identify(workspace/src/sdv_localization) by extension 'colcon_pkg'
[0.505s] Level 1:colcon.colcon_core.package_identification:_identify(workspace/src/sdv_localization) by extensions ['colcon_meta']
[0.505s] Level 1:colcon.colcon_core.package_identification:_identify(workspace/src/sdv_localization) by extension 'colcon_meta'
[0.505s] Level 1:colcon.colcon_core.package_identification:_identify(workspace/src/sdv_localization) by extensions ['ros']
[0.505s] Level 1:colcon.colcon_core.package_identification:_identify(workspace/src/sdv_localization) by extension 'ros'
[0.505s] Level 1:colcon.colcon_core.package_identification:_identify(workspace/src/sdv_localization) by extensions ['cmake', 'python']
[0.505s] Level 1:colcon.colcon_core.package_identification:_identify(workspace/src/sdv_localization) by extension 'cmake'
[0.505s] Level 1:colcon.colcon_core.package_identification:_identify(workspace/src/sdv_localization) by extension 'python'
[0.505s] Level 1:colcon.colcon_core.package_identification:_identify(workspace/src/sdv_localization) by extensions ['python_setup_py']
[0.505s] Level 1:colcon.colcon_core.package_identification:_identify(workspace/src/sdv_localization) by extension 'python_setup_py'
[0.505s] Level 1:colcon.colcon_core.package_identification:_identify(workspace/src/sdv_localization/sdv_localization) by extensions ['ignore', 'ignore_ament_install']
[0.506s] Level 1:colcon.colcon_core.package_identification:_identify(workspace/src/sdv_localization/sdv_localization) by extension 'ignore'
[0.506s] Level 1:colcon.colcon_core.package_identification:_identify(workspace/src/sdv_localization/sdv_localization) by extension 'ignore_ament_install'
[0.506s] Level 1:colcon.colcon_core.package_identification:_identify(workspace/src/sdv_localization/sdv_localization) by extensions ['colcon_pkg']
[0.506s] Level 1:colcon.colcon_core.package_identification:_identify(workspace/src/sdv_localization/sdv_localization) by extension 'colcon_pkg'
[0.506s] Level 1:colcon.colcon_core.package_identification:_identify(workspace/src/sdv_localization/sdv_localization) by extensions ['colcon_meta']
[0.506s] Level 1:colcon.colcon_core.package_identification:_identify(workspace/src/sdv_localization/sdv_localization) by extension 'colcon_meta'
[0.506s] Level 1:colcon.colcon_core.package_identification:_identify(workspace/src/sdv_localization/sdv_localization) by extensions ['ros']
[0.506s] Level 1:colcon.colcon_core.package_identification:_identify(workspace/src/sdv_localization/sdv_localization) by extension 'ros'
[0.508s] DEBUG:colcon.colcon_core.package_identification:Package 'workspace/src/sdv_localization/sdv_localization' with type 'ros.ament_cmake' and name 'sdv_localization'
[0.508s] Level 1:colcon.colcon_core.package_identification:_identify(workspace/src/sdv_msgs) by extensions ['ignore', 'ignore_ament_install']
[0.509s] Level 1:colcon.colcon_core.package_identification:_identify(workspace/src/sdv_msgs) by extension 'ignore'
[0.509s] Level 1:colcon.colcon_core.package_identification:_identify(workspace/src/sdv_msgs) by extension 'ignore_ament_install'
[0.509s] Level 1:colcon.colcon_core.package_identification:_identify(workspace/src/sdv_msgs) by extensions ['colcon_pkg']
[0.509s] Level 1:colcon.colcon_core.package_identification:_identify(workspace/src/sdv_msgs) by extension 'colcon_pkg'
[0.509s] Level 1:colcon.colcon_core.package_identification:_identify(workspace/src/sdv_msgs) by extensions ['colcon_meta']
[0.509s] Level 1:colcon.colcon_core.package_identification:_identify(workspace/src/sdv_msgs) by extension 'colcon_meta'
[0.510s] Level 1:colcon.colcon_core.package_identification:_identify(workspace/src/sdv_msgs) by extensions ['ros']
[0.510s] Level 1:colcon.colcon_core.package_identification:_identify(workspace/src/sdv_msgs) by extension 'ros'
[0.510s] DEBUG:colcon.colcon_core.package_identification:Package 'workspace/src/sdv_msgs' with type 'ros.ament_cmake' and name 'sdv_msgs'
[0.511s] Level 1:colcon.colcon_core.package_identification:_identify(workspace/src/simulation_manual_control) by extensions ['ignore', 'ignore_ament_install']
[0.511s] Level 1:colcon.colcon_core.package_identification:_identify(workspace/src/simulation_manual_control) by extension 'ignore'
[0.511s] Level 1:colcon.colcon_core.package_identification:_identify(workspace/src/simulation_manual_control) by extension 'ignore_ament_install'
[0.511s] Level 1:colcon.colcon_core.package_identification:_identify(workspace/src/simulation_manual_control) by extensions ['colcon_pkg']
[0.511s] Level 1:colcon.colcon_core.package_identification:_identify(workspace/src/simulation_manual_control) by extension 'colcon_pkg'
[0.511s] Level 1:colcon.colcon_core.package_identification:_identify(workspace/src/simulation_manual_control) by extensions ['colcon_meta']
[0.511s] Level 1:colcon.colcon_core.package_identification:_identify(workspace/src/simulation_manual_control) by extension 'colcon_meta'
[0.511s] Level 1:colcon.colcon_core.package_identification:_identify(workspace/src/simulation_manual_control) by extensions ['ros']
[0.511s] Level 1:colcon.colcon_core.package_identification:_identify(workspace/src/simulation_manual_control) by extension 'ros'
[0.511s] Level 1:colcon.colcon_core.package_identification:_identify(workspace/src/simulation_manual_control) by extensions ['cmake', 'python']
[0.511s] Level 1:colcon.colcon_core.package_identification:_identify(workspace/src/simulation_manual_control) by extension 'cmake'
[0.511s] Level 1:colcon.colcon_core.package_identification:_identify(workspace/src/simulation_manual_control) by extension 'python'
[0.511s] Level 1:colcon.colcon_core.package_identification:_identify(workspace/src/simulation_manual_control) by extensions ['python_setup_py']
[0.511s] Level 1:colcon.colcon_core.package_identification:_identify(workspace/src/simulation_manual_control) by extension 'python_setup_py'
[0.511s] Level 1:colcon.colcon_core.package_identification:_identify(workspace/src/simulation_manual_control/ros_compatibility) by extensions ['ignore', 'ignore_ament_install']
[0.512s] Level 1:colcon.colcon_core.package_identification:_identify(workspace/src/simulation_manual_control/ros_compatibility) by extension 'ignore'
[0.512s] Level 1:colcon.colcon_core.package_identification:_identify(workspace/src/simulation_manual_control/ros_compatibility) by extension 'ignore_ament_install'
[0.512s] Level 1:colcon.colcon_core.package_identification:_identify(workspace/src/simulation_manual_control/ros_compatibility) by extensions ['colcon_pkg']
[0.512s] Level 1:colcon.colcon_core.package_identification:_identify(workspace/src/simulation_manual_control/ros_compatibility) by extension 'colcon_pkg'
[0.512s] Level 1:colcon.colcon_core.package_identification:_identify(workspace/src/simulation_manual_control/ros_compatibility) by extensions ['colcon_meta']
[0.512s] Level 1:colcon.colcon_core.package_identification:_identify(workspace/src/simulation_manual_control/ros_compatibility) by extension 'colcon_meta'
[0.512s] Level 1:colcon.colcon_core.package_identification:_identify(workspace/src/simulation_manual_control/ros_compatibility) by extensions ['ros']
[0.512s] Level 1:colcon.colcon_core.package_identification:_identify(workspace/src/simulation_manual_control/ros_compatibility) by extension 'ros'
[0.529s] DEBUG:colcon.colcon_core.package_identification:Package 'workspace/src/simulation_manual_control/ros_compatibility' with type 'ros.ament_python' and name 'ros_compatibility'
[0.530s] Level 1:colcon.colcon_core.package_identification:_identify(workspace/src/simulation_manual_control/sdv_manual_control) by extensions ['ignore', 'ignore_ament_install']
[0.530s] Level 1:colcon.colcon_core.package_identification:_identify(workspace/src/simulation_manual_control/sdv_manual_control) by extension 'ignore'
[0.530s] Level 1:colcon.colcon_core.package_identification:_identify(workspace/src/simulation_manual_control/sdv_manual_control) by extension 'ignore_ament_install'
[0.530s] Level 1:colcon.colcon_core.package_identification:_identify(workspace/src/simulation_manual_control/sdv_manual_control) by extensions ['colcon_pkg']
[0.530s] Level 1:colcon.colcon_core.package_identification:_identify(workspace/src/simulation_manual_control/sdv_manual_control) by extension 'colcon_pkg'
[0.530s] Level 1:colcon.colcon_core.package_identification:_identify(workspace/src/simulation_manual_control/sdv_manual_control) by extensions ['colcon_meta']
[0.530s] Level 1:colcon.colcon_core.package_identification:_identify(workspace/src/simulation_manual_control/sdv_manual_control) by extension 'colcon_meta'
[0.530s] Level 1:colcon.colcon_core.package_identification:_identify(workspace/src/simulation_manual_control/sdv_manual_control) by extensions ['ros']
[0.530s] Level 1:colcon.colcon_core.package_identification:_identify(workspace/src/simulation_manual_control/sdv_manual_control) by extension 'ros'
[0.534s] DEBUG:colcon.colcon_core.package_identification:Package 'workspace/src/simulation_manual_control/sdv_manual_control' with type 'ros.ament_python' and name 'sdv_manual_control'
[0.534s] Level 1:colcon.colcon_core.package_identification:_identify(workspace/src/waypoints_niagara_creator) by extensions ['ignore', 'ignore_ament_install']
[0.534s] Level 1:colcon.colcon_core.package_identification:_identify(workspace/src/waypoints_niagara_creator) by extension 'ignore'
[0.534s] Level 1:colcon.colcon_core.package_identification:_identify(workspace/src/waypoints_niagara_creator) by extension 'ignore_ament_install'
[0.534s] Level 1:colcon.colcon_core.package_identification:_identify(workspace/src/waypoints_niagara_creator) by extensions ['colcon_pkg']
[0.534s] Level 1:colcon.colcon_core.package_identification:_identify(workspace/src/waypoints_niagara_creator) by extension 'colcon_pkg'
[0.534s] Level 1:colcon.colcon_core.package_identification:_identify(workspace/src/waypoints_niagara_creator) by extensions ['colcon_meta']
[0.534s] Level 1:colcon.colcon_core.package_identification:_identify(workspace/src/waypoints_niagara_creator) by extension 'colcon_meta'
[0.535s] Level 1:colcon.colcon_core.package_identification:_identify(workspace/src/waypoints_niagara_creator) by extensions ['ros']
[0.535s] Level 1:colcon.colcon_core.package_identification:_identify(workspace/src/waypoints_niagara_creator) by extension 'ros'
[0.536s] DEBUG:colcon.colcon_core.package_identification:Package 'workspace/src/waypoints_niagara_creator' with type 'ros.ament_cmake' and name 'waypoints_niagara_creator'
[0.536s] Level 1:colcon.colcon_core.package_identification:_identify(workspace/src/waypoints_niagara_loader) by extensions ['ignore', 'ignore_ament_install']
[0.536s] Level 1:colcon.colcon_core.package_identification:_identify(workspace/src/waypoints_niagara_loader) by extension 'ignore'
[0.536s] Level 1:colcon.colcon_core.package_identification:_identify(workspace/src/waypoints_niagara_loader) by extension 'ignore_ament_install'
[0.536s] Level 1:colcon.colcon_core.package_identification:_identify(workspace/src/waypoints_niagara_loader) by extensions ['colcon_pkg']
[0.536s] Level 1:colcon.colcon_core.package_identification:_identify(workspace/src/waypoints_niagara_loader) by extension 'colcon_pkg'
[0.536s] Level 1:colcon.colcon_core.package_identification:_identify(workspace/src/waypoints_niagara_loader) by extensions ['colcon_meta']
[0.536s] Level 1:colcon.colcon_core.package_identification:_identify(workspace/src/waypoints_niagara_loader) by extension 'colcon_meta'
[0.536s] Level 1:colcon.colcon_core.package_identification:_identify(workspace/src/waypoints_niagara_loader) by extensions ['ros']
[0.536s] Level 1:colcon.colcon_core.package_identification:_identify(workspace/src/waypoints_niagara_loader) by extension 'ros'
[0.537s] DEBUG:colcon.colcon_core.package_identification:Package 'workspace/src/waypoints_niagara_loader' with type 'ros.ament_cmake' and name 'waypoints_niagara_loader'
[0.537s] Level 1:colcon.colcon_core.package_discovery:discover_packages(recursive) using defaults
[0.537s] Level 1:colcon.colcon_core.package_discovery:discover_packages(ignore) discover
[0.537s] Level 1:colcon.colcon_core.package_discovery:discover_packages(ignore) using defaults
[0.537s] Level 1:colcon.colcon_core.package_discovery:discover_packages(path) discover
[0.537s] Level 1:colcon.colcon_core.package_discovery:discover_packages(path) using defaults
[0.570s] INFO:colcon.colcon_core.package_selection:Skipping not selected package 'isaac_ros_common' in 'workspace/src/isaac_ros_common/isaac_ros_common'
[0.570s] INFO:colcon.colcon_core.package_selection:Skipping not selected package 'isaac_ros_test' in 'workspace/src/isaac_ros_common/isaac_ros_test'
[0.570s] INFO:colcon.colcon_core.package_selection:Skipping not selected package 'lidar3d_clustering' in 'workspace/src/sdv_lidar/lidar3d_clustering'
[0.570s] INFO:colcon.colcon_core.package_selection:Skipping not selected package 'lidar_ground_getter' in 'workspace/src/sdv_lidar/lidar_ground_getter'
[0.570s] INFO:colcon.colcon_core.package_selection:Skipping not selected package 'lidar_imu_sync' in 'workspace/src/sdv_lidar/lidar_imu_sync'
[0.570s] INFO:colcon.colcon_core.package_selection:Skipping not selected package 'lidar_path_to_odom' in 'workspace/src/sdv_lidar/lidar_path_to_odom'
[0.571s] INFO:colcon.colcon_core.package_selection:Skipping not selected package 'lio_sam' in 'workspace/src/LIO-SAM'
[0.571s] INFO:colcon.colcon_core.package_selection:Skipping not selected package 'oa_licalib' in 'utils/lidar_imu_calibration/OA-LICalib'
[0.571s] INFO:colcon.colcon_core.package_selection:Skipping not selected package 'ros_compatibility' in 'workspace/src/simulation_manual_control/ros_compatibility'
[0.571s] INFO:colcon.colcon_core.package_selection:Skipping not selected package 'sdv_description' in 'workspace/src/sdv_description'
[0.571s] INFO:colcon.colcon_core.package_selection:Skipping not selected package 'sdv_launch' in 'workspace/src/sdv_launch'
[0.571s] INFO:colcon.colcon_core.package_selection:Skipping not selected package 'sdv_lidar_processing' in 'workspace/src/sdv_lidar/sdv_lidar_processing'
[0.571s] INFO:colcon.colcon_core.package_selection:Skipping not selected package 'sdv_robot_description' in 'workspace/src/sdv_lidar/sdv_robot_description'
[0.571s] INFO:colcon.colcon_core.package_selection:Skipping not selected package 'vectornav_msgs' in 'workspace/src/drivers/vectornav/vectornav_msgs'
[0.571s] INFO:colcon.colcon_core.package_selection:Skipping not selected package 'voxel_grid_filter' in 'workspace/src/sdv_lidar/voxel_grid_filter'
[0.571s] INFO:colcon.colcon_core.package_selection:Skipping not selected package 'waypoints_niagara_creator' in 'workspace/src/waypoints_niagara_creator'
[0.571s] INFO:colcon.colcon_core.package_selection:Skipping not selected package 'waypoints_niagara_loader' in 'workspace/src/waypoints_niagara_loader'
[0.571s] INFO:colcon.colcon_core.package_selection:Skipping not selected package 'isaac_ros_apriltag_interfaces' in 'workspace/src/isaac_ros_common/isaac_ros_apriltag_interfaces'
[0.571s] INFO:colcon.colcon_core.package_selection:Skipping not selected package 'isaac_ros_bi3d_interfaces' in 'workspace/src/isaac_ros_common/isaac_ros_bi3d_interfaces'
[0.571s] INFO:colcon.colcon_core.package_selection:Skipping not selected package 'isaac_ros_nitros_bridge_interfaces' in 'workspace/src/isaac_ros_common/isaac_ros_nitros_bridge_interfaces'
[0.571s] INFO:colcon.colcon_core.package_selection:Skipping not selected package 'isaac_ros_nova_interfaces' in 'workspace/src/isaac_ros_common/isaac_ros_nova_interfaces'
[0.571s] INFO:colcon.colcon_core.package_selection:Skipping not selected package 'isaac_ros_pointcloud_interfaces' in 'workspace/src/isaac_ros_common/isaac_ros_pointcloud_interfaces'
[0.571s] INFO:colcon.colcon_core.package_selection:Skipping not selected package 'isaac_ros_tensor_list_interfaces' in 'workspace/src/isaac_ros_common/isaac_ros_tensor_list_interfaces'
[0.571s] INFO:colcon.colcon_core.package_selection:Skipping not selected package 'sdv_can' in 'workspace/src/sdv_can'
[0.571s] INFO:colcon.colcon_core.package_selection:Skipping not selected package 'sdv_control' in 'workspace/src/sdv_control'
[0.571s] INFO:colcon.colcon_core.package_selection:Skipping not selected package 'sdv_localization' in 'workspace/src/sdv_localization/sdv_localization'
[0.571s] INFO:colcon.colcon_core.package_selection:Skipping not selected package 'sdv_manual_control' in 'workspace/src/simulation_manual_control/sdv_manual_control'
[0.571s] INFO:colcon.colcon_core.package_selection:Skipping not selected package 'vectornav' in 'workspace/src/drivers/vectornav/vectornav'
[0.572s] Level 1:colcon.colcon_core.package_discovery:discover_packages(prefix_path) check parameters
[0.572s] Level 1:colcon.colcon_core.package_discovery:discover_packages(prefix_path) discover
[0.577s] DEBUG:colcon.colcon_installed_package_information.package_discovery:Found 330 installed packages in /opt/ros/humble
[0.579s] Level 1:colcon.colcon_core.package_discovery:discover_packages(prefix_path) using defaults
[0.641s] Level 5:colcon.colcon_core.verb:set package 'sdv_msgs' build argument 'cmake_args' from command line to 'None'
[0.642s] Level 5:colcon.colcon_core.verb:set package 'sdv_msgs' build argument 'cmake_target' from command line to 'None'
[0.642s] Level 5:colcon.colcon_core.verb:set package 'sdv_msgs' build argument 'cmake_target_skip_unavailable' from command line to 'False'
[0.642s] Level 5:colcon.colcon_core.verb:set package 'sdv_msgs' build argument 'cmake_clean_cache' from command line to 'False'
[0.642s] Level 5:colcon.colcon_core.verb:set package 'sdv_msgs' build argument 'cmake_clean_first' from command line to 'False'
[0.642s] Level 5:colcon.colcon_core.verb:set package 'sdv_msgs' build argument 'cmake_force_configure' from command line to 'False'
[0.642s] Level 5:colcon.colcon_core.verb:set package 'sdv_msgs' build argument 'ament_cmake_args' from command line to 'None'
[0.642s] Level 5:colcon.colcon_core.verb:set package 'sdv_msgs' build argument 'catkin_cmake_args' from command line to 'None'
[0.642s] Level 5:colcon.colcon_core.verb:set package 'sdv_msgs' build argument 'catkin_skip_building_tests' from command line to 'False'
[0.642s] DEBUG:colcon.colcon_core.verb:Building package 'sdv_msgs' with the following arguments: {'ament_cmake_args': None, 'build_base': '/home/fectec151/Downloads/Projects/vanttec_sdv/build/sdv_msgs', 'catkin_cmake_args': None, 'catkin_skip_building_tests': False, 'cmake_args': None, 'cmake_clean_cache': False, 'cmake_clean_first': False, 'cmake_force_configure': False, 'cmake_target': None, 'cmake_target_skip_unavailable': False, 'install_base': '/home/fectec151/Downloads/Projects/vanttec_sdv/install/sdv_msgs', 'merge_install': False, 'path': '/home/fectec151/Downloads/Projects/vanttec_sdv/workspace/src/sdv_msgs', 'symlink_install': False, 'test_result_base': None}
[0.642s] INFO:colcon.colcon_core.executor:Executing jobs using 'parallel' executor
[0.644s] DEBUG:colcon.colcon_parallel_executor.executor.parallel:run_until_complete
[0.644s] INFO:colcon.colcon_ros.task.ament_cmake.build:Building ROS package in '/home/fectec151/Downloads/Projects/vanttec_sdv/workspace/src/sdv_msgs' with build type 'ament_cmake'
[0.644s] INFO:colcon.colcon_cmake.task.cmake.build:Building CMake package in '/home/fectec151/Downloads/Projects/vanttec_sdv/workspace/src/sdv_msgs'
[0.648s] INFO:colcon.colcon_core.plugin_system:Skipping extension 'colcon_core.shell.bat': Not used on non-Windows systems
[0.648s] INFO:colcon.colcon_core.shell:Skip shell extension 'powershell' for command environment: Not usable outside of PowerShell
[0.648s] DEBUG:colcon.colcon_core.shell:Skip shell extension 'dsv' for command environment
[0.660s] DEBUG:colcon.colcon_core.event_handler.log_command:Invoking command in '/home/fectec151/Downloads/Projects/vanttec_sdv/build/sdv_msgs': CMAKE_PREFIX_PATH=/opt/ros/humble /usr/bin/cmake /home/fectec151/Downloads/Projects/vanttec_sdv/workspace/src/sdv_msgs -DCMAKE_INSTALL_PREFIX=/home/fectec151/Downloads/Projects/vanttec_sdv/install/sdv_msgs
[4.065s] DEBUG:colcon.colcon_core.event_handler.log_command:Invoked command in '/home/fectec151/Downloads/Projects/vanttec_sdv/build/sdv_msgs' returned '0': CMAKE_PREFIX_PATH=/opt/ros/humble /usr/bin/cmake /home/fectec151/Downloads/Projects/vanttec_sdv/workspace/src/sdv_msgs -DCMAKE_INSTALL_PREFIX=/home/fectec151/Downloads/Projects/vanttec_sdv/install/sdv_msgs
[4.068s] DEBUG:colcon.colcon_core.event_handler.log_command:Invoking command in '/home/fectec151/Downloads/Projects/vanttec_sdv/build/sdv_msgs': CMAKE_PREFIX_PATH=/opt/ros/humble /usr/bin/cmake --build /home/fectec151/Downloads/Projects/vanttec_sdv/build/sdv_msgs -- -j12 -l12
[22.130s] DEBUG:colcon.colcon_core.event_handler.log_command:Invoked command in '/home/fectec151/Downloads/Projects/vanttec_sdv/build/sdv_msgs' returned '0': CMAKE_PREFIX_PATH=/opt/ros/humble /usr/bin/cmake --build /home/fectec151/Downloads/Projects/vanttec_sdv/build/sdv_msgs -- -j12 -l12
[23.620s] DEBUG:colcon.colcon_core.event_handler.log_command:Invoking command in '/home/fectec151/Downloads/Projects/vanttec_sdv/build/sdv_msgs': CMAKE_PREFIX_PATH=/opt/ros/humble /usr/bin/cmake --install /home/fectec151/Downloads/Projects/vanttec_sdv/build/sdv_msgs
[23.874s] Level 1:colcon.colcon_core.environment:create_environment_scripts_only(sdv_msgs)
[23.875s] DEBUG:colcon.colcon_core.event_handler.log_command:Invoked command in '/home/fectec151/Downloads/Projects/vanttec_sdv/build/sdv_msgs' returned '0': CMAKE_PREFIX_PATH=/opt/ros/humble /usr/bin/cmake --install /home/fectec151/Downloads/Projects/vanttec_sdv/build/sdv_msgs
[23.879s] Level 1:colcon.colcon_core.environment:checking '/home/fectec151/Downloads/Projects/vanttec_sdv/install/sdv_msgs' for CMake module files
[23.880s] Level 1:colcon.colcon_core.environment:checking '/home/fectec151/Downloads/Projects/vanttec_sdv/install/sdv_msgs' for CMake config files
[23.881s] Level 1:colcon.colcon_core.shell:create_environment_hook('sdv_msgs', 'cmake_prefix_path')
[23.882s] INFO:colcon.colcon_core.shell:Creating environment hook '/home/fectec151/Downloads/Projects/vanttec_sdv/install/sdv_msgs/share/sdv_msgs/hook/cmake_prefix_path.ps1'
[23.885s] INFO:colcon.colcon_core.shell:Creating environment descriptor '/home/fectec151/Downloads/Projects/vanttec_sdv/install/sdv_msgs/share/sdv_msgs/hook/cmake_prefix_path.dsv'
[23.886s] INFO:colcon.colcon_core.shell:Creating environment hook '/home/fectec151/Downloads/Projects/vanttec_sdv/install/sdv_msgs/share/sdv_msgs/hook/cmake_prefix_path.sh'
[23.888s] Level 1:colcon.colcon_core.environment:checking '/home/fectec151/Downloads/Projects/vanttec_sdv/install/sdv_msgs/lib'
[23.888s] Level 1:colcon.colcon_core.shell:create_environment_hook('sdv_msgs', 'ld_library_path_lib')
[23.889s] INFO:colcon.colcon_core.shell:Creating environment hook '/home/fectec151/Downloads/Projects/vanttec_sdv/install/sdv_msgs/share/sdv_msgs/hook/ld_library_path_lib.ps1'
[23.890s] INFO:colcon.colcon_core.shell:Creating environment descriptor '/home/fectec151/Downloads/Projects/vanttec_sdv/install/sdv_msgs/share/sdv_msgs/hook/ld_library_path_lib.dsv'
[23.890s] INFO:colcon.colcon_core.shell:Creating environment hook '/home/fectec151/Downloads/Projects/vanttec_sdv/install/sdv_msgs/share/sdv_msgs/hook/ld_library_path_lib.sh'
[23.891s] Level 1:colcon.colcon_core.environment:checking '/home/fectec151/Downloads/Projects/vanttec_sdv/install/sdv_msgs/bin'
[23.891s] Level 1:colcon.colcon_core.environment:checking '/home/fectec151/Downloads/Projects/vanttec_sdv/install/sdv_msgs/lib/pkgconfig/sdv_msgs.pc'
[23.892s] Level 1:colcon.colcon_core.environment:checking '/home/fectec151/Downloads/Projects/vanttec_sdv/install/sdv_msgs/lib/python3.10/site-packages'
[23.892s] Level 1:colcon.colcon_core.environment:checking '/home/fectec151/Downloads/Projects/vanttec_sdv/install/sdv_msgs/bin'
[23.893s] INFO:colcon.colcon_core.shell:Creating package script '/home/fectec151/Downloads/Projects/vanttec_sdv/install/sdv_msgs/share/sdv_msgs/package.ps1'
[23.894s] INFO:colcon.colcon_core.shell:Creating package descriptor '/home/fectec151/Downloads/Projects/vanttec_sdv/install/sdv_msgs/share/sdv_msgs/package.dsv'
[23.895s] INFO:colcon.colcon_core.shell:Creating package script '/home/fectec151/Downloads/Projects/vanttec_sdv/install/sdv_msgs/share/sdv_msgs/package.sh'
[23.897s] INFO:colcon.colcon_core.shell:Creating package script '/home/fectec151/Downloads/Projects/vanttec_sdv/install/sdv_msgs/share/sdv_msgs/package.bash'
[23.898s] INFO:colcon.colcon_core.shell:Creating package script '/home/fectec151/Downloads/Projects/vanttec_sdv/install/sdv_msgs/share/sdv_msgs/package.zsh'
[23.899s] Level 1:colcon.colcon_core.environment:create_file_with_runtime_dependencies(/home/fectec151/Downloads/Projects/vanttec_sdv/install/sdv_msgs/share/colcon-core/packages/sdv_msgs)
[24.460s] Level 1:colcon.colcon_core.environment:create_environment_scripts_only(sdv_msgs)
[24.461s] Level 1:colcon.colcon_core.environment:checking '/home/fectec151/Downloads/Projects/vanttec_sdv/install/sdv_msgs' for CMake module files
[24.462s] Level 1:colcon.colcon_core.environment:checking '/home/fectec151/Downloads/Projects/vanttec_sdv/install/sdv_msgs' for CMake config files
[24.462s] Level 1:colcon.colcon_core.shell:create_environment_hook('sdv_msgs', 'cmake_prefix_path')
[24.463s] INFO:colcon.colcon_core.shell:Creating environment hook '/home/fectec151/Downloads/Projects/vanttec_sdv/install/sdv_msgs/share/sdv_msgs/hook/cmake_prefix_path.ps1'
[24.464s] INFO:colcon.colcon_core.shell:Creating environment descriptor '/home/fectec151/Downloads/Projects/vanttec_sdv/install/sdv_msgs/share/sdv_msgs/hook/cmake_prefix_path.dsv'
[24.464s] INFO:colcon.colcon_core.shell:Creating environment hook '/home/fectec151/Downloads/Projects/vanttec_sdv/install/sdv_msgs/share/sdv_msgs/hook/cmake_prefix_path.sh'
[24.465s] Level 1:colcon.colcon_core.environment:checking '/home/fectec151/Downloads/Projects/vanttec_sdv/install/sdv_msgs/lib'
[24.466s] Level 1:colcon.colcon_core.shell:create_environment_hook('sdv_msgs', 'ld_library_path_lib')
[24.466s] INFO:colcon.colcon_core.shell:Creating environment hook '/home/fectec151/Downloads/Projects/vanttec_sdv/install/sdv_msgs/share/sdv_msgs/hook/ld_library_path_lib.ps1'
[24.467s] INFO:colcon.colcon_core.shell:Creating environment descriptor '/home/fectec151/Downloads/Projects/vanttec_sdv/install/sdv_msgs/share/sdv_msgs/hook/ld_library_path_lib.dsv'
[24.467s] INFO:colcon.colcon_core.shell:Creating environment hook '/home/fectec151/Downloads/Projects/vanttec_sdv/install/sdv_msgs/share/sdv_msgs/hook/ld_library_path_lib.sh'
[24.468s] Level 1:colcon.colcon_core.environment:checking '/home/fectec151/Downloads/Projects/vanttec_sdv/install/sdv_msgs/bin'
[24.468s] Level 1:colcon.colcon_core.environment:checking '/home/fectec151/Downloads/Projects/vanttec_sdv/install/sdv_msgs/lib/pkgconfig/sdv_msgs.pc'
[24.469s] Level 1:colcon.colcon_core.environment:checking '/home/fectec151/Downloads/Projects/vanttec_sdv/install/sdv_msgs/lib/python3.10/site-packages'
[24.470s] Level 1:colcon.colcon_core.environment:checking '/home/fectec151/Downloads/Projects/vanttec_sdv/install/sdv_msgs/bin'
[24.471s] INFO:colcon.colcon_core.shell:Creating package script '/home/fectec151/Downloads/Projects/vanttec_sdv/install/sdv_msgs/share/sdv_msgs/package.ps1'
[24.472s] INFO:colcon.colcon_core.shell:Creating package descriptor '/home/fectec151/Downloads/Projects/vanttec_sdv/install/sdv_msgs/share/sdv_msgs/package.dsv'
[24.473s] INFO:colcon.colcon_core.shell:Creating package script '/home/fectec151/Downloads/Projects/vanttec_sdv/install/sdv_msgs/share/sdv_msgs/package.sh'
[24.474s] INFO:colcon.colcon_core.shell:Creating package script '/home/fectec151/Downloads/Projects/vanttec_sdv/install/sdv_msgs/share/sdv_msgs/package.bash'
[24.475s] INFO:colcon.colcon_core.shell:Creating package script '/home/fectec151/Downloads/Projects/vanttec_sdv/install/sdv_msgs/share/sdv_msgs/package.zsh'
[24.476s] Level 1:colcon.colcon_core.environment:create_file_with_runtime_dependencies(/home/fectec151/Downloads/Projects/vanttec_sdv/install/sdv_msgs/share/colcon-core/packages/sdv_msgs)
[24.477s] DEBUG:colcon.colcon_parallel_executor.executor.parallel:closing loop
[24.478s] DEBUG:colcon.colcon_parallel_executor.executor.parallel:loop closed
[24.478s] DEBUG:colcon.colcon_parallel_executor.executor.parallel:run_until_complete finished with '0'
[24.478s] DEBUG:colcon.colcon_core.event_reactor:joining thread
[24.494s] INFO:colcon.colcon_core.plugin_system:Skipping extension 'colcon_notification.desktop_notification.terminal_notifier': Not used on non-Darwin systems
[24.494s] INFO:colcon.colcon_core.plugin_system:Skipping extension 'colcon_notification.desktop_notification.win32': Not used on non-Windows systems
[24.494s] INFO:colcon.colcon_notification.desktop_notification:Sending desktop notification using 'notify2'
[24.515s] DEBUG:colcon.colcon_core.event_reactor:joined thread
[24.515s] INFO:colcon.colcon_core.shell:Creating prefix script '/home/fectec151/Downloads/Projects/vanttec_sdv/install/local_setup.ps1'
[24.517s] INFO:colcon.colcon_core.shell:Creating prefix util module '/home/fectec151/Downloads/Projects/vanttec_sdv/install/_local_setup_util_ps1.py'
[24.520s] INFO:colcon.colcon_core.shell:Creating prefix chain script '/home/fectec151/Downloads/Projects/vanttec_sdv/install/setup.ps1'
[24.522s] INFO:colcon.colcon_core.shell:Creating prefix script '/home/fectec151/Downloads/Projects/vanttec_sdv/install/local_setup.sh'
[24.524s] INFO:colcon.colcon_core.shell:Creating prefix util module '/home/fectec151/Downloads/Projects/vanttec_sdv/install/_local_setup_util_sh.py'
[24.525s] INFO:colcon.colcon_core.shell:Creating prefix chain script '/home/fectec151/Downloads/Projects/vanttec_sdv/install/setup.sh'
[24.527s] INFO:colcon.colcon_core.shell:Creating prefix script '/home/fectec151/Downloads/Projects/vanttec_sdv/install/local_setup.bash'
[24.528s] INFO:colcon.colcon_core.shell:Creating prefix chain script '/home/fectec151/Downloads/Projects/vanttec_sdv/install/setup.bash'
[24.530s] INFO:colcon.colcon_core.shell:Creating prefix script '/home/fectec151/Downloads/Projects/vanttec_sdv/install/local_setup.zsh'
[24.531s] INFO:colcon.colcon_core.shell:Creating prefix chain script '/home/fectec151/Downloads/Projects/vanttec_sdv/install/setup.zsh'
