[0.015s] Invoking command in '/home/fectec151/Downloads/Projects/vanttec_sdv/build/sdv_msgs': CMAKE_PREFIX_PATH=/opt/ros/humble /usr/bin/cmake /home/fectec151/Downloads/Projects/vanttec_sdv/workspace/src/sdv_msgs -DCMAKE_INSTALL_PREFIX=/home/fectec151/Downloads/Projects/vanttec_sdv/install/sdv_msgs
[0.150s] -- The C compiler identification is GNU 11.4.0
[0.259s] -- The CXX compiler identification is GNU 11.4.0
[0.275s] -- Detecting C compiler ABI info
[0.404s] -- Detecting C compiler ABI info - done
[0.421s] -- Check for working C compiler: /usr/bin/cc - skipped
[0.422s] -- Detecting C compile features
[0.423s] -- Detecting C compile features - done
[0.429s] -- Detecting CXX compiler ABI info
[0.542s] -- Detecting CXX compiler ABI info - done
[0.557s] -- Check for working CXX compiler: /usr/bin/c++ - skipped
[0.557s] -- Detecting CXX compile features
[0.558s] -- Detecting CXX compile features - done
[0.561s] -- Found ament_cmake: 1.3.8 (/opt/ros/humble/share/ament_cmake/cmake)
[0.794s] -- Found Python3: /usr/bin/python3 (found version "3.10.12") found components: Interpreter 
[0.930s] -- Found rosidl_default_generators: 1.2.0 (/opt/ros/humble/share/rosidl_default_generators/cmake)
[0.937s] -- Using all available rosidl_typesupport_c: rosidl_typesupport_fastrtps_c;rosidl_typesupport_introspection_c
[0.948s] -- Found rosidl_adapter: 3.1.5 (/opt/ros/humble/share/rosidl_adapter/cmake)
[1.012s] -- Using all available rosidl_typesupport_cpp: rosidl_typesupport_fastrtps_cpp;rosidl_typesupport_introspection_cpp
[1.089s] -- Found geometry_msgs: 4.2.3 (/opt/ros/humble/share/geometry_msgs/cmake)
[1.956s] -- Found ament_cmake_ros: 0.10.0 (/opt/ros/humble/share/ament_cmake_ros/cmake)
[2.468s] -- Using all available rosidl_typesupport_c: rosidl_typesupport_fastrtps_c;rosidl_typesupport_introspection_c
[3.091s] -- Using all available rosidl_typesupport_cpp: rosidl_typesupport_fastrtps_cpp;rosidl_typesupport_introspection_cpp
[3.125s] -- Found PythonInterp: /usr/bin/python3 (found suitable version "3.10.12", minimum required is "3.6") 
[3.127s] -- Found python_cmake_module: 0.10.0 (/opt/ros/humble/share/python_cmake_module/cmake)
[3.165s] -- Found PythonLibs: /usr/lib/x86_64-linux-gnu/libpython3.10.so (found suitable version "3.10.12", minimum required is "3.5") 
[3.165s] -- Using PYTHON_EXECUTABLE: /usr/bin/python3
[3.166s] -- Using PYTHON_INCLUDE_DIRS: /usr/include/python3.10
[3.166s] -- Using PYTHON_LIBRARIES: /usr/lib/x86_64-linux-gnu/libpython3.10.so
[3.204s] -- Found PythonExtra: .so  
[3.306s] -- Configuring done
[3.404s] -- Generating done
[3.407s] -- Build files have been written to: /home/fectec151/Downloads/Projects/vanttec_sdv/build/sdv_msgs
[3.420s] Invoked command in '/home/fectec151/Downloads/Projects/vanttec_sdv/build/sdv_msgs' returned '0': CMAKE_PREFIX_PATH=/opt/ros/humble /usr/bin/cmake /home/fectec151/Downloads/Projects/vanttec_sdv/workspace/src/sdv_msgs -DCMAKE_INSTALL_PREFIX=/home/fectec151/Downloads/Projects/vanttec_sdv/install/sdv_msgs
[3.422s] Invoking command in '/home/fectec151/Downloads/Projects/vanttec_sdv/build/sdv_msgs': CMAKE_PREFIX_PATH=/opt/ros/humble /usr/bin/cmake --build /home/fectec151/Downloads/Projects/vanttec_sdv/build/sdv_msgs -- -j12 -l12
[3.501s] [  0%] [34m[1mGenerating C code for ROS interfaces[0m
[3.514s] [  0%] [34m[1mGenerating C++ code for ROS interfaces[0m
[3.524s] [  0%] Built target ament_cmake_python_copy_sdv_msgs
[3.958s] running egg_info
[3.959s] creating sdv_msgs.egg-info
[3.959s] writing sdv_msgs.egg-info/PKG-INFO
[3.959s] writing dependency_links to sdv_msgs.egg-info/dependency_links.txt
[3.960s] writing top-level names to sdv_msgs.egg-info/top_level.txt
[3.960s] writing manifest file 'sdv_msgs.egg-info/SOURCES.txt'
[3.964s] reading manifest file 'sdv_msgs.egg-info/SOURCES.txt'
[3.964s] writing manifest file 'sdv_msgs.egg-info/SOURCES.txt'
[4.001s] [  0%] Built target ament_cmake_python_build_sdv_msgs_egg
[5.749s] [  0%] Built target sdv_msgs__cpp
[5.769s] [  1%] [34m[1mGenerating C++ type support dispatch for ROS interfaces[0m
[5.776s] [  2%] [34m[1mGenerating C++ type support for eProsima Fast-RTPS[0m
[5.783s] [  2%] [34m[1mGenerating C++ introspection for ROS interfaces[0m
[5.830s] [  3%] [32mBuilding C object CMakeFiles/sdv_msgs__rosidl_generator_c.dir/rosidl_generator_c/sdv_msgs/msg/detail/xbox_msg__functions.c.o[0m
[5.830s] [  3%] [32mBuilding C object CMakeFiles/sdv_msgs__rosidl_generator_c.dir/rosidl_generator_c/sdv_msgs/msg/detail/lane_invasion_event__functions.c.o[0m
[5.831s] [  3%] [32mBuilding C object CMakeFiles/sdv_msgs__rosidl_generator_c.dir/rosidl_generator_c/sdv_msgs/msg/detail/panel_msg__functions.c.o[0m
[5.831s] [  4%] [32mBuilding C object CMakeFiles/sdv_msgs__rosidl_generator_c.dir/rosidl_generator_c/sdv_msgs/msg/detail/collision_event__functions.c.o[0m
[5.831s] [  5%] [32mBuilding C object CMakeFiles/sdv_msgs__rosidl_generator_c.dir/rosidl_generator_c/sdv_msgs/msg/detail/throttle_msg__functions.c.o[0m
[5.832s] [  6%] [32mBuilding C object CMakeFiles/sdv_msgs__rosidl_generator_c.dir/rosidl_generator_c/sdv_msgs/msg/detail/state__functions.c.o[0m
[5.836s] [  6%] [32mBuilding C object CMakeFiles/sdv_msgs__rosidl_generator_c.dir/rosidl_generator_c/sdv_msgs/msg/detail/vehicle_control__functions.c.o[0m
[5.838s] [  7%] [32mBuilding C object CMakeFiles/sdv_msgs__rosidl_generator_c.dir/rosidl_generator_c/sdv_msgs/msg/detail/vehicle_info__functions.c.o[0m
[5.862s] [  8%] [32mBuilding C object CMakeFiles/sdv_msgs__rosidl_generator_c.dir/rosidl_generator_c/sdv_msgs/msg/detail/status__functions.c.o[0m
[5.955s] [  8%] [32mBuilding C object CMakeFiles/sdv_msgs__rosidl_generator_c.dir/rosidl_generator_c/sdv_msgs/msg/detail/vehicle_info_wheel__functions.c.o[0m
[5.955s] [  9%] [32mBuilding C object CMakeFiles/sdv_msgs__rosidl_generator_c.dir/rosidl_generator_c/sdv_msgs/msg/detail/vehicle_status__functions.c.o[0m
[5.956s] [ 10%] [32mBuilding C object CMakeFiles/sdv_msgs__rosidl_generator_c.dir/rosidl_generator_c/sdv_msgs/msg/detail/guidance_waypoints__functions.c.o[0m
[5.972s] [ 11%] [32mBuilding C object CMakeFiles/sdv_msgs__rosidl_generator_c.dir/rosidl_generator_c/sdv_msgs/msg/detail/eta_pose__functions.c.o[0m
[5.984s] [ 11%] [32mBuilding C object CMakeFiles/sdv_msgs__rosidl_generator_c.dir/rosidl_generator_c/sdv_msgs/msg/detail/system_dynamics__functions.c.o[0m
[6.004s] [ 12%] [32mBuilding C object CMakeFiles/sdv_msgs__rosidl_generator_c.dir/rosidl_generator_c/sdv_msgs/msg/detail/thrust_control__functions.c.o[0m
[6.007s] [ 12%] [32mBuilding C object CMakeFiles/sdv_msgs__rosidl_generator_c.dir/rosidl_generator_c/sdv_msgs/msg/detail/encoder__functions.c.o[0m
[6.042s] [ 13%] [32mBuilding C object CMakeFiles/sdv_msgs__rosidl_generator_c.dir/rosidl_generator_c/sdv_msgs/srv/detail/uint8__functions.c.o[0m
[6.174s] [ 14%] [32m[1mLinking C shared library libsdv_msgs__rosidl_generator_c.so[0m
[6.261s] [ 14%] Built target sdv_msgs__rosidl_generator_c
[6.276s] [ 16%] [34m[1mGenerating C type support dispatch for ROS interfaces[0m
[6.276s] [ 16%] [34m[1mGenerating C introspection for ROS interfaces[0m
[6.280s] [ 17%] [34m[1mGenerating C type support for eProsima Fast-RTPS[0m
[7.611s] [ 18%] [32mBuilding CXX object CMakeFiles/sdv_msgs__rosidl_typesupport_cpp.dir/rosidl_typesupport_cpp/sdv_msgs/msg/panel_msg__type_support.cpp.o[0m
[7.612s] [ 18%] [32mBuilding CXX object CMakeFiles/sdv_msgs__rosidl_typesupport_cpp.dir/rosidl_typesupport_cpp/sdv_msgs/msg/throttle_msg__type_support.cpp.o[0m
[7.615s] [ 18%] [32mBuilding CXX object CMakeFiles/sdv_msgs__rosidl_typesupport_cpp.dir/rosidl_typesupport_cpp/sdv_msgs/msg/status__type_support.cpp.o[0m
[7.619s] [ 18%] [32mBuilding CXX object CMakeFiles/sdv_msgs__rosidl_typesupport_cpp.dir/rosidl_typesupport_cpp/sdv_msgs/msg/state__type_support.cpp.o[0m
[7.628s] [ 19%] [32mBuilding CXX object CMakeFiles/sdv_msgs__rosidl_typesupport_cpp.dir/rosidl_typesupport_cpp/sdv_msgs/msg/collision_event__type_support.cpp.o[0m
[7.639s] [ 20%] [32mBuilding CXX object CMakeFiles/sdv_msgs__rosidl_typesupport_cpp.dir/rosidl_typesupport_cpp/sdv_msgs/msg/lane_invasion_event__type_support.cpp.o[0m
[7.645s] [ 21%] [32mBuilding CXX object CMakeFiles/sdv_msgs__rosidl_typesupport_cpp.dir/rosidl_typesupport_cpp/sdv_msgs/msg/xbox_msg__type_support.cpp.o[0m
[8.466s] [ 22%] [32mBuilding CXX object CMakeFiles/sdv_msgs__rosidl_typesupport_cpp.dir/rosidl_typesupport_cpp/sdv_msgs/msg/vehicle_control__type_support.cpp.o[0m
[8.467s] [ 23%] [32mBuilding CXX object CMakeFiles/sdv_msgs__rosidl_typesupport_cpp.dir/rosidl_typesupport_cpp/sdv_msgs/msg/vehicle_info__type_support.cpp.o[0m
[8.564s] [ 23%] [32mBuilding CXX object CMakeFiles/sdv_msgs__rosidl_typesupport_cpp.dir/rosidl_typesupport_cpp/sdv_msgs/msg/vehicle_status__type_support.cpp.o[0m
[8.698s] [ 24%] [32mBuilding CXX object CMakeFiles/sdv_msgs__rosidl_typesupport_cpp.dir/rosidl_typesupport_cpp/sdv_msgs/msg/vehicle_info_wheel__type_support.cpp.o[0m
[8.719s] [ 24%] [32mBuilding CXX object CMakeFiles/sdv_msgs__rosidl_typesupport_cpp.dir/rosidl_typesupport_cpp/sdv_msgs/msg/guidance_waypoints__type_support.cpp.o[0m
[8.774s] [ 25%] [32mBuilding CXX object CMakeFiles/sdv_msgs__rosidl_typesupport_cpp.dir/rosidl_typesupport_cpp/sdv_msgs/msg/eta_pose__type_support.cpp.o[0m
[8.816s] [ 26%] [32mBuilding CXX object CMakeFiles/sdv_msgs__rosidl_typesupport_c.dir/rosidl_typesupport_c/sdv_msgs/msg/panel_msg__type_support.cpp.o[0m
[8.818s] [ 27%] [32mBuilding CXX object CMakeFiles/sdv_msgs__rosidl_typesupport_introspection_cpp.dir/rosidl_typesupport_introspection_cpp/sdv_msgs/msg/detail/state__type_support.cpp.o[0m
[8.825s] [ 27%] [32mBuilding CXX object CMakeFiles/sdv_msgs__rosidl_typesupport_c.dir/rosidl_typesupport_c/sdv_msgs/msg/state__type_support.cpp.o[0m
[8.933s] [ 27%] [32mBuilding CXX object CMakeFiles/sdv_msgs__rosidl_typesupport_introspection_cpp.dir/rosidl_typesupport_introspection_cpp/sdv_msgs/msg/detail/panel_msg__type_support.cpp.o[0m
[8.992s] [ 28%] [32mBuilding CXX object CMakeFiles/sdv_msgs__rosidl_typesupport_c.dir/rosidl_typesupport_c/sdv_msgs/msg/xbox_msg__type_support.cpp.o[0m
[9.022s] [ 29%] [32mBuilding CXX object CMakeFiles/sdv_msgs__rosidl_typesupport_cpp.dir/rosidl_typesupport_cpp/sdv_msgs/msg/system_dynamics__type_support.cpp.o[0m
[9.081s] [ 29%] [32mBuilding CXX object CMakeFiles/sdv_msgs__rosidl_typesupport_c.dir/rosidl_typesupport_c/sdv_msgs/msg/throttle_msg__type_support.cpp.o[0m
[9.154s] [ 30%] [32mBuilding CXX object CMakeFiles/sdv_msgs__rosidl_typesupport_c.dir/rosidl_typesupport_c/sdv_msgs/msg/collision_event__type_support.cpp.o[0m
[9.264s] [ 30%] [32mBuilding CXX object CMakeFiles/sdv_msgs__rosidl_typesupport_c.dir/rosidl_typesupport_c/sdv_msgs/msg/lane_invasion_event__type_support.cpp.o[0m
[9.284s] [ 31%] [32mBuilding CXX object CMakeFiles/sdv_msgs__rosidl_typesupport_c.dir/rosidl_typesupport_c/sdv_msgs/msg/status__type_support.cpp.o[0m
[9.334s] [ 31%] [32mBuilding CXX object CMakeFiles/sdv_msgs__rosidl_typesupport_cpp.dir/rosidl_typesupport_cpp/sdv_msgs/msg/thrust_control__type_support.cpp.o[0m
[9.347s] [ 32%] [32mBuilding CXX object CMakeFiles/sdv_msgs__rosidl_typesupport_cpp.dir/rosidl_typesupport_cpp/sdv_msgs/msg/encoder__type_support.cpp.o[0m
[9.355s] [ 33%] [32mBuilding CXX object CMakeFiles/sdv_msgs__rosidl_typesupport_fastrtps_cpp.dir/rosidl_typesupport_fastrtps_cpp/sdv_msgs/msg/detail/dds_fastrtps/state__type_support.cpp.o[0m
[9.368s] [ 34%] [32mBuilding CXX object CMakeFiles/sdv_msgs__rosidl_typesupport_c.dir/rosidl_typesupport_c/sdv_msgs/msg/vehicle_control__type_support.cpp.o[0m
[9.422s] [ 34%] [32mBuilding CXX object CMakeFiles/sdv_msgs__rosidl_typesupport_fastrtps_cpp.dir/rosidl_typesupport_fastrtps_cpp/sdv_msgs/msg/detail/dds_fastrtps/panel_msg__type_support.cpp.o[0m
[9.480s] [ 34%] [32mBuilding CXX object CMakeFiles/sdv_msgs__rosidl_typesupport_c.dir/rosidl_typesupport_c/sdv_msgs/msg/vehicle_info__type_support.cpp.o[0m
[9.540s] [ 35%] [32mBuilding CXX object CMakeFiles/sdv_msgs__rosidl_typesupport_c.dir/rosidl_typesupport_c/sdv_msgs/msg/vehicle_status__type_support.cpp.o[0m
[9.567s] [ 36%] [32mBuilding CXX object CMakeFiles/sdv_msgs__rosidl_typesupport_fastrtps_cpp.dir/rosidl_typesupport_fastrtps_cpp/sdv_msgs/msg/detail/dds_fastrtps/xbox_msg__type_support.cpp.o[0m
[9.705s] [ 37%] [32mBuilding CXX object CMakeFiles/sdv_msgs__rosidl_typesupport_c.dir/rosidl_typesupport_c/sdv_msgs/msg/vehicle_info_wheel__type_support.cpp.o[0m
[9.851s] [ 37%] [32mBuilding CXX object CMakeFiles/sdv_msgs__rosidl_typesupport_c.dir/rosidl_typesupport_c/sdv_msgs/msg/guidance_waypoints__type_support.cpp.o[0m
[9.968s] [ 38%] [32mBuilding CXX object CMakeFiles/sdv_msgs__rosidl_typesupport_c.dir/rosidl_typesupport_c/sdv_msgs/msg/eta_pose__type_support.cpp.o[0m
[10.021s] [ 39%] [32mBuilding C object CMakeFiles/sdv_msgs__rosidl_typesupport_introspection_c.dir/rosidl_typesupport_introspection_c/sdv_msgs/msg/detail/state__type_support.c.o[0m
[10.037s] [ 39%] [32mBuilding CXX object CMakeFiles/sdv_msgs__rosidl_typesupport_c.dir/rosidl_typesupport_c/sdv_msgs/msg/system_dynamics__type_support.cpp.o[0m
[10.053s] [ 40%] [32mBuilding CXX object CMakeFiles/sdv_msgs__rosidl_typesupport_c.dir/rosidl_typesupport_c/sdv_msgs/msg/thrust_control__type_support.cpp.o[0m
[10.063s] [ 41%] [32mBuilding CXX object CMakeFiles/sdv_msgs__rosidl_typesupport_introspection_cpp.dir/rosidl_typesupport_introspection_cpp/sdv_msgs/msg/detail/xbox_msg__type_support.cpp.o[0m
[10.093s] [ 41%] [32mBuilding C object CMakeFiles/sdv_msgs__rosidl_typesupport_introspection_c.dir/rosidl_typesupport_introspection_c/sdv_msgs/msg/detail/panel_msg__type_support.c.o[0m
[10.172s] [ 42%] [32mBuilding C object CMakeFiles/sdv_msgs__rosidl_typesupport_introspection_c.dir/rosidl_typesupport_introspection_c/sdv_msgs/msg/detail/xbox_msg__type_support.c.o[0m
[10.183s] [ 43%] [32mBuilding CXX object CMakeFiles/sdv_msgs__rosidl_typesupport_c.dir/rosidl_typesupport_c/sdv_msgs/msg/encoder__type_support.cpp.o[0m
[10.192s] [ 44%] [32mBuilding CXX object CMakeFiles/sdv_msgs__rosidl_typesupport_cpp.dir/rosidl_typesupport_cpp/sdv_msgs/srv/uint8__type_support.cpp.o[0m
[10.229s] [ 45%] [32mBuilding CXX object CMakeFiles/sdv_msgs__rosidl_typesupport_introspection_cpp.dir/rosidl_typesupport_introspection_cpp/sdv_msgs/msg/detail/throttle_msg__type_support.cpp.o[0m
[10.244s] [ 45%] [32mBuilding CXX object CMakeFiles/sdv_msgs__rosidl_typesupport_introspection_cpp.dir/rosidl_typesupport_introspection_cpp/sdv_msgs/msg/detail/collision_event__type_support.cpp.o[0m
[10.279s] [ 45%] [32mBuilding C object CMakeFiles/sdv_msgs__rosidl_typesupport_introspection_c.dir/rosidl_typesupport_introspection_c/sdv_msgs/msg/detail/throttle_msg__type_support.c.o[0m
[10.303s] [ 46%] [32mBuilding C object CMakeFiles/sdv_msgs__rosidl_typesupport_introspection_c.dir/rosidl_typesupport_introspection_c/sdv_msgs/msg/detail/collision_event__type_support.c.o[0m
[10.315s] [ 46%] [32mBuilding CXX object CMakeFiles/sdv_msgs__rosidl_typesupport_c.dir/rosidl_typesupport_c/sdv_msgs/srv/uint8__type_support.cpp.o[0m
[10.361s] [ 47%] [32mBuilding CXX object CMakeFiles/sdv_msgs__rosidl_typesupport_introspection_cpp.dir/rosidl_typesupport_introspection_cpp/sdv_msgs/msg/detail/lane_invasion_event__type_support.cpp.o[0m
[10.376s] [ 48%] [32mBuilding C object CMakeFiles/sdv_msgs__rosidl_typesupport_introspection_c.dir/rosidl_typesupport_introspection_c/sdv_msgs/msg/detail/lane_invasion_event__type_support.c.o[0m
[10.403s] [ 48%] [32mBuilding C object CMakeFiles/sdv_msgs__rosidl_typesupport_introspection_c.dir/rosidl_typesupport_introspection_c/sdv_msgs/msg/detail/status__type_support.c.o[0m
[10.448s] [ 49%] [32mBuilding CXX object CMakeFiles/sdv_msgs__rosidl_typesupport_fastrtps_cpp.dir/rosidl_typesupport_fastrtps_cpp/sdv_msgs/msg/detail/dds_fastrtps/throttle_msg__type_support.cpp.o[0m
[10.480s] [ 50%] [32m[1mLinking CXX shared library libsdv_msgs__rosidl_typesupport_c.so[0m
[10.487s] [ 51%] [32mBuilding C object CMakeFiles/sdv_msgs__rosidl_typesupport_introspection_c.dir/rosidl_typesupport_introspection_c/sdv_msgs/msg/detail/vehicle_control__type_support.c.o[0m
[10.575s] [ 52%] [32mBuilding C object CMakeFiles/sdv_msgs__rosidl_typesupport_introspection_c.dir/rosidl_typesupport_introspection_c/sdv_msgs/msg/detail/vehicle_info__type_support.c.o[0m
[10.654s] [ 52%] [32mBuilding C object CMakeFiles/sdv_msgs__rosidl_typesupport_introspection_c.dir/rosidl_typesupport_introspection_c/sdv_msgs/msg/detail/vehicle_status__type_support.c.o[0m
[10.678s] [ 52%] [32mBuilding CXX object CMakeFiles/sdv_msgs__rosidl_typesupport_fastrtps_cpp.dir/rosidl_typesupport_fastrtps_cpp/sdv_msgs/msg/detail/dds_fastrtps/collision_event__type_support.cpp.o[0m
[10.689s] [ 52%] Built target sdv_msgs__rosidl_typesupport_c
[10.720s] [ 53%] [32mBuilding C object CMakeFiles/sdv_msgs__rosidl_typesupport_introspection_c.dir/rosidl_typesupport_introspection_c/sdv_msgs/msg/detail/vehicle_info_wheel__type_support.c.o[0m
[10.747s] [ 53%] [32mBuilding CXX object CMakeFiles/sdv_msgs__rosidl_typesupport_fastrtps_c.dir/rosidl_typesupport_fastrtps_c/sdv_msgs/msg/detail/state__type_support_c.cpp.o[0m
[10.755s] [ 54%] [32mBuilding C object CMakeFiles/sdv_msgs__rosidl_typesupport_introspection_c.dir/rosidl_typesupport_introspection_c/sdv_msgs/msg/detail/guidance_waypoints__type_support.c.o[0m
[10.789s] [ 55%] [32mBuilding CXX object CMakeFiles/sdv_msgs__rosidl_typesupport_fastrtps_c.dir/rosidl_typesupport_fastrtps_c/sdv_msgs/msg/detail/panel_msg__type_support_c.cpp.o[0m
[10.884s] [ 56%] [32mBuilding CXX object CMakeFiles/sdv_msgs__rosidl_typesupport_fastrtps_c.dir/rosidl_typesupport_fastrtps_c/sdv_msgs/msg/detail/xbox_msg__type_support_c.cpp.o[0m
[10.913s] [ 56%] [32m[1mLinking CXX shared library libsdv_msgs__rosidl_typesupport_cpp.so[0m
[10.972s] [ 57%] [32mBuilding CXX object CMakeFiles/sdv_msgs__rosidl_typesupport_introspection_cpp.dir/rosidl_typesupport_introspection_cpp/sdv_msgs/msg/detail/status__type_support.cpp.o[0m
[10.999s] [ 57%] [32mBuilding C object CMakeFiles/sdv_msgs__rosidl_typesupport_introspection_c.dir/rosidl_typesupport_introspection_c/sdv_msgs/msg/detail/eta_pose__type_support.c.o[0m
[11.061s] [ 57%] [32mBuilding CXX object CMakeFiles/sdv_msgs__rosidl_typesupport_introspection_cpp.dir/rosidl_typesupport_introspection_cpp/sdv_msgs/msg/detail/vehicle_control__type_support.cpp.o[0m
[11.165s] [ 58%] [32mBuilding C object CMakeFiles/sdv_msgs__rosidl_typesupport_introspection_c.dir/rosidl_typesupport_introspection_c/sdv_msgs/msg/detail/system_dynamics__type_support.c.o[0m
[11.189s] [ 58%] Built target sdv_msgs__rosidl_typesupport_cpp
[11.210s] [ 59%] [32mBuilding CXX object CMakeFiles/sdv_msgs__rosidl_typesupport_introspection_cpp.dir/rosidl_typesupport_introspection_cpp/sdv_msgs/msg/detail/vehicle_info__type_support.cpp.o[0m
[11.210s] [ 59%] [32mBuilding C object CMakeFiles/sdv_msgs__rosidl_typesupport_introspection_c.dir/rosidl_typesupport_introspection_c/sdv_msgs/msg/detail/thrust_control__type_support.c.o[0m
[11.248s] [ 59%] [32mBuilding CXX object CMakeFiles/sdv_msgs__rosidl_typesupport_introspection_cpp.dir/rosidl_typesupport_introspection_cpp/sdv_msgs/msg/detail/vehicle_status__type_support.cpp.o[0m
[11.326s] [ 60%] [32mBuilding CXX object CMakeFiles/sdv_msgs__rosidl_typesupport_introspection_cpp.dir/rosidl_typesupport_introspection_cpp/sdv_msgs/msg/detail/vehicle_info_wheel__type_support.cpp.o[0m
[11.361s] [ 61%] [32mBuilding C object CMakeFiles/sdv_msgs__rosidl_typesupport_introspection_c.dir/rosidl_typesupport_introspection_c/sdv_msgs/msg/detail/encoder__type_support.c.o[0m
[11.361s] [ 61%] [32mBuilding CXX object CMakeFiles/sdv_msgs__rosidl_typesupport_fastrtps_c.dir/rosidl_typesupport_fastrtps_c/sdv_msgs/msg/detail/throttle_msg__type_support_c.cpp.o[0m
[11.535s] [ 62%] [32mBuilding C object CMakeFiles/sdv_msgs__rosidl_typesupport_introspection_c.dir/rosidl_typesupport_introspection_c/sdv_msgs/srv/detail/uint8__type_support.c.o[0m
[11.575s] [ 63%] [32mBuilding CXX object CMakeFiles/sdv_msgs__rosidl_typesupport_introspection_cpp.dir/rosidl_typesupport_introspection_cpp/sdv_msgs/msg/detail/guidance_waypoints__type_support.cpp.o[0m
[11.674s] [ 63%] [32mBuilding CXX object CMakeFiles/sdv_msgs__rosidl_typesupport_fastrtps_cpp.dir/rosidl_typesupport_fastrtps_cpp/sdv_msgs/msg/detail/dds_fastrtps/status__type_support.cpp.o[0m
[11.674s] [ 64%] [32mBuilding CXX object CMakeFiles/sdv_msgs__rosidl_typesupport_fastrtps_cpp.dir/rosidl_typesupport_fastrtps_cpp/sdv_msgs/msg/detail/dds_fastrtps/lane_invasion_event__type_support.cpp.o[0m
[11.723s] [ 64%] [32m[1mLinking C shared library libsdv_msgs__rosidl_typesupport_introspection_c.so[0m
[11.958s] [ 64%] Built target sdv_msgs__rosidl_typesupport_introspection_c
[11.976s] [ 65%] [32mBuilding CXX object CMakeFiles/sdv_msgs__rosidl_typesupport_fastrtps_c.dir/rosidl_typesupport_fastrtps_c/sdv_msgs/msg/detail/collision_event__type_support_c.cpp.o[0m
[11.983s] [ 65%] [32mBuilding CXX object CMakeFiles/sdv_msgs__rosidl_typesupport_introspection_cpp.dir/rosidl_typesupport_introspection_cpp/sdv_msgs/msg/detail/eta_pose__type_support.cpp.o[0m
[12.001s] [ 66%] [32mBuilding CXX object CMakeFiles/sdv_msgs__rosidl_typesupport_fastrtps_cpp.dir/rosidl_typesupport_fastrtps_cpp/sdv_msgs/msg/detail/dds_fastrtps/vehicle_control__type_support.cpp.o[0m
[12.174s] [ 67%] [32mBuilding CXX object CMakeFiles/sdv_msgs__rosidl_typesupport_fastrtps_c.dir/rosidl_typesupport_fastrtps_c/sdv_msgs/msg/detail/lane_invasion_event__type_support_c.cpp.o[0m
[12.223s] [ 68%] [32mBuilding CXX object CMakeFiles/sdv_msgs__rosidl_typesupport_introspection_cpp.dir/rosidl_typesupport_introspection_cpp/sdv_msgs/msg/detail/system_dynamics__type_support.cpp.o[0m
[12.301s] [ 69%] [32mBuilding CXX object CMakeFiles/sdv_msgs__rosidl_typesupport_introspection_cpp.dir/rosidl_typesupport_introspection_cpp/sdv_msgs/msg/detail/thrust_control__type_support.cpp.o[0m
[12.476s] [ 69%] [32mBuilding CXX object CMakeFiles/sdv_msgs__rosidl_typesupport_introspection_cpp.dir/rosidl_typesupport_introspection_cpp/sdv_msgs/msg/detail/encoder__type_support.cpp.o[0m
[12.581s] [ 70%] [32mBuilding CXX object CMakeFiles/sdv_msgs__rosidl_typesupport_introspection_cpp.dir/rosidl_typesupport_introspection_cpp/sdv_msgs/srv/detail/uint8__type_support.cpp.o[0m
[12.584s] [ 70%] [32mBuilding CXX object CMakeFiles/sdv_msgs__rosidl_typesupport_fastrtps_c.dir/rosidl_typesupport_fastrtps_c/sdv_msgs/msg/detail/status__type_support_c.cpp.o[0m
[12.791s] [ 71%] [32mBuilding CXX object CMakeFiles/sdv_msgs__rosidl_typesupport_fastrtps_c.dir/rosidl_typesupport_fastrtps_c/sdv_msgs/msg/detail/vehicle_control__type_support_c.cpp.o[0m
[12.821s] [ 71%] [32mBuilding CXX object CMakeFiles/sdv_msgs__rosidl_typesupport_fastrtps_c.dir/rosidl_typesupport_fastrtps_c/sdv_msgs/msg/detail/vehicle_info__type_support_c.cpp.o[0m
[12.861s] [ 72%] [32mBuilding CXX object CMakeFiles/sdv_msgs__rosidl_typesupport_fastrtps_cpp.dir/rosidl_typesupport_fastrtps_cpp/sdv_msgs/msg/detail/dds_fastrtps/vehicle_info__type_support.cpp.o[0m
[12.868s] [ 73%] [32mBuilding CXX object CMakeFiles/sdv_msgs__rosidl_typesupport_fastrtps_c.dir/rosidl_typesupport_fastrtps_c/sdv_msgs/msg/detail/vehicle_status__type_support_c.cpp.o[0m
[13.230s] [ 74%] [32mBuilding CXX object CMakeFiles/sdv_msgs__rosidl_typesupport_fastrtps_c.dir/rosidl_typesupport_fastrtps_c/sdv_msgs/msg/detail/vehicle_info_wheel__type_support_c.cpp.o[0m
[13.281s] [ 74%] [32mBuilding CXX object CMakeFiles/sdv_msgs__rosidl_typesupport_fastrtps_c.dir/rosidl_typesupport_fastrtps_c/sdv_msgs/msg/detail/guidance_waypoints__type_support_c.cpp.o[0m
[13.560s] [ 75%] [32mBuilding CXX object CMakeFiles/sdv_msgs__rosidl_typesupport_fastrtps_c.dir/rosidl_typesupport_fastrtps_c/sdv_msgs/msg/detail/eta_pose__type_support_c.cpp.o[0m
[13.597s] [ 76%] [32mBuilding CXX object CMakeFiles/sdv_msgs__rosidl_typesupport_fastrtps_c.dir/rosidl_typesupport_fastrtps_c/sdv_msgs/msg/detail/system_dynamics__type_support_c.cpp.o[0m
[13.652s] [ 76%] [32mBuilding CXX object CMakeFiles/sdv_msgs__rosidl_typesupport_fastrtps_cpp.dir/rosidl_typesupport_fastrtps_cpp/sdv_msgs/msg/detail/dds_fastrtps/vehicle_status__type_support.cpp.o[0m
[13.705s] [ 77%] [32mBuilding CXX object CMakeFiles/sdv_msgs__rosidl_typesupport_fastrtps_cpp.dir/rosidl_typesupport_fastrtps_cpp/sdv_msgs/msg/detail/dds_fastrtps/vehicle_info_wheel__type_support.cpp.o[0m
[13.707s] [ 77%] [32mBuilding CXX object CMakeFiles/sdv_msgs__rosidl_typesupport_fastrtps_c.dir/rosidl_typesupport_fastrtps_c/sdv_msgs/msg/detail/thrust_control__type_support_c.cpp.o[0m
[13.725s] [ 78%] [32mBuilding CXX object CMakeFiles/sdv_msgs__rosidl_typesupport_fastrtps_cpp.dir/rosidl_typesupport_fastrtps_cpp/sdv_msgs/msg/detail/dds_fastrtps/guidance_waypoints__type_support.cpp.o[0m
[13.819s] [ 79%] [32mBuilding CXX object CMakeFiles/sdv_msgs__rosidl_typesupport_fastrtps_c.dir/rosidl_typesupport_fastrtps_c/sdv_msgs/msg/detail/encoder__type_support_c.cpp.o[0m
[13.918s] [ 79%] [32mBuilding CXX object CMakeFiles/sdv_msgs__rosidl_typesupport_fastrtps_cpp.dir/rosidl_typesupport_fastrtps_cpp/sdv_msgs/msg/detail/dds_fastrtps/eta_pose__type_support.cpp.o[0m
[13.964s] [ 80%] [32mBuilding CXX object CMakeFiles/sdv_msgs__rosidl_typesupport_fastrtps_c.dir/rosidl_typesupport_fastrtps_c/sdv_msgs/srv/detail/uint8__type_support_c.cpp.o[0m
[14.103s] [ 81%] [32mBuilding CXX object CMakeFiles/sdv_msgs__rosidl_typesupport_fastrtps_cpp.dir/rosidl_typesupport_fastrtps_cpp/sdv_msgs/msg/detail/dds_fastrtps/system_dynamics__type_support.cpp.o[0m
[14.275s] [ 82%] [32m[1mLinking CXX shared library libsdv_msgs__rosidl_typesupport_introspection_cpp.so[0m
[14.581s] [ 82%] [32mBuilding CXX object CMakeFiles/sdv_msgs__rosidl_typesupport_fastrtps_cpp.dir/rosidl_typesupport_fastrtps_cpp/sdv_msgs/msg/detail/dds_fastrtps/thrust_control__type_support.cpp.o[0m
[14.591s] [ 83%] [32mBuilding CXX object CMakeFiles/sdv_msgs__rosidl_typesupport_fastrtps_cpp.dir/rosidl_typesupport_fastrtps_cpp/sdv_msgs/msg/detail/dds_fastrtps/encoder__type_support.cpp.o[0m
[14.730s] [ 84%] [32mBuilding CXX object CMakeFiles/sdv_msgs__rosidl_typesupport_fastrtps_cpp.dir/rosidl_typesupport_fastrtps_cpp/sdv_msgs/srv/detail/dds_fastrtps/uint8__type_support.cpp.o[0m
[14.739s] [ 84%] Built target sdv_msgs__rosidl_typesupport_introspection_cpp
[15.084s] [ 84%] [32m[1mLinking CXX shared library libsdv_msgs__rosidl_typesupport_fastrtps_c.so[0m
[15.394s] [ 84%] Built target sdv_msgs__rosidl_typesupport_fastrtps_c
[15.524s] [ 84%] [32m[1mLinking CXX shared library libsdv_msgs__rosidl_typesupport_fastrtps_cpp.so[0m
[15.691s] [ 84%] Built target sdv_msgs__rosidl_typesupport_fastrtps_cpp
[15.721s] [ 84%] Built target sdv_msgs
[15.763s] [ 85%] [34m[1mGenerating Python code for ROS interfaces[0m
[20.021s] [ 85%] Built target sdv_msgs__py
[20.054s] [ 85%] [32mBuilding C object CMakeFiles/sdv_msgs__rosidl_generator_py.dir/rosidl_generator_py/sdv_msgs/msg/_state_s.c.o[0m
[20.055s] [ 86%] [32mBuilding C object CMakeFiles/sdv_msgs__rosidl_generator_py.dir/rosidl_generator_py/sdv_msgs/msg/_xbox_msg_s.c.o[0m
[20.064s] [ 87%] [32mBuilding C object CMakeFiles/sdv_msgs__rosidl_generator_py.dir/rosidl_generator_py/sdv_msgs/msg/_panel_msg_s.c.o[0m
[20.068s] [ 88%] [32mBuilding C object CMakeFiles/sdv_msgs__rosidl_generator_py.dir/rosidl_generator_py/sdv_msgs/msg/_collision_event_s.c.o[0m
[20.069s] [ 88%] [32mBuilding C object CMakeFiles/sdv_msgs__rosidl_generator_py.dir/rosidl_generator_py/sdv_msgs/msg/_lane_invasion_event_s.c.o[0m
[20.069s] [ 88%] [32mBuilding C object CMakeFiles/sdv_msgs__rosidl_generator_py.dir/rosidl_generator_py/sdv_msgs/msg/_throttle_msg_s.c.o[0m
[20.085s] [ 89%] [32mBuilding C object CMakeFiles/sdv_msgs__rosidl_generator_py.dir/rosidl_generator_py/sdv_msgs/msg/_status_s.c.o[0m
[20.354s] [ 89%] [32mBuilding C object CMakeFiles/sdv_msgs__rosidl_generator_py.dir/rosidl_generator_py/sdv_msgs/msg/_guidance_waypoints_s.c.o[0m
[20.376s] [ 91%] [32mBuilding C object CMakeFiles/sdv_msgs__rosidl_generator_py.dir/rosidl_generator_py/sdv_msgs/msg/_eta_pose_s.c.o[0m
[20.376s] [ 91%] [32mBuilding C object CMakeFiles/sdv_msgs__rosidl_generator_py.dir/rosidl_generator_py/sdv_msgs/msg/_system_dynamics_s.c.o[0m
[20.382s] [ 91%] [32mBuilding C object CMakeFiles/sdv_msgs__rosidl_generator_py.dir/rosidl_generator_py/sdv_msgs/msg/_thrust_control_s.c.o[0m
[20.383s] [ 92%] [32mBuilding C object CMakeFiles/sdv_msgs__rosidl_generator_py.dir/rosidl_generator_py/sdv_msgs/msg/_encoder_s.c.o[0m
[20.394s] [ 92%] [32mBuilding C object CMakeFiles/sdv_msgs__rosidl_generator_py.dir/rosidl_generator_py/sdv_msgs/srv/_uint8_s.c.o[0m
[20.422s] [ 93%] [32mBuilding C object CMakeFiles/sdv_msgs__rosidl_generator_py.dir/rosidl_generator_py/sdv_msgs/msg/_vehicle_info_wheel_s.c.o[0m
[20.639s] [ 94%] [32mBuilding C object CMakeFiles/sdv_msgs__rosidl_generator_py.dir/rosidl_generator_py/sdv_msgs/msg/_vehicle_status_s.c.o[0m
[20.640s] [ 94%] [32mBuilding C object CMakeFiles/sdv_msgs__rosidl_generator_py.dir/rosidl_generator_py/sdv_msgs/msg/_vehicle_info_s.c.o[0m
[20.651s] [ 95%] [32mBuilding C object CMakeFiles/sdv_msgs__rosidl_generator_py.dir/rosidl_generator_py/sdv_msgs/msg/_vehicle_control_s.c.o[0m
[20.911s] [ 96%] [32m[1mLinking C shared library rosidl_generator_py/sdv_msgs/libsdv_msgs__rosidl_generator_py.so[0m
[21.014s] [ 96%] Built target sdv_msgs__rosidl_generator_py
[21.046s] [ 97%] [32mBuilding C object CMakeFiles/sdv_msgs__rosidl_typesupport_introspection_c__pyext.dir/rosidl_generator_py/sdv_msgs/_sdv_msgs_s.ep.rosidl_typesupport_introspection_c.c.o[0m
[21.046s] [ 98%] [32mBuilding C object CMakeFiles/sdv_msgs__rosidl_typesupport_fastrtps_c__pyext.dir/rosidl_generator_py/sdv_msgs/_sdv_msgs_s.ep.rosidl_typesupport_fastrtps_c.c.o[0m
[21.049s] [ 99%] [32mBuilding C object CMakeFiles/sdv_msgs__rosidl_typesupport_c__pyext.dir/rosidl_generator_py/sdv_msgs/_sdv_msgs_s.ep.rosidl_typesupport_c.c.o[0m
[21.330s] [ 99%] [32m[1mLinking C shared library rosidl_generator_py/sdv_msgs/sdv_msgs_s__rosidl_typesupport_fastrtps_c.cpython-310-x86_64-linux-gnu.so[0m
[21.342s] [100%] [32m[1mLinking C shared library rosidl_generator_py/sdv_msgs/sdv_msgs_s__rosidl_typesupport_introspection_c.cpython-310-x86_64-linux-gnu.so[0m
[21.364s] [100%] [32m[1mLinking C shared library rosidl_generator_py/sdv_msgs/sdv_msgs_s__rosidl_typesupport_c.cpython-310-x86_64-linux-gnu.so[0m
[21.407s] [100%] Built target sdv_msgs__rosidl_typesupport_fastrtps_c__pyext
[21.451s] [100%] Built target sdv_msgs__rosidl_typesupport_introspection_c__pyext
[21.458s] [100%] Built target sdv_msgs__rosidl_typesupport_c__pyext
[21.484s] Invoked command in '/home/fectec151/Downloads/Projects/vanttec_sdv/build/sdv_msgs' returned '0': CMAKE_PREFIX_PATH=/opt/ros/humble /usr/bin/cmake --build /home/fectec151/Downloads/Projects/vanttec_sdv/build/sdv_msgs -- -j12 -l12
[22.974s] Invoking command in '/home/fectec151/Downloads/Projects/vanttec_sdv/build/sdv_msgs': CMAKE_PREFIX_PATH=/opt/ros/humble /usr/bin/cmake --install /home/fectec151/Downloads/Projects/vanttec_sdv/build/sdv_msgs
[22.990s] -- Install configuration: ""
[22.991s] -- Installing: /home/fectec151/Downloads/Projects/vanttec_sdv/install/sdv_msgs/share/ament_index/resource_index/rosidl_interfaces/sdv_msgs
[22.991s] -- Installing: /home/fectec151/Downloads/Projects/vanttec_sdv/install/sdv_msgs/include/sdv_msgs/sdv_msgs
[22.993s] -- Installing: /home/fectec151/Downloads/Projects/vanttec_sdv/install/sdv_msgs/include/sdv_msgs/sdv_msgs/srv
[22.994s] -- Installing: /home/fectec151/Downloads/Projects/vanttec_sdv/install/sdv_msgs/include/sdv_msgs/sdv_msgs/srv/detail
[22.994s] -- Installing: /home/fectec151/Downloads/Projects/vanttec_sdv/install/sdv_msgs/include/sdv_msgs/sdv_msgs/srv/detail/uint8__functions.h
[22.994s] -- Installing: /home/fectec151/Downloads/Projects/vanttec_sdv/install/sdv_msgs/include/sdv_msgs/sdv_msgs/srv/detail/uint8__functions.c
[22.996s] -- Installing: /home/fectec151/Downloads/Projects/vanttec_sdv/install/sdv_msgs/include/sdv_msgs/sdv_msgs/srv/detail/uint8__struct.h
[22.996s] -- Installing: /home/fectec151/Downloads/Projects/vanttec_sdv/install/sdv_msgs/include/sdv_msgs/sdv_msgs/srv/detail/uint8__type_support.h
[22.997s] -- Installing: /home/fectec151/Downloads/Projects/vanttec_sdv/install/sdv_msgs/include/sdv_msgs/sdv_msgs/srv/uint8.h
[22.998s] -- Installing: /home/fectec151/Downloads/Projects/vanttec_sdv/install/sdv_msgs/include/sdv_msgs/sdv_msgs/msg
[22.999s] -- Installing: /home/fectec151/Downloads/Projects/vanttec_sdv/install/sdv_msgs/include/sdv_msgs/sdv_msgs/msg/vehicle_status.h
[22.999s] -- Installing: /home/fectec151/Downloads/Projects/vanttec_sdv/install/sdv_msgs/include/sdv_msgs/sdv_msgs/msg/vehicle_info.h
[22.999s] -- Installing: /home/fectec151/Downloads/Projects/vanttec_sdv/install/sdv_msgs/include/sdv_msgs/sdv_msgs/msg/lane_invasion_event.h
[22.999s] -- Installing: /home/fectec151/Downloads/Projects/vanttec_sdv/install/sdv_msgs/include/sdv_msgs/sdv_msgs/msg/vehicle_control.h
[22.999s] -- Installing: /home/fectec151/Downloads/Projects/vanttec_sdv/install/sdv_msgs/include/sdv_msgs/sdv_msgs/msg/encoder.h
[23.000s] -- Installing: /home/fectec151/Downloads/Projects/vanttec_sdv/install/sdv_msgs/include/sdv_msgs/sdv_msgs/msg/state.h
[23.000s] -- Installing: /home/fectec151/Downloads/Projects/vanttec_sdv/install/sdv_msgs/include/sdv_msgs/sdv_msgs/msg/panel_msg.h
[23.000s] -- Installing: /home/fectec151/Downloads/Projects/vanttec_sdv/install/sdv_msgs/include/sdv_msgs/sdv_msgs/msg/throttle_msg.h
[23.000s] -- Installing: /home/fectec151/Downloads/Projects/vanttec_sdv/install/sdv_msgs/include/sdv_msgs/sdv_msgs/msg/rosidl_generator_c__visibility_control.h
[23.000s] -- Installing: /home/fectec151/Downloads/Projects/vanttec_sdv/install/sdv_msgs/include/sdv_msgs/sdv_msgs/msg/xbox_msg.h
[23.000s] -- Installing: /home/fectec151/Downloads/Projects/vanttec_sdv/install/sdv_msgs/include/sdv_msgs/sdv_msgs/msg/vehicle_info_wheel.h
[23.000s] -- Installing: /home/fectec151/Downloads/Projects/vanttec_sdv/install/sdv_msgs/include/sdv_msgs/sdv_msgs/msg/collision_event.h
[23.000s] -- Installing: /home/fectec151/Downloads/Projects/vanttec_sdv/install/sdv_msgs/include/sdv_msgs/sdv_msgs/msg/eta_pose.h
[23.000s] -- Installing: /home/fectec151/Downloads/Projects/vanttec_sdv/install/sdv_msgs/include/sdv_msgs/sdv_msgs/msg/guidance_waypoints.h
[23.000s] -- Installing: /home/fectec151/Downloads/Projects/vanttec_sdv/install/sdv_msgs/include/sdv_msgs/sdv_msgs/msg/status.h
[23.001s] -- Installing: /home/fectec151/Downloads/Projects/vanttec_sdv/install/sdv_msgs/include/sdv_msgs/sdv_msgs/msg/system_dynamics.h
[23.001s] -- Installing: /home/fectec151/Downloads/Projects/vanttec_sdv/install/sdv_msgs/include/sdv_msgs/sdv_msgs/msg/thrust_control.h
[23.001s] -- Installing: /home/fectec151/Downloads/Projects/vanttec_sdv/install/sdv_msgs/include/sdv_msgs/sdv_msgs/msg/detail
[23.001s] -- Installing: /home/fectec151/Downloads/Projects/vanttec_sdv/install/sdv_msgs/include/sdv_msgs/sdv_msgs/msg/detail/vehicle_status__functions.c
[23.001s] -- Installing: /home/fectec151/Downloads/Projects/vanttec_sdv/install/sdv_msgs/include/sdv_msgs/sdv_msgs/msg/detail/thrust_control__functions.h
[23.001s] -- Installing: /home/fectec151/Downloads/Projects/vanttec_sdv/install/sdv_msgs/include/sdv_msgs/sdv_msgs/msg/detail/xbox_msg__functions.c
[23.001s] -- Installing: /home/fectec151/Downloads/Projects/vanttec_sdv/install/sdv_msgs/include/sdv_msgs/sdv_msgs/msg/detail/vehicle_status__functions.h
[23.001s] -- Installing: /home/fectec151/Downloads/Projects/vanttec_sdv/install/sdv_msgs/include/sdv_msgs/sdv_msgs/msg/detail/vehicle_info__struct.h
[23.001s] -- Installing: /home/fectec151/Downloads/Projects/vanttec_sdv/install/sdv_msgs/include/sdv_msgs/sdv_msgs/msg/detail/collision_event__functions.h
[23.002s] -- Installing: /home/fectec151/Downloads/Projects/vanttec_sdv/install/sdv_msgs/include/sdv_msgs/sdv_msgs/msg/detail/throttle_msg__functions.c
[23.002s] -- Installing: /home/fectec151/Downloads/Projects/vanttec_sdv/install/sdv_msgs/include/sdv_msgs/sdv_msgs/msg/detail/encoder__functions.c
[23.002s] -- Installing: /home/fectec151/Downloads/Projects/vanttec_sdv/install/sdv_msgs/include/sdv_msgs/sdv_msgs/msg/detail/system_dynamics__functions.h
[23.002s] -- Installing: /home/fectec151/Downloads/Projects/vanttec_sdv/install/sdv_msgs/include/sdv_msgs/sdv_msgs/msg/detail/vehicle_control__struct.h
[23.002s] -- Installing: /home/fectec151/Downloads/Projects/vanttec_sdv/install/sdv_msgs/include/sdv_msgs/sdv_msgs/msg/detail/vehicle_control__functions.c
[23.002s] -- Installing: /home/fectec151/Downloads/Projects/vanttec_sdv/install/sdv_msgs/include/sdv_msgs/sdv_msgs/msg/detail/xbox_msg__functions.h
[23.002s] -- Installing: /home/fectec151/Downloads/Projects/vanttec_sdv/install/sdv_msgs/include/sdv_msgs/sdv_msgs/msg/detail/throttle_msg__type_support.h
[23.003s] -- Installing: /home/fectec151/Downloads/Projects/vanttec_sdv/install/sdv_msgs/include/sdv_msgs/sdv_msgs/msg/detail/lane_invasion_event__struct.h
[23.003s] -- Installing: /home/fectec151/Downloads/Projects/vanttec_sdv/install/sdv_msgs/include/sdv_msgs/sdv_msgs/msg/detail/collision_event__struct.h
[23.003s] -- Installing: /home/fectec151/Downloads/Projects/vanttec_sdv/install/sdv_msgs/include/sdv_msgs/sdv_msgs/msg/detail/status__functions.c
[23.003s] -- Installing: /home/fectec151/Downloads/Projects/vanttec_sdv/install/sdv_msgs/include/sdv_msgs/sdv_msgs/msg/detail/vehicle_info__functions.h
[23.003s] -- Installing: /home/fectec151/Downloads/Projects/vanttec_sdv/install/sdv_msgs/include/sdv_msgs/sdv_msgs/msg/detail/eta_pose__functions.h
[23.003s] -- Installing: /home/fectec151/Downloads/Projects/vanttec_sdv/install/sdv_msgs/include/sdv_msgs/sdv_msgs/msg/detail/lane_invasion_event__functions.h
[23.004s] -- Installing: /home/fectec151/Downloads/Projects/vanttec_sdv/install/sdv_msgs/include/sdv_msgs/sdv_msgs/msg/detail/thrust_control__struct.h
[23.004s] -- Installing: /home/fectec151/Downloads/Projects/vanttec_sdv/install/sdv_msgs/include/sdv_msgs/sdv_msgs/msg/detail/vehicle_info_wheel__struct.h
[23.004s] -- Installing: /home/fectec151/Downloads/Projects/vanttec_sdv/install/sdv_msgs/include/sdv_msgs/sdv_msgs/msg/detail/system_dynamics__functions.c
[23.004s] -- Installing: /home/fectec151/Downloads/Projects/vanttec_sdv/install/sdv_msgs/include/sdv_msgs/sdv_msgs/msg/detail/panel_msg__struct.h
[23.004s] -- Installing: /home/fectec151/Downloads/Projects/vanttec_sdv/install/sdv_msgs/include/sdv_msgs/sdv_msgs/msg/detail/state__type_support.h
[23.004s] -- Installing: /home/fectec151/Downloads/Projects/vanttec_sdv/install/sdv_msgs/include/sdv_msgs/sdv_msgs/msg/detail/state__functions.h
[23.005s] -- Installing: /home/fectec151/Downloads/Projects/vanttec_sdv/install/sdv_msgs/include/sdv_msgs/sdv_msgs/msg/detail/vehicle_info_wheel__type_support.h
[23.005s] -- Installing: /home/fectec151/Downloads/Projects/vanttec_sdv/install/sdv_msgs/include/sdv_msgs/sdv_msgs/msg/detail/guidance_waypoints__struct.h
[23.007s] -- Installing: /home/fectec151/Downloads/Projects/vanttec_sdv/install/sdv_msgs/include/sdv_msgs/sdv_msgs/msg/detail/status__type_support.h
[23.007s] -- Installing: /home/fectec151/Downloads/Projects/vanttec_sdv/install/sdv_msgs/include/sdv_msgs/sdv_msgs/msg/detail/vehicle_info_wheel__functions.c
[23.007s] -- Installing: /home/fectec151/Downloads/Projects/vanttec_sdv/install/sdv_msgs/include/sdv_msgs/sdv_msgs/msg/detail/vehicle_control__type_support.h
[23.008s] -- Installing: /home/fectec151/Downloads/Projects/vanttec_sdv/install/sdv_msgs/include/sdv_msgs/sdv_msgs/msg/detail/vehicle_info_wheel__functions.h
[23.008s] -- Installing: /home/fectec151/Downloads/Projects/vanttec_sdv/install/sdv_msgs/include/sdv_msgs/sdv_msgs/msg/detail/panel_msg__functions.h
[23.008s] -- Installing: /home/fectec151/Downloads/Projects/vanttec_sdv/install/sdv_msgs/include/sdv_msgs/sdv_msgs/msg/detail/eta_pose__struct.h
[23.008s] -- Installing: /home/fectec151/Downloads/Projects/vanttec_sdv/install/sdv_msgs/include/sdv_msgs/sdv_msgs/msg/detail/thrust_control__functions.c
[23.008s] -- Installing: /home/fectec151/Downloads/Projects/vanttec_sdv/install/sdv_msgs/include/sdv_msgs/sdv_msgs/msg/detail/panel_msg__type_support.h
[23.009s] -- Installing: /home/fectec151/Downloads/Projects/vanttec_sdv/install/sdv_msgs/include/sdv_msgs/sdv_msgs/msg/detail/vehicle_status__struct.h
[23.009s] -- Installing: /home/fectec151/Downloads/Projects/vanttec_sdv/install/sdv_msgs/include/sdv_msgs/sdv_msgs/msg/detail/status__functions.h
[23.009s] -- Installing: /home/fectec151/Downloads/Projects/vanttec_sdv/install/sdv_msgs/include/sdv_msgs/sdv_msgs/msg/detail/state__functions.c
[23.009s] -- Installing: /home/fectec151/Downloads/Projects/vanttec_sdv/install/sdv_msgs/include/sdv_msgs/sdv_msgs/msg/detail/guidance_waypoints__type_support.h
[23.009s] -- Installing: /home/fectec151/Downloads/Projects/vanttec_sdv/install/sdv_msgs/include/sdv_msgs/sdv_msgs/msg/detail/status__struct.h
[23.009s] -- Installing: /home/fectec151/Downloads/Projects/vanttec_sdv/install/sdv_msgs/include/sdv_msgs/sdv_msgs/msg/detail/lane_invasion_event__functions.c
[23.009s] -- Installing: /home/fectec151/Downloads/Projects/vanttec_sdv/install/sdv_msgs/include/sdv_msgs/sdv_msgs/msg/detail/collision_event__type_support.h
[23.010s] -- Installing: /home/fectec151/Downloads/Projects/vanttec_sdv/install/sdv_msgs/include/sdv_msgs/sdv_msgs/msg/detail/state__struct.h
[23.010s] -- Installing: /home/fectec151/Downloads/Projects/vanttec_sdv/install/sdv_msgs/include/sdv_msgs/sdv_msgs/msg/detail/lane_invasion_event__type_support.h
[23.010s] -- Installing: /home/fectec151/Downloads/Projects/vanttec_sdv/install/sdv_msgs/include/sdv_msgs/sdv_msgs/msg/detail/vehicle_info__functions.c
[23.010s] -- Installing: /home/fectec151/Downloads/Projects/vanttec_sdv/install/sdv_msgs/include/sdv_msgs/sdv_msgs/msg/detail/xbox_msg__type_support.h
[23.010s] -- Installing: /home/fectec151/Downloads/Projects/vanttec_sdv/install/sdv_msgs/include/sdv_msgs/sdv_msgs/msg/detail/eta_pose__functions.c
[23.010s] -- Installing: /home/fectec151/Downloads/Projects/vanttec_sdv/install/sdv_msgs/include/sdv_msgs/sdv_msgs/msg/detail/vehicle_control__functions.h
[23.011s] -- Installing: /home/fectec151/Downloads/Projects/vanttec_sdv/install/sdv_msgs/include/sdv_msgs/sdv_msgs/msg/detail/throttle_msg__struct.h
[23.011s] -- Installing: /home/fectec151/Downloads/Projects/vanttec_sdv/install/sdv_msgs/include/sdv_msgs/sdv_msgs/msg/detail/encoder__struct.h
[23.011s] -- Installing: /home/fectec151/Downloads/Projects/vanttec_sdv/install/sdv_msgs/include/sdv_msgs/sdv_msgs/msg/detail/throttle_msg__functions.h
[23.011s] -- Installing: /home/fectec151/Downloads/Projects/vanttec_sdv/install/sdv_msgs/include/sdv_msgs/sdv_msgs/msg/detail/guidance_waypoints__functions.c
[23.011s] -- Installing: /home/fectec151/Downloads/Projects/vanttec_sdv/install/sdv_msgs/include/sdv_msgs/sdv_msgs/msg/detail/eta_pose__type_support.h
[23.011s] -- Installing: /home/fectec151/Downloads/Projects/vanttec_sdv/install/sdv_msgs/include/sdv_msgs/sdv_msgs/msg/detail/vehicle_info__type_support.h
[23.011s] -- Installing: /home/fectec151/Downloads/Projects/vanttec_sdv/install/sdv_msgs/include/sdv_msgs/sdv_msgs/msg/detail/system_dynamics__type_support.h
[23.012s] -- Installing: /home/fectec151/Downloads/Projects/vanttec_sdv/install/sdv_msgs/include/sdv_msgs/sdv_msgs/msg/detail/encoder__type_support.h
[23.012s] -- Installing: /home/fectec151/Downloads/Projects/vanttec_sdv/install/sdv_msgs/include/sdv_msgs/sdv_msgs/msg/detail/xbox_msg__struct.h
[23.012s] -- Installing: /home/fectec151/Downloads/Projects/vanttec_sdv/install/sdv_msgs/include/sdv_msgs/sdv_msgs/msg/detail/guidance_waypoints__functions.h
[23.012s] -- Installing: /home/fectec151/Downloads/Projects/vanttec_sdv/install/sdv_msgs/include/sdv_msgs/sdv_msgs/msg/detail/panel_msg__functions.c
[23.012s] -- Installing: /home/fectec151/Downloads/Projects/vanttec_sdv/install/sdv_msgs/include/sdv_msgs/sdv_msgs/msg/detail/system_dynamics__struct.h
[23.012s] -- Installing: /home/fectec151/Downloads/Projects/vanttec_sdv/install/sdv_msgs/include/sdv_msgs/sdv_msgs/msg/detail/thrust_control__type_support.h
[23.013s] -- Installing: /home/fectec151/Downloads/Projects/vanttec_sdv/install/sdv_msgs/include/sdv_msgs/sdv_msgs/msg/detail/vehicle_status__type_support.h
[23.013s] -- Installing: /home/fectec151/Downloads/Projects/vanttec_sdv/install/sdv_msgs/include/sdv_msgs/sdv_msgs/msg/detail/collision_event__functions.c
[23.013s] -- Installing: /home/fectec151/Downloads/Projects/vanttec_sdv/install/sdv_msgs/include/sdv_msgs/sdv_msgs/msg/detail/encoder__functions.h
[23.013s] -- Installing: /home/fectec151/Downloads/Projects/vanttec_sdv/install/sdv_msgs/share/sdv_msgs/environment/library_path.sh
[23.013s] -- Installing: /home/fectec151/Downloads/Projects/vanttec_sdv/install/sdv_msgs/share/sdv_msgs/environment/library_path.dsv
[23.014s] -- Installing: /home/fectec151/Downloads/Projects/vanttec_sdv/install/sdv_msgs/lib/libsdv_msgs__rosidl_generator_c.so
[23.014s] -- Set runtime path of "/home/fectec151/Downloads/Projects/vanttec_sdv/install/sdv_msgs/lib/libsdv_msgs__rosidl_generator_c.so" to ""
[23.014s] -- Up-to-date: /home/fectec151/Downloads/Projects/vanttec_sdv/install/sdv_msgs/include/sdv_msgs/sdv_msgs
[23.014s] -- Up-to-date: /home/fectec151/Downloads/Projects/vanttec_sdv/install/sdv_msgs/include/sdv_msgs/sdv_msgs/srv
[23.014s] -- Up-to-date: /home/fectec151/Downloads/Projects/vanttec_sdv/install/sdv_msgs/include/sdv_msgs/sdv_msgs/srv/detail
[23.014s] -- Installing: /home/fectec151/Downloads/Projects/vanttec_sdv/install/sdv_msgs/include/sdv_msgs/sdv_msgs/srv/detail/uint8__rosidl_typesupport_fastrtps_c.h
[23.015s] -- Up-to-date: /home/fectec151/Downloads/Projects/vanttec_sdv/install/sdv_msgs/include/sdv_msgs/sdv_msgs/msg
[23.015s] -- Installing: /home/fectec151/Downloads/Projects/vanttec_sdv/install/sdv_msgs/include/sdv_msgs/sdv_msgs/msg/rosidl_typesupport_fastrtps_c__visibility_control.h
[23.015s] -- Up-to-date: /home/fectec151/Downloads/Projects/vanttec_sdv/install/sdv_msgs/include/sdv_msgs/sdv_msgs/msg/detail
[23.015s] -- Installing: /home/fectec151/Downloads/Projects/vanttec_sdv/install/sdv_msgs/include/sdv_msgs/sdv_msgs/msg/detail/vehicle_control__rosidl_typesupport_fastrtps_c.h
[23.015s] -- Installing: /home/fectec151/Downloads/Projects/vanttec_sdv/install/sdv_msgs/include/sdv_msgs/sdv_msgs/msg/detail/vehicle_info_wheel__rosidl_typesupport_fastrtps_c.h
[23.015s] -- Installing: /home/fectec151/Downloads/Projects/vanttec_sdv/install/sdv_msgs/include/sdv_msgs/sdv_msgs/msg/detail/thrust_control__rosidl_typesupport_fastrtps_c.h
[23.015s] -- Installing: /home/fectec151/Downloads/Projects/vanttec_sdv/install/sdv_msgs/include/sdv_msgs/sdv_msgs/msg/detail/guidance_waypoints__rosidl_typesupport_fastrtps_c.h
[23.015s] -- Installing: /home/fectec151/Downloads/Projects/vanttec_sdv/install/sdv_msgs/include/sdv_msgs/sdv_msgs/msg/detail/xbox_msg__rosidl_typesupport_fastrtps_c.h
[23.015s] -- Installing: /home/fectec151/Downloads/Projects/vanttec_sdv/install/sdv_msgs/include/sdv_msgs/sdv_msgs/msg/detail/state__rosidl_typesupport_fastrtps_c.h
[23.016s] -- Installing: /home/fectec151/Downloads/Projects/vanttec_sdv/install/sdv_msgs/include/sdv_msgs/sdv_msgs/msg/detail/collision_event__rosidl_typesupport_fastrtps_c.h
[23.016s] -- Installing: /home/fectec151/Downloads/Projects/vanttec_sdv/install/sdv_msgs/include/sdv_msgs/sdv_msgs/msg/detail/eta_pose__rosidl_typesupport_fastrtps_c.h
[23.016s] -- Installing: /home/fectec151/Downloads/Projects/vanttec_sdv/install/sdv_msgs/include/sdv_msgs/sdv_msgs/msg/detail/vehicle_status__rosidl_typesupport_fastrtps_c.h
[23.016s] -- Installing: /home/fectec151/Downloads/Projects/vanttec_sdv/install/sdv_msgs/include/sdv_msgs/sdv_msgs/msg/detail/throttle_msg__rosidl_typesupport_fastrtps_c.h
[23.016s] -- Installing: /home/fectec151/Downloads/Projects/vanttec_sdv/install/sdv_msgs/include/sdv_msgs/sdv_msgs/msg/detail/lane_invasion_event__rosidl_typesupport_fastrtps_c.h
[23.016s] -- Installing: /home/fectec151/Downloads/Projects/vanttec_sdv/install/sdv_msgs/include/sdv_msgs/sdv_msgs/msg/detail/panel_msg__rosidl_typesupport_fastrtps_c.h
[23.016s] -- Installing: /home/fectec151/Downloads/Projects/vanttec_sdv/install/sdv_msgs/include/sdv_msgs/sdv_msgs/msg/detail/system_dynamics__rosidl_typesupport_fastrtps_c.h
[23.016s] -- Installing: /home/fectec151/Downloads/Projects/vanttec_sdv/install/sdv_msgs/include/sdv_msgs/sdv_msgs/msg/detail/status__rosidl_typesupport_fastrtps_c.h
[23.017s] -- Installing: /home/fectec151/Downloads/Projects/vanttec_sdv/install/sdv_msgs/include/sdv_msgs/sdv_msgs/msg/detail/encoder__rosidl_typesupport_fastrtps_c.h
[23.017s] -- Installing: /home/fectec151/Downloads/Projects/vanttec_sdv/install/sdv_msgs/include/sdv_msgs/sdv_msgs/msg/detail/vehicle_info__rosidl_typesupport_fastrtps_c.h
[23.017s] -- Installing: /home/fectec151/Downloads/Projects/vanttec_sdv/install/sdv_msgs/lib/libsdv_msgs__rosidl_typesupport_fastrtps_c.so
[23.017s] -- Set runtime path of "/home/fectec151/Downloads/Projects/vanttec_sdv/install/sdv_msgs/lib/libsdv_msgs__rosidl_typesupport_fastrtps_c.so" to ""
[23.017s] -- Up-to-date: /home/fectec151/Downloads/Projects/vanttec_sdv/install/sdv_msgs/include/sdv_msgs/sdv_msgs
[23.017s] -- Up-to-date: /home/fectec151/Downloads/Projects/vanttec_sdv/install/sdv_msgs/include/sdv_msgs/sdv_msgs/srv
[23.017s] -- Up-to-date: /home/fectec151/Downloads/Projects/vanttec_sdv/install/sdv_msgs/include/sdv_msgs/sdv_msgs/srv/detail
[23.018s] -- Installing: /home/fectec151/Downloads/Projects/vanttec_sdv/install/sdv_msgs/include/sdv_msgs/sdv_msgs/srv/detail/uint8__rosidl_typesupport_introspection_c.h
[23.018s] -- Installing: /home/fectec151/Downloads/Projects/vanttec_sdv/install/sdv_msgs/include/sdv_msgs/sdv_msgs/srv/detail/uint8__type_support.c
[23.018s] -- Up-to-date: /home/fectec151/Downloads/Projects/vanttec_sdv/install/sdv_msgs/include/sdv_msgs/sdv_msgs/msg
[23.018s] -- Installing: /home/fectec151/Downloads/Projects/vanttec_sdv/install/sdv_msgs/include/sdv_msgs/sdv_msgs/msg/rosidl_typesupport_introspection_c__visibility_control.h
[23.018s] -- Up-to-date: /home/fectec151/Downloads/Projects/vanttec_sdv/install/sdv_msgs/include/sdv_msgs/sdv_msgs/msg/detail
[23.018s] -- Installing: /home/fectec151/Downloads/Projects/vanttec_sdv/install/sdv_msgs/include/sdv_msgs/sdv_msgs/msg/detail/status__rosidl_typesupport_introspection_c.h
[23.018s] -- Installing: /home/fectec151/Downloads/Projects/vanttec_sdv/install/sdv_msgs/include/sdv_msgs/sdv_msgs/msg/detail/vehicle_status__type_support.c
[23.018s] -- Installing: /home/fectec151/Downloads/Projects/vanttec_sdv/install/sdv_msgs/include/sdv_msgs/sdv_msgs/msg/detail/state__type_support.c
[23.018s] -- Installing: /home/fectec151/Downloads/Projects/vanttec_sdv/install/sdv_msgs/include/sdv_msgs/sdv_msgs/msg/detail/vehicle_info_wheel__type_support.c
[23.019s] -- Installing: /home/fectec151/Downloads/Projects/vanttec_sdv/install/sdv_msgs/include/sdv_msgs/sdv_msgs/msg/detail/status__type_support.c
[23.019s] -- Installing: /home/fectec151/Downloads/Projects/vanttec_sdv/install/sdv_msgs/include/sdv_msgs/sdv_msgs/msg/detail/collision_event__type_support.c
[23.019s] -- Installing: /home/fectec151/Downloads/Projects/vanttec_sdv/install/sdv_msgs/include/sdv_msgs/sdv_msgs/msg/detail/eta_pose__type_support.c
[23.019s] -- Installing: /home/fectec151/Downloads/Projects/vanttec_sdv/install/sdv_msgs/include/sdv_msgs/sdv_msgs/msg/detail/lane_invasion_event__rosidl_typesupport_introspection_c.h
[23.019s] -- Installing: /home/fectec151/Downloads/Projects/vanttec_sdv/install/sdv_msgs/include/sdv_msgs/sdv_msgs/msg/detail/encoder__rosidl_typesupport_introspection_c.h
[23.019s] -- Installing: /home/fectec151/Downloads/Projects/vanttec_sdv/install/sdv_msgs/include/sdv_msgs/sdv_msgs/msg/detail/guidance_waypoints__rosidl_typesupport_introspection_c.h
[23.019s] -- Installing: /home/fectec151/Downloads/Projects/vanttec_sdv/install/sdv_msgs/include/sdv_msgs/sdv_msgs/msg/detail/eta_pose__rosidl_typesupport_introspection_c.h
[23.019s] -- Installing: /home/fectec151/Downloads/Projects/vanttec_sdv/install/sdv_msgs/include/sdv_msgs/sdv_msgs/msg/detail/vehicle_control__rosidl_typesupport_introspection_c.h
[23.019s] -- Installing: /home/fectec151/Downloads/Projects/vanttec_sdv/install/sdv_msgs/include/sdv_msgs/sdv_msgs/msg/detail/vehicle_info__type_support.c
[23.020s] -- Installing: /home/fectec151/Downloads/Projects/vanttec_sdv/install/sdv_msgs/include/sdv_msgs/sdv_msgs/msg/detail/encoder__type_support.c
[23.020s] -- Installing: /home/fectec151/Downloads/Projects/vanttec_sdv/install/sdv_msgs/include/sdv_msgs/sdv_msgs/msg/detail/vehicle_status__rosidl_typesupport_introspection_c.h
[23.020s] -- Installing: /home/fectec151/Downloads/Projects/vanttec_sdv/install/sdv_msgs/include/sdv_msgs/sdv_msgs/msg/detail/xbox_msg__rosidl_typesupport_introspection_c.h
[23.020s] -- Installing: /home/fectec151/Downloads/Projects/vanttec_sdv/install/sdv_msgs/include/sdv_msgs/sdv_msgs/msg/detail/thrust_control__rosidl_typesupport_introspection_c.h
[23.020s] -- Installing: /home/fectec151/Downloads/Projects/vanttec_sdv/install/sdv_msgs/include/sdv_msgs/sdv_msgs/msg/detail/xbox_msg__type_support.c
[23.020s] -- Installing: /home/fectec151/Downloads/Projects/vanttec_sdv/install/sdv_msgs/include/sdv_msgs/sdv_msgs/msg/detail/throttle_msg__type_support.c
[23.020s] -- Installing: /home/fectec151/Downloads/Projects/vanttec_sdv/install/sdv_msgs/include/sdv_msgs/sdv_msgs/msg/detail/lane_invasion_event__type_support.c
[23.020s] -- Installing: /home/fectec151/Downloads/Projects/vanttec_sdv/install/sdv_msgs/include/sdv_msgs/sdv_msgs/msg/detail/panel_msg__rosidl_typesupport_introspection_c.h
[23.021s] -- Installing: /home/fectec151/Downloads/Projects/vanttec_sdv/install/sdv_msgs/include/sdv_msgs/sdv_msgs/msg/detail/panel_msg__type_support.c
[23.021s] -- Installing: /home/fectec151/Downloads/Projects/vanttec_sdv/install/sdv_msgs/include/sdv_msgs/sdv_msgs/msg/detail/vehicle_control__type_support.c
[23.021s] -- Installing: /home/fectec151/Downloads/Projects/vanttec_sdv/install/sdv_msgs/include/sdv_msgs/sdv_msgs/msg/detail/vehicle_info_wheel__rosidl_typesupport_introspection_c.h
[23.021s] -- Installing: /home/fectec151/Downloads/Projects/vanttec_sdv/install/sdv_msgs/include/sdv_msgs/sdv_msgs/msg/detail/system_dynamics__type_support.c
[23.021s] -- Installing: /home/fectec151/Downloads/Projects/vanttec_sdv/install/sdv_msgs/include/sdv_msgs/sdv_msgs/msg/detail/state__rosidl_typesupport_introspection_c.h
[23.021s] -- Installing: /home/fectec151/Downloads/Projects/vanttec_sdv/install/sdv_msgs/include/sdv_msgs/sdv_msgs/msg/detail/thrust_control__type_support.c
[23.021s] -- Installing: /home/fectec151/Downloads/Projects/vanttec_sdv/install/sdv_msgs/include/sdv_msgs/sdv_msgs/msg/detail/collision_event__rosidl_typesupport_introspection_c.h
[23.022s] -- Installing: /home/fectec151/Downloads/Projects/vanttec_sdv/install/sdv_msgs/include/sdv_msgs/sdv_msgs/msg/detail/vehicle_info__rosidl_typesupport_introspection_c.h
[23.022s] -- Installing: /home/fectec151/Downloads/Projects/vanttec_sdv/install/sdv_msgs/include/sdv_msgs/sdv_msgs/msg/detail/throttle_msg__rosidl_typesupport_introspection_c.h
[23.022s] -- Installing: /home/fectec151/Downloads/Projects/vanttec_sdv/install/sdv_msgs/include/sdv_msgs/sdv_msgs/msg/detail/system_dynamics__rosidl_typesupport_introspection_c.h
[23.022s] -- Installing: /home/fectec151/Downloads/Projects/vanttec_sdv/install/sdv_msgs/include/sdv_msgs/sdv_msgs/msg/detail/guidance_waypoints__type_support.c
[23.022s] -- Installing: /home/fectec151/Downloads/Projects/vanttec_sdv/install/sdv_msgs/lib/libsdv_msgs__rosidl_typesupport_introspection_c.so
[23.023s] -- Set runtime path of "/home/fectec151/Downloads/Projects/vanttec_sdv/install/sdv_msgs/lib/libsdv_msgs__rosidl_typesupport_introspection_c.so" to ""
[23.024s] -- Installing: /home/fectec151/Downloads/Projects/vanttec_sdv/install/sdv_msgs/lib/libsdv_msgs__rosidl_typesupport_c.so
[23.024s] -- Set runtime path of "/home/fectec151/Downloads/Projects/vanttec_sdv/install/sdv_msgs/lib/libsdv_msgs__rosidl_typesupport_c.so" to ""
[23.024s] -- Up-to-date: /home/fectec151/Downloads/Projects/vanttec_sdv/install/sdv_msgs/include/sdv_msgs/sdv_msgs
[23.024s] -- Up-to-date: /home/fectec151/Downloads/Projects/vanttec_sdv/install/sdv_msgs/include/sdv_msgs/sdv_msgs/srv
[23.025s] -- Installing: /home/fectec151/Downloads/Projects/vanttec_sdv/install/sdv_msgs/include/sdv_msgs/sdv_msgs/srv/uint8.hpp
[23.025s] -- Up-to-date: /home/fectec151/Downloads/Projects/vanttec_sdv/install/sdv_msgs/include/sdv_msgs/sdv_msgs/srv/detail
[23.025s] -- Installing: /home/fectec151/Downloads/Projects/vanttec_sdv/install/sdv_msgs/include/sdv_msgs/sdv_msgs/srv/detail/uint8__builder.hpp
[23.025s] -- Installing: /home/fectec151/Downloads/Projects/vanttec_sdv/install/sdv_msgs/include/sdv_msgs/sdv_msgs/srv/detail/uint8__traits.hpp
[23.026s] -- Installing: /home/fectec151/Downloads/Projects/vanttec_sdv/install/sdv_msgs/include/sdv_msgs/sdv_msgs/srv/detail/uint8__struct.hpp
[23.026s] -- Up-to-date: /home/fectec151/Downloads/Projects/vanttec_sdv/install/sdv_msgs/include/sdv_msgs/sdv_msgs/msg
[23.026s] -- Installing: /home/fectec151/Downloads/Projects/vanttec_sdv/install/sdv_msgs/include/sdv_msgs/sdv_msgs/msg/xbox_msg.hpp
[23.026s] -- Installing: /home/fectec151/Downloads/Projects/vanttec_sdv/install/sdv_msgs/include/sdv_msgs/sdv_msgs/msg/status.hpp
[23.026s] -- Installing: /home/fectec151/Downloads/Projects/vanttec_sdv/install/sdv_msgs/include/sdv_msgs/sdv_msgs/msg/vehicle_info_wheel.hpp
[23.027s] -- Installing: /home/fectec151/Downloads/Projects/vanttec_sdv/install/sdv_msgs/include/sdv_msgs/sdv_msgs/msg/thrust_control.hpp
[23.027s] -- Installing: /home/fectec151/Downloads/Projects/vanttec_sdv/install/sdv_msgs/include/sdv_msgs/sdv_msgs/msg/vehicle_info.hpp
[23.027s] -- Installing: /home/fectec151/Downloads/Projects/vanttec_sdv/install/sdv_msgs/include/sdv_msgs/sdv_msgs/msg/throttle_msg.hpp
[23.027s] -- Installing: /home/fectec151/Downloads/Projects/vanttec_sdv/install/sdv_msgs/include/sdv_msgs/sdv_msgs/msg/vehicle_control.hpp
[23.027s] -- Installing: /home/fectec151/Downloads/Projects/vanttec_sdv/install/sdv_msgs/include/sdv_msgs/sdv_msgs/msg/guidance_waypoints.hpp
[23.028s] -- Installing: /home/fectec151/Downloads/Projects/vanttec_sdv/install/sdv_msgs/include/sdv_msgs/sdv_msgs/msg/lane_invasion_event.hpp
[23.028s] -- Installing: /home/fectec151/Downloads/Projects/vanttec_sdv/install/sdv_msgs/include/sdv_msgs/sdv_msgs/msg/system_dynamics.hpp
[23.028s] -- Installing: /home/fectec151/Downloads/Projects/vanttec_sdv/install/sdv_msgs/include/sdv_msgs/sdv_msgs/msg/collision_event.hpp
[23.028s] -- Installing: /home/fectec151/Downloads/Projects/vanttec_sdv/install/sdv_msgs/include/sdv_msgs/sdv_msgs/msg/state.hpp
[23.028s] -- Up-to-date: /home/fectec151/Downloads/Projects/vanttec_sdv/install/sdv_msgs/include/sdv_msgs/sdv_msgs/msg/detail
[23.029s] -- Installing: /home/fectec151/Downloads/Projects/vanttec_sdv/install/sdv_msgs/include/sdv_msgs/sdv_msgs/msg/detail/status__builder.hpp
[23.029s] -- Installing: /home/fectec151/Downloads/Projects/vanttec_sdv/install/sdv_msgs/include/sdv_msgs/sdv_msgs/msg/detail/panel_msg__traits.hpp
[23.029s] -- Installing: /home/fectec151/Downloads/Projects/vanttec_sdv/install/sdv_msgs/include/sdv_msgs/sdv_msgs/msg/detail/vehicle_status__builder.hpp
[23.029s] -- Installing: /home/fectec151/Downloads/Projects/vanttec_sdv/install/sdv_msgs/include/sdv_msgs/sdv_msgs/msg/detail/collision_event__traits.hpp
[23.029s] -- Installing: /home/fectec151/Downloads/Projects/vanttec_sdv/install/sdv_msgs/include/sdv_msgs/sdv_msgs/msg/detail/encoder__struct.hpp
[23.030s] -- Installing: /home/fectec151/Downloads/Projects/vanttec_sdv/install/sdv_msgs/include/sdv_msgs/sdv_msgs/msg/detail/throttle_msg__struct.hpp
[23.030s] -- Installing: /home/fectec151/Downloads/Projects/vanttec_sdv/install/sdv_msgs/include/sdv_msgs/sdv_msgs/msg/detail/status__traits.hpp
[23.030s] -- Installing: /home/fectec151/Downloads/Projects/vanttec_sdv/install/sdv_msgs/include/sdv_msgs/sdv_msgs/msg/detail/eta_pose__builder.hpp
[23.030s] -- Installing: /home/fectec151/Downloads/Projects/vanttec_sdv/install/sdv_msgs/include/sdv_msgs/sdv_msgs/msg/detail/vehicle_info_wheel__builder.hpp
[23.031s] -- Installing: /home/fectec151/Downloads/Projects/vanttec_sdv/install/sdv_msgs/include/sdv_msgs/sdv_msgs/msg/detail/thrust_control__traits.hpp
[23.031s] -- Installing: /home/fectec151/Downloads/Projects/vanttec_sdv/install/sdv_msgs/include/sdv_msgs/sdv_msgs/msg/detail/xbox_msg__builder.hpp
[23.031s] -- Installing: /home/fectec151/Downloads/Projects/vanttec_sdv/install/sdv_msgs/include/sdv_msgs/sdv_msgs/msg/detail/system_dynamics__builder.hpp
[23.031s] -- Installing: /home/fectec151/Downloads/Projects/vanttec_sdv/install/sdv_msgs/include/sdv_msgs/sdv_msgs/msg/detail/vehicle_info_wheel__traits.hpp
[23.031s] -- Installing: /home/fectec151/Downloads/Projects/vanttec_sdv/install/sdv_msgs/include/sdv_msgs/sdv_msgs/msg/detail/throttle_msg__builder.hpp
[23.031s] -- Installing: /home/fectec151/Downloads/Projects/vanttec_sdv/install/sdv_msgs/include/sdv_msgs/sdv_msgs/msg/detail/state__traits.hpp
[23.031s] -- Installing: /home/fectec151/Downloads/Projects/vanttec_sdv/install/sdv_msgs/include/sdv_msgs/sdv_msgs/msg/detail/panel_msg__struct.hpp
[23.032s] -- Installing: /home/fectec151/Downloads/Projects/vanttec_sdv/install/sdv_msgs/include/sdv_msgs/sdv_msgs/msg/detail/vehicle_info_wheel__struct.hpp
[23.032s] -- Installing: /home/fectec151/Downloads/Projects/vanttec_sdv/install/sdv_msgs/include/sdv_msgs/sdv_msgs/msg/detail/vehicle_status__traits.hpp
[23.032s] -- Installing: /home/fectec151/Downloads/Projects/vanttec_sdv/install/sdv_msgs/include/sdv_msgs/sdv_msgs/msg/detail/collision_event__builder.hpp
[23.032s] -- Installing: /home/fectec151/Downloads/Projects/vanttec_sdv/install/sdv_msgs/include/sdv_msgs/sdv_msgs/msg/detail/eta_pose__traits.hpp
[23.032s] -- Installing: /home/fectec151/Downloads/Projects/vanttec_sdv/install/sdv_msgs/include/sdv_msgs/sdv_msgs/msg/detail/status__struct.hpp
[23.032s] -- Installing: /home/fectec151/Downloads/Projects/vanttec_sdv/install/sdv_msgs/include/sdv_msgs/sdv_msgs/msg/detail/guidance_waypoints__struct.hpp
[23.032s] -- Installing: /home/fectec151/Downloads/Projects/vanttec_sdv/install/sdv_msgs/include/sdv_msgs/sdv_msgs/msg/detail/system_dynamics__struct.hpp
[23.032s] -- Installing: /home/fectec151/Downloads/Projects/vanttec_sdv/install/sdv_msgs/include/sdv_msgs/sdv_msgs/msg/detail/state__builder.hpp
[23.033s] -- Installing: /home/fectec151/Downloads/Projects/vanttec_sdv/install/sdv_msgs/include/sdv_msgs/sdv_msgs/msg/detail/lane_invasion_event__builder.hpp
[23.033s] -- Installing: /home/fectec151/Downloads/Projects/vanttec_sdv/install/sdv_msgs/include/sdv_msgs/sdv_msgs/msg/detail/vehicle_control__builder.hpp
[23.033s] -- Installing: /home/fectec151/Downloads/Projects/vanttec_sdv/install/sdv_msgs/include/sdv_msgs/sdv_msgs/msg/detail/xbox_msg__traits.hpp
[23.033s] -- Installing: /home/fectec151/Downloads/Projects/vanttec_sdv/install/sdv_msgs/include/sdv_msgs/sdv_msgs/msg/detail/guidance_waypoints__traits.hpp
[23.033s] -- Installing: /home/fectec151/Downloads/Projects/vanttec_sdv/install/sdv_msgs/include/sdv_msgs/sdv_msgs/msg/detail/vehicle_info__struct.hpp
[23.033s] -- Installing: /home/fectec151/Downloads/Projects/vanttec_sdv/install/sdv_msgs/include/sdv_msgs/sdv_msgs/msg/detail/guidance_waypoints__builder.hpp
[23.033s] -- Installing: /home/fectec151/Downloads/Projects/vanttec_sdv/install/sdv_msgs/include/sdv_msgs/sdv_msgs/msg/detail/state__struct.hpp
[23.034s] -- Installing: /home/fectec151/Downloads/Projects/vanttec_sdv/install/sdv_msgs/include/sdv_msgs/sdv_msgs/msg/detail/vehicle_control__traits.hpp
[23.034s] -- Installing: /home/fectec151/Downloads/Projects/vanttec_sdv/install/sdv_msgs/include/sdv_msgs/sdv_msgs/msg/detail/lane_invasion_event__struct.hpp
[23.034s] -- Installing: /home/fectec151/Downloads/Projects/vanttec_sdv/install/sdv_msgs/include/sdv_msgs/sdv_msgs/msg/detail/vehicle_control__struct.hpp
[23.034s] -- Installing: /home/fectec151/Downloads/Projects/vanttec_sdv/install/sdv_msgs/include/sdv_msgs/sdv_msgs/msg/detail/lane_invasion_event__traits.hpp
[23.034s] -- Installing: /home/fectec151/Downloads/Projects/vanttec_sdv/install/sdv_msgs/include/sdv_msgs/sdv_msgs/msg/detail/xbox_msg__struct.hpp
[23.034s] -- Installing: /home/fectec151/Downloads/Projects/vanttec_sdv/install/sdv_msgs/include/sdv_msgs/sdv_msgs/msg/detail/vehicle_status__struct.hpp
[23.034s] -- Installing: /home/fectec151/Downloads/Projects/vanttec_sdv/install/sdv_msgs/include/sdv_msgs/sdv_msgs/msg/detail/encoder__traits.hpp
[23.035s] -- Installing: /home/fectec151/Downloads/Projects/vanttec_sdv/install/sdv_msgs/include/sdv_msgs/sdv_msgs/msg/detail/encoder__builder.hpp
[23.035s] -- Installing: /home/fectec151/Downloads/Projects/vanttec_sdv/install/sdv_msgs/include/sdv_msgs/sdv_msgs/msg/detail/vehicle_info__builder.hpp
[23.035s] -- Installing: /home/fectec151/Downloads/Projects/vanttec_sdv/install/sdv_msgs/include/sdv_msgs/sdv_msgs/msg/detail/collision_event__struct.hpp
[23.035s] -- Installing: /home/fectec151/Downloads/Projects/vanttec_sdv/install/sdv_msgs/include/sdv_msgs/sdv_msgs/msg/detail/vehicle_info__traits.hpp
[23.036s] -- Installing: /home/fectec151/Downloads/Projects/vanttec_sdv/install/sdv_msgs/include/sdv_msgs/sdv_msgs/msg/detail/thrust_control__builder.hpp
[23.036s] -- Installing: /home/fectec151/Downloads/Projects/vanttec_sdv/install/sdv_msgs/include/sdv_msgs/sdv_msgs/msg/detail/throttle_msg__traits.hpp
[23.036s] -- Installing: /home/fectec151/Downloads/Projects/vanttec_sdv/install/sdv_msgs/include/sdv_msgs/sdv_msgs/msg/detail/system_dynamics__traits.hpp
[23.036s] -- Installing: /home/fectec151/Downloads/Projects/vanttec_sdv/install/sdv_msgs/include/sdv_msgs/sdv_msgs/msg/detail/panel_msg__builder.hpp
[23.037s] -- Installing: /home/fectec151/Downloads/Projects/vanttec_sdv/install/sdv_msgs/include/sdv_msgs/sdv_msgs/msg/detail/thrust_control__struct.hpp
[23.037s] -- Installing: /home/fectec151/Downloads/Projects/vanttec_sdv/install/sdv_msgs/include/sdv_msgs/sdv_msgs/msg/detail/eta_pose__struct.hpp
[23.037s] -- Installing: /home/fectec151/Downloads/Projects/vanttec_sdv/install/sdv_msgs/include/sdv_msgs/sdv_msgs/msg/panel_msg.hpp
[23.037s] -- Installing: /home/fectec151/Downloads/Projects/vanttec_sdv/install/sdv_msgs/include/sdv_msgs/sdv_msgs/msg/eta_pose.hpp
[23.038s] -- Installing: /home/fectec151/Downloads/Projects/vanttec_sdv/install/sdv_msgs/include/sdv_msgs/sdv_msgs/msg/encoder.hpp
[23.038s] -- Installing: /home/fectec151/Downloads/Projects/vanttec_sdv/install/sdv_msgs/include/sdv_msgs/sdv_msgs/msg/vehicle_status.hpp
[23.038s] -- Up-to-date: /home/fectec151/Downloads/Projects/vanttec_sdv/install/sdv_msgs/include/sdv_msgs/sdv_msgs
[23.038s] -- Up-to-date: /home/fectec151/Downloads/Projects/vanttec_sdv/install/sdv_msgs/include/sdv_msgs/sdv_msgs/srv
[23.038s] -- Up-to-date: /home/fectec151/Downloads/Projects/vanttec_sdv/install/sdv_msgs/include/sdv_msgs/sdv_msgs/srv/detail
[23.039s] -- Installing: /home/fectec151/Downloads/Projects/vanttec_sdv/install/sdv_msgs/include/sdv_msgs/sdv_msgs/srv/detail/dds_fastrtps
[23.039s] -- Installing: /home/fectec151/Downloads/Projects/vanttec_sdv/install/sdv_msgs/include/sdv_msgs/sdv_msgs/srv/detail/uint8__rosidl_typesupport_fastrtps_cpp.hpp
[23.039s] -- Up-to-date: /home/fectec151/Downloads/Projects/vanttec_sdv/install/sdv_msgs/include/sdv_msgs/sdv_msgs/msg
[23.039s] -- Installing: /home/fectec151/Downloads/Projects/vanttec_sdv/install/sdv_msgs/include/sdv_msgs/sdv_msgs/msg/rosidl_typesupport_fastrtps_cpp__visibility_control.h
[23.039s] -- Up-to-date: /home/fectec151/Downloads/Projects/vanttec_sdv/install/sdv_msgs/include/sdv_msgs/sdv_msgs/msg/detail
[23.039s] -- Installing: /home/fectec151/Downloads/Projects/vanttec_sdv/install/sdv_msgs/include/sdv_msgs/sdv_msgs/msg/detail/panel_msg__rosidl_typesupport_fastrtps_cpp.hpp
[23.040s] -- Installing: /home/fectec151/Downloads/Projects/vanttec_sdv/install/sdv_msgs/include/sdv_msgs/sdv_msgs/msg/detail/eta_pose__rosidl_typesupport_fastrtps_cpp.hpp
[23.040s] -- Installing: /home/fectec151/Downloads/Projects/vanttec_sdv/install/sdv_msgs/include/sdv_msgs/sdv_msgs/msg/detail/dds_fastrtps
[23.040s] -- Installing: /home/fectec151/Downloads/Projects/vanttec_sdv/install/sdv_msgs/include/sdv_msgs/sdv_msgs/msg/detail/vehicle_info__rosidl_typesupport_fastrtps_cpp.hpp
[23.040s] -- Installing: /home/fectec151/Downloads/Projects/vanttec_sdv/install/sdv_msgs/include/sdv_msgs/sdv_msgs/msg/detail/system_dynamics__rosidl_typesupport_fastrtps_cpp.hpp
[23.040s] -- Installing: /home/fectec151/Downloads/Projects/vanttec_sdv/install/sdv_msgs/include/sdv_msgs/sdv_msgs/msg/detail/collision_event__rosidl_typesupport_fastrtps_cpp.hpp
[23.040s] -- Installing: /home/fectec151/Downloads/Projects/vanttec_sdv/install/sdv_msgs/include/sdv_msgs/sdv_msgs/msg/detail/encoder__rosidl_typesupport_fastrtps_cpp.hpp
[23.041s] -- Installing: /home/fectec151/Downloads/Projects/vanttec_sdv/install/sdv_msgs/include/sdv_msgs/sdv_msgs/msg/detail/vehicle_control__rosidl_typesupport_fastrtps_cpp.hpp
[23.041s] -- Installing: /home/fectec151/Downloads/Projects/vanttec_sdv/install/sdv_msgs/include/sdv_msgs/sdv_msgs/msg/detail/state__rosidl_typesupport_fastrtps_cpp.hpp
[23.041s] -- Installing: /home/fectec151/Downloads/Projects/vanttec_sdv/install/sdv_msgs/include/sdv_msgs/sdv_msgs/msg/detail/xbox_msg__rosidl_typesupport_fastrtps_cpp.hpp
[23.041s] -- Installing: /home/fectec151/Downloads/Projects/vanttec_sdv/install/sdv_msgs/include/sdv_msgs/sdv_msgs/msg/detail/thrust_control__rosidl_typesupport_fastrtps_cpp.hpp
[23.041s] -- Installing: /home/fectec151/Downloads/Projects/vanttec_sdv/install/sdv_msgs/include/sdv_msgs/sdv_msgs/msg/detail/guidance_waypoints__rosidl_typesupport_fastrtps_cpp.hpp
[23.041s] -- Installing: /home/fectec151/Downloads/Projects/vanttec_sdv/install/sdv_msgs/include/sdv_msgs/sdv_msgs/msg/detail/status__rosidl_typesupport_fastrtps_cpp.hpp
[23.042s] -- Installing: /home/fectec151/Downloads/Projects/vanttec_sdv/install/sdv_msgs/include/sdv_msgs/sdv_msgs/msg/detail/lane_invasion_event__rosidl_typesupport_fastrtps_cpp.hpp
[23.042s] -- Installing: /home/fectec151/Downloads/Projects/vanttec_sdv/install/sdv_msgs/include/sdv_msgs/sdv_msgs/msg/detail/throttle_msg__rosidl_typesupport_fastrtps_cpp.hpp
[23.042s] -- Installing: /home/fectec151/Downloads/Projects/vanttec_sdv/install/sdv_msgs/include/sdv_msgs/sdv_msgs/msg/detail/vehicle_info_wheel__rosidl_typesupport_fastrtps_cpp.hpp
[23.042s] -- Installing: /home/fectec151/Downloads/Projects/vanttec_sdv/install/sdv_msgs/include/sdv_msgs/sdv_msgs/msg/detail/vehicle_status__rosidl_typesupport_fastrtps_cpp.hpp
[23.042s] -- Installing: /home/fectec151/Downloads/Projects/vanttec_sdv/install/sdv_msgs/lib/libsdv_msgs__rosidl_typesupport_fastrtps_cpp.so
[23.045s] -- Set runtime path of "/home/fectec151/Downloads/Projects/vanttec_sdv/install/sdv_msgs/lib/libsdv_msgs__rosidl_typesupport_fastrtps_cpp.so" to ""
[23.045s] -- Up-to-date: /home/fectec151/Downloads/Projects/vanttec_sdv/install/sdv_msgs/include/sdv_msgs/sdv_msgs
[23.046s] -- Up-to-date: /home/fectec151/Downloads/Projects/vanttec_sdv/install/sdv_msgs/include/sdv_msgs/sdv_msgs/srv
[23.046s] -- Up-to-date: /home/fectec151/Downloads/Projects/vanttec_sdv/install/sdv_msgs/include/sdv_msgs/sdv_msgs/srv/detail
[23.046s] -- Installing: /home/fectec151/Downloads/Projects/vanttec_sdv/install/sdv_msgs/include/sdv_msgs/sdv_msgs/srv/detail/uint8__type_support.cpp
[23.046s] -- Installing: /home/fectec151/Downloads/Projects/vanttec_sdv/install/sdv_msgs/include/sdv_msgs/sdv_msgs/srv/detail/uint8__rosidl_typesupport_introspection_cpp.hpp
[23.046s] -- Up-to-date: /home/fectec151/Downloads/Projects/vanttec_sdv/install/sdv_msgs/include/sdv_msgs/sdv_msgs/msg
[23.046s] -- Up-to-date: /home/fectec151/Downloads/Projects/vanttec_sdv/install/sdv_msgs/include/sdv_msgs/sdv_msgs/msg/detail
[23.047s] -- Installing: /home/fectec151/Downloads/Projects/vanttec_sdv/install/sdv_msgs/include/sdv_msgs/sdv_msgs/msg/detail/panel_msg__type_support.cpp
[23.047s] -- Installing: /home/fectec151/Downloads/Projects/vanttec_sdv/install/sdv_msgs/include/sdv_msgs/sdv_msgs/msg/detail/vehicle_info_wheel__type_support.cpp
[23.047s] -- Installing: /home/fectec151/Downloads/Projects/vanttec_sdv/install/sdv_msgs/include/sdv_msgs/sdv_msgs/msg/detail/guidance_waypoints__type_support.cpp
[23.047s] -- Installing: /home/fectec151/Downloads/Projects/vanttec_sdv/install/sdv_msgs/include/sdv_msgs/sdv_msgs/msg/detail/vehicle_status__type_support.cpp
[23.048s] -- Installing: /home/fectec151/Downloads/Projects/vanttec_sdv/install/sdv_msgs/include/sdv_msgs/sdv_msgs/msg/detail/vehicle_status__rosidl_typesupport_introspection_cpp.hpp
[23.048s] -- Installing: /home/fectec151/Downloads/Projects/vanttec_sdv/install/sdv_msgs/include/sdv_msgs/sdv_msgs/msg/detail/vehicle_info__rosidl_typesupport_introspection_cpp.hpp
[23.048s] -- Installing: /home/fectec151/Downloads/Projects/vanttec_sdv/install/sdv_msgs/include/sdv_msgs/sdv_msgs/msg/detail/vehicle_control__rosidl_typesupport_introspection_cpp.hpp
[23.048s] -- Installing: /home/fectec151/Downloads/Projects/vanttec_sdv/install/sdv_msgs/include/sdv_msgs/sdv_msgs/msg/detail/lane_invasion_event__rosidl_typesupport_introspection_cpp.hpp
[23.049s] -- Installing: /home/fectec151/Downloads/Projects/vanttec_sdv/install/sdv_msgs/include/sdv_msgs/sdv_msgs/msg/detail/thrust_control__rosidl_typesupport_introspection_cpp.hpp
[23.049s] -- Installing: /home/fectec151/Downloads/Projects/vanttec_sdv/install/sdv_msgs/include/sdv_msgs/sdv_msgs/msg/detail/collision_event__type_support.cpp
[23.049s] -- Installing: /home/fectec151/Downloads/Projects/vanttec_sdv/install/sdv_msgs/include/sdv_msgs/sdv_msgs/msg/detail/throttle_msg__type_support.cpp
[23.049s] -- Installing: /home/fectec151/Downloads/Projects/vanttec_sdv/install/sdv_msgs/include/sdv_msgs/sdv_msgs/msg/detail/system_dynamics__rosidl_typesupport_introspection_cpp.hpp
[23.049s] -- Installing: /home/fectec151/Downloads/Projects/vanttec_sdv/install/sdv_msgs/include/sdv_msgs/sdv_msgs/msg/detail/eta_pose__rosidl_typesupport_introspection_cpp.hpp
[23.050s] -- Installing: /home/fectec151/Downloads/Projects/vanttec_sdv/install/sdv_msgs/include/sdv_msgs/sdv_msgs/msg/detail/eta_pose__type_support.cpp
[23.050s] -- Installing: /home/fectec151/Downloads/Projects/vanttec_sdv/install/sdv_msgs/include/sdv_msgs/sdv_msgs/msg/detail/lane_invasion_event__type_support.cpp
[23.050s] -- Installing: /home/fectec151/Downloads/Projects/vanttec_sdv/install/sdv_msgs/include/sdv_msgs/sdv_msgs/msg/detail/state__type_support.cpp
[23.050s] -- Installing: /home/fectec151/Downloads/Projects/vanttec_sdv/install/sdv_msgs/include/sdv_msgs/sdv_msgs/msg/detail/vehicle_info_wheel__rosidl_typesupport_introspection_cpp.hpp
[23.051s] -- Installing: /home/fectec151/Downloads/Projects/vanttec_sdv/install/sdv_msgs/include/sdv_msgs/sdv_msgs/msg/detail/throttle_msg__rosidl_typesupport_introspection_cpp.hpp
[23.051s] -- Installing: /home/fectec151/Downloads/Projects/vanttec_sdv/install/sdv_msgs/include/sdv_msgs/sdv_msgs/msg/detail/xbox_msg__rosidl_typesupport_introspection_cpp.hpp
[23.051s] -- Installing: /home/fectec151/Downloads/Projects/vanttec_sdv/install/sdv_msgs/include/sdv_msgs/sdv_msgs/msg/detail/system_dynamics__type_support.cpp
[23.051s] -- Installing: /home/fectec151/Downloads/Projects/vanttec_sdv/install/sdv_msgs/include/sdv_msgs/sdv_msgs/msg/detail/encoder__rosidl_typesupport_introspection_cpp.hpp
[23.051s] -- Installing: /home/fectec151/Downloads/Projects/vanttec_sdv/install/sdv_msgs/include/sdv_msgs/sdv_msgs/msg/detail/xbox_msg__type_support.cpp
[23.051s] -- Installing: /home/fectec151/Downloads/Projects/vanttec_sdv/install/sdv_msgs/include/sdv_msgs/sdv_msgs/msg/detail/status__type_support.cpp
[23.052s] -- Installing: /home/fectec151/Downloads/Projects/vanttec_sdv/install/sdv_msgs/include/sdv_msgs/sdv_msgs/msg/detail/encoder__type_support.cpp
[23.052s] -- Installing: /home/fectec151/Downloads/Projects/vanttec_sdv/install/sdv_msgs/include/sdv_msgs/sdv_msgs/msg/detail/vehicle_control__type_support.cpp
[23.052s] -- Installing: /home/fectec151/Downloads/Projects/vanttec_sdv/install/sdv_msgs/include/sdv_msgs/sdv_msgs/msg/detail/collision_event__rosidl_typesupport_introspection_cpp.hpp
[23.052s] -- Installing: /home/fectec151/Downloads/Projects/vanttec_sdv/install/sdv_msgs/include/sdv_msgs/sdv_msgs/msg/detail/thrust_control__type_support.cpp
[23.052s] -- Installing: /home/fectec151/Downloads/Projects/vanttec_sdv/install/sdv_msgs/include/sdv_msgs/sdv_msgs/msg/detail/vehicle_info__type_support.cpp
[23.053s] -- Installing: /home/fectec151/Downloads/Projects/vanttec_sdv/install/sdv_msgs/include/sdv_msgs/sdv_msgs/msg/detail/guidance_waypoints__rosidl_typesupport_introspection_cpp.hpp
[23.053s] -- Installing: /home/fectec151/Downloads/Projects/vanttec_sdv/install/sdv_msgs/include/sdv_msgs/sdv_msgs/msg/detail/status__rosidl_typesupport_introspection_cpp.hpp
[23.053s] -- Installing: /home/fectec151/Downloads/Projects/vanttec_sdv/install/sdv_msgs/include/sdv_msgs/sdv_msgs/msg/detail/panel_msg__rosidl_typesupport_introspection_cpp.hpp
[23.053s] -- Installing: /home/fectec151/Downloads/Projects/vanttec_sdv/install/sdv_msgs/include/sdv_msgs/sdv_msgs/msg/detail/state__rosidl_typesupport_introspection_cpp.hpp
[23.053s] -- Installing: /home/fectec151/Downloads/Projects/vanttec_sdv/install/sdv_msgs/lib/libsdv_msgs__rosidl_typesupport_introspection_cpp.so
[23.053s] -- Set runtime path of "/home/fectec151/Downloads/Projects/vanttec_sdv/install/sdv_msgs/lib/libsdv_msgs__rosidl_typesupport_introspection_cpp.so" to ""
[23.054s] -- Installing: /home/fectec151/Downloads/Projects/vanttec_sdv/install/sdv_msgs/lib/libsdv_msgs__rosidl_typesupport_cpp.so
[23.054s] -- Set runtime path of "/home/fectec151/Downloads/Projects/vanttec_sdv/install/sdv_msgs/lib/libsdv_msgs__rosidl_typesupport_cpp.so" to ""
[23.054s] -- Installing: /home/fectec151/Downloads/Projects/vanttec_sdv/install/sdv_msgs/share/sdv_msgs/environment/pythonpath.sh
[23.054s] -- Installing: /home/fectec151/Downloads/Projects/vanttec_sdv/install/sdv_msgs/share/sdv_msgs/environment/pythonpath.dsv
[23.054s] -- Installing: /home/fectec151/Downloads/Projects/vanttec_sdv/install/sdv_msgs/local/lib/python3.10/dist-packages/sdv_msgs-0.0.0-py3.10.egg-info
[23.054s] -- Installing: /home/fectec151/Downloads/Projects/vanttec_sdv/install/sdv_msgs/local/lib/python3.10/dist-packages/sdv_msgs-0.0.0-py3.10.egg-info/PKG-INFO
[23.055s] -- Installing: /home/fectec151/Downloads/Projects/vanttec_sdv/install/sdv_msgs/local/lib/python3.10/dist-packages/sdv_msgs-0.0.0-py3.10.egg-info/top_level.txt
[23.055s] -- Installing: /home/fectec151/Downloads/Projects/vanttec_sdv/install/sdv_msgs/local/lib/python3.10/dist-packages/sdv_msgs-0.0.0-py3.10.egg-info/SOURCES.txt
[23.055s] -- Installing: /home/fectec151/Downloads/Projects/vanttec_sdv/install/sdv_msgs/local/lib/python3.10/dist-packages/sdv_msgs-0.0.0-py3.10.egg-info/dependency_links.txt
[23.055s] -- Installing: /home/fectec151/Downloads/Projects/vanttec_sdv/install/sdv_msgs/local/lib/python3.10/dist-packages/sdv_msgs
[23.055s] -- Installing: /home/fectec151/Downloads/Projects/vanttec_sdv/install/sdv_msgs/local/lib/python3.10/dist-packages/sdv_msgs/sdv_msgs_s__rosidl_typesupport_c.cpython-310-x86_64-linux-gnu.so
[23.056s] -- Installing: /home/fectec151/Downloads/Projects/vanttec_sdv/install/sdv_msgs/local/lib/python3.10/dist-packages/sdv_msgs/_sdv_msgs_s.ep.rosidl_typesupport_c.c
[23.056s] -- Installing: /home/fectec151/Downloads/Projects/vanttec_sdv/install/sdv_msgs/local/lib/python3.10/dist-packages/sdv_msgs/srv
[23.056s] -- Installing: /home/fectec151/Downloads/Projects/vanttec_sdv/install/sdv_msgs/local/lib/python3.10/dist-packages/sdv_msgs/srv/_uint8.py
[23.056s] -- Installing: /home/fectec151/Downloads/Projects/vanttec_sdv/install/sdv_msgs/local/lib/python3.10/dist-packages/sdv_msgs/srv/__init__.py
[23.056s] -- Installing: /home/fectec151/Downloads/Projects/vanttec_sdv/install/sdv_msgs/local/lib/python3.10/dist-packages/sdv_msgs/srv/_uint8_s.c
[23.056s] -- Installing: /home/fectec151/Downloads/Projects/vanttec_sdv/install/sdv_msgs/local/lib/python3.10/dist-packages/sdv_msgs/sdv_msgs_s__rosidl_typesupport_introspection_c.cpython-310-x86_64-linux-gnu.so
[23.057s] -- Installing: /home/fectec151/Downloads/Projects/vanttec_sdv/install/sdv_msgs/local/lib/python3.10/dist-packages/sdv_msgs/msg
[23.057s] -- Installing: /home/fectec151/Downloads/Projects/vanttec_sdv/install/sdv_msgs/local/lib/python3.10/dist-packages/sdv_msgs/msg/_guidance_waypoints_s.c
[23.057s] -- Installing: /home/fectec151/Downloads/Projects/vanttec_sdv/install/sdv_msgs/local/lib/python3.10/dist-packages/sdv_msgs/msg/_vehicle_info_wheel.py
[23.057s] -- Installing: /home/fectec151/Downloads/Projects/vanttec_sdv/install/sdv_msgs/local/lib/python3.10/dist-packages/sdv_msgs/msg/_vehicle_info.py
[23.057s] -- Installing: /home/fectec151/Downloads/Projects/vanttec_sdv/install/sdv_msgs/local/lib/python3.10/dist-packages/sdv_msgs/msg/_vehicle_status_s.c
[23.058s] -- Installing: /home/fectec151/Downloads/Projects/vanttec_sdv/install/sdv_msgs/local/lib/python3.10/dist-packages/sdv_msgs/msg/_panel_msg_s.c
[23.058s] -- Installing: /home/fectec151/Downloads/Projects/vanttec_sdv/install/sdv_msgs/local/lib/python3.10/dist-packages/sdv_msgs/msg/_status_s.c
[23.058s] -- Installing: /home/fectec151/Downloads/Projects/vanttec_sdv/install/sdv_msgs/local/lib/python3.10/dist-packages/sdv_msgs/msg/_collision_event.py
[23.058s] -- Installing: /home/fectec151/Downloads/Projects/vanttec_sdv/install/sdv_msgs/local/lib/python3.10/dist-packages/sdv_msgs/msg/_vehicle_status.py
[23.058s] -- Installing: /home/fectec151/Downloads/Projects/vanttec_sdv/install/sdv_msgs/local/lib/python3.10/dist-packages/sdv_msgs/msg/_panel_msg.py
[23.058s] -- Installing: /home/fectec151/Downloads/Projects/vanttec_sdv/install/sdv_msgs/local/lib/python3.10/dist-packages/sdv_msgs/msg/_guidance_waypoints.py
[23.058s] -- Installing: /home/fectec151/Downloads/Projects/vanttec_sdv/install/sdv_msgs/local/lib/python3.10/dist-packages/sdv_msgs/msg/__init__.py
[23.059s] -- Installing: /home/fectec151/Downloads/Projects/vanttec_sdv/install/sdv_msgs/local/lib/python3.10/dist-packages/sdv_msgs/msg/_lane_invasion_event_s.c
[23.059s] -- Installing: /home/fectec151/Downloads/Projects/vanttec_sdv/install/sdv_msgs/local/lib/python3.10/dist-packages/sdv_msgs/msg/_vehicle_control.py
[23.059s] -- Installing: /home/fectec151/Downloads/Projects/vanttec_sdv/install/sdv_msgs/local/lib/python3.10/dist-packages/sdv_msgs/msg/_vehicle_control_s.c
[23.059s] -- Installing: /home/fectec151/Downloads/Projects/vanttec_sdv/install/sdv_msgs/local/lib/python3.10/dist-packages/sdv_msgs/msg/_system_dynamics_s.c
[23.059s] -- Installing: /home/fectec151/Downloads/Projects/vanttec_sdv/install/sdv_msgs/local/lib/python3.10/dist-packages/sdv_msgs/msg/_encoder.py
[23.059s] -- Installing: /home/fectec151/Downloads/Projects/vanttec_sdv/install/sdv_msgs/local/lib/python3.10/dist-packages/sdv_msgs/msg/_thrust_control_s.c
[23.059s] -- Installing: /home/fectec151/Downloads/Projects/vanttec_sdv/install/sdv_msgs/local/lib/python3.10/dist-packages/sdv_msgs/msg/_throttle_msg_s.c
[23.060s] -- Installing: /home/fectec151/Downloads/Projects/vanttec_sdv/install/sdv_msgs/local/lib/python3.10/dist-packages/sdv_msgs/msg/_status.py
[23.060s] -- Installing: /home/fectec151/Downloads/Projects/vanttec_sdv/install/sdv_msgs/local/lib/python3.10/dist-packages/sdv_msgs/msg/_lane_invasion_event.py
[23.060s] -- Installing: /home/fectec151/Downloads/Projects/vanttec_sdv/install/sdv_msgs/local/lib/python3.10/dist-packages/sdv_msgs/msg/_vehicle_info_s.c
[23.060s] -- Installing: /home/fectec151/Downloads/Projects/vanttec_sdv/install/sdv_msgs/local/lib/python3.10/dist-packages/sdv_msgs/msg/_eta_pose.py
[23.060s] -- Installing: /home/fectec151/Downloads/Projects/vanttec_sdv/install/sdv_msgs/local/lib/python3.10/dist-packages/sdv_msgs/msg/_eta_pose_s.c
[23.060s] -- Installing: /home/fectec151/Downloads/Projects/vanttec_sdv/install/sdv_msgs/local/lib/python3.10/dist-packages/sdv_msgs/msg/_state.py
[23.061s] -- Installing: /home/fectec151/Downloads/Projects/vanttec_sdv/install/sdv_msgs/local/lib/python3.10/dist-packages/sdv_msgs/msg/_throttle_msg.py
[23.061s] -- Installing: /home/fectec151/Downloads/Projects/vanttec_sdv/install/sdv_msgs/local/lib/python3.10/dist-packages/sdv_msgs/msg/_encoder_s.c
[23.061s] -- Installing: /home/fectec151/Downloads/Projects/vanttec_sdv/install/sdv_msgs/local/lib/python3.10/dist-packages/sdv_msgs/msg/_xbox_msg.py
[23.061s] -- Installing: /home/fectec151/Downloads/Projects/vanttec_sdv/install/sdv_msgs/local/lib/python3.10/dist-packages/sdv_msgs/msg/_thrust_control.py
[23.061s] -- Installing: /home/fectec151/Downloads/Projects/vanttec_sdv/install/sdv_msgs/local/lib/python3.10/dist-packages/sdv_msgs/msg/_collision_event_s.c
[23.061s] -- Installing: /home/fectec151/Downloads/Projects/vanttec_sdv/install/sdv_msgs/local/lib/python3.10/dist-packages/sdv_msgs/msg/_system_dynamics.py
[23.061s] -- Installing: /home/fectec151/Downloads/Projects/vanttec_sdv/install/sdv_msgs/local/lib/python3.10/dist-packages/sdv_msgs/msg/_xbox_msg_s.c
[23.062s] -- Installing: /home/fectec151/Downloads/Projects/vanttec_sdv/install/sdv_msgs/local/lib/python3.10/dist-packages/sdv_msgs/msg/_state_s.c
[23.062s] -- Installing: /home/fectec151/Downloads/Projects/vanttec_sdv/install/sdv_msgs/local/lib/python3.10/dist-packages/sdv_msgs/msg/_vehicle_info_wheel_s.c
[23.062s] -- Installing: /home/fectec151/Downloads/Projects/vanttec_sdv/install/sdv_msgs/local/lib/python3.10/dist-packages/sdv_msgs/__init__.py
[23.062s] -- Installing: /home/fectec151/Downloads/Projects/vanttec_sdv/install/sdv_msgs/local/lib/python3.10/dist-packages/sdv_msgs/_sdv_msgs_s.ep.rosidl_typesupport_fastrtps_c.c
[23.062s] -- Installing: /home/fectec151/Downloads/Projects/vanttec_sdv/install/sdv_msgs/local/lib/python3.10/dist-packages/sdv_msgs/_sdv_msgs_s.ep.rosidl_typesupport_introspection_c.c
[23.062s] -- Installing: /home/fectec151/Downloads/Projects/vanttec_sdv/install/sdv_msgs/local/lib/python3.10/dist-packages/sdv_msgs/libsdv_msgs__rosidl_generator_py.so
[23.062s] -- Installing: /home/fectec151/Downloads/Projects/vanttec_sdv/install/sdv_msgs/local/lib/python3.10/dist-packages/sdv_msgs/sdv_msgs_s__rosidl_typesupport_fastrtps_c.cpython-310-x86_64-linux-gnu.so
[23.206s] Listing '/home/fectec151/Downloads/Projects/vanttec_sdv/install/sdv_msgs/local/lib/python3.10/dist-packages/sdv_msgs'...
[23.207s] Compiling '/home/fectec151/Downloads/Projects/vanttec_sdv/install/sdv_msgs/local/lib/python3.10/dist-packages/sdv_msgs/__init__.py'...
[23.207s] Listing '/home/fectec151/Downloads/Projects/vanttec_sdv/install/sdv_msgs/local/lib/python3.10/dist-packages/sdv_msgs/msg'...
[23.207s] Compiling '/home/fectec151/Downloads/Projects/vanttec_sdv/install/sdv_msgs/local/lib/python3.10/dist-packages/sdv_msgs/msg/__init__.py'...
[23.207s] Compiling '/home/fectec151/Downloads/Projects/vanttec_sdv/install/sdv_msgs/local/lib/python3.10/dist-packages/sdv_msgs/msg/_collision_event.py'...
[23.207s] Compiling '/home/fectec151/Downloads/Projects/vanttec_sdv/install/sdv_msgs/local/lib/python3.10/dist-packages/sdv_msgs/msg/_encoder.py'...
[23.208s] Compiling '/home/fectec151/Downloads/Projects/vanttec_sdv/install/sdv_msgs/local/lib/python3.10/dist-packages/sdv_msgs/msg/_eta_pose.py'...
[23.208s] Compiling '/home/fectec151/Downloads/Projects/vanttec_sdv/install/sdv_msgs/local/lib/python3.10/dist-packages/sdv_msgs/msg/_guidance_waypoints.py'...
[23.208s] Compiling '/home/fectec151/Downloads/Projects/vanttec_sdv/install/sdv_msgs/local/lib/python3.10/dist-packages/sdv_msgs/msg/_lane_invasion_event.py'...
[23.208s] Compiling '/home/fectec151/Downloads/Projects/vanttec_sdv/install/sdv_msgs/local/lib/python3.10/dist-packages/sdv_msgs/msg/_panel_msg.py'...
[23.208s] Compiling '/home/fectec151/Downloads/Projects/vanttec_sdv/install/sdv_msgs/local/lib/python3.10/dist-packages/sdv_msgs/msg/_state.py'...
[23.208s] Compiling '/home/fectec151/Downloads/Projects/vanttec_sdv/install/sdv_msgs/local/lib/python3.10/dist-packages/sdv_msgs/msg/_status.py'...
[23.208s] Compiling '/home/fectec151/Downloads/Projects/vanttec_sdv/install/sdv_msgs/local/lib/python3.10/dist-packages/sdv_msgs/msg/_system_dynamics.py'...
[23.208s] Compiling '/home/fectec151/Downloads/Projects/vanttec_sdv/install/sdv_msgs/local/lib/python3.10/dist-packages/sdv_msgs/msg/_throttle_msg.py'...
[23.208s] Compiling '/home/fectec151/Downloads/Projects/vanttec_sdv/install/sdv_msgs/local/lib/python3.10/dist-packages/sdv_msgs/msg/_thrust_control.py'...
[23.208s] Compiling '/home/fectec151/Downloads/Projects/vanttec_sdv/install/sdv_msgs/local/lib/python3.10/dist-packages/sdv_msgs/msg/_vehicle_control.py'...
[23.208s] Compiling '/home/fectec151/Downloads/Projects/vanttec_sdv/install/sdv_msgs/local/lib/python3.10/dist-packages/sdv_msgs/msg/_vehicle_info.py'...
[23.208s] Compiling '/home/fectec151/Downloads/Projects/vanttec_sdv/install/sdv_msgs/local/lib/python3.10/dist-packages/sdv_msgs/msg/_vehicle_info_wheel.py'...
[23.208s] Compiling '/home/fectec151/Downloads/Projects/vanttec_sdv/install/sdv_msgs/local/lib/python3.10/dist-packages/sdv_msgs/msg/_vehicle_status.py'...
[23.208s] Compiling '/home/fectec151/Downloads/Projects/vanttec_sdv/install/sdv_msgs/local/lib/python3.10/dist-packages/sdv_msgs/msg/_xbox_msg.py'...
[23.208s] Listing '/home/fectec151/Downloads/Projects/vanttec_sdv/install/sdv_msgs/local/lib/python3.10/dist-packages/sdv_msgs/srv'...
[23.208s] Compiling '/home/fectec151/Downloads/Projects/vanttec_sdv/install/sdv_msgs/local/lib/python3.10/dist-packages/sdv_msgs/srv/__init__.py'...
[23.208s] Compiling '/home/fectec151/Downloads/Projects/vanttec_sdv/install/sdv_msgs/local/lib/python3.10/dist-packages/sdv_msgs/srv/_uint8.py'...
[23.213s] -- Installing: /home/fectec151/Downloads/Projects/vanttec_sdv/install/sdv_msgs/local/lib/python3.10/dist-packages/sdv_msgs/sdv_msgs_s__rosidl_typesupport_fastrtps_c.cpython-310-x86_64-linux-gnu.so
[23.213s] -- Set runtime path of "/home/fectec151/Downloads/Projects/vanttec_sdv/install/sdv_msgs/local/lib/python3.10/dist-packages/sdv_msgs/sdv_msgs_s__rosidl_typesupport_fastrtps_c.cpython-310-x86_64-linux-gnu.so" to ""
[23.213s] -- Installing: /home/fectec151/Downloads/Projects/vanttec_sdv/install/sdv_msgs/local/lib/python3.10/dist-packages/sdv_msgs/sdv_msgs_s__rosidl_typesupport_introspection_c.cpython-310-x86_64-linux-gnu.so
[23.214s] -- Set runtime path of "/home/fectec151/Downloads/Projects/vanttec_sdv/install/sdv_msgs/local/lib/python3.10/dist-packages/sdv_msgs/sdv_msgs_s__rosidl_typesupport_introspection_c.cpython-310-x86_64-linux-gnu.so" to ""
[23.214s] -- Installing: /home/fectec151/Downloads/Projects/vanttec_sdv/install/sdv_msgs/local/lib/python3.10/dist-packages/sdv_msgs/sdv_msgs_s__rosidl_typesupport_c.cpython-310-x86_64-linux-gnu.so
[23.214s] -- Set runtime path of "/home/fectec151/Downloads/Projects/vanttec_sdv/install/sdv_msgs/local/lib/python3.10/dist-packages/sdv_msgs/sdv_msgs_s__rosidl_typesupport_c.cpython-310-x86_64-linux-gnu.so" to ""
[23.214s] -- Installing: /home/fectec151/Downloads/Projects/vanttec_sdv/install/sdv_msgs/lib/libsdv_msgs__rosidl_generator_py.so
[23.215s] -- Set runtime path of "/home/fectec151/Downloads/Projects/vanttec_sdv/install/sdv_msgs/lib/libsdv_msgs__rosidl_generator_py.so" to ""
[23.215s] -- Installing: /home/fectec151/Downloads/Projects/vanttec_sdv/install/sdv_msgs/share/sdv_msgs/msg/State.idl
[23.215s] -- Installing: /home/fectec151/Downloads/Projects/vanttec_sdv/install/sdv_msgs/share/sdv_msgs/msg/PanelMsg.idl
[23.215s] -- Installing: /home/fectec151/Downloads/Projects/vanttec_sdv/install/sdv_msgs/share/sdv_msgs/msg/XboxMsg.idl
[23.215s] -- Installing: /home/fectec151/Downloads/Projects/vanttec_sdv/install/sdv_msgs/share/sdv_msgs/msg/ThrottleMsg.idl
[23.216s] -- Installing: /home/fectec151/Downloads/Projects/vanttec_sdv/install/sdv_msgs/share/sdv_msgs/msg/CollisionEvent.idl
[23.216s] -- Installing: /home/fectec151/Downloads/Projects/vanttec_sdv/install/sdv_msgs/share/sdv_msgs/msg/LaneInvasionEvent.idl
[23.216s] -- Installing: /home/fectec151/Downloads/Projects/vanttec_sdv/install/sdv_msgs/share/sdv_msgs/msg/Status.idl
[23.216s] -- Installing: /home/fectec151/Downloads/Projects/vanttec_sdv/install/sdv_msgs/share/sdv_msgs/msg/VehicleControl.idl
[23.216s] -- Installing: /home/fectec151/Downloads/Projects/vanttec_sdv/install/sdv_msgs/share/sdv_msgs/msg/VehicleInfo.idl
[23.217s] -- Installing: /home/fectec151/Downloads/Projects/vanttec_sdv/install/sdv_msgs/share/sdv_msgs/msg/VehicleStatus.idl
[23.217s] -- Installing: /home/fectec151/Downloads/Projects/vanttec_sdv/install/sdv_msgs/share/sdv_msgs/msg/VehicleInfoWheel.idl
[23.217s] -- Installing: /home/fectec151/Downloads/Projects/vanttec_sdv/install/sdv_msgs/share/sdv_msgs/msg/GuidanceWaypoints.idl
[23.217s] -- Installing: /home/fectec151/Downloads/Projects/vanttec_sdv/install/sdv_msgs/share/sdv_msgs/msg/EtaPose.idl
[23.217s] -- Installing: /home/fectec151/Downloads/Projects/vanttec_sdv/install/sdv_msgs/share/sdv_msgs/msg/SystemDynamics.idl
[23.217s] -- Installing: /home/fectec151/Downloads/Projects/vanttec_sdv/install/sdv_msgs/share/sdv_msgs/msg/ThrustControl.idl
[23.218s] -- Installing: /home/fectec151/Downloads/Projects/vanttec_sdv/install/sdv_msgs/share/sdv_msgs/msg/Encoder.idl
[23.218s] -- Installing: /home/fectec151/Downloads/Projects/vanttec_sdv/install/sdv_msgs/share/sdv_msgs/srv/Uint8.idl
[23.218s] -- Installing: /home/fectec151/Downloads/Projects/vanttec_sdv/install/sdv_msgs/share/sdv_msgs/msg/State.msg
[23.218s] -- Installing: /home/fectec151/Downloads/Projects/vanttec_sdv/install/sdv_msgs/share/sdv_msgs/msg/PanelMsg.msg
[23.218s] -- Installing: /home/fectec151/Downloads/Projects/vanttec_sdv/install/sdv_msgs/share/sdv_msgs/msg/XboxMsg.msg
[23.219s] -- Installing: /home/fectec151/Downloads/Projects/vanttec_sdv/install/sdv_msgs/share/sdv_msgs/msg/ThrottleMsg.msg
[23.219s] -- Installing: /home/fectec151/Downloads/Projects/vanttec_sdv/install/sdv_msgs/share/sdv_msgs/msg/CollisionEvent.msg
[23.219s] -- Installing: /home/fectec151/Downloads/Projects/vanttec_sdv/install/sdv_msgs/share/sdv_msgs/msg/LaneInvasionEvent.msg
[23.219s] -- Installing: /home/fectec151/Downloads/Projects/vanttec_sdv/install/sdv_msgs/share/sdv_msgs/msg/Status.msg
[23.219s] -- Installing: /home/fectec151/Downloads/Projects/vanttec_sdv/install/sdv_msgs/share/sdv_msgs/msg/VehicleControl.msg
[23.219s] -- Installing: /home/fectec151/Downloads/Projects/vanttec_sdv/install/sdv_msgs/share/sdv_msgs/msg/VehicleInfo.msg
[23.220s] -- Installing: /home/fectec151/Downloads/Projects/vanttec_sdv/install/sdv_msgs/share/sdv_msgs/msg/VehicleStatus.msg
[23.220s] -- Installing: /home/fectec151/Downloads/Projects/vanttec_sdv/install/sdv_msgs/share/sdv_msgs/msg/VehicleInfoWheel.msg
[23.220s] -- Installing: /home/fectec151/Downloads/Projects/vanttec_sdv/install/sdv_msgs/share/sdv_msgs/msg/GuidanceWaypoints.msg
[23.220s] -- Installing: /home/fectec151/Downloads/Projects/vanttec_sdv/install/sdv_msgs/share/sdv_msgs/msg/EtaPose.msg
[23.220s] -- Installing: /home/fectec151/Downloads/Projects/vanttec_sdv/install/sdv_msgs/share/sdv_msgs/msg/SystemDynamics.msg
[23.220s] -- Installing: /home/fectec151/Downloads/Projects/vanttec_sdv/install/sdv_msgs/share/sdv_msgs/msg/ThrustControl.msg
[23.221s] -- Installing: /home/fectec151/Downloads/Projects/vanttec_sdv/install/sdv_msgs/share/sdv_msgs/msg/Encoder.msg
[23.221s] -- Installing: /home/fectec151/Downloads/Projects/vanttec_sdv/install/sdv_msgs/share/sdv_msgs/srv/Uint8.srv
[23.221s] -- Installing: /home/fectec151/Downloads/Projects/vanttec_sdv/install/sdv_msgs/share/sdv_msgs/srv/Uint8_Request.msg
[23.221s] -- Installing: /home/fectec151/Downloads/Projects/vanttec_sdv/install/sdv_msgs/share/sdv_msgs/srv/Uint8_Response.msg
[23.221s] -- Installing: /home/fectec151/Downloads/Projects/vanttec_sdv/install/sdv_msgs/share/ament_index/resource_index/package_run_dependencies/sdv_msgs
[23.221s] -- Installing: /home/fectec151/Downloads/Projects/vanttec_sdv/install/sdv_msgs/share/ament_index/resource_index/parent_prefix_path/sdv_msgs
[23.222s] -- Installing: /home/fectec151/Downloads/Projects/vanttec_sdv/install/sdv_msgs/share/sdv_msgs/environment/ament_prefix_path.sh
[23.222s] -- Installing: /home/fectec151/Downloads/Projects/vanttec_sdv/install/sdv_msgs/share/sdv_msgs/environment/ament_prefix_path.dsv
[23.222s] -- Installing: /home/fectec151/Downloads/Projects/vanttec_sdv/install/sdv_msgs/share/sdv_msgs/environment/path.sh
[23.222s] -- Installing: /home/fectec151/Downloads/Projects/vanttec_sdv/install/sdv_msgs/share/sdv_msgs/environment/path.dsv
[23.222s] -- Installing: /home/fectec151/Downloads/Projects/vanttec_sdv/install/sdv_msgs/share/sdv_msgs/local_setup.bash
[23.223s] -- Installing: /home/fectec151/Downloads/Projects/vanttec_sdv/install/sdv_msgs/share/sdv_msgs/local_setup.sh
[23.223s] -- Installing: /home/fectec151/Downloads/Projects/vanttec_sdv/install/sdv_msgs/share/sdv_msgs/local_setup.zsh
[23.223s] -- Installing: /home/fectec151/Downloads/Projects/vanttec_sdv/install/sdv_msgs/share/sdv_msgs/local_setup.dsv
[23.223s] -- Installing: /home/fectec151/Downloads/Projects/vanttec_sdv/install/sdv_msgs/share/sdv_msgs/package.dsv
[23.223s] -- Installing: /home/fectec151/Downloads/Projects/vanttec_sdv/install/sdv_msgs/share/ament_index/resource_index/packages/sdv_msgs
[23.223s] -- Installing: /home/fectec151/Downloads/Projects/vanttec_sdv/install/sdv_msgs/share/sdv_msgs/cmake/export_sdv_msgs__rosidl_generator_cExport.cmake
[23.223s] -- Installing: /home/fectec151/Downloads/Projects/vanttec_sdv/install/sdv_msgs/share/sdv_msgs/cmake/export_sdv_msgs__rosidl_generator_cExport-noconfig.cmake
[23.224s] -- Installing: /home/fectec151/Downloads/Projects/vanttec_sdv/install/sdv_msgs/share/sdv_msgs/cmake/export_sdv_msgs__rosidl_typesupport_fastrtps_cExport.cmake
[23.224s] -- Installing: /home/fectec151/Downloads/Projects/vanttec_sdv/install/sdv_msgs/share/sdv_msgs/cmake/export_sdv_msgs__rosidl_typesupport_fastrtps_cExport-noconfig.cmake
[23.224s] -- Installing: /home/fectec151/Downloads/Projects/vanttec_sdv/install/sdv_msgs/share/sdv_msgs/cmake/sdv_msgs__rosidl_typesupport_introspection_cExport.cmake
[23.224s] -- Installing: /home/fectec151/Downloads/Projects/vanttec_sdv/install/sdv_msgs/share/sdv_msgs/cmake/sdv_msgs__rosidl_typesupport_introspection_cExport-noconfig.cmake
[23.224s] -- Installing: /home/fectec151/Downloads/Projects/vanttec_sdv/install/sdv_msgs/share/sdv_msgs/cmake/sdv_msgs__rosidl_typesupport_cExport.cmake
[23.225s] -- Installing: /home/fectec151/Downloads/Projects/vanttec_sdv/install/sdv_msgs/share/sdv_msgs/cmake/sdv_msgs__rosidl_typesupport_cExport-noconfig.cmake
[23.225s] -- Installing: /home/fectec151/Downloads/Projects/vanttec_sdv/install/sdv_msgs/share/sdv_msgs/cmake/export_sdv_msgs__rosidl_generator_cppExport.cmake
[23.225s] -- Installing: /home/fectec151/Downloads/Projects/vanttec_sdv/install/sdv_msgs/share/sdv_msgs/cmake/export_sdv_msgs__rosidl_typesupport_fastrtps_cppExport.cmake
[23.225s] -- Installing: /home/fectec151/Downloads/Projects/vanttec_sdv/install/sdv_msgs/share/sdv_msgs/cmake/export_sdv_msgs__rosidl_typesupport_fastrtps_cppExport-noconfig.cmake
[23.225s] -- Installing: /home/fectec151/Downloads/Projects/vanttec_sdv/install/sdv_msgs/share/sdv_msgs/cmake/sdv_msgs__rosidl_typesupport_introspection_cppExport.cmake
[23.225s] -- Installing: /home/fectec151/Downloads/Projects/vanttec_sdv/install/sdv_msgs/share/sdv_msgs/cmake/sdv_msgs__rosidl_typesupport_introspection_cppExport-noconfig.cmake
[23.226s] -- Installing: /home/fectec151/Downloads/Projects/vanttec_sdv/install/sdv_msgs/share/sdv_msgs/cmake/sdv_msgs__rosidl_typesupport_cppExport.cmake
[23.226s] -- Installing: /home/fectec151/Downloads/Projects/vanttec_sdv/install/sdv_msgs/share/sdv_msgs/cmake/sdv_msgs__rosidl_typesupport_cppExport-noconfig.cmake
[23.226s] -- Installing: /home/fectec151/Downloads/Projects/vanttec_sdv/install/sdv_msgs/share/sdv_msgs/cmake/export_sdv_msgs__rosidl_generator_pyExport.cmake
[23.226s] -- Installing: /home/fectec151/Downloads/Projects/vanttec_sdv/install/sdv_msgs/share/sdv_msgs/cmake/export_sdv_msgs__rosidl_generator_pyExport-noconfig.cmake
[23.226s] -- Installing: /home/fectec151/Downloads/Projects/vanttec_sdv/install/sdv_msgs/share/sdv_msgs/cmake/rosidl_cmake-extras.cmake
[23.227s] -- Installing: /home/fectec151/Downloads/Projects/vanttec_sdv/install/sdv_msgs/share/sdv_msgs/cmake/ament_cmake_export_dependencies-extras.cmake
[23.227s] -- Installing: /home/fectec151/Downloads/Projects/vanttec_sdv/install/sdv_msgs/share/sdv_msgs/cmake/ament_cmake_export_include_directories-extras.cmake
[23.227s] -- Installing: /home/fectec151/Downloads/Projects/vanttec_sdv/install/sdv_msgs/share/sdv_msgs/cmake/ament_cmake_export_libraries-extras.cmake
[23.227s] -- Installing: /home/fectec151/Downloads/Projects/vanttec_sdv/install/sdv_msgs/share/sdv_msgs/cmake/ament_cmake_export_targets-extras.cmake
[23.227s] -- Installing: /home/fectec151/Downloads/Projects/vanttec_sdv/install/sdv_msgs/share/sdv_msgs/cmake/rosidl_cmake_export_typesupport_targets-extras.cmake
[23.227s] -- Installing: /home/fectec151/Downloads/Projects/vanttec_sdv/install/sdv_msgs/share/sdv_msgs/cmake/rosidl_cmake_export_typesupport_libraries-extras.cmake
[23.227s] -- Installing: /home/fectec151/Downloads/Projects/vanttec_sdv/install/sdv_msgs/share/sdv_msgs/cmake/sdv_msgsConfig.cmake
[23.227s] -- Installing: /home/fectec151/Downloads/Projects/vanttec_sdv/install/sdv_msgs/share/sdv_msgs/cmake/sdv_msgsConfig-version.cmake
[23.227s] -- Installing: /home/fectec151/Downloads/Projects/vanttec_sdv/install/sdv_msgs/share/sdv_msgs/package.xml
[23.229s] Invoked command in '/home/fectec151/Downloads/Projects/vanttec_sdv/build/sdv_msgs' returned '0': CMAKE_PREFIX_PATH=/opt/ros/humble /usr/bin/cmake --install /home/fectec151/Downloads/Projects/vanttec_sdv/build/sdv_msgs
