[0.000000] (-) TimerEvent: {}
[0.000481] (-) JobUnselected: {'identifier': 'isaac_ros_apriltag_interfaces'}
[0.000693] (-) JobUnselected: {'identifier': 'isaac_ros_bi3d_interfaces'}
[0.000816] (-) JobUnselected: {'identifier': 'isaac_ros_common'}
[0.000876] (-) JobUnselected: {'identifier': 'isaac_ros_nitros_bridge_interfaces'}
[0.000910] (-) JobUnselected: {'identifier': 'isaac_ros_nova_interfaces'}
[0.000974] (-) JobUnselected: {'identifier': 'isaac_ros_pointcloud_interfaces'}
[0.000994] (-) JobUnselected: {'identifier': 'isaac_ros_tensor_list_interfaces'}
[0.001031] (-) JobUnselected: {'identifier': 'isaac_ros_test'}
[0.001050] (-) JobUnselected: {'identifier': 'lidar3d_clustering'}
[0.001068] (-) JobUnselected: {'identifier': 'my_camera_node'}
[0.001173] (-) JobUnselected: {'identifier': 'ros_compatibility'}
[0.001193] (-) JobUnselected: {'identifier': 'sbg_driver'}
[0.001218] (-) JobUnselected: {'identifier': 'sdv_control'}
[0.001248] (-) JobUnselected: {'identifier': 'sdv_description'}
[0.001266] (-) JobUnselected: {'identifier': 'sdv_launch'}
[0.001284] (-) JobUnselected: {'identifier': 'sdv_lidar_processing'}
[0.001361] (-) JobUnselected: {'identifier': 'sdv_localization'}
[0.001381] (-) JobUnselected: {'identifier': 'sdv_manual_control'}
[0.001413] (-) JobUnselected: {'identifier': 'sdv_robot_description'}
[0.001438] (-) JobUnselected: {'identifier': 'vectornav'}
[0.001510] (-) JobUnselected: {'identifier': 'voxel_grid_filter'}
[0.001575] (sdv_msgs) JobQueued: {'identifier': 'sdv_msgs', 'dependencies': OrderedDict()}
[0.001598] (vectornav_msgs) JobQueued: {'identifier': 'vectornav_msgs', 'dependencies': OrderedDict()}
[0.001618] (sdv_can) JobQueued: {'identifier': 'sdv_can', 'dependencies': OrderedDict([('sdv_msgs', '/home/fcanof/vanttec_sdv/install/sdv_msgs'), ('vectornav_msgs', '/home/fcanof/vanttec_sdv/install/vectornav_msgs')])}
[0.001656] (sdv_msgs) JobStarted: {'identifier': 'sdv_msgs'}
[0.061606] (vectornav_msgs) JobStarted: {'identifier': 'vectornav_msgs'}
[0.100004] (-) TimerEvent: {}
[0.120998] (sdv_msgs) JobProgress: {'identifier': 'sdv_msgs', 'progress': 'cmake'}
[0.121570] (sdv_msgs) JobProgress: {'identifier': 'sdv_msgs', 'progress': 'build'}
[0.122198] (sdv_msgs) Command: {'cmd': ['/usr/bin/cmake', '--build', '/home/fcanof/vanttec_sdv/build/sdv_msgs', '--', '-j12', '-l12'], 'cwd': '/home/fcanof/vanttec_sdv/build/sdv_msgs', 'env': OrderedDict([('GJS_DEBUG_TOPICS', 'JS ERROR;JS LOG'), ('LESSOPEN', '| /usr/bin/lesspipe %s'), ('USER', 'fcanof'), ('LC_TIME', 'es_MX.UTF-8'), ('GIO_MODULE_DIR', '/home/fcanof/snap/code/common/.cache/gio-modules'), ('XDG_SESSION_TYPE', 'x11'), ('GIT_ASKPASS', '/snap/code/154/usr/share/code/resources/app/extensions/git/dist/askpass.sh'), ('GTK_EXE_PREFIX_VSCODE_SNAP_ORIG', ''), ('GDK_BACKEND_VSCODE_SNAP_ORIG', ''), ('SHLVL', '1'), ('LD_LIBRARY_PATH', '/opt/ros/humble/opt/rviz_ogre_vendor/lib:/opt/ros/humble/lib/x86_64-linux-gnu:/opt/ros/humble/lib'), ('HOME', '/home/fcanof'), ('CHROME_DESKTOP', 'code-url-handler.desktop'), ('LOCPATH_VSCODE_SNAP_ORIG', ''), ('TERM_PROGRAM_VERSION', '1.87.1'), ('DESKTOP_SESSION', 'ubuntu'), ('GTK_PATH', '/snap/code/154/usr/lib/x86_64-linux-gnu/gtk-3.0'), ('GTK_IM_MODULE_FILE', '/home/fcanof/snap/code/common/.cache/immodules/immodules.cache'), ('GIO_LAUNCHED_DESKTOP_FILE', '/var/lib/snapd/desktop/applications/code_code.desktop'), ('ROS_PYTHON_VERSION', '3'), ('GNOME_SHELL_SESSION_MODE', 'ubuntu'), ('GTK_MODULES', 'gail:atk-bridge'), ('GSETTINGS_SCHEMA_DIR_VSCODE_SNAP_ORIG', ''), ('VSCODE_GIT_ASKPASS_MAIN', '/snap/code/154/usr/share/code/resources/app/extensions/git/dist/askpass-main.js'), ('LC_MONETARY', 'es_MX.UTF-8'), ('VSCODE_GIT_ASKPASS_NODE', '/snap/code/154/usr/share/code/code'), ('MANAGERPID', '2223'), ('SYSTEMD_EXEC_PID', '2758'), ('DBUS_SESSION_BUS_ADDRESS', 'unix:path=/run/user/1000/bus'), ('COLORTERM', 'truecolor'), ('GIO_LAUNCHED_DESKTOP_FILE_PID', '50274'), ('ROS_DISTRO', 'humble'), ('GTK_IM_MODULE', 'ibus'), ('LOGNAME', 'fcanof'), ('JOURNAL_STREAM', '8:41161'), ('_', '/usr/bin/colcon'), ('ROS_VERSION', '2'), ('XDG_CONFIG_DIRS_VSCODE_SNAP_ORIG', '/etc/xdg/xdg-ubuntu:/etc/xdg'), ('XDG_SESSION_CLASS', 'user'), ('XDG_DATA_DIRS_VSCODE_SNAP_ORIG', '/usr/share/ubuntu:/usr/share/gnome:/usr/local/share/:/usr/share/:/var/lib/snapd/desktop'), ('USERNAME', 'fcanof'), ('TERM', 'xterm-256color'), ('GNOME_DESKTOP_SESSION_ID', 'this-is-deprecated'), ('ROS_LOCALHOST_ONLY', '1'), ('WINDOWPATH', '2'), ('PATH', '/home/fcanof/.local/bin:/opt/ros/humble/bin:/home/fcanof/.local/bin:/usr/local/sbin:/usr/local/bin:/usr/sbin:/usr/bin:/sbin:/bin:/usr/games:/usr/local/games:/snap/bin:/snap/bin'), ('SESSION_MANAGER', 'local/fcanof:@/tmp/.ICE-unix/2736,unix/fcanof:/tmp/.ICE-unix/2736'), ('GTK_EXE_PREFIX', '/snap/code/154/usr'), ('INVOCATION_ID', '4c90a3b36feb4d8c9cb26423b3ecfd5d'), ('XDG_MENU_PREFIX', 'gnome-'), ('LC_ADDRESS', 'es_MX.UTF-8'), ('BAMF_DESKTOP_FILE_HINT', '/var/lib/snapd/desktop/applications/code_code.desktop'), ('XDG_RUNTIME_DIR', '/run/user/1000'), ('GDK_BACKEND', 'x11'), ('DISPLAY', ':1'), ('LOCPATH', '/snap/code/154/usr/lib/locale'), ('LANG', 'en_US.UTF-8'), ('XDG_CURRENT_DESKTOP', 'Unity'), ('LC_TELEPHONE', 'es_MX.UTF-8'), ('GIO_MODULE_DIR_VSCODE_SNAP_ORIG', ''), ('XMODIFIERS', '@im=ibus'), ('XDG_SESSION_DESKTOP', 'ubuntu'), ('XAUTHORITY', '/run/user/1000/gdm/Xauthority'), ('LS_COLORS', 'rs=0:di=01;34:ln=01;36:mh=00:pi=40;33:so=01;35:do=01;35:bd=40;33;01:cd=40;33;01:or=40;31;01:mi=00:su=37;41:sg=30;43:ca=30;41:tw=30;42:ow=34;42:st=37;44:ex=01;32:*.tar=01;31:*.tgz=01;31:*.arc=01;31:*.arj=01;31:*.taz=01;31:*.lha=01;31:*.lz4=01;31:*.lzh=01;31:*.lzma=01;31:*.tlz=01;31:*.txz=01;31:*.tzo=01;31:*.t7z=01;31:*.zip=01;31:*.z=01;31:*.dz=01;31:*.gz=01;31:*.lrz=01;31:*.lz=01;31:*.lzo=01;31:*.xz=01;31:*.zst=01;31:*.tzst=01;31:*.bz2=01;31:*.bz=01;31:*.tbz=01;31:*.tbz2=01;31:*.tz=01;31:*.deb=01;31:*.rpm=01;31:*.jar=01;31:*.war=01;31:*.ear=01;31:*.sar=01;31:*.rar=01;31:*.alz=01;31:*.ace=01;31:*.zoo=01;31:*.cpio=01;31:*.7z=01;31:*.rz=01;31:*.cab=01;31:*.wim=01;31:*.swm=01;31:*.dwm=01;31:*.esd=01;31:*.jpg=01;35:*.jpeg=01;35:*.mjpg=01;35:*.mjpeg=01;35:*.gif=01;35:*.bmp=01;35:*.pbm=01;35:*.pgm=01;35:*.ppm=01;35:*.tga=01;35:*.xbm=01;35:*.xpm=01;35:*.tif=01;35:*.tiff=01;35:*.png=01;35:*.svg=01;35:*.svgz=01;35:*.mng=01;35:*.pcx=01;35:*.mov=01;35:*.mpg=01;35:*.mpeg=01;35:*.m2v=01;35:*.mkv=01;35:*.webm=01;35:*.webp=01;35:*.ogm=01;35:*.mp4=01;35:*.m4v=01;35:*.mp4v=01;35:*.vob=01;35:*.qt=01;35:*.nuv=01;35:*.wmv=01;35:*.asf=01;35:*.rm=01;35:*.rmvb=01;35:*.flc=01;35:*.avi=01;35:*.fli=01;35:*.flv=01;35:*.gl=01;35:*.dl=01;35:*.xcf=01;35:*.xwd=01;35:*.yuv=01;35:*.cgm=01;35:*.emf=01;35:*.ogv=01;35:*.ogx=01;35:*.aac=00;36:*.au=00;36:*.flac=00;36:*.m4a=00;36:*.mid=00;36:*.midi=00;36:*.mka=00;36:*.mp3=00;36:*.mpc=00;36:*.ogg=00;36:*.ra=00;36:*.wav=00;36:*.oga=00;36:*.opus=00;36:*.spx=00;36:*.xspf=00;36:'), ('VSCODE_GIT_IPC_HANDLE', '/run/user/1000/vscode-git-676dc8d9e0.sock'), ('TERM_PROGRAM', 'vscode'), ('SSH_AGENT_LAUNCHER', 'gnome-keyring'), ('SSH_AUTH_SOCK', '/run/user/1000/keyring/ssh'), ('GSETTINGS_SCHEMA_DIR', '/home/fcanof/snap/code/154/.local/share/glib-2.0/schemas'), ('ROS_DOMAIN_ID', '8'), ('AMENT_PREFIX_PATH', '/opt/ros/humble'), ('ORIGINAL_XDG_CURRENT_DESKTOP', 'ubuntu:GNOME'), ('SHELL', '/bin/bash'), ('LC_NAME', 'es_MX.UTF-8'), ('QT_ACCESSIBILITY', '1'), ('GDMSESSION', 'ubuntu'), ('LESSCLOSE', '/usr/bin/lesspipe %s %s'), ('GTK_PATH_VSCODE_SNAP_ORIG', ''), ('GTK_IM_MODULE_FILE_VSCODE_SNAP_ORIG', ''), ('LC_MEASUREMENT', 'es_MX.UTF-8'), ('GPG_AGENT_INFO', '/run/user/1000/gnupg/S.gpg-agent:0:1'), ('GJS_DEBUG_OUTPUT', 'stderr'), ('LC_IDENTIFICATION', 'es_MX.UTF-8'), ('VSCODE_GIT_ASKPASS_EXTRA_ARGS', ''), ('QT_IM_MODULE', 'ibus'), ('PWD', '/home/fcanof/vanttec_sdv/build/sdv_msgs'), ('LC_ALL', 'en_US.UTF-8'), ('XDG_CONFIG_DIRS', '/etc/xdg/xdg-ubuntu:/etc/xdg'), ('XDG_DATA_DIRS', '/home/fcanof/snap/code/154/.local/share:/home/fcanof/snap/code/154:/snap/code/154/usr/share:/usr/share/ubuntu:/usr/share/gnome:/usr/local/share/:/usr/share/:/var/lib/snapd/desktop'), ('PYTHONPATH', '/opt/ros/humble/lib/python3.10/site-packages:/opt/ros/humble/local/lib/python3.10/dist-packages'), ('LC_NUMERIC', 'es_MX.UTF-8'), ('LC_PAPER', 'es_MX.UTF-8'), ('COLCON', '1'), ('CMAKE_PREFIX_PATH', '/opt/ros/humble')]), 'shell': False}
[0.125740] (vectornav_msgs) JobProgress: {'identifier': 'vectornav_msgs', 'progress': 'cmake'}
[0.126290] (vectornav_msgs) JobProgress: {'identifier': 'vectornav_msgs', 'progress': 'build'}
[0.126649] (vectornav_msgs) Command: {'cmd': ['/usr/bin/cmake', '--build', '/home/fcanof/vanttec_sdv/build/vectornav_msgs', '--', '-j12', '-l12'], 'cwd': '/home/fcanof/vanttec_sdv/build/vectornav_msgs', 'env': OrderedDict([('GJS_DEBUG_TOPICS', 'JS ERROR;JS LOG'), ('LESSOPEN', '| /usr/bin/lesspipe %s'), ('USER', 'fcanof'), ('LC_TIME', 'es_MX.UTF-8'), ('GIO_MODULE_DIR', '/home/fcanof/snap/code/common/.cache/gio-modules'), ('XDG_SESSION_TYPE', 'x11'), ('GIT_ASKPASS', '/snap/code/154/usr/share/code/resources/app/extensions/git/dist/askpass.sh'), ('GTK_EXE_PREFIX_VSCODE_SNAP_ORIG', ''), ('GDK_BACKEND_VSCODE_SNAP_ORIG', ''), ('SHLVL', '1'), ('LD_LIBRARY_PATH', '/opt/ros/humble/opt/rviz_ogre_vendor/lib:/opt/ros/humble/lib/x86_64-linux-gnu:/opt/ros/humble/lib'), ('HOME', '/home/fcanof'), ('CHROME_DESKTOP', 'code-url-handler.desktop'), ('LOCPATH_VSCODE_SNAP_ORIG', ''), ('TERM_PROGRAM_VERSION', '1.87.1'), ('DESKTOP_SESSION', 'ubuntu'), ('GTK_PATH', '/snap/code/154/usr/lib/x86_64-linux-gnu/gtk-3.0'), ('GTK_IM_MODULE_FILE', '/home/fcanof/snap/code/common/.cache/immodules/immodules.cache'), ('GIO_LAUNCHED_DESKTOP_FILE', '/var/lib/snapd/desktop/applications/code_code.desktop'), ('ROS_PYTHON_VERSION', '3'), ('GNOME_SHELL_SESSION_MODE', 'ubuntu'), ('GTK_MODULES', 'gail:atk-bridge'), ('GSETTINGS_SCHEMA_DIR_VSCODE_SNAP_ORIG', ''), ('VSCODE_GIT_ASKPASS_MAIN', '/snap/code/154/usr/share/code/resources/app/extensions/git/dist/askpass-main.js'), ('LC_MONETARY', 'es_MX.UTF-8'), ('VSCODE_GIT_ASKPASS_NODE', '/snap/code/154/usr/share/code/code'), ('MANAGERPID', '2223'), ('SYSTEMD_EXEC_PID', '2758'), ('DBUS_SESSION_BUS_ADDRESS', 'unix:path=/run/user/1000/bus'), ('COLORTERM', 'truecolor'), ('GIO_LAUNCHED_DESKTOP_FILE_PID', '50274'), ('ROS_DISTRO', 'humble'), ('GTK_IM_MODULE', 'ibus'), ('LOGNAME', 'fcanof'), ('JOURNAL_STREAM', '8:41161'), ('_', '/usr/bin/colcon'), ('ROS_VERSION', '2'), ('XDG_CONFIG_DIRS_VSCODE_SNAP_ORIG', '/etc/xdg/xdg-ubuntu:/etc/xdg'), ('XDG_SESSION_CLASS', 'user'), ('XDG_DATA_DIRS_VSCODE_SNAP_ORIG', '/usr/share/ubuntu:/usr/share/gnome:/usr/local/share/:/usr/share/:/var/lib/snapd/desktop'), ('USERNAME', 'fcanof'), ('TERM', 'xterm-256color'), ('GNOME_DESKTOP_SESSION_ID', 'this-is-deprecated'), ('ROS_LOCALHOST_ONLY', '1'), ('WINDOWPATH', '2'), ('PATH', '/home/fcanof/.local/bin:/opt/ros/humble/bin:/home/fcanof/.local/bin:/usr/local/sbin:/usr/local/bin:/usr/sbin:/usr/bin:/sbin:/bin:/usr/games:/usr/local/games:/snap/bin:/snap/bin'), ('SESSION_MANAGER', 'local/fcanof:@/tmp/.ICE-unix/2736,unix/fcanof:/tmp/.ICE-unix/2736'), ('GTK_EXE_PREFIX', '/snap/code/154/usr'), ('INVOCATION_ID', '4c90a3b36feb4d8c9cb26423b3ecfd5d'), ('XDG_MENU_PREFIX', 'gnome-'), ('LC_ADDRESS', 'es_MX.UTF-8'), ('BAMF_DESKTOP_FILE_HINT', '/var/lib/snapd/desktop/applications/code_code.desktop'), ('XDG_RUNTIME_DIR', '/run/user/1000'), ('GDK_BACKEND', 'x11'), ('DISPLAY', ':1'), ('LOCPATH', '/snap/code/154/usr/lib/locale'), ('LANG', 'en_US.UTF-8'), ('XDG_CURRENT_DESKTOP', 'Unity'), ('LC_TELEPHONE', 'es_MX.UTF-8'), ('GIO_MODULE_DIR_VSCODE_SNAP_ORIG', ''), ('XMODIFIERS', '@im=ibus'), ('XDG_SESSION_DESKTOP', 'ubuntu'), ('XAUTHORITY', '/run/user/1000/gdm/Xauthority'), ('LS_COLORS', 'rs=0:di=01;34:ln=01;36:mh=00:pi=40;33:so=01;35:do=01;35:bd=40;33;01:cd=40;33;01:or=40;31;01:mi=00:su=37;41:sg=30;43:ca=30;41:tw=30;42:ow=34;42:st=37;44:ex=01;32:*.tar=01;31:*.tgz=01;31:*.arc=01;31:*.arj=01;31:*.taz=01;31:*.lha=01;31:*.lz4=01;31:*.lzh=01;31:*.lzma=01;31:*.tlz=01;31:*.txz=01;31:*.tzo=01;31:*.t7z=01;31:*.zip=01;31:*.z=01;31:*.dz=01;31:*.gz=01;31:*.lrz=01;31:*.lz=01;31:*.lzo=01;31:*.xz=01;31:*.zst=01;31:*.tzst=01;31:*.bz2=01;31:*.bz=01;31:*.tbz=01;31:*.tbz2=01;31:*.tz=01;31:*.deb=01;31:*.rpm=01;31:*.jar=01;31:*.war=01;31:*.ear=01;31:*.sar=01;31:*.rar=01;31:*.alz=01;31:*.ace=01;31:*.zoo=01;31:*.cpio=01;31:*.7z=01;31:*.rz=01;31:*.cab=01;31:*.wim=01;31:*.swm=01;31:*.dwm=01;31:*.esd=01;31:*.jpg=01;35:*.jpeg=01;35:*.mjpg=01;35:*.mjpeg=01;35:*.gif=01;35:*.bmp=01;35:*.pbm=01;35:*.pgm=01;35:*.ppm=01;35:*.tga=01;35:*.xbm=01;35:*.xpm=01;35:*.tif=01;35:*.tiff=01;35:*.png=01;35:*.svg=01;35:*.svgz=01;35:*.mng=01;35:*.pcx=01;35:*.mov=01;35:*.mpg=01;35:*.mpeg=01;35:*.m2v=01;35:*.mkv=01;35:*.webm=01;35:*.webp=01;35:*.ogm=01;35:*.mp4=01;35:*.m4v=01;35:*.mp4v=01;35:*.vob=01;35:*.qt=01;35:*.nuv=01;35:*.wmv=01;35:*.asf=01;35:*.rm=01;35:*.rmvb=01;35:*.flc=01;35:*.avi=01;35:*.fli=01;35:*.flv=01;35:*.gl=01;35:*.dl=01;35:*.xcf=01;35:*.xwd=01;35:*.yuv=01;35:*.cgm=01;35:*.emf=01;35:*.ogv=01;35:*.ogx=01;35:*.aac=00;36:*.au=00;36:*.flac=00;36:*.m4a=00;36:*.mid=00;36:*.midi=00;36:*.mka=00;36:*.mp3=00;36:*.mpc=00;36:*.ogg=00;36:*.ra=00;36:*.wav=00;36:*.oga=00;36:*.opus=00;36:*.spx=00;36:*.xspf=00;36:'), ('VSCODE_GIT_IPC_HANDLE', '/run/user/1000/vscode-git-676dc8d9e0.sock'), ('TERM_PROGRAM', 'vscode'), ('SSH_AGENT_LAUNCHER', 'gnome-keyring'), ('SSH_AUTH_SOCK', '/run/user/1000/keyring/ssh'), ('GSETTINGS_SCHEMA_DIR', '/home/fcanof/snap/code/154/.local/share/glib-2.0/schemas'), ('ROS_DOMAIN_ID', '8'), ('AMENT_PREFIX_PATH', '/opt/ros/humble'), ('ORIGINAL_XDG_CURRENT_DESKTOP', 'ubuntu:GNOME'), ('SHELL', '/bin/bash'), ('LC_NAME', 'es_MX.UTF-8'), ('QT_ACCESSIBILITY', '1'), ('GDMSESSION', 'ubuntu'), ('LESSCLOSE', '/usr/bin/lesspipe %s %s'), ('GTK_PATH_VSCODE_SNAP_ORIG', ''), ('GTK_IM_MODULE_FILE_VSCODE_SNAP_ORIG', ''), ('LC_MEASUREMENT', 'es_MX.UTF-8'), ('GPG_AGENT_INFO', '/run/user/1000/gnupg/S.gpg-agent:0:1'), ('GJS_DEBUG_OUTPUT', 'stderr'), ('LC_IDENTIFICATION', 'es_MX.UTF-8'), ('VSCODE_GIT_ASKPASS_EXTRA_ARGS', ''), ('QT_IM_MODULE', 'ibus'), ('PWD', '/home/fcanof/vanttec_sdv/build/vectornav_msgs'), ('LC_ALL', 'en_US.UTF-8'), ('XDG_CONFIG_DIRS', '/etc/xdg/xdg-ubuntu:/etc/xdg'), ('XDG_DATA_DIRS', '/home/fcanof/snap/code/154/.local/share:/home/fcanof/snap/code/154:/snap/code/154/usr/share:/usr/share/ubuntu:/usr/share/gnome:/usr/local/share/:/usr/share/:/var/lib/snapd/desktop'), ('PYTHONPATH', '/opt/ros/humble/lib/python3.10/site-packages:/opt/ros/humble/local/lib/python3.10/dist-packages'), ('LC_NUMERIC', 'es_MX.UTF-8'), ('LC_PAPER', 'es_MX.UTF-8'), ('COLCON', '1'), ('CMAKE_PREFIX_PATH', '/opt/ros/humble')]), 'shell': False}
[0.162738] (sdv_msgs) StdoutLine: {'line': b'[  1%] \x1b[34m\x1b[1mGenerating C code for ROS interfaces\x1b[0m\n'}
[0.163475] (vectornav_msgs) StdoutLine: {'line': b'[  1%] \x1b[34m\x1b[1mGenerating C code for ROS interfaces\x1b[0m\n'}
[0.172039] (sdv_msgs) StdoutLine: {'line': b'[  1%] \x1b[34m\x1b[1mGenerating C++ code for ROS interfaces\x1b[0m\n'}
[0.172307] (vectornav_msgs) StdoutLine: {'line': b'[  1%] \x1b[34m\x1b[1mGenerating C++ code for ROS interfaces\x1b[0m\n'}
[0.178377] (sdv_msgs) StdoutLine: {'line': b'[  1%] Built target ament_cmake_python_copy_sdv_msgs\n'}
[0.178639] (vectornav_msgs) StdoutLine: {'line': b'[  1%] Built target ament_cmake_python_copy_vectornav_msgs\n'}
[0.200119] (-) TimerEvent: {}
[0.300422] (-) TimerEvent: {}
[0.400698] (-) TimerEvent: {}
[0.445402] (vectornav_msgs) StdoutLine: {'line': b'running egg_info\n'}
[0.445942] (vectornav_msgs) StdoutLine: {'line': b'creating vectornav_msgs.egg-info\n'}
[0.446125] (vectornav_msgs) StdoutLine: {'line': b'writing vectornav_msgs.egg-info/PKG-INFO\n'}
[0.446371] (vectornav_msgs) StdoutLine: {'line': b'writing dependency_links to vectornav_msgs.egg-info/dependency_links.txt\n'}
[0.446536] (vectornav_msgs) StdoutLine: {'line': b'writing top-level names to vectornav_msgs.egg-info/top_level.txt\n'}
[0.446691] (vectornav_msgs) StdoutLine: {'line': b"writing manifest file 'vectornav_msgs.egg-info/SOURCES.txt'\n"}
[0.447797] (sdv_msgs) StdoutLine: {'line': b'running egg_info\n'}
[0.448361] (sdv_msgs) StdoutLine: {'line': b'creating sdv_msgs.egg-info\n'}
[0.448537] (sdv_msgs) StdoutLine: {'line': b'writing sdv_msgs.egg-info/PKG-INFO\n'}
[0.448683] (sdv_msgs) StdoutLine: {'line': b'writing dependency_links to sdv_msgs.egg-info/dependency_links.txt\n'}
[0.448840] (vectornav_msgs) StdoutLine: {'line': b"reading manifest file 'vectornav_msgs.egg-info/SOURCES.txt'\n"}
[0.449002] (sdv_msgs) StdoutLine: {'line': b'writing top-level names to sdv_msgs.egg-info/top_level.txt\n'}
[0.449243] (sdv_msgs) StdoutLine: {'line': b"writing manifest file 'sdv_msgs.egg-info/SOURCES.txt'\n"}
[0.449520] (vectornav_msgs) StdoutLine: {'line': b"writing manifest file 'vectornav_msgs.egg-info/SOURCES.txt'\n"}
[0.450959] (sdv_msgs) StdoutLine: {'line': b"reading manifest file 'sdv_msgs.egg-info/SOURCES.txt'\n"}
[0.451447] (sdv_msgs) StdoutLine: {'line': b"writing manifest file 'sdv_msgs.egg-info/SOURCES.txt'\n"}
[0.475079] (vectornav_msgs) StdoutLine: {'line': b'[  1%] Built target ament_cmake_python_build_vectornav_msgs_egg\n'}
[0.476119] (sdv_msgs) StdoutLine: {'line': b'[  1%] Built target ament_cmake_python_build_sdv_msgs_egg\n'}
[0.500772] (-) TimerEvent: {}
[0.600993] (-) TimerEvent: {}
[0.701266] (-) TimerEvent: {}
[0.801535] (-) TimerEvent: {}
[0.901811] (-) TimerEvent: {}
[1.002077] (-) TimerEvent: {}
[1.102357] (-) TimerEvent: {}
[1.202630] (-) TimerEvent: {}
[1.302903] (-) TimerEvent: {}
[1.355415] (sdv_msgs) StdoutLine: {'line': b'[  1%] Built target sdv_msgs__cpp\n'}
[1.365082] (sdv_msgs) StdoutLine: {'line': b'[  3%] \x1b[34m\x1b[1mGenerating C++ introspection for ROS interfaces\x1b[0m\n'}
[1.365300] (sdv_msgs) StdoutLine: {'line': b'[  3%] \x1b[34m\x1b[1mGenerating C++ type support for eProsima Fast-RTPS\x1b[0m\n'}
[1.365438] (sdv_msgs) StdoutLine: {'line': b'[  3%] \x1b[34m\x1b[1mGenerating C++ type support dispatch for ROS interfaces\x1b[0m\n'}
[1.402994] (-) TimerEvent: {}
[1.503295] (-) TimerEvent: {}
[1.518606] (sdv_msgs) StdoutLine: {'line': b'[  3%] \x1b[32mBuilding C object CMakeFiles/sdv_msgs__rosidl_generator_c.dir/rosidl_generator_c/sdv_msgs/msg/detail/collision_event__functions.c.o\x1b[0m\n'}
[1.519792] (sdv_msgs) StdoutLine: {'line': b'[  4%] \x1b[32mBuilding C object CMakeFiles/sdv_msgs__rosidl_generator_c.dir/rosidl_generator_c/sdv_msgs/msg/detail/xbox_msg__functions.c.o\x1b[0m\n'}
[1.521012] (sdv_msgs) StdoutLine: {'line': b'[  5%] \x1b[32mBuilding C object CMakeFiles/sdv_msgs__rosidl_generator_c.dir/rosidl_generator_c/sdv_msgs/msg/detail/throttle_msg__functions.c.o\x1b[0m\n'}
[1.522121] (sdv_msgs) StdoutLine: {'line': b'[  6%] \x1b[32mBuilding C object CMakeFiles/sdv_msgs__rosidl_generator_c.dir/rosidl_generator_c/sdv_msgs/msg/detail/lane_invasion_event__functions.c.o\x1b[0m\n'}
[1.525111] (sdv_msgs) StdoutLine: {'line': b'[  7%] \x1b[32mBuilding C object CMakeFiles/sdv_msgs__rosidl_generator_c.dir/rosidl_generator_c/sdv_msgs/msg/detail/vehicle_control__functions.c.o\x1b[0m\n'}
[1.525878] (sdv_msgs) StdoutLine: {'line': b'[  7%] \x1b[32mBuilding C object CMakeFiles/sdv_msgs__rosidl_generator_c.dir/rosidl_generator_c/sdv_msgs/msg/detail/status__functions.c.o\x1b[0m\n'}
[1.527731] (sdv_msgs) StdoutLine: {'line': b'[  7%] \x1b[32mBuilding C object CMakeFiles/sdv_msgs__rosidl_generator_c.dir/rosidl_generator_c/sdv_msgs/msg/detail/panel_msg__functions.c.o\x1b[0m\n'}
[1.528850] (sdv_msgs) StdoutLine: {'line': b'[  8%] \x1b[32mBuilding C object CMakeFiles/sdv_msgs__rosidl_generator_c.dir/rosidl_generator_c/sdv_msgs/msg/detail/vehicle_info__functions.c.o\x1b[0m\n'}
[1.535362] (sdv_msgs) StdoutLine: {'line': b'[  9%] \x1b[32mBuilding C object CMakeFiles/sdv_msgs__rosidl_generator_c.dir/rosidl_generator_c/sdv_msgs/msg/detail/vehicle_status__functions.c.o\x1b[0m\n'}
[1.603390] (-) TimerEvent: {}
[1.617489] (sdv_msgs) StdoutLine: {'line': b'[ 10%] \x1b[32mBuilding C object CMakeFiles/sdv_msgs__rosidl_generator_c.dir/rosidl_generator_c/sdv_msgs/msg/detail/vehicle_info_wheel__functions.c.o\x1b[0m\n'}
[1.620021] (sdv_msgs) StdoutLine: {'line': b'[ 10%] \x1b[32mBuilding C object CMakeFiles/sdv_msgs__rosidl_generator_c.dir/rosidl_generator_c/sdv_msgs/msg/detail/guidance_waypoints__functions.c.o\x1b[0m\n'}
[1.626374] (sdv_msgs) StdoutLine: {'line': b'[ 11%] \x1b[32mBuilding C object CMakeFiles/sdv_msgs__rosidl_generator_c.dir/rosidl_generator_c/sdv_msgs/msg/detail/eta_pose__functions.c.o\x1b[0m\n'}
[1.627180] (sdv_msgs) StdoutLine: {'line': b'[ 11%] \x1b[32mBuilding C object CMakeFiles/sdv_msgs__rosidl_generator_c.dir/rosidl_generator_c/sdv_msgs/msg/detail/thrust_control__functions.c.o\x1b[0m\n'}
[1.628032] (sdv_msgs) StdoutLine: {'line': b'[ 12%] \x1b[32mBuilding C object CMakeFiles/sdv_msgs__rosidl_generator_c.dir/rosidl_generator_c/sdv_msgs/msg/detail/encoder__functions.c.o\x1b[0m\n'}
[1.628957] (sdv_msgs) StdoutLine: {'line': b'[ 13%] \x1b[32mBuilding C object CMakeFiles/sdv_msgs__rosidl_generator_c.dir/rosidl_generator_c/sdv_msgs/msg/detail/system_dynamics__functions.c.o\x1b[0m\n'}
[1.691959] (sdv_msgs) StdoutLine: {'line': b'[ 14%] \x1b[32m\x1b[1mLinking C shared library libsdv_msgs__rosidl_generator_c.so\x1b[0m\n'}
[1.703481] (-) TimerEvent: {}
[1.728668] (sdv_msgs) StdoutLine: {'line': b'[ 14%] Built target sdv_msgs__rosidl_generator_c\n'}
[1.739746] (sdv_msgs) StdoutLine: {'line': b'[ 15%] \x1b[34m\x1b[1mGenerating C introspection for ROS interfaces\x1b[0m\n'}
[1.742294] (sdv_msgs) StdoutLine: {'line': b'[ 17%] \x1b[34m\x1b[1mGenerating C type support for eProsima Fast-RTPS\x1b[0m\n'}
[1.742477] (sdv_msgs) StdoutLine: {'line': b'[ 17%] \x1b[34m\x1b[1mGenerating C type support dispatch for ROS interfaces\x1b[0m\n'}
[1.803576] (-) TimerEvent: {}
[1.903898] (-) TimerEvent: {}
[2.004202] (-) TimerEvent: {}
[2.104516] (-) TimerEvent: {}
[2.205154] (-) TimerEvent: {}
[2.287944] (vectornav_msgs) StdoutLine: {'line': b'[  1%] Built target vectornav_msgs__cpp\n'}
[2.305251] (-) TimerEvent: {}
[2.305891] (vectornav_msgs) StdoutLine: {'line': b'[  2%] \x1b[34m\x1b[1mGenerating C++ type support dispatch for ROS interfaces\x1b[0m\n'}
[2.306117] (vectornav_msgs) StdoutLine: {'line': b'[  2%] \x1b[34m\x1b[1mGenerating C++ type support for eProsima Fast-RTPS\x1b[0m\n'}
[2.310196] (vectornav_msgs) StdoutLine: {'line': b'[  3%] \x1b[34m\x1b[1mGenerating C++ introspection for ROS interfaces\x1b[0m\n'}
[2.405346] (-) TimerEvent: {}
[2.450785] (vectornav_msgs) StdoutLine: {'line': b'[  4%] \x1b[32mBuilding C object CMakeFiles/vectornav_msgs__rosidl_generator_c.dir/rosidl_generator_c/vectornav_msgs/msg/detail/attitude_group__functions.c.o\x1b[0m\n'}
[2.460860] (vectornav_msgs) StdoutLine: {'line': b'[  5%] \x1b[32mBuilding C object CMakeFiles/vectornav_msgs__rosidl_generator_c.dir/rosidl_generator_c/vectornav_msgs/msg/detail/common_group__functions.c.o\x1b[0m\n'}
[2.471069] (vectornav_msgs) StdoutLine: {'line': b'[  5%] \x1b[32mBuilding C object CMakeFiles/vectornav_msgs__rosidl_generator_c.dir/rosidl_generator_c/vectornav_msgs/msg/detail/gps_group__functions.c.o\x1b[0m\n'}
[2.494275] (vectornav_msgs) StdoutLine: {'line': b'[  6%] \x1b[32mBuilding C object CMakeFiles/vectornav_msgs__rosidl_generator_c.dir/rosidl_generator_c/vectornav_msgs/msg/detail/dop__functions.c.o\x1b[0m\n'}
[2.498424] (vectornav_msgs) StdoutLine: {'line': b'[  7%] \x1b[32mBuilding C object CMakeFiles/vectornav_msgs__rosidl_generator_c.dir/rosidl_generator_c/vectornav_msgs/msg/detail/ins_group__functions.c.o\x1b[0m\n'}
[2.499150] (vectornav_msgs) StdoutLine: {'line': b'[  8%] \x1b[32mBuilding C object CMakeFiles/vectornav_msgs__rosidl_generator_c.dir/rosidl_generator_c/vectornav_msgs/msg/detail/imu_group__functions.c.o\x1b[0m\n'}
[2.505436] (-) TimerEvent: {}
[2.521231] (vectornav_msgs) StdoutLine: {'line': b'[  9%] \x1b[32mBuilding C object CMakeFiles/vectornav_msgs__rosidl_generator_c.dir/rosidl_generator_c/vectornav_msgs/msg/detail/ins_status__functions.c.o\x1b[0m\n'}
[2.532084] (vectornav_msgs) StdoutLine: {'line': b'[ 10%] \x1b[32mBuilding C object CMakeFiles/vectornav_msgs__rosidl_generator_c.dir/rosidl_generator_c/vectornav_msgs/msg/detail/time_group__functions.c.o\x1b[0m\n'}
[2.559494] (sdv_msgs) StdoutLine: {'line': b'[ 18%] \x1b[32mBuilding CXX object CMakeFiles/sdv_msgs__rosidl_typesupport_cpp.dir/rosidl_typesupport_cpp/sdv_msgs/msg/panel_msg__type_support.cpp.o\x1b[0m\n'}
[2.573509] (sdv_msgs) StdoutLine: {'line': b'[ 18%] \x1b[32mBuilding CXX object CMakeFiles/sdv_msgs__rosidl_typesupport_cpp.dir/rosidl_typesupport_cpp/sdv_msgs/msg/xbox_msg__type_support.cpp.o\x1b[0m\n'}
[2.581448] (sdv_msgs) StdoutLine: {'line': b'[ 19%] \x1b[32mBuilding CXX object CMakeFiles/sdv_msgs__rosidl_typesupport_cpp.dir/rosidl_typesupport_cpp/sdv_msgs/msg/throttle_msg__type_support.cpp.o\x1b[0m\n'}
[2.599164] (vectornav_msgs) StdoutLine: {'line': b'[ 11%] \x1b[32mBuilding C object CMakeFiles/vectornav_msgs__rosidl_generator_c.dir/rosidl_generator_c/vectornav_msgs/msg/detail/time_status__functions.c.o\x1b[0m\n'}
[2.605531] (-) TimerEvent: {}
[2.613445] (vectornav_msgs) StdoutLine: {'line': b'[ 11%] \x1b[32mBuilding C object CMakeFiles/vectornav_msgs__rosidl_generator_c.dir/rosidl_generator_c/vectornav_msgs/msg/detail/time_utc__functions.c.o\x1b[0m\n'}
[2.627883] (vectornav_msgs) StdoutLine: {'line': b'[ 12%] \x1b[32mBuilding C object CMakeFiles/vectornav_msgs__rosidl_generator_c.dir/rosidl_generator_c/vectornav_msgs/msg/detail/vpe_status__functions.c.o\x1b[0m\n'}
[2.655200] (sdv_msgs) StdoutLine: {'line': b'[ 20%] \x1b[32mBuilding CXX object CMakeFiles/sdv_msgs__rosidl_typesupport_cpp.dir/rosidl_typesupport_cpp/sdv_msgs/msg/collision_event__type_support.cpp.o\x1b[0m\n'}
[2.658885] (sdv_msgs) StdoutLine: {'line': b'[ 20%] \x1b[32mBuilding CXX object CMakeFiles/sdv_msgs__rosidl_typesupport_cpp.dir/rosidl_typesupport_cpp/sdv_msgs/msg/lane_invasion_event__type_support.cpp.o\x1b[0m\n'}
[2.661418] (sdv_msgs) StdoutLine: {'line': b'[ 21%] \x1b[32mBuilding CXX object CMakeFiles/sdv_msgs__rosidl_typesupport_cpp.dir/rosidl_typesupport_cpp/sdv_msgs/msg/status__type_support.cpp.o\x1b[0m\n'}
[2.668692] (vectornav_msgs) StdoutLine: {'line': b'[ 13%] \x1b[32mBuilding C object CMakeFiles/vectornav_msgs__rosidl_generator_c.dir/rosidl_generator_c/vectornav_msgs/action/detail/mag_cal__functions.c.o\x1b[0m\n'}
[2.674006] (sdv_msgs) StdoutLine: {'line': b'[ 22%] \x1b[32mBuilding CXX object CMakeFiles/sdv_msgs__rosidl_typesupport_cpp.dir/rosidl_typesupport_cpp/sdv_msgs/msg/vehicle_control__type_support.cpp.o\x1b[0m\n'}
[2.705629] (-) TimerEvent: {}
[2.806107] (-) TimerEvent: {}
[2.906563] (-) TimerEvent: {}
[3.006879] (-) TimerEvent: {}
[3.080229] (vectornav_msgs) StdoutLine: {'line': b'[ 14%] \x1b[32m\x1b[1mLinking C shared library libvectornav_msgs__rosidl_generator_c.so\x1b[0m\n'}
[3.106977] (-) TimerEvent: {}
[3.207609] (-) TimerEvent: {}
[3.218036] (vectornav_msgs) StdoutLine: {'line': b'[ 14%] Built target vectornav_msgs__rosidl_generator_c\n'}
[3.255847] (vectornav_msgs) StdoutLine: {'line': b'[ 15%] \x1b[34m\x1b[1mGenerating C introspection for ROS interfaces\x1b[0m\n'}
[3.260413] (vectornav_msgs) StdoutLine: {'line': b'[ 16%] \x1b[34m\x1b[1mGenerating C type support for eProsima Fast-RTPS\x1b[0m\n'}
[3.287467] (vectornav_msgs) StdoutLine: {'line': b'[ 17%] \x1b[34m\x1b[1mGenerating C type support dispatch for ROS interfaces\x1b[0m\n'}
[3.293980] (sdv_msgs) StdoutLine: {'line': b'[ 23%] \x1b[32mBuilding CXX object CMakeFiles/sdv_msgs__rosidl_typesupport_cpp.dir/rosidl_typesupport_cpp/sdv_msgs/msg/vehicle_info__type_support.cpp.o\x1b[0m\n'}
[3.301288] (sdv_msgs) StdoutLine: {'line': b'[ 23%] \x1b[32mBuilding CXX object CMakeFiles/sdv_msgs__rosidl_typesupport_cpp.dir/rosidl_typesupport_cpp/sdv_msgs/msg/vehicle_status__type_support.cpp.o\x1b[0m\n'}
[3.307706] (-) TimerEvent: {}
[3.323306] (sdv_msgs) StdoutLine: {'line': b'[ 24%] \x1b[32mBuilding CXX object CMakeFiles/sdv_msgs__rosidl_typesupport_cpp.dir/rosidl_typesupport_cpp/sdv_msgs/msg/vehicle_info_wheel__type_support.cpp.o\x1b[0m\n'}
[3.401768] (sdv_msgs) StdoutLine: {'line': b'[ 25%] \x1b[32mBuilding CXX object CMakeFiles/sdv_msgs__rosidl_typesupport_cpp.dir/rosidl_typesupport_cpp/sdv_msgs/msg/guidance_waypoints__type_support.cpp.o\x1b[0m\n'}
[3.407796] (-) TimerEvent: {}
[3.420010] (sdv_msgs) StdoutLine: {'line': b'[ 25%] \x1b[32mBuilding CXX object CMakeFiles/sdv_msgs__rosidl_typesupport_cpp.dir/rosidl_typesupport_cpp/sdv_msgs/msg/eta_pose__type_support.cpp.o\x1b[0m\n'}
[3.444766] (sdv_msgs) StdoutLine: {'line': b'[ 26%] \x1b[32mBuilding CXX object CMakeFiles/sdv_msgs__rosidl_typesupport_cpp.dir/rosidl_typesupport_cpp/sdv_msgs/msg/system_dynamics__type_support.cpp.o\x1b[0m\n'}
[3.473289] (sdv_msgs) StdoutLine: {'line': b'[ 27%] \x1b[32mBuilding CXX object CMakeFiles/sdv_msgs__rosidl_typesupport_cpp.dir/rosidl_typesupport_cpp/sdv_msgs/msg/thrust_control__type_support.cpp.o\x1b[0m\n'}
[3.507891] (-) TimerEvent: {}
[3.565658] (sdv_msgs) StdoutLine: {'line': b'[ 27%] \x1b[32mBuilding CXX object CMakeFiles/sdv_msgs__rosidl_typesupport_c.dir/rosidl_typesupport_c/sdv_msgs/msg/panel_msg__type_support.cpp.o\x1b[0m\n'}
[3.607991] (-) TimerEvent: {}
[3.682085] (sdv_msgs) StdoutLine: {'line': b'[ 28%] \x1b[32mBuilding CXX object CMakeFiles/sdv_msgs__rosidl_typesupport_c.dir/rosidl_typesupport_c/sdv_msgs/msg/xbox_msg__type_support.cpp.o\x1b[0m\n'}
[3.708088] (-) TimerEvent: {}
[3.763513] (sdv_msgs) StdoutLine: {'line': b'[ 30%] \x1b[32mBuilding CXX object CMakeFiles/sdv_msgs__rosidl_typesupport_c.dir/rosidl_typesupport_c/sdv_msgs/msg/throttle_msg__type_support.cpp.o\x1b[0m\n'}
[3.774785] (sdv_msgs) StdoutLine: {'line': b'[ 30%] \x1b[32mBuilding CXX object CMakeFiles/sdv_msgs__rosidl_typesupport_introspection_cpp.dir/rosidl_typesupport_introspection_cpp/sdv_msgs/msg/detail/panel_msg__type_support.cpp.o\x1b[0m\n'}
[3.808193] (-) TimerEvent: {}
[3.885620] (sdv_msgs) StdoutLine: {'line': b'[ 30%] \x1b[32mBuilding CXX object CMakeFiles/sdv_msgs__rosidl_typesupport_c.dir/rosidl_typesupport_c/sdv_msgs/msg/collision_event__type_support.cpp.o\x1b[0m\n'}
[3.908289] (-) TimerEvent: {}
[3.909237] (sdv_msgs) StdoutLine: {'line': b'[ 31%] \x1b[32mBuilding CXX object CMakeFiles/sdv_msgs__rosidl_typesupport_fastrtps_cpp.dir/rosidl_typesupport_fastrtps_cpp/sdv_msgs/msg/detail/dds_fastrtps/panel_msg__type_support.cpp.o\x1b[0m\n'}
[3.950113] (sdv_msgs) StdoutLine: {'line': b'[ 32%] \x1b[32mBuilding CXX object CMakeFiles/sdv_msgs__rosidl_typesupport_fastrtps_cpp.dir/rosidl_typesupport_fastrtps_cpp/sdv_msgs/msg/detail/dds_fastrtps/xbox_msg__type_support.cpp.o\x1b[0m\n'}
[3.981305] (sdv_msgs) StdoutLine: {'line': b'[ 32%] \x1b[32mBuilding CXX object CMakeFiles/sdv_msgs__rosidl_typesupport_fastrtps_cpp.dir/rosidl_typesupport_fastrtps_cpp/sdv_msgs/msg/detail/dds_fastrtps/throttle_msg__type_support.cpp.o\x1b[0m\n'}
[3.991026] (sdv_msgs) StdoutLine: {'line': b'[ 33%] \x1b[32mBuilding CXX object CMakeFiles/sdv_msgs__rosidl_typesupport_c.dir/rosidl_typesupport_c/sdv_msgs/msg/lane_invasion_event__type_support.cpp.o\x1b[0m\n'}
[3.992051] (sdv_msgs) StdoutLine: {'line': b'[ 34%] \x1b[32mBuilding CXX object CMakeFiles/sdv_msgs__rosidl_typesupport_introspection_cpp.dir/rosidl_typesupport_introspection_cpp/sdv_msgs/msg/detail/xbox_msg__type_support.cpp.o\x1b[0m\n'}
[4.008564] (-) TimerEvent: {}
[4.028181] (sdv_msgs) StdoutLine: {'line': b'[ 34%] \x1b[32mBuilding CXX object CMakeFiles/sdv_msgs__rosidl_typesupport_introspection_cpp.dir/rosidl_typesupport_introspection_cpp/sdv_msgs/msg/detail/throttle_msg__type_support.cpp.o\x1b[0m\n'}
[4.082665] (sdv_msgs) StdoutLine: {'line': b'[ 35%] \x1b[32mBuilding CXX object CMakeFiles/sdv_msgs__rosidl_typesupport_fastrtps_cpp.dir/rosidl_typesupport_fastrtps_cpp/sdv_msgs/msg/detail/dds_fastrtps/collision_event__type_support.cpp.o\x1b[0m\n'}
[4.108660] (-) TimerEvent: {}
[4.143572] (sdv_msgs) StdoutLine: {'line': b'[ 36%] \x1b[32mBuilding CXX object CMakeFiles/sdv_msgs__rosidl_typesupport_c.dir/rosidl_typesupport_c/sdv_msgs/msg/status__type_support.cpp.o\x1b[0m\n'}
[4.146258] (sdv_msgs) StdoutLine: {'line': b'[ 36%] \x1b[32mBuilding CXX object CMakeFiles/sdv_msgs__rosidl_typesupport_cpp.dir/rosidl_typesupport_cpp/sdv_msgs/msg/encoder__type_support.cpp.o\x1b[0m\n'}
[4.212503] (-) TimerEvent: {}
[4.251129] (sdv_msgs) StdoutLine: {'line': b'[ 37%] \x1b[32mBuilding CXX object CMakeFiles/sdv_msgs__rosidl_typesupport_c.dir/rosidl_typesupport_c/sdv_msgs/msg/vehicle_control__type_support.cpp.o\x1b[0m\n'}
[4.297159] (sdv_msgs) StdoutLine: {'line': b'[ 38%] \x1b[32mBuilding CXX object CMakeFiles/sdv_msgs__rosidl_typesupport_introspection_cpp.dir/rosidl_typesupport_introspection_cpp/sdv_msgs/msg/detail/collision_event__type_support.cpp.o\x1b[0m\n'}
[4.312612] (-) TimerEvent: {}
[4.408330] (sdv_msgs) StdoutLine: {'line': b'[ 38%] \x1b[32mBuilding CXX object CMakeFiles/sdv_msgs__rosidl_typesupport_c.dir/rosidl_typesupport_c/sdv_msgs/msg/vehicle_info__type_support.cpp.o\x1b[0m\n'}
[4.412711] (-) TimerEvent: {}
[4.491966] (sdv_msgs) StdoutLine: {'line': b'[ 39%] \x1b[32mBuilding C object CMakeFiles/sdv_msgs__rosidl_typesupport_introspection_c.dir/rosidl_typesupport_introspection_c/sdv_msgs/msg/detail/panel_msg__type_support.c.o\x1b[0m\n'}
[4.512807] (-) TimerEvent: {}
[4.536346] (sdv_msgs) StdoutLine: {'line': b'[ 40%] \x1b[32mBuilding CXX object CMakeFiles/sdv_msgs__rosidl_typesupport_c.dir/rosidl_typesupport_c/sdv_msgs/msg/vehicle_status__type_support.cpp.o\x1b[0m\n'}
[4.567776] (sdv_msgs) StdoutLine: {'line': b'[ 41%] \x1b[32mBuilding CXX object CMakeFiles/sdv_msgs__rosidl_typesupport_c.dir/rosidl_typesupport_c/sdv_msgs/msg/vehicle_info_wheel__type_support.cpp.o\x1b[0m\n'}
[4.594588] (sdv_msgs) StdoutLine: {'line': b'[ 42%] \x1b[32mBuilding CXX object CMakeFiles/sdv_msgs__rosidl_typesupport_fastrtps_c.dir/rosidl_typesupport_fastrtps_c/sdv_msgs/msg/detail/panel_msg__type_support_c.cpp.o\x1b[0m\n'}
[4.612910] (-) TimerEvent: {}
[4.631883] (sdv_msgs) StdoutLine: {'line': b'[ 43%] \x1b[32mBuilding CXX object CMakeFiles/sdv_msgs__rosidl_typesupport_introspection_cpp.dir/rosidl_typesupport_introspection_cpp/sdv_msgs/msg/detail/lane_invasion_event__type_support.cpp.o\x1b[0m\n'}
[4.653290] (sdv_msgs) StdoutLine: {'line': b'[ 43%] \x1b[32mBuilding C object CMakeFiles/sdv_msgs__rosidl_typesupport_introspection_c.dir/rosidl_typesupport_introspection_c/sdv_msgs/msg/detail/xbox_msg__type_support.c.o\x1b[0m\n'}
[4.691617] (sdv_msgs) StdoutLine: {'line': b'[ 43%] \x1b[32mBuilding CXX object CMakeFiles/sdv_msgs__rosidl_typesupport_c.dir/rosidl_typesupport_c/sdv_msgs/msg/guidance_waypoints__type_support.cpp.o\x1b[0m\n'}
[4.713010] (-) TimerEvent: {}
[4.795217] (sdv_msgs) StdoutLine: {'line': b'[ 44%] \x1b[32mBuilding CXX object CMakeFiles/sdv_msgs__rosidl_typesupport_c.dir/rosidl_typesupport_c/sdv_msgs/msg/eta_pose__type_support.cpp.o\x1b[0m\n'}
[4.808855] (sdv_msgs) StdoutLine: {'line': b'[ 45%] \x1b[32mBuilding C object CMakeFiles/sdv_msgs__rosidl_typesupport_introspection_c.dir/rosidl_typesupport_introspection_c/sdv_msgs/msg/detail/throttle_msg__type_support.c.o\x1b[0m\n'}
[4.813104] (-) TimerEvent: {}
[4.827174] (sdv_msgs) StdoutLine: {'line': b'[ 46%] \x1b[32mBuilding CXX object CMakeFiles/sdv_msgs__rosidl_typesupport_fastrtps_c.dir/rosidl_typesupport_fastrtps_c/sdv_msgs/msg/detail/throttle_msg__type_support_c.cpp.o\x1b[0m\n'}
[4.831133] (sdv_msgs) StdoutLine: {'line': b'[ 46%] \x1b[32mBuilding CXX object CMakeFiles/sdv_msgs__rosidl_typesupport_fastrtps_c.dir/rosidl_typesupport_fastrtps_c/sdv_msgs/msg/detail/xbox_msg__type_support_c.cpp.o\x1b[0m\n'}
[4.839613] (sdv_msgs) StdoutLine: {'line': b'[ 47%] \x1b[32mBuilding CXX object CMakeFiles/sdv_msgs__rosidl_typesupport_introspection_cpp.dir/rosidl_typesupport_introspection_cpp/sdv_msgs/msg/detail/status__type_support.cpp.o\x1b[0m\n'}
[4.849409] (sdv_msgs) StdoutLine: {'line': b'[ 48%] \x1b[32mBuilding CXX object CMakeFiles/sdv_msgs__rosidl_typesupport_fastrtps_cpp.dir/rosidl_typesupport_fastrtps_cpp/sdv_msgs/msg/detail/dds_fastrtps/lane_invasion_event__type_support.cpp.o\x1b[0m\n'}
[4.892494] (sdv_msgs) StdoutLine: {'line': b'[ 49%] \x1b[32m\x1b[1mLinking CXX shared library libsdv_msgs__rosidl_typesupport_cpp.so\x1b[0m\n'}
[4.901601] (sdv_msgs) StdoutLine: {'line': b'[ 50%] \x1b[32mBuilding CXX object CMakeFiles/sdv_msgs__rosidl_typesupport_c.dir/rosidl_typesupport_c/sdv_msgs/msg/system_dynamics__type_support.cpp.o\x1b[0m\n'}
[4.913203] (-) TimerEvent: {}
[4.916604] (sdv_msgs) StdoutLine: {'line': b'[ 51%] \x1b[32mBuilding C object CMakeFiles/sdv_msgs__rosidl_typesupport_introspection_c.dir/rosidl_typesupport_introspection_c/sdv_msgs/msg/detail/collision_event__type_support.c.o\x1b[0m\n'}
[5.013303] (-) TimerEvent: {}
[5.035565] (sdv_msgs) StdoutLine: {'line': b'[ 51%] \x1b[32mBuilding CXX object CMakeFiles/sdv_msgs__rosidl_typesupport_c.dir/rosidl_typesupport_c/sdv_msgs/msg/thrust_control__type_support.cpp.o\x1b[0m\n'}
[5.063688] (sdv_msgs) StdoutLine: {'line': b'[ 51%] \x1b[32mBuilding CXX object CMakeFiles/sdv_msgs__rosidl_typesupport_introspection_cpp.dir/rosidl_typesupport_introspection_cpp/sdv_msgs/msg/detail/vehicle_control__type_support.cpp.o\x1b[0m\n'}
[5.073268] (sdv_msgs) StdoutLine: {'line': b'[ 52%] \x1b[32mBuilding C object CMakeFiles/sdv_msgs__rosidl_typesupport_introspection_c.dir/rosidl_typesupport_introspection_c/sdv_msgs/msg/detail/lane_invasion_event__type_support.c.o\x1b[0m\n'}
[5.114224] (-) TimerEvent: {}
[5.114497] (sdv_msgs) StdoutLine: {'line': b'[ 52%] Built target sdv_msgs__rosidl_typesupport_cpp\n'}
[5.166561] (sdv_msgs) StdoutLine: {'line': b'[ 53%] \x1b[32mBuilding CXX object CMakeFiles/sdv_msgs__rosidl_typesupport_c.dir/rosidl_typesupport_c/sdv_msgs/msg/encoder__type_support.cpp.o\x1b[0m\n'}
[5.181677] (sdv_msgs) StdoutLine: {'line': b'[ 53%] \x1b[32mBuilding C object CMakeFiles/sdv_msgs__rosidl_typesupport_introspection_c.dir/rosidl_typesupport_introspection_c/sdv_msgs/msg/detail/status__type_support.c.o\x1b[0m\n'}
[5.182752] (sdv_msgs) StdoutLine: {'line': b'[ 54%] \x1b[32mBuilding CXX object CMakeFiles/sdv_msgs__rosidl_typesupport_introspection_cpp.dir/rosidl_typesupport_introspection_cpp/sdv_msgs/msg/detail/vehicle_info__type_support.cpp.o\x1b[0m\n'}
[5.201530] (sdv_msgs) StdoutLine: {'line': b'[ 55%] \x1b[32mBuilding CXX object CMakeFiles/sdv_msgs__rosidl_typesupport_introspection_cpp.dir/rosidl_typesupport_introspection_cpp/sdv_msgs/msg/detail/vehicle_status__type_support.cpp.o\x1b[0m\n'}
[5.214322] (-) TimerEvent: {}
[5.294587] (sdv_msgs) StdoutLine: {'line': b'[ 56%] \x1b[32mBuilding C object CMakeFiles/sdv_msgs__rosidl_typesupport_introspection_c.dir/rosidl_typesupport_introspection_c/sdv_msgs/msg/detail/vehicle_control__type_support.c.o\x1b[0m\n'}
[5.314414] (-) TimerEvent: {}
[5.316284] (sdv_msgs) StdoutLine: {'line': b'[ 57%] \x1b[32m\x1b[1mLinking CXX shared library libsdv_msgs__rosidl_typesupport_c.so\x1b[0m\n'}
[5.366475] (sdv_msgs) StdoutLine: {'line': b'[ 58%] \x1b[32mBuilding C object CMakeFiles/sdv_msgs__rosidl_typesupport_introspection_c.dir/rosidl_typesupport_introspection_c/sdv_msgs/msg/detail/vehicle_info__type_support.c.o\x1b[0m\n'}
[5.414516] (-) TimerEvent: {}
[5.439455] (sdv_msgs) StdoutLine: {'line': b'[ 59%] \x1b[32mBuilding CXX object CMakeFiles/sdv_msgs__rosidl_typesupport_fastrtps_c.dir/rosidl_typesupport_fastrtps_c/sdv_msgs/msg/detail/collision_event__type_support_c.cpp.o\x1b[0m\n'}
[5.446053] (sdv_msgs) StdoutLine: {'line': b'[ 59%] \x1b[32mBuilding CXX object CMakeFiles/sdv_msgs__rosidl_typesupport_fastrtps_c.dir/rosidl_typesupport_fastrtps_c/sdv_msgs/msg/detail/lane_invasion_event__type_support_c.cpp.o\x1b[0m\n'}
[5.461151] (sdv_msgs) StdoutLine: {'line': b'[ 59%] Built target sdv_msgs__rosidl_typesupport_c\n'}
[5.514623] (-) TimerEvent: {}
[5.515246] (sdv_msgs) StdoutLine: {'line': b'[ 59%] \x1b[32mBuilding CXX object CMakeFiles/sdv_msgs__rosidl_typesupport_fastrtps_cpp.dir/rosidl_typesupport_fastrtps_cpp/sdv_msgs/msg/detail/dds_fastrtps/status__type_support.cpp.o\x1b[0m\n'}
[5.522296] (sdv_msgs) StdoutLine: {'line': b'[ 59%] \x1b[32mBuilding C object CMakeFiles/sdv_msgs__rosidl_typesupport_introspection_c.dir/rosidl_typesupport_introspection_c/sdv_msgs/msg/detail/vehicle_status__type_support.c.o\x1b[0m\n'}
[5.572585] (sdv_msgs) StdoutLine: {'line': b'[ 60%] \x1b[32mBuilding C object CMakeFiles/sdv_msgs__rosidl_typesupport_introspection_c.dir/rosidl_typesupport_introspection_c/sdv_msgs/msg/detail/vehicle_info_wheel__type_support.c.o\x1b[0m\n'}
[5.614723] (-) TimerEvent: {}
[5.662204] (sdv_msgs) StdoutLine: {'line': b'[ 61%] \x1b[32mBuilding CXX object CMakeFiles/sdv_msgs__rosidl_typesupport_fastrtps_cpp.dir/rosidl_typesupport_fastrtps_cpp/sdv_msgs/msg/detail/dds_fastrtps/vehicle_control__type_support.cpp.o\x1b[0m\n'}
[5.678398] (sdv_msgs) StdoutLine: {'line': b'[ 62%] \x1b[32mBuilding CXX object CMakeFiles/sdv_msgs__rosidl_typesupport_fastrtps_c.dir/rosidl_typesupport_fastrtps_c/sdv_msgs/msg/detail/status__type_support_c.cpp.o\x1b[0m\n'}
[5.686293] (sdv_msgs) StdoutLine: {'line': b'[ 63%] \x1b[32mBuilding CXX object CMakeFiles/sdv_msgs__rosidl_typesupport_fastrtps_cpp.dir/rosidl_typesupport_fastrtps_cpp/sdv_msgs/msg/detail/dds_fastrtps/vehicle_info__type_support.cpp.o\x1b[0m\n'}
[5.700080] (sdv_msgs) StdoutLine: {'line': b'[ 64%] \x1b[32mBuilding C object CMakeFiles/sdv_msgs__rosidl_typesupport_introspection_c.dir/rosidl_typesupport_introspection_c/sdv_msgs/msg/detail/guidance_waypoints__type_support.c.o\x1b[0m\n'}
[5.711801] (sdv_msgs) StdoutLine: {'line': b'[ 64%] \x1b[32mBuilding CXX object CMakeFiles/sdv_msgs__rosidl_typesupport_fastrtps_cpp.dir/rosidl_typesupport_fastrtps_cpp/sdv_msgs/msg/detail/dds_fastrtps/vehicle_status__type_support.cpp.o\x1b[0m\n'}
[5.714814] (-) TimerEvent: {}
[5.813737] (sdv_msgs) StdoutLine: {'line': b'[ 64%] \x1b[32mBuilding CXX object CMakeFiles/sdv_msgs__rosidl_typesupport_introspection_cpp.dir/rosidl_typesupport_introspection_cpp/sdv_msgs/msg/detail/vehicle_info_wheel__type_support.cpp.o\x1b[0m\n'}
[5.814891] (-) TimerEvent: {}
[5.849008] (vectornav_msgs) StdoutLine: {'line': b'[ 18%] \x1b[32mBuilding CXX object CMakeFiles/vectornav_msgs__rosidl_typesupport_cpp.dir/rosidl_typesupport_cpp/vectornav_msgs/msg/common_group__type_support.cpp.o\x1b[0m\n'}
[5.861474] (sdv_msgs) StdoutLine: {'line': b'[ 64%] \x1b[32mBuilding C object CMakeFiles/sdv_msgs__rosidl_typesupport_introspection_c.dir/rosidl_typesupport_introspection_c/sdv_msgs/msg/detail/eta_pose__type_support.c.o\x1b[0m\n'}
[5.881164] (sdv_msgs) StdoutLine: {'line': b'[ 65%] \x1b[32mBuilding CXX object CMakeFiles/sdv_msgs__rosidl_typesupport_introspection_cpp.dir/rosidl_typesupport_introspection_cpp/sdv_msgs/msg/detail/guidance_waypoints__type_support.cpp.o\x1b[0m\n'}
[5.882311] (vectornav_msgs) StdoutLine: {'line': b'[ 19%] \x1b[32mBuilding CXX object CMakeFiles/vectornav_msgs__rosidl_typesupport_cpp.dir/rosidl_typesupport_cpp/vectornav_msgs/msg/dop__type_support.cpp.o\x1b[0m\n'}
[5.893897] (vectornav_msgs) StdoutLine: {'line': b'[ 20%] \x1b[32mBuilding CXX object CMakeFiles/vectornav_msgs__rosidl_typesupport_cpp.dir/rosidl_typesupport_cpp/vectornav_msgs/msg/attitude_group__type_support.cpp.o\x1b[0m\n'}
[5.913783] (vectornav_msgs) StdoutLine: {'line': b'[ 21%] \x1b[32mBuilding CXX object CMakeFiles/vectornav_msgs__rosidl_typesupport_cpp.dir/rosidl_typesupport_cpp/vectornav_msgs/msg/gps_group__type_support.cpp.o\x1b[0m\n'}
[5.914971] (-) TimerEvent: {}
[5.976307] (vectornav_msgs) StdoutLine: {'line': b'[ 21%] \x1b[32mBuilding CXX object CMakeFiles/vectornav_msgs__rosidl_typesupport_cpp.dir/rosidl_typesupport_cpp/vectornav_msgs/msg/imu_group__type_support.cpp.o\x1b[0m\n'}
[5.987840] (vectornav_msgs) StdoutLine: {'line': b'[ 22%] \x1b[32mBuilding CXX object CMakeFiles/vectornav_msgs__rosidl_typesupport_cpp.dir/rosidl_typesupport_cpp/vectornav_msgs/msg/ins_group__type_support.cpp.o\x1b[0m\n'}
[6.012102] (sdv_msgs) StdoutLine: {'line': b'[ 67%] \x1b[32mBuilding C object CMakeFiles/sdv_msgs__rosidl_typesupport_introspection_c.dir/rosidl_typesupport_introspection_c/sdv_msgs/msg/detail/system_dynamics__type_support.c.o\x1b[0m\n'}
[6.015072] (-) TimerEvent: {}
[6.020511] (sdv_msgs) StdoutLine: {'line': b'[ 67%] \x1b[32mBuilding C object CMakeFiles/sdv_msgs__rosidl_typesupport_introspection_c.dir/rosidl_typesupport_introspection_c/sdv_msgs/msg/detail/thrust_control__type_support.c.o\x1b[0m\n'}
[6.042285] (vectornav_msgs) StdoutLine: {'line': b'[ 23%] \x1b[32mBuilding CXX object CMakeFiles/vectornav_msgs__rosidl_typesupport_cpp.dir/rosidl_typesupport_cpp/vectornav_msgs/msg/ins_status__type_support.cpp.o\x1b[0m\n'}
[6.115175] (-) TimerEvent: {}
[6.149875] (sdv_msgs) StdoutLine: {'line': b'[ 68%] \x1b[32mBuilding CXX object CMakeFiles/sdv_msgs__rosidl_typesupport_fastrtps_cpp.dir/rosidl_typesupport_fastrtps_cpp/sdv_msgs/msg/detail/dds_fastrtps/vehicle_info_wheel__type_support.cpp.o\x1b[0m\n'}
[6.209352] (sdv_msgs) StdoutLine: {'line': b'[ 69%] \x1b[32mBuilding CXX object CMakeFiles/sdv_msgs__rosidl_typesupport_introspection_cpp.dir/rosidl_typesupport_introspection_cpp/sdv_msgs/msg/detail/eta_pose__type_support.cpp.o\x1b[0m\n'}
[6.215282] (-) TimerEvent: {}
[6.234465] (sdv_msgs) StdoutLine: {'line': b'[ 70%] \x1b[32mBuilding C object CMakeFiles/sdv_msgs__rosidl_typesupport_introspection_c.dir/rosidl_typesupport_introspection_c/sdv_msgs/msg/detail/encoder__type_support.c.o\x1b[0m\n'}
[6.291048] (sdv_msgs) StdoutLine: {'line': b'[ 70%] \x1b[32mBuilding CXX object CMakeFiles/sdv_msgs__rosidl_typesupport_introspection_cpp.dir/rosidl_typesupport_introspection_cpp/sdv_msgs/msg/detail/system_dynamics__type_support.cpp.o\x1b[0m\n'}
[6.315383] (-) TimerEvent: {}
[6.415212] (sdv_msgs) StdoutLine: {'line': b'[ 71%] \x1b[32mBuilding CXX object CMakeFiles/sdv_msgs__rosidl_typesupport_fastrtps_cpp.dir/rosidl_typesupport_fastrtps_cpp/sdv_msgs/msg/detail/dds_fastrtps/guidance_waypoints__type_support.cpp.o\x1b[0m\n'}
[6.415467] (-) TimerEvent: {}
[6.421370] (sdv_msgs) StdoutLine: {'line': b'[ 72%] \x1b[32mBuilding CXX object CMakeFiles/sdv_msgs__rosidl_typesupport_introspection_cpp.dir/rosidl_typesupport_introspection_cpp/sdv_msgs/msg/detail/thrust_control__type_support.cpp.o\x1b[0m\n'}
[6.444350] (sdv_msgs) StdoutLine: {'line': b'[ 72%] \x1b[32m\x1b[1mLinking C shared library libsdv_msgs__rosidl_typesupport_introspection_c.so\x1b[0m\n'}
[6.515583] (-) TimerEvent: {}
[6.596357] (sdv_msgs) StdoutLine: {'line': b'[ 73%] \x1b[32mBuilding CXX object CMakeFiles/sdv_msgs__rosidl_typesupport_fastrtps_cpp.dir/rosidl_typesupport_fastrtps_cpp/sdv_msgs/msg/detail/dds_fastrtps/eta_pose__type_support.cpp.o\x1b[0m\n'}
[6.615706] (-) TimerEvent: {}
[6.687091] (vectornav_msgs) StdoutLine: {'line': b'[ 24%] \x1b[32mBuilding CXX object CMakeFiles/vectornav_msgs__rosidl_typesupport_cpp.dir/rosidl_typesupport_cpp/vectornav_msgs/msg/time_group__type_support.cpp.o\x1b[0m\n'}
[6.715834] (-) TimerEvent: {}
[6.722919] (sdv_msgs) StdoutLine: {'line': b'[ 73%] Built target sdv_msgs__rosidl_typesupport_introspection_c\n'}
[6.764202] (sdv_msgs) StdoutLine: {'line': b'[ 73%] \x1b[32mBuilding CXX object CMakeFiles/sdv_msgs__rosidl_typesupport_fastrtps_cpp.dir/rosidl_typesupport_fastrtps_cpp/sdv_msgs/msg/detail/dds_fastrtps/system_dynamics__type_support.cpp.o\x1b[0m\n'}
[6.764869] (sdv_msgs) StdoutLine: {'line': b'[ 74%] \x1b[32mBuilding CXX object CMakeFiles/sdv_msgs__rosidl_typesupport_fastrtps_c.dir/rosidl_typesupport_fastrtps_c/sdv_msgs/msg/detail/vehicle_control__type_support_c.cpp.o\x1b[0m\n'}
[6.814309] (vectornav_msgs) StdoutLine: {'line': b'[ 25%] \x1b[32mBuilding CXX object CMakeFiles/vectornav_msgs__rosidl_typesupport_cpp.dir/rosidl_typesupport_cpp/vectornav_msgs/msg/time_status__type_support.cpp.o\x1b[0m\n'}
[6.816110] (-) TimerEvent: {}
[6.846829] (vectornav_msgs) StdoutLine: {'line': b'[ 26%] \x1b[32mBuilding CXX object CMakeFiles/vectornav_msgs__rosidl_typesupport_cpp.dir/rosidl_typesupport_cpp/vectornav_msgs/msg/time_utc__type_support.cpp.o\x1b[0m\n'}
[6.916231] (-) TimerEvent: {}
[7.016776] (-) TimerEvent: {}
[7.117365] (-) TimerEvent: {}
[7.218228] (-) TimerEvent: {}
[7.318765] (-) TimerEvent: {}
[7.382601] (sdv_msgs) StdoutLine: {'line': b'[ 75%] \x1b[32mBuilding CXX object CMakeFiles/sdv_msgs__rosidl_typesupport_fastrtps_cpp.dir/rosidl_typesupport_fastrtps_cpp/sdv_msgs/msg/detail/dds_fastrtps/thrust_control__type_support.cpp.o\x1b[0m\n'}
[7.407377] (vectornav_msgs) StdoutLine: {'line': b'[ 26%] \x1b[32mBuilding CXX object CMakeFiles/vectornav_msgs__rosidl_typesupport_cpp.dir/rosidl_typesupport_cpp/vectornav_msgs/msg/vpe_status__type_support.cpp.o\x1b[0m\n'}
[7.410269] (sdv_msgs) StdoutLine: {'line': b'[ 75%] \x1b[32mBuilding CXX object CMakeFiles/sdv_msgs__rosidl_typesupport_fastrtps_c.dir/rosidl_typesupport_fastrtps_c/sdv_msgs/msg/detail/vehicle_info__type_support_c.cpp.o\x1b[0m\n'}
[7.422217] (-) TimerEvent: {}
[7.526219] (-) TimerEvent: {}
[7.605773] (vectornav_msgs) StdoutLine: {'line': b'[ 27%] \x1b[32mBuilding CXX object CMakeFiles/vectornav_msgs__rosidl_typesupport_cpp.dir/rosidl_typesupport_cpp/vectornav_msgs/action/mag_cal__type_support.cpp.o\x1b[0m\n'}
[7.626335] (-) TimerEvent: {}
[7.727331] (-) TimerEvent: {}
[7.747527] (sdv_msgs) StdoutLine: {'line': b'[ 76%] \x1b[32mBuilding CXX object CMakeFiles/sdv_msgs__rosidl_typesupport_introspection_cpp.dir/rosidl_typesupport_introspection_cpp/sdv_msgs/msg/detail/encoder__type_support.cpp.o\x1b[0m\n'}
[7.827437] (-) TimerEvent: {}
[7.878237] (sdv_msgs) StdoutLine: {'line': b'[ 77%] \x1b[32mBuilding CXX object CMakeFiles/sdv_msgs__rosidl_typesupport_fastrtps_cpp.dir/rosidl_typesupport_fastrtps_cpp/sdv_msgs/msg/detail/dds_fastrtps/encoder__type_support.cpp.o\x1b[0m\n'}
[7.927543] (-) TimerEvent: {}
[8.028064] (-) TimerEvent: {}
[8.074659] (sdv_msgs) StdoutLine: {'line': b'[ 78%] \x1b[32mBuilding CXX object CMakeFiles/sdv_msgs__rosidl_typesupport_fastrtps_c.dir/rosidl_typesupport_fastrtps_c/sdv_msgs/msg/detail/vehicle_status__type_support_c.cpp.o\x1b[0m\n'}
[8.131995] (-) TimerEvent: {}
[8.172773] (vectornav_msgs) StdoutLine: {'line': b'[ 28%] \x1b[32mBuilding CXX object CMakeFiles/vectornav_msgs__rosidl_typesupport_introspection_cpp.dir/rosidl_typesupport_introspection_cpp/vectornav_msgs/msg/detail/attitude_group__type_support.cpp.o\x1b[0m\n'}
[8.173658] (vectornav_msgs) StdoutLine: {'line': b'[ 28%] \x1b[32mBuilding CXX object CMakeFiles/vectornav_msgs__rosidl_typesupport_introspection_cpp.dir/rosidl_typesupport_introspection_cpp/vectornav_msgs/msg/detail/common_group__type_support.cpp.o\x1b[0m\n'}
[8.185862] (vectornav_msgs) StdoutLine: {'line': b'[ 29%] \x1b[32mBuilding CXX object CMakeFiles/vectornav_msgs__rosidl_typesupport_introspection_cpp.dir/rosidl_typesupport_introspection_cpp/vectornav_msgs/msg/detail/dop__type_support.cpp.o\x1b[0m\n'}
[8.202026] (vectornav_msgs) StdoutLine: {'line': b'[ 30%] \x1b[32mBuilding CXX object CMakeFiles/vectornav_msgs__rosidl_typesupport_introspection_cpp.dir/rosidl_typesupport_introspection_cpp/vectornav_msgs/msg/detail/gps_group__type_support.cpp.o\x1b[0m\n'}
[8.225868] (sdv_msgs) StdoutLine: {'line': b'[ 79%] \x1b[32mBuilding CXX object CMakeFiles/sdv_msgs__rosidl_typesupport_fastrtps_c.dir/rosidl_typesupport_fastrtps_c/sdv_msgs/msg/detail/guidance_waypoints__type_support_c.cpp.o\x1b[0m\n'}
[8.232105] (-) TimerEvent: {}
[8.237450] (sdv_msgs) StdoutLine: {'line': b'[ 80%] \x1b[32mBuilding CXX object CMakeFiles/sdv_msgs__rosidl_typesupport_fastrtps_c.dir/rosidl_typesupport_fastrtps_c/sdv_msgs/msg/detail/vehicle_info_wheel__type_support_c.cpp.o\x1b[0m\n'}
[8.283860] (sdv_msgs) StdoutLine: {'line': b'[ 80%] \x1b[32mBuilding CXX object CMakeFiles/sdv_msgs__rosidl_typesupport_fastrtps_c.dir/rosidl_typesupport_fastrtps_c/sdv_msgs/msg/detail/eta_pose__type_support_c.cpp.o\x1b[0m\n'}
[8.332236] (-) TimerEvent: {}
[8.341832] (vectornav_msgs) StdoutLine: {'line': b'[ 31%] \x1b[32mBuilding CXX object CMakeFiles/vectornav_msgs__rosidl_typesupport_introspection_cpp.dir/rosidl_typesupport_introspection_cpp/vectornav_msgs/msg/detail/imu_group__type_support.cpp.o\x1b[0m\n'}
[8.344138] (sdv_msgs) StdoutLine: {'line': b'[ 81%] \x1b[32mBuilding CXX object CMakeFiles/sdv_msgs__rosidl_typesupport_fastrtps_c.dir/rosidl_typesupport_fastrtps_c/sdv_msgs/msg/detail/system_dynamics__type_support_c.cpp.o\x1b[0m\n'}
[8.380330] (vectornav_msgs) StdoutLine: {'line': b'[ 32%] \x1b[32mBuilding CXX object CMakeFiles/vectornav_msgs__rosidl_typesupport_introspection_cpp.dir/rosidl_typesupport_introspection_cpp/vectornav_msgs/msg/detail/ins_group__type_support.cpp.o\x1b[0m\n'}
[8.427993] (sdv_msgs) StdoutLine: {'line': b'[ 82%] \x1b[32mBuilding CXX object CMakeFiles/sdv_msgs__rosidl_typesupport_fastrtps_c.dir/rosidl_typesupport_fastrtps_c/sdv_msgs/msg/detail/thrust_control__type_support_c.cpp.o\x1b[0m\n'}
[8.432340] (-) TimerEvent: {}
[8.472664] (sdv_msgs) StdoutLine: {'line': b'[ 82%] \x1b[32mBuilding CXX object CMakeFiles/sdv_msgs__rosidl_typesupport_fastrtps_c.dir/rosidl_typesupport_fastrtps_c/sdv_msgs/msg/detail/encoder__type_support_c.cpp.o\x1b[0m\n'}
[8.535863] (-) TimerEvent: {}
[8.636465] (-) TimerEvent: {}
[8.736792] (vectornav_msgs) StdoutLine: {'line': b'[ 33%] \x1b[32mBuilding C object CMakeFiles/vectornav_msgs__rosidl_typesupport_introspection_c.dir/rosidl_typesupport_introspection_c/vectornav_msgs/msg/detail/attitude_group__type_support.c.o\x1b[0m\n'}
[8.737036] (-) TimerEvent: {}
[8.740070] (sdv_msgs) StdoutLine: {'line': b'[ 83%] \x1b[32m\x1b[1mLinking CXX shared library libsdv_msgs__rosidl_typesupport_introspection_cpp.so\x1b[0m\n'}
[8.837151] (-) TimerEvent: {}
[8.873310] (vectornav_msgs) StdoutLine: {'line': b'[ 34%] \x1b[32mBuilding C object CMakeFiles/vectornav_msgs__rosidl_typesupport_introspection_c.dir/rosidl_typesupport_introspection_c/vectornav_msgs/msg/detail/common_group__type_support.c.o\x1b[0m\n'}
[8.887163] (vectornav_msgs) StdoutLine: {'line': b'[ 35%] \x1b[32mBuilding CXX object CMakeFiles/vectornav_msgs__rosidl_typesupport_fastrtps_cpp.dir/rosidl_typesupport_fastrtps_cpp/vectornav_msgs/msg/detail/dds_fastrtps/attitude_group__type_support.cpp.o\x1b[0m\n'}
[8.901811] (vectornav_msgs) StdoutLine: {'line': b'[ 36%] \x1b[32mBuilding CXX object CMakeFiles/vectornav_msgs__rosidl_typesupport_fastrtps_cpp.dir/rosidl_typesupport_fastrtps_cpp/vectornav_msgs/msg/detail/dds_fastrtps/common_group__type_support.cpp.o\x1b[0m\n'}
[8.937258] (-) TimerEvent: {}
[8.960836] (vectornav_msgs) StdoutLine: {'line': b'[ 37%] \x1b[32mBuilding CXX object CMakeFiles/vectornav_msgs__rosidl_typesupport_c.dir/rosidl_typesupport_c/vectornav_msgs/msg/attitude_group__type_support.cpp.o\x1b[0m\n'}
[8.986810] (vectornav_msgs) StdoutLine: {'line': b'[ 38%] \x1b[32mBuilding C object CMakeFiles/vectornav_msgs__rosidl_typesupport_introspection_c.dir/rosidl_typesupport_introspection_c/vectornav_msgs/msg/detail/dop__type_support.c.o\x1b[0m\n'}
[9.007617] (vectornav_msgs) StdoutLine: {'line': b'[ 39%] \x1b[32m\x1b[1mLinking CXX shared library libvectornav_msgs__rosidl_typesupport_cpp.so\x1b[0m\n'}
[9.010001] (vectornav_msgs) StdoutLine: {'line': b'[ 39%] \x1b[32mBuilding CXX object CMakeFiles/vectornav_msgs__rosidl_typesupport_c.dir/rosidl_typesupport_c/vectornav_msgs/msg/common_group__type_support.cpp.o\x1b[0m\n'}
[9.037371] (-) TimerEvent: {}
[9.084935] (vectornav_msgs) StdoutLine: {'line': b'[ 40%] \x1b[32mBuilding CXX object CMakeFiles/vectornav_msgs__rosidl_typesupport_fastrtps_cpp.dir/rosidl_typesupport_fastrtps_cpp/vectornav_msgs/msg/detail/dds_fastrtps/dop__type_support.cpp.o\x1b[0m\n'}
[9.092888] (sdv_msgs) StdoutLine: {'line': b'[ 83%] Built target sdv_msgs__rosidl_typesupport_introspection_cpp\n'}
[9.097265] (vectornav_msgs) StdoutLine: {'line': b'[ 40%] \x1b[32mBuilding C object CMakeFiles/vectornav_msgs__rosidl_typesupport_introspection_c.dir/rosidl_typesupport_introspection_c/vectornav_msgs/msg/detail/gps_group__type_support.c.o\x1b[0m\n'}
[9.132404] (sdv_msgs) StdoutLine: {'line': b'[ 83%] \x1b[32m\x1b[1mLinking CXX shared library libsdv_msgs__rosidl_typesupport_fastrtps_cpp.so\x1b[0m\n'}
[9.137476] (-) TimerEvent: {}
[9.161470] (vectornav_msgs) StdoutLine: {'line': b'[ 41%] \x1b[32mBuilding CXX object CMakeFiles/vectornav_msgs__rosidl_typesupport_c.dir/rosidl_typesupport_c/vectornav_msgs/msg/dop__type_support.cpp.o\x1b[0m\n'}
[9.205388] (vectornav_msgs) StdoutLine: {'line': b'[ 41%] Built target vectornav_msgs__rosidl_typesupport_cpp\n'}
[9.221065] (vectornav_msgs) StdoutLine: {'line': b'[ 42%] \x1b[32mBuilding CXX object CMakeFiles/vectornav_msgs__rosidl_typesupport_c.dir/rosidl_typesupport_c/vectornav_msgs/msg/gps_group__type_support.cpp.o\x1b[0m\n'}
[9.226976] (vectornav_msgs) StdoutLine: {'line': b'[ 43%] \x1b[32mBuilding C object CMakeFiles/vectornav_msgs__rosidl_typesupport_introspection_c.dir/rosidl_typesupport_introspection_c/vectornav_msgs/msg/detail/ins_group__type_support.c.o\x1b[0m\n'}
[9.237585] (-) TimerEvent: {}
[9.255775] (vectornav_msgs) StdoutLine: {'line': b'[ 44%] \x1b[32mBuilding C object CMakeFiles/vectornav_msgs__rosidl_typesupport_introspection_c.dir/rosidl_typesupport_introspection_c/vectornav_msgs/msg/detail/imu_group__type_support.c.o\x1b[0m\n'}
[9.315408] (vectornav_msgs) StdoutLine: {'line': b'[ 45%] \x1b[32mBuilding CXX object CMakeFiles/vectornav_msgs__rosidl_typesupport_fastrtps_cpp.dir/rosidl_typesupport_fastrtps_cpp/vectornav_msgs/msg/detail/dds_fastrtps/gps_group__type_support.cpp.o\x1b[0m\n'}
[9.328172] (vectornav_msgs) StdoutLine: {'line': b'[ 46%] \x1b[32mBuilding CXX object CMakeFiles/vectornav_msgs__rosidl_typesupport_c.dir/rosidl_typesupport_c/vectornav_msgs/msg/imu_group__type_support.cpp.o\x1b[0m\n'}
[9.332041] (vectornav_msgs) StdoutLine: {'line': b'[ 46%] \x1b[32mBuilding CXX object CMakeFiles/vectornav_msgs__rosidl_typesupport_introspection_cpp.dir/rosidl_typesupport_introspection_cpp/vectornav_msgs/msg/detail/ins_status__type_support.cpp.o\x1b[0m\n'}
[9.335058] (vectornav_msgs) StdoutLine: {'line': b'[ 47%] \x1b[32mBuilding C object CMakeFiles/vectornav_msgs__rosidl_typesupport_introspection_c.dir/rosidl_typesupport_introspection_c/vectornav_msgs/msg/detail/ins_status__type_support.c.o\x1b[0m\n'}
[9.337690] (-) TimerEvent: {}
[9.341342] (vectornav_msgs) StdoutLine: {'line': b'[ 48%] \x1b[32mBuilding C object CMakeFiles/vectornav_msgs__rosidl_typesupport_introspection_c.dir/rosidl_typesupport_introspection_c/vectornav_msgs/msg/detail/time_group__type_support.c.o\x1b[0m\n'}
[9.347235] (vectornav_msgs) StdoutLine: {'line': b'[ 49%] \x1b[32mBuilding CXX object CMakeFiles/vectornav_msgs__rosidl_typesupport_fastrtps_cpp.dir/rosidl_typesupport_fastrtps_cpp/vectornav_msgs/msg/detail/dds_fastrtps/imu_group__type_support.cpp.o\x1b[0m\n'}
[9.360010] (vectornav_msgs) StdoutLine: {'line': b'[ 50%] \x1b[32mBuilding CXX object CMakeFiles/vectornav_msgs__rosidl_typesupport_introspection_cpp.dir/rosidl_typesupport_introspection_cpp/vectornav_msgs/msg/detail/time_group__type_support.cpp.o\x1b[0m\n'}
[9.365632] (sdv_msgs) StdoutLine: {'line': b'[ 83%] Built target sdv_msgs__rosidl_typesupport_fastrtps_cpp\n'}
[9.370499] (sdv_msgs) StdoutLine: {'line': b'[ 84%] \x1b[32m\x1b[1mLinking CXX shared library libsdv_msgs__rosidl_typesupport_fastrtps_c.so\x1b[0m\n'}
[9.385514] (vectornav_msgs) StdoutLine: {'line': b'[ 51%] \x1b[32mBuilding CXX object CMakeFiles/vectornav_msgs__rosidl_typesupport_c.dir/rosidl_typesupport_c/vectornav_msgs/msg/ins_group__type_support.cpp.o\x1b[0m\n'}
[9.388956] (vectornav_msgs) StdoutLine: {'line': b'[ 52%] \x1b[32mBuilding CXX object CMakeFiles/vectornav_msgs__rosidl_typesupport_c.dir/rosidl_typesupport_c/vectornav_msgs/msg/ins_status__type_support.cpp.o\x1b[0m\n'}
[9.397536] (vectornav_msgs) StdoutLine: {'line': b'[ 53%] \x1b[32mBuilding C object CMakeFiles/vectornav_msgs__rosidl_typesupport_introspection_c.dir/rosidl_typesupport_introspection_c/vectornav_msgs/msg/detail/time_status__type_support.c.o\x1b[0m\n'}
[9.422576] (vectornav_msgs) StdoutLine: {'line': b'[ 54%] \x1b[32mBuilding CXX object CMakeFiles/vectornav_msgs__rosidl_typesupport_introspection_cpp.dir/rosidl_typesupport_introspection_cpp/vectornav_msgs/msg/detail/time_status__type_support.cpp.o\x1b[0m\n'}
[9.429088] (vectornav_msgs) StdoutLine: {'line': b'[ 54%] \x1b[32mBuilding CXX object CMakeFiles/vectornav_msgs__rosidl_typesupport_c.dir/rosidl_typesupport_c/vectornav_msgs/msg/time_group__type_support.cpp.o\x1b[0m\n'}
[9.437797] (-) TimerEvent: {}
[9.446521] (vectornav_msgs) StdoutLine: {'line': b'[ 55%] \x1b[32mBuilding C object CMakeFiles/vectornav_msgs__rosidl_typesupport_introspection_c.dir/rosidl_typesupport_introspection_c/vectornav_msgs/msg/detail/time_utc__type_support.c.o\x1b[0m\n'}
[9.469502] (vectornav_msgs) StdoutLine: {'line': b'[ 56%] \x1b[32mBuilding CXX object CMakeFiles/vectornav_msgs__rosidl_typesupport_fastrtps_c.dir/rosidl_typesupport_fastrtps_c/vectornav_msgs/msg/detail/attitude_group__type_support_c.cpp.o\x1b[0m\n'}
[9.476115] (vectornav_msgs) StdoutLine: {'line': b'[ 57%] \x1b[32mBuilding CXX object CMakeFiles/vectornav_msgs__rosidl_typesupport_c.dir/rosidl_typesupport_c/vectornav_msgs/msg/time_status__type_support.cpp.o\x1b[0m\n'}
[9.479696] (vectornav_msgs) StdoutLine: {'line': b'[ 58%] \x1b[32mBuilding CXX object CMakeFiles/vectornav_msgs__rosidl_typesupport_introspection_cpp.dir/rosidl_typesupport_introspection_cpp/vectornav_msgs/msg/detail/time_utc__type_support.cpp.o\x1b[0m\n'}
[9.513549] (vectornav_msgs) StdoutLine: {'line': b'[ 58%] \x1b[32mBuilding C object CMakeFiles/vectornav_msgs__rosidl_typesupport_introspection_c.dir/rosidl_typesupport_introspection_c/vectornav_msgs/msg/detail/vpe_status__type_support.c.o\x1b[0m\n'}
[9.524055] (vectornav_msgs) StdoutLine: {'line': b'[ 59%] \x1b[32mBuilding CXX object CMakeFiles/vectornav_msgs__rosidl_typesupport_c.dir/rosidl_typesupport_c/vectornav_msgs/msg/time_utc__type_support.cpp.o\x1b[0m\n'}
[9.526580] (sdv_msgs) StdoutLine: {'line': b'[ 84%] Built target sdv_msgs__rosidl_typesupport_fastrtps_c\n'}
[9.537902] (-) TimerEvent: {}
[9.577916] (vectornav_msgs) StdoutLine: {'line': b'[ 60%] \x1b[32mBuilding C object CMakeFiles/vectornav_msgs__rosidl_typesupport_introspection_c.dir/rosidl_typesupport_introspection_c/vectornav_msgs/action/detail/mag_cal__type_support.c.o\x1b[0m\n'}
[9.587529] (vectornav_msgs) StdoutLine: {'line': b'[ 60%] \x1b[32mBuilding CXX object CMakeFiles/vectornav_msgs__rosidl_typesupport_fastrtps_cpp.dir/rosidl_typesupport_fastrtps_cpp/vectornav_msgs/msg/detail/dds_fastrtps/ins_group__type_support.cpp.o\x1b[0m\n'}
[9.588379] (vectornav_msgs) StdoutLine: {'line': b'[ 61%] \x1b[32mBuilding CXX object CMakeFiles/vectornav_msgs__rosidl_typesupport_c.dir/rosidl_typesupport_c/vectornav_msgs/msg/vpe_status__type_support.cpp.o\x1b[0m\n'}
[9.590853] (sdv_msgs) StdoutLine: {'line': b'[ 84%] Built target sdv_msgs\n'}
[9.638015] (-) TimerEvent: {}
[9.644675] (vectornav_msgs) StdoutLine: {'line': b'[ 62%] \x1b[32mBuilding CXX object CMakeFiles/vectornav_msgs__rosidl_typesupport_fastrtps_cpp.dir/rosidl_typesupport_fastrtps_cpp/vectornav_msgs/msg/detail/dds_fastrtps/ins_status__type_support.cpp.o\x1b[0m\n'}
[9.646797] (sdv_msgs) StdoutLine: {'line': b'[ 85%] \x1b[34m\x1b[1mGenerating Python code for ROS interfaces\x1b[0m\n'}
[9.655481] (vectornav_msgs) StdoutLine: {'line': b'[ 63%] \x1b[32mBuilding CXX object CMakeFiles/vectornav_msgs__rosidl_typesupport_c.dir/rosidl_typesupport_c/vectornav_msgs/action/mag_cal__type_support.cpp.o\x1b[0m\n'}
[9.723859] (vectornav_msgs) StdoutLine: {'line': b'[ 64%] \x1b[32m\x1b[1mLinking C shared library libvectornav_msgs__rosidl_typesupport_introspection_c.so\x1b[0m\n'}
[9.738119] (-) TimerEvent: {}
[9.754442] (vectornav_msgs) StdoutLine: {'line': b'[ 65%] \x1b[32m\x1b[1mLinking CXX shared library libvectornav_msgs__rosidl_typesupport_c.so\x1b[0m\n'}
[9.804948] (vectornav_msgs) StdoutLine: {'line': b'[ 66%] \x1b[32mBuilding CXX object CMakeFiles/vectornav_msgs__rosidl_typesupport_fastrtps_cpp.dir/rosidl_typesupport_fastrtps_cpp/vectornav_msgs/msg/detail/dds_fastrtps/time_group__type_support.cpp.o\x1b[0m\n'}
[9.826013] (vectornav_msgs) StdoutLine: {'line': b'[ 66%] Built target vectornav_msgs__rosidl_typesupport_c\n'}
[9.838279] (-) TimerEvent: {}
[9.840274] (vectornav_msgs) StdoutLine: {'line': b'[ 67%] \x1b[32mBuilding CXX object CMakeFiles/vectornav_msgs__rosidl_typesupport_fastrtps_cpp.dir/rosidl_typesupport_fastrtps_cpp/vectornav_msgs/msg/detail/dds_fastrtps/time_status__type_support.cpp.o\x1b[0m\n'}
[9.885984] (vectornav_msgs) StdoutLine: {'line': b'[ 67%] Built target vectornav_msgs__rosidl_typesupport_introspection_c\n'}
[9.924382] (vectornav_msgs) StdoutLine: {'line': b'[ 68%] \x1b[32mBuilding CXX object CMakeFiles/vectornav_msgs__rosidl_typesupport_fastrtps_cpp.dir/rosidl_typesupport_fastrtps_cpp/vectornav_msgs/msg/detail/dds_fastrtps/time_utc__type_support.cpp.o\x1b[0m\n'}
[9.938378] (-) TimerEvent: {}
[9.952821] (vectornav_msgs) StdoutLine: {'line': b'[ 69%] \x1b[32mBuilding CXX object CMakeFiles/vectornav_msgs__rosidl_typesupport_fastrtps_c.dir/rosidl_typesupport_fastrtps_c/vectornav_msgs/msg/detail/common_group__type_support_c.cpp.o\x1b[0m\n'}
[9.983511] (vectornav_msgs) StdoutLine: {'line': b'[ 70%] \x1b[32mBuilding CXX object CMakeFiles/vectornav_msgs__rosidl_typesupport_fastrtps_cpp.dir/rosidl_typesupport_fastrtps_cpp/vectornav_msgs/msg/detail/dds_fastrtps/vpe_status__type_support.cpp.o\x1b[0m\n'}
[10.008737] (vectornav_msgs) StdoutLine: {'line': b'[ 71%] \x1b[32mBuilding CXX object CMakeFiles/vectornav_msgs__rosidl_typesupport_introspection_cpp.dir/rosidl_typesupport_introspection_cpp/vectornav_msgs/msg/detail/vpe_status__type_support.cpp.o\x1b[0m\n'}
[10.015780] (vectornav_msgs) StdoutLine: {'line': b'[ 71%] \x1b[32mBuilding CXX object CMakeFiles/vectornav_msgs__rosidl_typesupport_fastrtps_cpp.dir/rosidl_typesupport_fastrtps_cpp/vectornav_msgs/action/detail/dds_fastrtps/mag_cal__type_support.cpp.o\x1b[0m\n'}
[10.038481] (-) TimerEvent: {}
[10.050574] (vectornav_msgs) StdoutLine: {'line': b'[ 71%] \x1b[32mBuilding CXX object CMakeFiles/vectornav_msgs__rosidl_typesupport_fastrtps_c.dir/rosidl_typesupport_fastrtps_c/vectornav_msgs/msg/detail/dop__type_support_c.cpp.o\x1b[0m\n'}
[10.075445] (vectornav_msgs) StdoutLine: {'line': b'[ 72%] \x1b[32mBuilding CXX object CMakeFiles/vectornav_msgs__rosidl_typesupport_introspection_cpp.dir/rosidl_typesupport_introspection_cpp/vectornav_msgs/action/detail/mag_cal__type_support.cpp.o\x1b[0m\n'}
[10.138581] (-) TimerEvent: {}
[10.194084] (vectornav_msgs) StdoutLine: {'line': b'[ 73%] \x1b[32mBuilding CXX object CMakeFiles/vectornav_msgs__rosidl_typesupport_fastrtps_c.dir/rosidl_typesupport_fastrtps_c/vectornav_msgs/msg/detail/gps_group__type_support_c.cpp.o\x1b[0m\n'}
[10.238689] (-) TimerEvent: {}
[10.296616] (vectornav_msgs) StdoutLine: {'line': b'[ 74%] \x1b[32mBuilding CXX object CMakeFiles/vectornav_msgs__rosidl_typesupport_fastrtps_c.dir/rosidl_typesupport_fastrtps_c/vectornav_msgs/msg/detail/imu_group__type_support_c.cpp.o\x1b[0m\n'}
[10.332571] (vectornav_msgs) StdoutLine: {'line': b'[ 75%] \x1b[32mBuilding CXX object CMakeFiles/vectornav_msgs__rosidl_typesupport_fastrtps_c.dir/rosidl_typesupport_fastrtps_c/vectornav_msgs/msg/detail/ins_group__type_support_c.cpp.o\x1b[0m\n'}
[10.338790] (-) TimerEvent: {}
[10.439264] (-) TimerEvent: {}
[10.467777] (vectornav_msgs) StdoutLine: {'line': b'[ 76%] \x1b[32mBuilding CXX object CMakeFiles/vectornav_msgs__rosidl_typesupport_fastrtps_c.dir/rosidl_typesupport_fastrtps_c/vectornav_msgs/msg/detail/ins_status__type_support_c.cpp.o\x1b[0m\n'}
[10.486768] (vectornav_msgs) StdoutLine: {'line': b'[ 77%] \x1b[32mBuilding CXX object CMakeFiles/vectornav_msgs__rosidl_typesupport_fastrtps_c.dir/rosidl_typesupport_fastrtps_c/vectornav_msgs/msg/detail/time_group__type_support_c.cpp.o\x1b[0m\n'}
[10.500278] (vectornav_msgs) StdoutLine: {'line': b'[ 77%] \x1b[32mBuilding CXX object CMakeFiles/vectornav_msgs__rosidl_typesupport_fastrtps_c.dir/rosidl_typesupport_fastrtps_c/vectornav_msgs/msg/detail/time_status__type_support_c.cpp.o\x1b[0m\n'}
[10.539370] (-) TimerEvent: {}
[10.580655] (vectornav_msgs) StdoutLine: {'line': b'[ 78%] \x1b[32mBuilding CXX object CMakeFiles/vectornav_msgs__rosidl_typesupport_fastrtps_c.dir/rosidl_typesupport_fastrtps_c/vectornav_msgs/msg/detail/time_utc__type_support_c.cpp.o\x1b[0m\n'}
[10.599254] (vectornav_msgs) StdoutLine: {'line': b'[ 79%] \x1b[32mBuilding CXX object CMakeFiles/vectornav_msgs__rosidl_typesupport_fastrtps_c.dir/rosidl_typesupport_fastrtps_c/vectornav_msgs/action/detail/mag_cal__type_support_c.cpp.o\x1b[0m\n'}
[10.623473] (vectornav_msgs) StdoutLine: {'line': b'[ 80%] \x1b[32mBuilding CXX object CMakeFiles/vectornav_msgs__rosidl_typesupport_fastrtps_c.dir/rosidl_typesupport_fastrtps_c/vectornav_msgs/msg/detail/vpe_status__type_support_c.cpp.o\x1b[0m\n'}
[10.639472] (-) TimerEvent: {}
[10.739960] (-) TimerEvent: {}
[10.840430] (-) TimerEvent: {}
[10.940909] (-) TimerEvent: {}
[10.986509] (vectornav_msgs) StdoutLine: {'line': b'[ 81%] \x1b[32m\x1b[1mLinking CXX shared library libvectornav_msgs__rosidl_typesupport_fastrtps_cpp.so\x1b[0m\n'}
[11.041024] (-) TimerEvent: {}
[11.075335] (vectornav_msgs) StdoutLine: {'line': b'[ 81%] Built target vectornav_msgs__rosidl_typesupport_fastrtps_cpp\n'}
[11.077384] (vectornav_msgs) StdoutLine: {'line': b'[ 82%] \x1b[32m\x1b[1mLinking CXX shared library libvectornav_msgs__rosidl_typesupport_introspection_cpp.so\x1b[0m\n'}
[11.141113] (-) TimerEvent: {}
[11.147708] (vectornav_msgs) StdoutLine: {'line': b'[ 82%] Built target vectornav_msgs__rosidl_typesupport_introspection_cpp\n'}
[11.175658] (vectornav_msgs) StdoutLine: {'line': b'[ 83%] \x1b[32m\x1b[1mLinking CXX shared library libvectornav_msgs__rosidl_typesupport_fastrtps_c.so\x1b[0m\n'}
[11.241202] (-) TimerEvent: {}
[11.243378] (vectornav_msgs) StdoutLine: {'line': b'[ 83%] Built target vectornav_msgs__rosidl_typesupport_fastrtps_c\n'}
[11.260799] (vectornav_msgs) StdoutLine: {'line': b'[ 83%] Built target vectornav_msgs\n'}
[11.279129] (vectornav_msgs) StdoutLine: {'line': b'[ 84%] \x1b[34m\x1b[1mGenerating Python code for ROS interfaces\x1b[0m\n'}
[11.341325] (-) TimerEvent: {}
[11.441568] (-) TimerEvent: {}
[11.541807] (-) TimerEvent: {}
[11.642100] (-) TimerEvent: {}
[11.742349] (-) TimerEvent: {}
[11.842586] (-) TimerEvent: {}
[11.942824] (-) TimerEvent: {}
[12.043068] (-) TimerEvent: {}
[12.143324] (-) TimerEvent: {}
[12.243586] (-) TimerEvent: {}
[12.343854] (-) TimerEvent: {}
[12.433936] (sdv_msgs) StdoutLine: {'line': b'[ 85%] Built target sdv_msgs__py\n'}
[12.443939] (-) TimerEvent: {}
[12.454777] (sdv_msgs) StdoutLine: {'line': b'[ 87%] \x1b[32mBuilding C object CMakeFiles/sdv_msgs__rosidl_generator_py.dir/rosidl_generator_py/sdv_msgs/msg/_panel_msg_s.c.o\x1b[0m\n'}
[12.455689] (sdv_msgs) StdoutLine: {'line': b'[ 87%] \x1b[32mBuilding C object CMakeFiles/sdv_msgs__rosidl_generator_py.dir/rosidl_generator_py/sdv_msgs/msg/_xbox_msg_s.c.o\x1b[0m\n'}
[12.456338] (sdv_msgs) StdoutLine: {'line': b'[ 87%] \x1b[32mBuilding C object CMakeFiles/sdv_msgs__rosidl_generator_py.dir/rosidl_generator_py/sdv_msgs/msg/_collision_event_s.c.o\x1b[0m\n'}
[12.456465] (sdv_msgs) StdoutLine: {'line': b'[ 87%] \x1b[32mBuilding C object CMakeFiles/sdv_msgs__rosidl_generator_py.dir/rosidl_generator_py/sdv_msgs/msg/_lane_invasion_event_s.c.o\x1b[0m\n'}
[12.456586] (sdv_msgs) StdoutLine: {'line': b'[ 88%] \x1b[32mBuilding C object CMakeFiles/sdv_msgs__rosidl_generator_py.dir/rosidl_generator_py/sdv_msgs/msg/_vehicle_control_s.c.o\x1b[0m\n'}
[12.456692] (sdv_msgs) StdoutLine: {'line': b'[ 90%] \x1b[32mBuilding C object CMakeFiles/sdv_msgs__rosidl_generator_py.dir/rosidl_generator_py/sdv_msgs/msg/_status_s.c.o\x1b[0m\n'}
[12.456795] (sdv_msgs) StdoutLine: {'line': b'[ 88%] \x1b[32mBuilding C object CMakeFiles/sdv_msgs__rosidl_generator_py.dir/rosidl_generator_py/sdv_msgs/msg/_vehicle_info_s.c.o\x1b[0m\n'}
[12.456896] (sdv_msgs) StdoutLine: {'line': b'[ 90%] \x1b[32mBuilding C object CMakeFiles/sdv_msgs__rosidl_generator_py.dir/rosidl_generator_py/sdv_msgs/msg/_vehicle_status_s.c.o\x1b[0m\n'}
[12.462031] (sdv_msgs) StdoutLine: {'line': b'[ 91%] \x1b[32mBuilding C object CMakeFiles/sdv_msgs__rosidl_generator_py.dir/rosidl_generator_py/sdv_msgs/msg/_throttle_msg_s.c.o\x1b[0m\n'}
[12.466297] (sdv_msgs) StdoutLine: {'line': b'[ 92%] \x1b[32mBuilding C object CMakeFiles/sdv_msgs__rosidl_generator_py.dir/rosidl_generator_py/sdv_msgs/msg/_vehicle_info_wheel_s.c.o\x1b[0m\n'}
[12.473568] (sdv_msgs) StdoutLine: {'line': b'[ 93%] \x1b[32mBuilding C object CMakeFiles/sdv_msgs__rosidl_generator_py.dir/rosidl_generator_py/sdv_msgs/msg/_eta_pose_s.c.o\x1b[0m\n'}
[12.474340] (sdv_msgs) StdoutLine: {'line': b'[ 93%] \x1b[32mBuilding C object CMakeFiles/sdv_msgs__rosidl_generator_py.dir/rosidl_generator_py/sdv_msgs/msg/_guidance_waypoints_s.c.o\x1b[0m\n'}
[12.554356] (-) TimerEvent: {}
[12.650191] (sdv_msgs) StdoutLine: {'line': b'[ 94%] \x1b[32mBuilding C object CMakeFiles/sdv_msgs__rosidl_generator_py.dir/rosidl_generator_py/sdv_msgs/msg/_system_dynamics_s.c.o\x1b[0m\n'}
[12.650670] (sdv_msgs) StdoutLine: {'line': b'[ 95%] \x1b[32mBuilding C object CMakeFiles/sdv_msgs__rosidl_generator_py.dir/rosidl_generator_py/sdv_msgs/msg/_thrust_control_s.c.o\x1b[0m\n'}
[12.654221] (sdv_msgs) StdoutLine: {'line': b'[ 95%] \x1b[32mBuilding C object CMakeFiles/sdv_msgs__rosidl_generator_py.dir/rosidl_generator_py/sdv_msgs/msg/_encoder_s.c.o\x1b[0m\n'}
[12.654459] (-) TimerEvent: {}
[12.754696] (-) TimerEvent: {}
[12.811366] (sdv_msgs) StdoutLine: {'line': b'[ 96%] \x1b[32m\x1b[1mLinking C shared library rosidl_generator_py/sdv_msgs/libsdv_msgs__rosidl_generator_py.so\x1b[0m\n'}
[12.854810] (-) TimerEvent: {}
[12.869877] (sdv_msgs) StdoutLine: {'line': b'[ 96%] Built target sdv_msgs__rosidl_generator_py\n'}
[12.893033] (sdv_msgs) StdoutLine: {'line': b'[ 97%] \x1b[32mBuilding C object CMakeFiles/sdv_msgs__rosidl_typesupport_introspection_c__pyext.dir/rosidl_generator_py/sdv_msgs/_sdv_msgs_s.ep.rosidl_typesupport_introspection_c.c.o\x1b[0m\n'}
[12.895211] (sdv_msgs) StdoutLine: {'line': b'[ 98%] \x1b[32mBuilding C object CMakeFiles/sdv_msgs__rosidl_typesupport_fastrtps_c__pyext.dir/rosidl_generator_py/sdv_msgs/_sdv_msgs_s.ep.rosidl_typesupport_fastrtps_c.c.o\x1b[0m\n'}
[12.895879] (sdv_msgs) StdoutLine: {'line': b'[ 99%] \x1b[32mBuilding C object CMakeFiles/sdv_msgs__rosidl_typesupport_c__pyext.dir/rosidl_generator_py/sdv_msgs/_sdv_msgs_s.ep.rosidl_typesupport_c.c.o\x1b[0m\n'}
[12.954904] (-) TimerEvent: {}
[13.032315] (sdv_msgs) StdoutLine: {'line': b'[ 99%] \x1b[32m\x1b[1mLinking C shared library rosidl_generator_py/sdv_msgs/sdv_msgs_s__rosidl_typesupport_c.cpython-310-x86_64-linux-gnu.so\x1b[0m\n'}
[13.035867] (sdv_msgs) StdoutLine: {'line': b'[ 99%] \x1b[32m\x1b[1mLinking C shared library rosidl_generator_py/sdv_msgs/sdv_msgs_s__rosidl_typesupport_fastrtps_c.cpython-310-x86_64-linux-gnu.so\x1b[0m\n'}
[13.048820] (sdv_msgs) StdoutLine: {'line': b'[100%] \x1b[32m\x1b[1mLinking C shared library rosidl_generator_py/sdv_msgs/sdv_msgs_s__rosidl_typesupport_introspection_c.cpython-310-x86_64-linux-gnu.so\x1b[0m\n'}
[13.055003] (-) TimerEvent: {}
[13.073648] (sdv_msgs) StdoutLine: {'line': b'[100%] Built target sdv_msgs__rosidl_typesupport_c__pyext\n'}
[13.077196] (sdv_msgs) StdoutLine: {'line': b'[100%] Built target sdv_msgs__rosidl_typesupport_fastrtps_c__pyext\n'}
[13.094256] (sdv_msgs) StdoutLine: {'line': b'[100%] Built target sdv_msgs__rosidl_typesupport_introspection_c__pyext\n'}
[13.111538] (sdv_msgs) CommandEnded: {'returncode': 0}
[13.156714] (-) TimerEvent: {}
[13.257312] (-) TimerEvent: {}
[13.358136] (-) TimerEvent: {}
[13.458646] (-) TimerEvent: {}
[13.464325] (sdv_msgs) JobProgress: {'identifier': 'sdv_msgs', 'progress': 'install'}
[13.479818] (sdv_msgs) Command: {'cmd': ['/usr/bin/cmake', '--install', '/home/fcanof/vanttec_sdv/build/sdv_msgs'], 'cwd': '/home/fcanof/vanttec_sdv/build/sdv_msgs', 'env': OrderedDict([('GJS_DEBUG_TOPICS', 'JS ERROR;JS LOG'), ('LESSOPEN', '| /usr/bin/lesspipe %s'), ('USER', 'fcanof'), ('LC_TIME', 'es_MX.UTF-8'), ('GIO_MODULE_DIR', '/home/fcanof/snap/code/common/.cache/gio-modules'), ('XDG_SESSION_TYPE', 'x11'), ('GIT_ASKPASS', '/snap/code/154/usr/share/code/resources/app/extensions/git/dist/askpass.sh'), ('GTK_EXE_PREFIX_VSCODE_SNAP_ORIG', ''), ('GDK_BACKEND_VSCODE_SNAP_ORIG', ''), ('SHLVL', '1'), ('LD_LIBRARY_PATH', '/opt/ros/humble/opt/rviz_ogre_vendor/lib:/opt/ros/humble/lib/x86_64-linux-gnu:/opt/ros/humble/lib'), ('HOME', '/home/fcanof'), ('CHROME_DESKTOP', 'code-url-handler.desktop'), ('LOCPATH_VSCODE_SNAP_ORIG', ''), ('TERM_PROGRAM_VERSION', '1.87.1'), ('DESKTOP_SESSION', 'ubuntu'), ('GTK_PATH', '/snap/code/154/usr/lib/x86_64-linux-gnu/gtk-3.0'), ('GTK_IM_MODULE_FILE', '/home/fcanof/snap/code/common/.cache/immodules/immodules.cache'), ('GIO_LAUNCHED_DESKTOP_FILE', '/var/lib/snapd/desktop/applications/code_code.desktop'), ('ROS_PYTHON_VERSION', '3'), ('GNOME_SHELL_SESSION_MODE', 'ubuntu'), ('GTK_MODULES', 'gail:atk-bridge'), ('GSETTINGS_SCHEMA_DIR_VSCODE_SNAP_ORIG', ''), ('VSCODE_GIT_ASKPASS_MAIN', '/snap/code/154/usr/share/code/resources/app/extensions/git/dist/askpass-main.js'), ('LC_MONETARY', 'es_MX.UTF-8'), ('VSCODE_GIT_ASKPASS_NODE', '/snap/code/154/usr/share/code/code'), ('MANAGERPID', '2223'), ('SYSTEMD_EXEC_PID', '2758'), ('DBUS_SESSION_BUS_ADDRESS', 'unix:path=/run/user/1000/bus'), ('COLORTERM', 'truecolor'), ('GIO_LAUNCHED_DESKTOP_FILE_PID', '50274'), ('ROS_DISTRO', 'humble'), ('GTK_IM_MODULE', 'ibus'), ('LOGNAME', 'fcanof'), ('JOURNAL_STREAM', '8:41161'), ('_', '/usr/bin/colcon'), ('ROS_VERSION', '2'), ('XDG_CONFIG_DIRS_VSCODE_SNAP_ORIG', '/etc/xdg/xdg-ubuntu:/etc/xdg'), ('XDG_SESSION_CLASS', 'user'), ('XDG_DATA_DIRS_VSCODE_SNAP_ORIG', '/usr/share/ubuntu:/usr/share/gnome:/usr/local/share/:/usr/share/:/var/lib/snapd/desktop'), ('USERNAME', 'fcanof'), ('TERM', 'xterm-256color'), ('GNOME_DESKTOP_SESSION_ID', 'this-is-deprecated'), ('ROS_LOCALHOST_ONLY', '1'), ('WINDOWPATH', '2'), ('PATH', '/home/fcanof/.local/bin:/opt/ros/humble/bin:/home/fcanof/.local/bin:/usr/local/sbin:/usr/local/bin:/usr/sbin:/usr/bin:/sbin:/bin:/usr/games:/usr/local/games:/snap/bin:/snap/bin'), ('SESSION_MANAGER', 'local/fcanof:@/tmp/.ICE-unix/2736,unix/fcanof:/tmp/.ICE-unix/2736'), ('GTK_EXE_PREFIX', '/snap/code/154/usr'), ('INVOCATION_ID', '4c90a3b36feb4d8c9cb26423b3ecfd5d'), ('XDG_MENU_PREFIX', 'gnome-'), ('LC_ADDRESS', 'es_MX.UTF-8'), ('BAMF_DESKTOP_FILE_HINT', '/var/lib/snapd/desktop/applications/code_code.desktop'), ('XDG_RUNTIME_DIR', '/run/user/1000'), ('GDK_BACKEND', 'x11'), ('DISPLAY', ':1'), ('LOCPATH', '/snap/code/154/usr/lib/locale'), ('LANG', 'en_US.UTF-8'), ('XDG_CURRENT_DESKTOP', 'Unity'), ('LC_TELEPHONE', 'es_MX.UTF-8'), ('GIO_MODULE_DIR_VSCODE_SNAP_ORIG', ''), ('XMODIFIERS', '@im=ibus'), ('XDG_SESSION_DESKTOP', 'ubuntu'), ('XAUTHORITY', '/run/user/1000/gdm/Xauthority'), ('LS_COLORS', 'rs=0:di=01;34:ln=01;36:mh=00:pi=40;33:so=01;35:do=01;35:bd=40;33;01:cd=40;33;01:or=40;31;01:mi=00:su=37;41:sg=30;43:ca=30;41:tw=30;42:ow=34;42:st=37;44:ex=01;32:*.tar=01;31:*.tgz=01;31:*.arc=01;31:*.arj=01;31:*.taz=01;31:*.lha=01;31:*.lz4=01;31:*.lzh=01;31:*.lzma=01;31:*.tlz=01;31:*.txz=01;31:*.tzo=01;31:*.t7z=01;31:*.zip=01;31:*.z=01;31:*.dz=01;31:*.gz=01;31:*.lrz=01;31:*.lz=01;31:*.lzo=01;31:*.xz=01;31:*.zst=01;31:*.tzst=01;31:*.bz2=01;31:*.bz=01;31:*.tbz=01;31:*.tbz2=01;31:*.tz=01;31:*.deb=01;31:*.rpm=01;31:*.jar=01;31:*.war=01;31:*.ear=01;31:*.sar=01;31:*.rar=01;31:*.alz=01;31:*.ace=01;31:*.zoo=01;31:*.cpio=01;31:*.7z=01;31:*.rz=01;31:*.cab=01;31:*.wim=01;31:*.swm=01;31:*.dwm=01;31:*.esd=01;31:*.jpg=01;35:*.jpeg=01;35:*.mjpg=01;35:*.mjpeg=01;35:*.gif=01;35:*.bmp=01;35:*.pbm=01;35:*.pgm=01;35:*.ppm=01;35:*.tga=01;35:*.xbm=01;35:*.xpm=01;35:*.tif=01;35:*.tiff=01;35:*.png=01;35:*.svg=01;35:*.svgz=01;35:*.mng=01;35:*.pcx=01;35:*.mov=01;35:*.mpg=01;35:*.mpeg=01;35:*.m2v=01;35:*.mkv=01;35:*.webm=01;35:*.webp=01;35:*.ogm=01;35:*.mp4=01;35:*.m4v=01;35:*.mp4v=01;35:*.vob=01;35:*.qt=01;35:*.nuv=01;35:*.wmv=01;35:*.asf=01;35:*.rm=01;35:*.rmvb=01;35:*.flc=01;35:*.avi=01;35:*.fli=01;35:*.flv=01;35:*.gl=01;35:*.dl=01;35:*.xcf=01;35:*.xwd=01;35:*.yuv=01;35:*.cgm=01;35:*.emf=01;35:*.ogv=01;35:*.ogx=01;35:*.aac=00;36:*.au=00;36:*.flac=00;36:*.m4a=00;36:*.mid=00;36:*.midi=00;36:*.mka=00;36:*.mp3=00;36:*.mpc=00;36:*.ogg=00;36:*.ra=00;36:*.wav=00;36:*.oga=00;36:*.opus=00;36:*.spx=00;36:*.xspf=00;36:'), ('VSCODE_GIT_IPC_HANDLE', '/run/user/1000/vscode-git-676dc8d9e0.sock'), ('TERM_PROGRAM', 'vscode'), ('SSH_AGENT_LAUNCHER', 'gnome-keyring'), ('SSH_AUTH_SOCK', '/run/user/1000/keyring/ssh'), ('GSETTINGS_SCHEMA_DIR', '/home/fcanof/snap/code/154/.local/share/glib-2.0/schemas'), ('ROS_DOMAIN_ID', '8'), ('AMENT_PREFIX_PATH', '/opt/ros/humble'), ('ORIGINAL_XDG_CURRENT_DESKTOP', 'ubuntu:GNOME'), ('SHELL', '/bin/bash'), ('LC_NAME', 'es_MX.UTF-8'), ('QT_ACCESSIBILITY', '1'), ('GDMSESSION', 'ubuntu'), ('LESSCLOSE', '/usr/bin/lesspipe %s %s'), ('GTK_PATH_VSCODE_SNAP_ORIG', ''), ('GTK_IM_MODULE_FILE_VSCODE_SNAP_ORIG', ''), ('LC_MEASUREMENT', 'es_MX.UTF-8'), ('GPG_AGENT_INFO', '/run/user/1000/gnupg/S.gpg-agent:0:1'), ('GJS_DEBUG_OUTPUT', 'stderr'), ('LC_IDENTIFICATION', 'es_MX.UTF-8'), ('VSCODE_GIT_ASKPASS_EXTRA_ARGS', ''), ('QT_IM_MODULE', 'ibus'), ('PWD', '/home/fcanof/vanttec_sdv/build/sdv_msgs'), ('LC_ALL', 'en_US.UTF-8'), ('XDG_CONFIG_DIRS', '/etc/xdg/xdg-ubuntu:/etc/xdg'), ('XDG_DATA_DIRS', '/home/fcanof/snap/code/154/.local/share:/home/fcanof/snap/code/154:/snap/code/154/usr/share:/usr/share/ubuntu:/usr/share/gnome:/usr/local/share/:/usr/share/:/var/lib/snapd/desktop'), ('PYTHONPATH', '/opt/ros/humble/lib/python3.10/site-packages:/opt/ros/humble/local/lib/python3.10/dist-packages'), ('LC_NUMERIC', 'es_MX.UTF-8'), ('LC_PAPER', 'es_MX.UTF-8'), ('COLCON', '1'), ('CMAKE_PREFIX_PATH', '/opt/ros/humble')]), 'shell': False}
[13.490879] (sdv_msgs) StdoutLine: {'line': b'-- Install configuration: ""\n'}
[13.491172] (sdv_msgs) StdoutLine: {'line': b'-- Installing: /home/fcanof/vanttec_sdv/install/sdv_msgs/share/ament_index/resource_index/rosidl_interfaces/sdv_msgs\n'}
[13.492251] (sdv_msgs) StdoutLine: {'line': b'-- Installing: /home/fcanof/vanttec_sdv/install/sdv_msgs/include/sdv_msgs/sdv_msgs\n'}
[13.492399] (sdv_msgs) StdoutLine: {'line': b'-- Installing: /home/fcanof/vanttec_sdv/install/sdv_msgs/include/sdv_msgs/sdv_msgs/msg\n'}
[13.492622] (sdv_msgs) StdoutLine: {'line': b'-- Installing: /home/fcanof/vanttec_sdv/install/sdv_msgs/include/sdv_msgs/sdv_msgs/msg/vehicle_info.h\n'}
[13.492772] (sdv_msgs) StdoutLine: {'line': b'-- Installing: /home/fcanof/vanttec_sdv/install/sdv_msgs/include/sdv_msgs/sdv_msgs/msg/detail\n'}
[13.492994] (sdv_msgs) StdoutLine: {'line': b'-- Installing: /home/fcanof/vanttec_sdv/install/sdv_msgs/include/sdv_msgs/sdv_msgs/msg/detail/xbox_msg__struct.h\n'}
[13.493135] (sdv_msgs) StdoutLine: {'line': b'-- Installing: /home/fcanof/vanttec_sdv/install/sdv_msgs/include/sdv_msgs/sdv_msgs/msg/detail/vehicle_control__functions.h\n'}
[13.493330] (sdv_msgs) StdoutLine: {'line': b'-- Installing: /home/fcanof/vanttec_sdv/install/sdv_msgs/include/sdv_msgs/sdv_msgs/msg/detail/status__struct.h\n'}
[13.494317] (sdv_msgs) StdoutLine: {'line': b'-- Installing: /home/fcanof/vanttec_sdv/install/sdv_msgs/include/sdv_msgs/sdv_msgs/msg/detail/thrust_control__functions.c\n'}
[13.494477] (sdv_msgs) StdoutLine: {'line': b'-- Installing: /home/fcanof/vanttec_sdv/install/sdv_msgs/include/sdv_msgs/sdv_msgs/msg/detail/vehicle_info__functions.c\n'}
[13.494620] (sdv_msgs) StdoutLine: {'line': b'-- Installing: /home/fcanof/vanttec_sdv/install/sdv_msgs/include/sdv_msgs/sdv_msgs/msg/detail/panel_msg__functions.c\n'}
[13.494760] (sdv_msgs) StdoutLine: {'line': b'-- Installing: /home/fcanof/vanttec_sdv/install/sdv_msgs/include/sdv_msgs/sdv_msgs/msg/detail/vehicle_control__struct.h\n'}
[13.494915] (sdv_msgs) StdoutLine: {'line': b'-- Installing: /home/fcanof/vanttec_sdv/install/sdv_msgs/include/sdv_msgs/sdv_msgs/msg/detail/vehicle_status__functions.c\n'}
[13.495034] (sdv_msgs) StdoutLine: {'line': b'-- Installing: /home/fcanof/vanttec_sdv/install/sdv_msgs/include/sdv_msgs/sdv_msgs/msg/detail/guidance_waypoints__functions.h\n'}
[13.495221] (sdv_msgs) StdoutLine: {'line': b'-- Installing: /home/fcanof/vanttec_sdv/install/sdv_msgs/include/sdv_msgs/sdv_msgs/msg/detail/collision_event__type_support.h\n'}
[13.495349] (sdv_msgs) StdoutLine: {'line': b'-- Installing: /home/fcanof/vanttec_sdv/install/sdv_msgs/include/sdv_msgs/sdv_msgs/msg/detail/status__type_support.h\n'}
[13.495458] (sdv_msgs) StdoutLine: {'line': b'-- Installing: /home/fcanof/vanttec_sdv/install/sdv_msgs/include/sdv_msgs/sdv_msgs/msg/detail/collision_event__functions.h\n'}
[13.495593] (sdv_msgs) StdoutLine: {'line': b'-- Installing: /home/fcanof/vanttec_sdv/install/sdv_msgs/include/sdv_msgs/sdv_msgs/msg/detail/status__functions.c\n'}
[13.495755] (sdv_msgs) StdoutLine: {'line': b'-- Installing: /home/fcanof/vanttec_sdv/install/sdv_msgs/include/sdv_msgs/sdv_msgs/msg/detail/eta_pose__functions.h\n'}
[13.495885] (sdv_msgs) StdoutLine: {'line': b'-- Installing: /home/fcanof/vanttec_sdv/install/sdv_msgs/include/sdv_msgs/sdv_msgs/msg/detail/system_dynamics__type_support.h\n'}
[13.496026] (sdv_msgs) StdoutLine: {'line': b'-- Installing: /home/fcanof/vanttec_sdv/install/sdv_msgs/include/sdv_msgs/sdv_msgs/msg/detail/vehicle_control__functions.c\n'}
[13.496182] (sdv_msgs) StdoutLine: {'line': b'-- Installing: /home/fcanof/vanttec_sdv/install/sdv_msgs/include/sdv_msgs/sdv_msgs/msg/detail/throttle_msg__struct.h\n'}
[13.496322] (sdv_msgs) StdoutLine: {'line': b'-- Installing: /home/fcanof/vanttec_sdv/install/sdv_msgs/include/sdv_msgs/sdv_msgs/msg/detail/throttle_msg__functions.c\n'}
[13.497328] (sdv_msgs) StdoutLine: {'line': b'-- Installing: /home/fcanof/vanttec_sdv/install/sdv_msgs/include/sdv_msgs/sdv_msgs/msg/detail/vehicle_info_wheel__type_support.h\n'}
[13.497487] (sdv_msgs) StdoutLine: {'line': b'-- Installing: /home/fcanof/vanttec_sdv/install/sdv_msgs/include/sdv_msgs/sdv_msgs/msg/detail/encoder__struct.h\n'}
[13.497619] (sdv_msgs) StdoutLine: {'line': b'-- Installing: /home/fcanof/vanttec_sdv/install/sdv_msgs/include/sdv_msgs/sdv_msgs/msg/detail/vehicle_info__functions.h\n'}
[13.497799] (sdv_msgs) StdoutLine: {'line': b'-- Installing: /home/fcanof/vanttec_sdv/install/sdv_msgs/include/sdv_msgs/sdv_msgs/msg/detail/thrust_control__type_support.h\n'}
[13.497918] (sdv_msgs) StdoutLine: {'line': b'-- Installing: /home/fcanof/vanttec_sdv/install/sdv_msgs/include/sdv_msgs/sdv_msgs/msg/detail/system_dynamics__functions.h\n'}
[13.498082] (sdv_msgs) StdoutLine: {'line': b'-- Installing: /home/fcanof/vanttec_sdv/install/sdv_msgs/include/sdv_msgs/sdv_msgs/msg/detail/panel_msg__type_support.h\n'}
[13.498255] (sdv_msgs) StdoutLine: {'line': b'-- Installing: /home/fcanof/vanttec_sdv/install/sdv_msgs/include/sdv_msgs/sdv_msgs/msg/detail/vehicle_info__type_support.h\n'}
[13.498447] (sdv_msgs) StdoutLine: {'line': b'-- Installing: /home/fcanof/vanttec_sdv/install/sdv_msgs/include/sdv_msgs/sdv_msgs/msg/detail/collision_event__functions.c\n'}
[13.498641] (sdv_msgs) StdoutLine: {'line': b'-- Installing: /home/fcanof/vanttec_sdv/install/sdv_msgs/include/sdv_msgs/sdv_msgs/msg/detail/encoder__type_support.h\n'}
[13.498861] (sdv_msgs) StdoutLine: {'line': b'-- Installing: /home/fcanof/vanttec_sdv/install/sdv_msgs/include/sdv_msgs/sdv_msgs/msg/detail/vehicle_status__functions.h\n'}
[13.499054] (sdv_msgs) StdoutLine: {'line': b'-- Installing: /home/fcanof/vanttec_sdv/install/sdv_msgs/include/sdv_msgs/sdv_msgs/msg/detail/system_dynamics__functions.c\n'}
[13.499255] (sdv_msgs) StdoutLine: {'line': b'-- Installing: /home/fcanof/vanttec_sdv/install/sdv_msgs/include/sdv_msgs/sdv_msgs/msg/detail/lane_invasion_event__struct.h\n'}
[13.499392] (sdv_msgs) StdoutLine: {'line': b'-- Installing: /home/fcanof/vanttec_sdv/install/sdv_msgs/include/sdv_msgs/sdv_msgs/msg/detail/xbox_msg__functions.h\n'}
[13.499592] (sdv_msgs) StdoutLine: {'line': b'-- Installing: /home/fcanof/vanttec_sdv/install/sdv_msgs/include/sdv_msgs/sdv_msgs/msg/detail/throttle_msg__type_support.h\n'}
[13.499796] (sdv_msgs) StdoutLine: {'line': b'-- Installing: /home/fcanof/vanttec_sdv/install/sdv_msgs/include/sdv_msgs/sdv_msgs/msg/detail/xbox_msg__type_support.h\n'}
[13.500004] (sdv_msgs) StdoutLine: {'line': b'-- Installing: /home/fcanof/vanttec_sdv/install/sdv_msgs/include/sdv_msgs/sdv_msgs/msg/detail/vehicle_info_wheel__functions.c\n'}
[13.500184] (sdv_msgs) StdoutLine: {'line': b'-- Installing: /home/fcanof/vanttec_sdv/install/sdv_msgs/include/sdv_msgs/sdv_msgs/msg/detail/xbox_msg__functions.c\n'}
[13.500375] (sdv_msgs) StdoutLine: {'line': b'-- Installing: /home/fcanof/vanttec_sdv/install/sdv_msgs/include/sdv_msgs/sdv_msgs/msg/detail/eta_pose__type_support.h\n'}
[13.500581] (sdv_msgs) StdoutLine: {'line': b'-- Installing: /home/fcanof/vanttec_sdv/install/sdv_msgs/include/sdv_msgs/sdv_msgs/msg/detail/encoder__functions.c\n'}
[13.500752] (sdv_msgs) StdoutLine: {'line': b'-- Installing: /home/fcanof/vanttec_sdv/install/sdv_msgs/include/sdv_msgs/sdv_msgs/msg/detail/lane_invasion_event__functions.h\n'}
[13.500943] (sdv_msgs) StdoutLine: {'line': b'-- Installing: /home/fcanof/vanttec_sdv/install/sdv_msgs/include/sdv_msgs/sdv_msgs/msg/detail/panel_msg__functions.h\n'}
[13.501147] (sdv_msgs) StdoutLine: {'line': b'-- Installing: /home/fcanof/vanttec_sdv/install/sdv_msgs/include/sdv_msgs/sdv_msgs/msg/detail/vehicle_info_wheel__struct.h\n'}
[13.501342] (sdv_msgs) StdoutLine: {'line': b'-- Installing: /home/fcanof/vanttec_sdv/install/sdv_msgs/include/sdv_msgs/sdv_msgs/msg/detail/vehicle_status__type_support.h\n'}
[13.501524] (sdv_msgs) StdoutLine: {'line': b'-- Installing: /home/fcanof/vanttec_sdv/install/sdv_msgs/include/sdv_msgs/sdv_msgs/msg/detail/thrust_control__struct.h\n'}
[13.501695] (sdv_msgs) StdoutLine: {'line': b'-- Installing: /home/fcanof/vanttec_sdv/install/sdv_msgs/include/sdv_msgs/sdv_msgs/msg/detail/vehicle_info_wheel__functions.h\n'}
[13.501888] (sdv_msgs) StdoutLine: {'line': b'-- Installing: /home/fcanof/vanttec_sdv/install/sdv_msgs/include/sdv_msgs/sdv_msgs/msg/detail/eta_pose__struct.h\n'}
[13.502112] (sdv_msgs) StdoutLine: {'line': b'-- Installing: /home/fcanof/vanttec_sdv/install/sdv_msgs/include/sdv_msgs/sdv_msgs/msg/detail/throttle_msg__functions.h\n'}
[13.502321] (sdv_msgs) StdoutLine: {'line': b'-- Installing: /home/fcanof/vanttec_sdv/install/sdv_msgs/include/sdv_msgs/sdv_msgs/msg/detail/vehicle_info__struct.h\n'}
[13.502802] (sdv_msgs) StdoutLine: {'line': b'-- Installing: /home/fcanof/vanttec_sdv/install/sdv_msgs/include/sdv_msgs/sdv_msgs/msg/detail/lane_invasion_event__type_support.h\n'}
[13.502999] (sdv_msgs) StdoutLine: {'line': b'-- Installing: /home/fcanof/vanttec_sdv/install/sdv_msgs/include/sdv_msgs/sdv_msgs/msg/detail/guidance_waypoints__struct.h\n'}
[13.503172] (sdv_msgs) StdoutLine: {'line': b'-- Installing: /home/fcanof/vanttec_sdv/install/sdv_msgs/include/sdv_msgs/sdv_msgs/msg/detail/guidance_waypoints__type_support.h\n'}
[13.503328] (sdv_msgs) StdoutLine: {'line': b'-- Installing: /home/fcanof/vanttec_sdv/install/sdv_msgs/include/sdv_msgs/sdv_msgs/msg/detail/status__functions.h\n'}
[13.503480] (sdv_msgs) StdoutLine: {'line': b'-- Installing: /home/fcanof/vanttec_sdv/install/sdv_msgs/include/sdv_msgs/sdv_msgs/msg/detail/vehicle_control__type_support.h\n'}
[13.503647] (sdv_msgs) StdoutLine: {'line': b'-- Installing: /home/fcanof/vanttec_sdv/install/sdv_msgs/include/sdv_msgs/sdv_msgs/msg/detail/guidance_waypoints__functions.c\n'}
[13.503820] (sdv_msgs) StdoutLine: {'line': b'-- Installing: /home/fcanof/vanttec_sdv/install/sdv_msgs/include/sdv_msgs/sdv_msgs/msg/detail/lane_invasion_event__functions.c\n'}
[13.503989] (sdv_msgs) StdoutLine: {'line': b'-- Installing: /home/fcanof/vanttec_sdv/install/sdv_msgs/include/sdv_msgs/sdv_msgs/msg/detail/vehicle_status__struct.h\n'}
[13.504134] (sdv_msgs) StdoutLine: {'line': b'-- Installing: /home/fcanof/vanttec_sdv/install/sdv_msgs/include/sdv_msgs/sdv_msgs/msg/detail/eta_pose__functions.c\n'}
[13.504283] (sdv_msgs) StdoutLine: {'line': b'-- Installing: /home/fcanof/vanttec_sdv/install/sdv_msgs/include/sdv_msgs/sdv_msgs/msg/detail/panel_msg__struct.h\n'}
[13.504403] (sdv_msgs) StdoutLine: {'line': b'-- Installing: /home/fcanof/vanttec_sdv/install/sdv_msgs/include/sdv_msgs/sdv_msgs/msg/detail/thrust_control__functions.h\n'}
[13.504578] (sdv_msgs) StdoutLine: {'line': b'-- Installing: /home/fcanof/vanttec_sdv/install/sdv_msgs/include/sdv_msgs/sdv_msgs/msg/detail/system_dynamics__struct.h\n'}
[13.504745] (sdv_msgs) StdoutLine: {'line': b'-- Installing: /home/fcanof/vanttec_sdv/install/sdv_msgs/include/sdv_msgs/sdv_msgs/msg/detail/encoder__functions.h\n'}
[13.504917] (sdv_msgs) StdoutLine: {'line': b'-- Installing: /home/fcanof/vanttec_sdv/install/sdv_msgs/include/sdv_msgs/sdv_msgs/msg/detail/collision_event__struct.h\n'}
[13.505081] (sdv_msgs) StdoutLine: {'line': b'-- Installing: /home/fcanof/vanttec_sdv/install/sdv_msgs/include/sdv_msgs/sdv_msgs/msg/vehicle_info_wheel.h\n'}
[13.505249] (sdv_msgs) StdoutLine: {'line': b'-- Installing: /home/fcanof/vanttec_sdv/install/sdv_msgs/include/sdv_msgs/sdv_msgs/msg/encoder.h\n'}
[13.505422] (sdv_msgs) StdoutLine: {'line': b'-- Installing: /home/fcanof/vanttec_sdv/install/sdv_msgs/include/sdv_msgs/sdv_msgs/msg/vehicle_status.h\n'}
[13.505580] (sdv_msgs) StdoutLine: {'line': b'-- Installing: /home/fcanof/vanttec_sdv/install/sdv_msgs/include/sdv_msgs/sdv_msgs/msg/xbox_msg.h\n'}
[13.505730] (sdv_msgs) StdoutLine: {'line': b'-- Installing: /home/fcanof/vanttec_sdv/install/sdv_msgs/include/sdv_msgs/sdv_msgs/msg/panel_msg.h\n'}
[13.505893] (sdv_msgs) StdoutLine: {'line': b'-- Installing: /home/fcanof/vanttec_sdv/install/sdv_msgs/include/sdv_msgs/sdv_msgs/msg/collision_event.h\n'}
[13.506046] (sdv_msgs) StdoutLine: {'line': b'-- Installing: /home/fcanof/vanttec_sdv/install/sdv_msgs/include/sdv_msgs/sdv_msgs/msg/vehicle_control.h\n'}
[13.506226] (sdv_msgs) StdoutLine: {'line': b'-- Installing: /home/fcanof/vanttec_sdv/install/sdv_msgs/include/sdv_msgs/sdv_msgs/msg/throttle_msg.h\n'}
[13.506405] (sdv_msgs) StdoutLine: {'line': b'-- Installing: /home/fcanof/vanttec_sdv/install/sdv_msgs/include/sdv_msgs/sdv_msgs/msg/status.h\n'}
[13.506573] (sdv_msgs) StdoutLine: {'line': b'-- Installing: /home/fcanof/vanttec_sdv/install/sdv_msgs/include/sdv_msgs/sdv_msgs/msg/eta_pose.h\n'}
[13.506728] (sdv_msgs) StdoutLine: {'line': b'-- Installing: /home/fcanof/vanttec_sdv/install/sdv_msgs/include/sdv_msgs/sdv_msgs/msg/guidance_waypoints.h\n'}
[13.506887] (sdv_msgs) StdoutLine: {'line': b'-- Installing: /home/fcanof/vanttec_sdv/install/sdv_msgs/include/sdv_msgs/sdv_msgs/msg/thrust_control.h\n'}
[13.507056] (sdv_msgs) StdoutLine: {'line': b'-- Installing: /home/fcanof/vanttec_sdv/install/sdv_msgs/include/sdv_msgs/sdv_msgs/msg/lane_invasion_event.h\n'}
[13.507221] (sdv_msgs) StdoutLine: {'line': b'-- Installing: /home/fcanof/vanttec_sdv/install/sdv_msgs/include/sdv_msgs/sdv_msgs/msg/rosidl_generator_c__visibility_control.h\n'}
[13.507390] (sdv_msgs) StdoutLine: {'line': b'-- Installing: /home/fcanof/vanttec_sdv/install/sdv_msgs/include/sdv_msgs/sdv_msgs/msg/system_dynamics.h\n'}
[13.508230] (sdv_msgs) StdoutLine: {'line': b'-- Installing: /home/fcanof/vanttec_sdv/install/sdv_msgs/share/sdv_msgs/environment/library_path.sh\n'}
[13.508378] (sdv_msgs) StdoutLine: {'line': b'-- Installing: /home/fcanof/vanttec_sdv/install/sdv_msgs/share/sdv_msgs/environment/library_path.dsv\n'}
[13.508508] (sdv_msgs) StdoutLine: {'line': b'-- Installing: /home/fcanof/vanttec_sdv/install/sdv_msgs/lib/libsdv_msgs__rosidl_generator_c.so\n'}
[13.508689] (sdv_msgs) StdoutLine: {'line': b'-- Set runtime path of "/home/fcanof/vanttec_sdv/install/sdv_msgs/lib/libsdv_msgs__rosidl_generator_c.so" to ""\n'}
[13.508868] (sdv_msgs) StdoutLine: {'line': b'-- Up-to-date: /home/fcanof/vanttec_sdv/install/sdv_msgs/include/sdv_msgs/sdv_msgs\n'}
[13.509024] (sdv_msgs) StdoutLine: {'line': b'-- Up-to-date: /home/fcanof/vanttec_sdv/install/sdv_msgs/include/sdv_msgs/sdv_msgs/msg\n'}
[13.509227] (sdv_msgs) StdoutLine: {'line': b'-- Installing: /home/fcanof/vanttec_sdv/install/sdv_msgs/include/sdv_msgs/sdv_msgs/msg/rosidl_typesupport_fastrtps_c__visibility_control.h\n'}
[13.509402] (sdv_msgs) StdoutLine: {'line': b'-- Up-to-date: /home/fcanof/vanttec_sdv/install/sdv_msgs/include/sdv_msgs/sdv_msgs/msg/detail\n'}
[13.509526] (sdv_msgs) StdoutLine: {'line': b'-- Installing: /home/fcanof/vanttec_sdv/install/sdv_msgs/include/sdv_msgs/sdv_msgs/msg/detail/status__rosidl_typesupport_fastrtps_c.h\n'}
[13.509676] (sdv_msgs) StdoutLine: {'line': b'-- Installing: /home/fcanof/vanttec_sdv/install/sdv_msgs/include/sdv_msgs/sdv_msgs/msg/detail/collision_event__rosidl_typesupport_fastrtps_c.h\n'}
[13.509844] (sdv_msgs) StdoutLine: {'line': b'-- Installing: /home/fcanof/vanttec_sdv/install/sdv_msgs/include/sdv_msgs/sdv_msgs/msg/detail/throttle_msg__rosidl_typesupport_fastrtps_c.h\n'}
[13.510714] (sdv_msgs) StdoutLine: {'line': b'-- Installing: /home/fcanof/vanttec_sdv/install/sdv_msgs/include/sdv_msgs/sdv_msgs/msg/detail/panel_msg__rosidl_typesupport_fastrtps_c.h\n'}
[13.510905] (sdv_msgs) StdoutLine: {'line': b'-- Installing: /home/fcanof/vanttec_sdv/install/sdv_msgs/include/sdv_msgs/sdv_msgs/msg/detail/encoder__rosidl_typesupport_fastrtps_c.h\n'}
[13.511079] (sdv_msgs) StdoutLine: {'line': b'-- Installing: /home/fcanof/vanttec_sdv/install/sdv_msgs/include/sdv_msgs/sdv_msgs/msg/detail/lane_invasion_event__rosidl_typesupport_fastrtps_c.h\n'}
[13.511168] (sdv_msgs) StdoutLine: {'line': b'-- Installing: /home/fcanof/vanttec_sdv/install/sdv_msgs/include/sdv_msgs/sdv_msgs/msg/detail/vehicle_info_wheel__rosidl_typesupport_fastrtps_c.h\n'}
[13.511279] (sdv_msgs) StdoutLine: {'line': b'-- Installing: /home/fcanof/vanttec_sdv/install/sdv_msgs/include/sdv_msgs/sdv_msgs/msg/detail/vehicle_status__rosidl_typesupport_fastrtps_c.h\n'}
[13.511343] (sdv_msgs) StdoutLine: {'line': b'-- Installing: /home/fcanof/vanttec_sdv/install/sdv_msgs/include/sdv_msgs/sdv_msgs/msg/detail/vehicle_info__rosidl_typesupport_fastrtps_c.h\n'}
[13.511503] (sdv_msgs) StdoutLine: {'line': b'-- Installing: /home/fcanof/vanttec_sdv/install/sdv_msgs/include/sdv_msgs/sdv_msgs/msg/detail/thrust_control__rosidl_typesupport_fastrtps_c.h\n'}
[13.511685] (sdv_msgs) StdoutLine: {'line': b'-- Installing: /home/fcanof/vanttec_sdv/install/sdv_msgs/include/sdv_msgs/sdv_msgs/msg/detail/eta_pose__rosidl_typesupport_fastrtps_c.h\n'}
[13.511844] (sdv_msgs) StdoutLine: {'line': b'-- Installing: /home/fcanof/vanttec_sdv/install/sdv_msgs/include/sdv_msgs/sdv_msgs/msg/detail/guidance_waypoints__rosidl_typesupport_fastrtps_c.h\n'}
[13.511999] (sdv_msgs) StdoutLine: {'line': b'-- Installing: /home/fcanof/vanttec_sdv/install/sdv_msgs/include/sdv_msgs/sdv_msgs/msg/detail/system_dynamics__rosidl_typesupport_fastrtps_c.h\n'}
[13.512103] (sdv_msgs) StdoutLine: {'line': b'-- Installing: /home/fcanof/vanttec_sdv/install/sdv_msgs/include/sdv_msgs/sdv_msgs/msg/detail/xbox_msg__rosidl_typesupport_fastrtps_c.h\n'}
[13.512280] (sdv_msgs) StdoutLine: {'line': b'-- Installing: /home/fcanof/vanttec_sdv/install/sdv_msgs/include/sdv_msgs/sdv_msgs/msg/detail/vehicle_control__rosidl_typesupport_fastrtps_c.h\n'}
[13.512394] (sdv_msgs) StdoutLine: {'line': b'-- Installing: /home/fcanof/vanttec_sdv/install/sdv_msgs/lib/libsdv_msgs__rosidl_typesupport_fastrtps_c.so\n'}
[13.512838] (sdv_msgs) StdoutLine: {'line': b'-- Set runtime path of "/home/fcanof/vanttec_sdv/install/sdv_msgs/lib/libsdv_msgs__rosidl_typesupport_fastrtps_c.so" to ""\n'}
[13.513090] (sdv_msgs) StdoutLine: {'line': b'-- Up-to-date: /home/fcanof/vanttec_sdv/install/sdv_msgs/include/sdv_msgs/sdv_msgs\n'}
[13.513439] (sdv_msgs) StdoutLine: {'line': b'-- Up-to-date: /home/fcanof/vanttec_sdv/install/sdv_msgs/include/sdv_msgs/sdv_msgs/msg\n'}
[13.513739] (sdv_msgs) StdoutLine: {'line': b'-- Installing: /home/fcanof/vanttec_sdv/install/sdv_msgs/include/sdv_msgs/sdv_msgs/msg/vehicle_info_wheel.hpp\n'}
[13.513979] (sdv_msgs) StdoutLine: {'line': b'-- Installing: /home/fcanof/vanttec_sdv/install/sdv_msgs/include/sdv_msgs/sdv_msgs/msg/vehicle_info.hpp\n'}
[13.514100] (sdv_msgs) StdoutLine: {'line': b'-- Installing: /home/fcanof/vanttec_sdv/install/sdv_msgs/include/sdv_msgs/sdv_msgs/msg/guidance_waypoints.hpp\n'}
[13.514210] (sdv_msgs) StdoutLine: {'line': b'-- Installing: /home/fcanof/vanttec_sdv/install/sdv_msgs/include/sdv_msgs/sdv_msgs/msg/system_dynamics.hpp\n'}
[13.514410] (sdv_msgs) StdoutLine: {'line': b'-- Up-to-date: /home/fcanof/vanttec_sdv/install/sdv_msgs/include/sdv_msgs/sdv_msgs/msg/detail\n'}
[13.514593] (sdv_msgs) StdoutLine: {'line': b'-- Installing: /home/fcanof/vanttec_sdv/install/sdv_msgs/include/sdv_msgs/sdv_msgs/msg/detail/vehicle_info__builder.hpp\n'}
[13.514775] (sdv_msgs) StdoutLine: {'line': b'-- Installing: /home/fcanof/vanttec_sdv/install/sdv_msgs/include/sdv_msgs/sdv_msgs/msg/detail/xbox_msg__struct.hpp\n'}
[13.514965] (sdv_msgs) StdoutLine: {'line': b'-- Installing: /home/fcanof/vanttec_sdv/install/sdv_msgs/include/sdv_msgs/sdv_msgs/msg/detail/collision_event__traits.hpp\n'}
[13.515096] (sdv_msgs) StdoutLine: {'line': b'-- Installing: /home/fcanof/vanttec_sdv/install/sdv_msgs/include/sdv_msgs/sdv_msgs/msg/detail/encoder__traits.hpp\n'}
[13.515292] (sdv_msgs) StdoutLine: {'line': b'-- Installing: /home/fcanof/vanttec_sdv/install/sdv_msgs/include/sdv_msgs/sdv_msgs/msg/detail/collision_event__struct.hpp\n'}
[13.515449] (sdv_msgs) StdoutLine: {'line': b'-- Installing: /home/fcanof/vanttec_sdv/install/sdv_msgs/include/sdv_msgs/sdv_msgs/msg/detail/guidance_waypoints__traits.hpp\n'}
[13.515819] (sdv_msgs) StdoutLine: {'line': b'-- Installing: /home/fcanof/vanttec_sdv/install/sdv_msgs/include/sdv_msgs/sdv_msgs/msg/detail/vehicle_control__struct.hpp\n'}
[13.515980] (sdv_msgs) StdoutLine: {'line': b'-- Installing: /home/fcanof/vanttec_sdv/install/sdv_msgs/include/sdv_msgs/sdv_msgs/msg/detail/panel_msg__struct.hpp\n'}
[13.516116] (sdv_msgs) StdoutLine: {'line': b'-- Installing: /home/fcanof/vanttec_sdv/install/sdv_msgs/include/sdv_msgs/sdv_msgs/msg/detail/status__builder.hpp\n'}
[13.516271] (sdv_msgs) StdoutLine: {'line': b'-- Installing: /home/fcanof/vanttec_sdv/install/sdv_msgs/include/sdv_msgs/sdv_msgs/msg/detail/thrust_control__struct.hpp\n'}
[13.516429] (sdv_msgs) StdoutLine: {'line': b'-- Installing: /home/fcanof/vanttec_sdv/install/sdv_msgs/include/sdv_msgs/sdv_msgs/msg/detail/vehicle_info__struct.hpp\n'}
[13.516795] (sdv_msgs) StdoutLine: {'line': b'-- Installing: /home/fcanof/vanttec_sdv/install/sdv_msgs/include/sdv_msgs/sdv_msgs/msg/detail/vehicle_control__traits.hpp\n'}
[13.516966] (sdv_msgs) StdoutLine: {'line': b'-- Installing: /home/fcanof/vanttec_sdv/install/sdv_msgs/include/sdv_msgs/sdv_msgs/msg/detail/system_dynamics__traits.hpp\n'}
[13.517117] (sdv_msgs) StdoutLine: {'line': b'-- Installing: /home/fcanof/vanttec_sdv/install/sdv_msgs/include/sdv_msgs/sdv_msgs/msg/detail/panel_msg__builder.hpp\n'}
[13.517234] (sdv_msgs) StdoutLine: {'line': b'-- Installing: /home/fcanof/vanttec_sdv/install/sdv_msgs/include/sdv_msgs/sdv_msgs/msg/detail/lane_invasion_event__builder.hpp\n'}
[13.517378] (sdv_msgs) StdoutLine: {'line': b'-- Installing: /home/fcanof/vanttec_sdv/install/sdv_msgs/include/sdv_msgs/sdv_msgs/msg/detail/encoder__builder.hpp\n'}
[13.517752] (sdv_msgs) StdoutLine: {'line': b'-- Installing: /home/fcanof/vanttec_sdv/install/sdv_msgs/include/sdv_msgs/sdv_msgs/msg/detail/encoder__struct.hpp\n'}
[13.517919] (sdv_msgs) StdoutLine: {'line': b'-- Installing: /home/fcanof/vanttec_sdv/install/sdv_msgs/include/sdv_msgs/sdv_msgs/msg/detail/vehicle_status__traits.hpp\n'}
[13.518059] (sdv_msgs) StdoutLine: {'line': b'-- Installing: /home/fcanof/vanttec_sdv/install/sdv_msgs/include/sdv_msgs/sdv_msgs/msg/detail/vehicle_status__struct.hpp\n'}
[13.518218] (sdv_msgs) StdoutLine: {'line': b'-- Installing: /home/fcanof/vanttec_sdv/install/sdv_msgs/include/sdv_msgs/sdv_msgs/msg/detail/vehicle_info_wheel__traits.hpp\n'}
[13.518391] (sdv_msgs) StdoutLine: {'line': b'-- Installing: /home/fcanof/vanttec_sdv/install/sdv_msgs/include/sdv_msgs/sdv_msgs/msg/detail/thrust_control__traits.hpp\n'}
[13.518706] (sdv_msgs) StdoutLine: {'line': b'-- Installing: /home/fcanof/vanttec_sdv/install/sdv_msgs/include/sdv_msgs/sdv_msgs/msg/detail/lane_invasion_event__traits.hpp\n'}
[13.518843] (sdv_msgs) StdoutLine: {'line': b'-- Installing: /home/fcanof/vanttec_sdv/install/sdv_msgs/include/sdv_msgs/sdv_msgs/msg/detail/vehicle_info_wheel__struct.hpp\n'}
[13.518994] (sdv_msgs) StdoutLine: {'line': b'-- Installing: /home/fcanof/vanttec_sdv/install/sdv_msgs/include/sdv_msgs/sdv_msgs/msg/detail/guidance_waypoints__builder.hpp\n'}
[13.519207] (sdv_msgs) StdoutLine: {'line': b'-- Installing: /home/fcanof/vanttec_sdv/install/sdv_msgs/include/sdv_msgs/sdv_msgs/msg/detail/vehicle_info__traits.hpp\n'}
[13.519355] (sdv_msgs) StdoutLine: {'line': b'-- Installing: /home/fcanof/vanttec_sdv/install/sdv_msgs/include/sdv_msgs/sdv_msgs/msg/detail/status__struct.hpp\n'}
[13.519504] (sdv_msgs) StdoutLine: {'line': b'-- Installing: /home/fcanof/vanttec_sdv/install/sdv_msgs/include/sdv_msgs/sdv_msgs/msg/detail/throttle_msg__traits.hpp\n'}
[13.519674] (sdv_msgs) StdoutLine: {'line': b'-- Installing: /home/fcanof/vanttec_sdv/install/sdv_msgs/include/sdv_msgs/sdv_msgs/msg/detail/xbox_msg__traits.hpp\n'}
[13.519852] (sdv_msgs) StdoutLine: {'line': b'-- Installing: /home/fcanof/vanttec_sdv/install/sdv_msgs/include/sdv_msgs/sdv_msgs/msg/detail/vehicle_control__builder.hpp\n'}
[13.520250] (sdv_msgs) StdoutLine: {'line': b'-- Installing: /home/fcanof/vanttec_sdv/install/sdv_msgs/include/sdv_msgs/sdv_msgs/msg/detail/eta_pose__traits.hpp\n'}
[13.520357] (sdv_msgs) StdoutLine: {'line': b'-- Installing: /home/fcanof/vanttec_sdv/install/sdv_msgs/include/sdv_msgs/sdv_msgs/msg/detail/eta_pose__builder.hpp\n'}
[13.520615] (sdv_msgs) StdoutLine: {'line': b'-- Installing: /home/fcanof/vanttec_sdv/install/sdv_msgs/include/sdv_msgs/sdv_msgs/msg/detail/throttle_msg__struct.hpp\n'}
[13.520701] (sdv_msgs) StdoutLine: {'line': b'-- Installing: /home/fcanof/vanttec_sdv/install/sdv_msgs/include/sdv_msgs/sdv_msgs/msg/detail/throttle_msg__builder.hpp\n'}
[13.520851] (sdv_msgs) StdoutLine: {'line': b'-- Installing: /home/fcanof/vanttec_sdv/install/sdv_msgs/include/sdv_msgs/sdv_msgs/msg/detail/vehicle_info_wheel__builder.hpp\n'}
[13.521042] (sdv_msgs) StdoutLine: {'line': b'-- Installing: /home/fcanof/vanttec_sdv/install/sdv_msgs/include/sdv_msgs/sdv_msgs/msg/detail/panel_msg__traits.hpp\n'}
[13.521253] (sdv_msgs) StdoutLine: {'line': b'-- Installing: /home/fcanof/vanttec_sdv/install/sdv_msgs/include/sdv_msgs/sdv_msgs/msg/detail/thrust_control__builder.hpp\n'}
[13.521411] (sdv_msgs) StdoutLine: {'line': b'-- Installing: /home/fcanof/vanttec_sdv/install/sdv_msgs/include/sdv_msgs/sdv_msgs/msg/detail/xbox_msg__builder.hpp\n'}
[13.521686] (sdv_msgs) StdoutLine: {'line': b'-- Installing: /home/fcanof/vanttec_sdv/install/sdv_msgs/include/sdv_msgs/sdv_msgs/msg/detail/status__traits.hpp\n'}
[13.521818] (sdv_msgs) StdoutLine: {'line': b'-- Installing: /home/fcanof/vanttec_sdv/install/sdv_msgs/include/sdv_msgs/sdv_msgs/msg/detail/system_dynamics__builder.hpp\n'}
[13.521918] (sdv_msgs) StdoutLine: {'line': b'-- Installing: /home/fcanof/vanttec_sdv/install/sdv_msgs/include/sdv_msgs/sdv_msgs/msg/detail/collision_event__builder.hpp\n'}
[13.522186] (sdv_msgs) StdoutLine: {'line': b'-- Installing: /home/fcanof/vanttec_sdv/install/sdv_msgs/include/sdv_msgs/sdv_msgs/msg/detail/guidance_waypoints__struct.hpp\n'}
[13.522490] (sdv_msgs) StdoutLine: {'line': b'-- Installing: /home/fcanof/vanttec_sdv/install/sdv_msgs/include/sdv_msgs/sdv_msgs/msg/detail/system_dynamics__struct.hpp\n'}
[13.522645] (sdv_msgs) StdoutLine: {'line': b'-- Installing: /home/fcanof/vanttec_sdv/install/sdv_msgs/include/sdv_msgs/sdv_msgs/msg/detail/vehicle_status__builder.hpp\n'}
[13.522808] (sdv_msgs) StdoutLine: {'line': b'-- Installing: /home/fcanof/vanttec_sdv/install/sdv_msgs/include/sdv_msgs/sdv_msgs/msg/detail/lane_invasion_event__struct.hpp\n'}
[13.522955] (sdv_msgs) StdoutLine: {'line': b'-- Installing: /home/fcanof/vanttec_sdv/install/sdv_msgs/include/sdv_msgs/sdv_msgs/msg/detail/eta_pose__struct.hpp\n'}
[13.523228] (sdv_msgs) StdoutLine: {'line': b'-- Installing: /home/fcanof/vanttec_sdv/install/sdv_msgs/include/sdv_msgs/sdv_msgs/msg/throttle_msg.hpp\n'}
[13.523368] (sdv_msgs) StdoutLine: {'line': b'-- Installing: /home/fcanof/vanttec_sdv/install/sdv_msgs/include/sdv_msgs/sdv_msgs/msg/vehicle_control.hpp\n'}
[13.523535] (sdv_msgs) StdoutLine: {'line': b'-- Installing: /home/fcanof/vanttec_sdv/install/sdv_msgs/include/sdv_msgs/sdv_msgs/msg/lane_invasion_event.hpp\n'}
[13.523763] (sdv_msgs) StdoutLine: {'line': b'-- Installing: /home/fcanof/vanttec_sdv/install/sdv_msgs/include/sdv_msgs/sdv_msgs/msg/collision_event.hpp\n'}
[13.523939] (sdv_msgs) StdoutLine: {'line': b'-- Installing: /home/fcanof/vanttec_sdv/install/sdv_msgs/include/sdv_msgs/sdv_msgs/msg/vehicle_status.hpp\n'}
[13.524110] (sdv_msgs) StdoutLine: {'line': b'-- Installing: /home/fcanof/vanttec_sdv/install/sdv_msgs/include/sdv_msgs/sdv_msgs/msg/status.hpp\n'}
[13.524232] (sdv_msgs) StdoutLine: {'line': b'-- Installing: /home/fcanof/vanttec_sdv/install/sdv_msgs/include/sdv_msgs/sdv_msgs/msg/xbox_msg.hpp\n'}
[13.524398] (sdv_msgs) StdoutLine: {'line': b'-- Installing: /home/fcanof/vanttec_sdv/install/sdv_msgs/include/sdv_msgs/sdv_msgs/msg/panel_msg.hpp\n'}
[13.524527] (sdv_msgs) StdoutLine: {'line': b'-- Installing: /home/fcanof/vanttec_sdv/install/sdv_msgs/include/sdv_msgs/sdv_msgs/msg/encoder.hpp\n'}
[13.524691] (sdv_msgs) StdoutLine: {'line': b'-- Installing: /home/fcanof/vanttec_sdv/install/sdv_msgs/include/sdv_msgs/sdv_msgs/msg/eta_pose.hpp\n'}
[13.524857] (sdv_msgs) StdoutLine: {'line': b'-- Installing: /home/fcanof/vanttec_sdv/install/sdv_msgs/include/sdv_msgs/sdv_msgs/msg/thrust_control.hpp\n'}
[13.525033] (sdv_msgs) StdoutLine: {'line': b'-- Up-to-date: /home/fcanof/vanttec_sdv/install/sdv_msgs/include/sdv_msgs/sdv_msgs\n'}
[13.525262] (sdv_msgs) StdoutLine: {'line': b'-- Up-to-date: /home/fcanof/vanttec_sdv/install/sdv_msgs/include/sdv_msgs/sdv_msgs/msg\n'}
[13.525484] (sdv_msgs) StdoutLine: {'line': b'-- Installing: /home/fcanof/vanttec_sdv/install/sdv_msgs/include/sdv_msgs/sdv_msgs/msg/rosidl_typesupport_fastrtps_cpp__visibility_control.h\n'}
[13.525634] (sdv_msgs) StdoutLine: {'line': b'-- Up-to-date: /home/fcanof/vanttec_sdv/install/sdv_msgs/include/sdv_msgs/sdv_msgs/msg/detail\n'}
[13.525828] (sdv_msgs) StdoutLine: {'line': b'-- Installing: /home/fcanof/vanttec_sdv/install/sdv_msgs/include/sdv_msgs/sdv_msgs/msg/detail/system_dynamics__rosidl_typesupport_fastrtps_cpp.hpp\n'}
[13.525995] (sdv_msgs) StdoutLine: {'line': b'-- Installing: /home/fcanof/vanttec_sdv/install/sdv_msgs/include/sdv_msgs/sdv_msgs/msg/detail/dds_fastrtps\n'}
[13.526160] (sdv_msgs) StdoutLine: {'line': b'-- Installing: /home/fcanof/vanttec_sdv/install/sdv_msgs/include/sdv_msgs/sdv_msgs/msg/detail/vehicle_info__rosidl_typesupport_fastrtps_cpp.hpp\n'}
[13.526265] (sdv_msgs) StdoutLine: {'line': b'-- Installing: /home/fcanof/vanttec_sdv/install/sdv_msgs/include/sdv_msgs/sdv_msgs/msg/detail/vehicle_status__rosidl_typesupport_fastrtps_cpp.hpp\n'}
[13.526418] (sdv_msgs) StdoutLine: {'line': b'-- Installing: /home/fcanof/vanttec_sdv/install/sdv_msgs/include/sdv_msgs/sdv_msgs/msg/detail/vehicle_info_wheel__rosidl_typesupport_fastrtps_cpp.hpp\n'}
[13.526583] (sdv_msgs) StdoutLine: {'line': b'-- Installing: /home/fcanof/vanttec_sdv/install/sdv_msgs/include/sdv_msgs/sdv_msgs/msg/detail/guidance_waypoints__rosidl_typesupport_fastrtps_cpp.hpp\n'}
[13.526757] (sdv_msgs) StdoutLine: {'line': b'-- Installing: /home/fcanof/vanttec_sdv/install/sdv_msgs/include/sdv_msgs/sdv_msgs/msg/detail/status__rosidl_typesupport_fastrtps_cpp.hpp\n'}
[13.526941] (sdv_msgs) StdoutLine: {'line': b'-- Installing: /home/fcanof/vanttec_sdv/install/sdv_msgs/include/sdv_msgs/sdv_msgs/msg/detail/encoder__rosidl_typesupport_fastrtps_cpp.hpp\n'}
[13.527123] (sdv_msgs) StdoutLine: {'line': b'-- Installing: /home/fcanof/vanttec_sdv/install/sdv_msgs/include/sdv_msgs/sdv_msgs/msg/detail/thrust_control__rosidl_typesupport_fastrtps_cpp.hpp\n'}
[13.527348] (sdv_msgs) StdoutLine: {'line': b'-- Installing: /home/fcanof/vanttec_sdv/install/sdv_msgs/include/sdv_msgs/sdv_msgs/msg/detail/panel_msg__rosidl_typesupport_fastrtps_cpp.hpp\n'}
[13.527528] (sdv_msgs) StdoutLine: {'line': b'-- Installing: /home/fcanof/vanttec_sdv/install/sdv_msgs/include/sdv_msgs/sdv_msgs/msg/detail/xbox_msg__rosidl_typesupport_fastrtps_cpp.hpp\n'}
[13.527704] (sdv_msgs) StdoutLine: {'line': b'-- Installing: /home/fcanof/vanttec_sdv/install/sdv_msgs/include/sdv_msgs/sdv_msgs/msg/detail/collision_event__rosidl_typesupport_fastrtps_cpp.hpp\n'}
[13.528755] (sdv_msgs) StdoutLine: {'line': b'-- Installing: /home/fcanof/vanttec_sdv/install/sdv_msgs/include/sdv_msgs/sdv_msgs/msg/detail/vehicle_control__rosidl_typesupport_fastrtps_cpp.hpp\n'}
[13.528933] (sdv_msgs) StdoutLine: {'line': b'-- Installing: /home/fcanof/vanttec_sdv/install/sdv_msgs/include/sdv_msgs/sdv_msgs/msg/detail/eta_pose__rosidl_typesupport_fastrtps_cpp.hpp\n'}
[13.529058] (sdv_msgs) StdoutLine: {'line': b'-- Installing: /home/fcanof/vanttec_sdv/install/sdv_msgs/include/sdv_msgs/sdv_msgs/msg/detail/lane_invasion_event__rosidl_typesupport_fastrtps_cpp.hpp\n'}
[13.529172] (sdv_msgs) StdoutLine: {'line': b'-- Installing: /home/fcanof/vanttec_sdv/install/sdv_msgs/include/sdv_msgs/sdv_msgs/msg/detail/throttle_msg__rosidl_typesupport_fastrtps_cpp.hpp\n'}
[13.529283] (sdv_msgs) StdoutLine: {'line': b'-- Installing: /home/fcanof/vanttec_sdv/install/sdv_msgs/lib/libsdv_msgs__rosidl_typesupport_fastrtps_cpp.so\n'}
[13.529455] (sdv_msgs) StdoutLine: {'line': b'-- Set runtime path of "/home/fcanof/vanttec_sdv/install/sdv_msgs/lib/libsdv_msgs__rosidl_typesupport_fastrtps_cpp.so" to ""\n'}
[13.529695] (sdv_msgs) StdoutLine: {'line': b'-- Up-to-date: /home/fcanof/vanttec_sdv/install/sdv_msgs/include/sdv_msgs/sdv_msgs\n'}
[13.530011] (sdv_msgs) StdoutLine: {'line': b'-- Up-to-date: /home/fcanof/vanttec_sdv/install/sdv_msgs/include/sdv_msgs/sdv_msgs/msg\n'}
[13.530575] (sdv_msgs) StdoutLine: {'line': b'-- Up-to-date: /home/fcanof/vanttec_sdv/install/sdv_msgs/include/sdv_msgs/sdv_msgs/msg/detail\n'}
[13.530710] (sdv_msgs) StdoutLine: {'line': b'-- Installing: /home/fcanof/vanttec_sdv/install/sdv_msgs/include/sdv_msgs/sdv_msgs/msg/detail/vehicle_status__type_support.c\n'}
[13.530877] (sdv_msgs) StdoutLine: {'line': b'-- Installing: /home/fcanof/vanttec_sdv/install/sdv_msgs/include/sdv_msgs/sdv_msgs/msg/detail/throttle_msg__type_support.c\n'}
[13.531016] (sdv_msgs) StdoutLine: {'line': b'-- Installing: /home/fcanof/vanttec_sdv/install/sdv_msgs/include/sdv_msgs/sdv_msgs/msg/detail/vehicle_status__rosidl_typesupport_introspection_c.h\n'}
[13.531168] (sdv_msgs) StdoutLine: {'line': b'-- Installing: /home/fcanof/vanttec_sdv/install/sdv_msgs/include/sdv_msgs/sdv_msgs/msg/detail/guidance_waypoints__rosidl_typesupport_introspection_c.h\n'}
[13.531313] (sdv_msgs) StdoutLine: {'line': b'-- Installing: /home/fcanof/vanttec_sdv/install/sdv_msgs/include/sdv_msgs/sdv_msgs/msg/detail/guidance_waypoints__type_support.c\n'}
[13.531462] (sdv_msgs) StdoutLine: {'line': b'-- Installing: /home/fcanof/vanttec_sdv/install/sdv_msgs/include/sdv_msgs/sdv_msgs/msg/detail/panel_msg__type_support.c\n'}
[13.531602] (sdv_msgs) StdoutLine: {'line': b'-- Installing: /home/fcanof/vanttec_sdv/install/sdv_msgs/include/sdv_msgs/sdv_msgs/msg/detail/encoder__rosidl_typesupport_introspection_c.h\n'}
[13.531717] (sdv_msgs) StdoutLine: {'line': b'-- Installing: /home/fcanof/vanttec_sdv/install/sdv_msgs/include/sdv_msgs/sdv_msgs/msg/detail/vehicle_info__type_support.c\n'}
[13.531858] (sdv_msgs) StdoutLine: {'line': b'-- Installing: /home/fcanof/vanttec_sdv/install/sdv_msgs/include/sdv_msgs/sdv_msgs/msg/detail/vehicle_info_wheel__rosidl_typesupport_introspection_c.h\n'}
[13.531997] (sdv_msgs) StdoutLine: {'line': b'-- Installing: /home/fcanof/vanttec_sdv/install/sdv_msgs/include/sdv_msgs/sdv_msgs/msg/detail/panel_msg__rosidl_typesupport_introspection_c.h\n'}
[13.532109] (sdv_msgs) StdoutLine: {'line': b'-- Installing: /home/fcanof/vanttec_sdv/install/sdv_msgs/include/sdv_msgs/sdv_msgs/msg/detail/vehicle_info_wheel__type_support.c\n'}
[13.532255] (sdv_msgs) StdoutLine: {'line': b'-- Installing: /home/fcanof/vanttec_sdv/install/sdv_msgs/include/sdv_msgs/sdv_msgs/msg/detail/collision_event__type_support.c\n'}
[13.532397] (sdv_msgs) StdoutLine: {'line': b'-- Installing: /home/fcanof/vanttec_sdv/install/sdv_msgs/include/sdv_msgs/sdv_msgs/msg/detail/collision_event__rosidl_typesupport_introspection_c.h\n'}
[13.532512] (sdv_msgs) StdoutLine: {'line': b'-- Installing: /home/fcanof/vanttec_sdv/install/sdv_msgs/include/sdv_msgs/sdv_msgs/msg/detail/eta_pose__rosidl_typesupport_introspection_c.h\n'}
[13.533367] (sdv_msgs) StdoutLine: {'line': b'-- Installing: /home/fcanof/vanttec_sdv/install/sdv_msgs/include/sdv_msgs/sdv_msgs/msg/detail/xbox_msg__rosidl_typesupport_introspection_c.h\n'}
[13.533519] (sdv_msgs) StdoutLine: {'line': b'-- Installing: /home/fcanof/vanttec_sdv/install/sdv_msgs/include/sdv_msgs/sdv_msgs/msg/detail/xbox_msg__type_support.c\n'}
[13.533665] (sdv_msgs) StdoutLine: {'line': b'-- Installing: /home/fcanof/vanttec_sdv/install/sdv_msgs/include/sdv_msgs/sdv_msgs/msg/detail/thrust_control__rosidl_typesupport_introspection_c.h\n'}
[13.533774] (sdv_msgs) StdoutLine: {'line': b'-- Installing: /home/fcanof/vanttec_sdv/install/sdv_msgs/include/sdv_msgs/sdv_msgs/msg/detail/throttle_msg__rosidl_typesupport_introspection_c.h\n'}
[13.533876] (sdv_msgs) StdoutLine: {'line': b'-- Installing: /home/fcanof/vanttec_sdv/install/sdv_msgs/include/sdv_msgs/sdv_msgs/msg/detail/vehicle_control__type_support.c\n'}
[13.533993] (sdv_msgs) StdoutLine: {'line': b'-- Installing: /home/fcanof/vanttec_sdv/install/sdv_msgs/include/sdv_msgs/sdv_msgs/msg/detail/lane_invasion_event__rosidl_typesupport_introspection_c.h\n'}
[13.534322] (sdv_msgs) StdoutLine: {'line': b'-- Installing: /home/fcanof/vanttec_sdv/install/sdv_msgs/include/sdv_msgs/sdv_msgs/msg/detail/system_dynamics__type_support.c\n'}
[13.534474] (sdv_msgs) StdoutLine: {'line': b'-- Installing: /home/fcanof/vanttec_sdv/install/sdv_msgs/include/sdv_msgs/sdv_msgs/msg/detail/vehicle_control__rosidl_typesupport_introspection_c.h\n'}
[13.534678] (sdv_msgs) StdoutLine: {'line': b'-- Installing: /home/fcanof/vanttec_sdv/install/sdv_msgs/include/sdv_msgs/sdv_msgs/msg/detail/encoder__type_support.c\n'}
[13.534789] (sdv_msgs) StdoutLine: {'line': b'-- Installing: /home/fcanof/vanttec_sdv/install/sdv_msgs/include/sdv_msgs/sdv_msgs/msg/detail/thrust_control__type_support.c\n'}
[13.534948] (sdv_msgs) StdoutLine: {'line': b'-- Installing: /home/fcanof/vanttec_sdv/install/sdv_msgs/include/sdv_msgs/sdv_msgs/msg/detail/eta_pose__type_support.c\n'}
[13.535102] (sdv_msgs) StdoutLine: {'line': b'-- Installing: /home/fcanof/vanttec_sdv/install/sdv_msgs/include/sdv_msgs/sdv_msgs/msg/detail/status__rosidl_typesupport_introspection_c.h\n'}
[13.535210] (sdv_msgs) StdoutLine: {'line': b'-- Installing: /home/fcanof/vanttec_sdv/install/sdv_msgs/include/sdv_msgs/sdv_msgs/msg/detail/vehicle_info__rosidl_typesupport_introspection_c.h\n'}
[13.535348] (sdv_msgs) StdoutLine: {'line': b'-- Installing: /home/fcanof/vanttec_sdv/install/sdv_msgs/include/sdv_msgs/sdv_msgs/msg/detail/status__type_support.c\n'}
[13.535475] (sdv_msgs) StdoutLine: {'line': b'-- Installing: /home/fcanof/vanttec_sdv/install/sdv_msgs/include/sdv_msgs/sdv_msgs/msg/detail/lane_invasion_event__type_support.c\n'}
[13.535627] (sdv_msgs) StdoutLine: {'line': b'-- Installing: /home/fcanof/vanttec_sdv/install/sdv_msgs/include/sdv_msgs/sdv_msgs/msg/detail/system_dynamics__rosidl_typesupport_introspection_c.h\n'}
[13.535860] (sdv_msgs) StdoutLine: {'line': b'-- Installing: /home/fcanof/vanttec_sdv/install/sdv_msgs/include/sdv_msgs/sdv_msgs/msg/rosidl_typesupport_introspection_c__visibility_control.h\n'}
[13.536020] (sdv_msgs) StdoutLine: {'line': b'-- Installing: /home/fcanof/vanttec_sdv/install/sdv_msgs/lib/libsdv_msgs__rosidl_typesupport_introspection_c.so\n'}
[13.536686] (sdv_msgs) StdoutLine: {'line': b'-- Set runtime path of "/home/fcanof/vanttec_sdv/install/sdv_msgs/lib/libsdv_msgs__rosidl_typesupport_introspection_c.so" to ""\n'}
[13.537133] (sdv_msgs) StdoutLine: {'line': b'-- Installing: /home/fcanof/vanttec_sdv/install/sdv_msgs/lib/libsdv_msgs__rosidl_typesupport_c.so\n'}
[13.537304] (sdv_msgs) StdoutLine: {'line': b'-- Set runtime path of "/home/fcanof/vanttec_sdv/install/sdv_msgs/lib/libsdv_msgs__rosidl_typesupport_c.so" to ""\n'}
[13.537522] (sdv_msgs) StdoutLine: {'line': b'-- Up-to-date: /home/fcanof/vanttec_sdv/install/sdv_msgs/include/sdv_msgs/sdv_msgs\n'}
[13.537645] (sdv_msgs) StdoutLine: {'line': b'-- Up-to-date: /home/fcanof/vanttec_sdv/install/sdv_msgs/include/sdv_msgs/sdv_msgs/msg\n'}
[13.537807] (sdv_msgs) StdoutLine: {'line': b'-- Up-to-date: /home/fcanof/vanttec_sdv/install/sdv_msgs/include/sdv_msgs/sdv_msgs/msg/detail\n'}
[13.538025] (sdv_msgs) StdoutLine: {'line': b'-- Installing: /home/fcanof/vanttec_sdv/install/sdv_msgs/include/sdv_msgs/sdv_msgs/msg/detail/panel_msg__rosidl_typesupport_introspection_cpp.hpp\n'}
[13.538274] (sdv_msgs) StdoutLine: {'line': b'-- Installing: /home/fcanof/vanttec_sdv/install/sdv_msgs/include/sdv_msgs/sdv_msgs/msg/detail/collision_event__rosidl_typesupport_introspection_cpp.hpp\n'}
[13.538418] (sdv_msgs) StdoutLine: {'line': b'-- Installing: /home/fcanof/vanttec_sdv/install/sdv_msgs/include/sdv_msgs/sdv_msgs/msg/detail/status__rosidl_typesupport_introspection_cpp.hpp\n'}
[13.538542] (sdv_msgs) StdoutLine: {'line': b'-- Installing: /home/fcanof/vanttec_sdv/install/sdv_msgs/include/sdv_msgs/sdv_msgs/msg/detail/guidance_waypoints__type_support.cpp\n'}
[13.539386] (sdv_msgs) StdoutLine: {'line': b'-- Installing: /home/fcanof/vanttec_sdv/install/sdv_msgs/include/sdv_msgs/sdv_msgs/msg/detail/xbox_msg__type_support.cpp\n'}
[13.539581] (sdv_msgs) StdoutLine: {'line': b'-- Installing: /home/fcanof/vanttec_sdv/install/sdv_msgs/include/sdv_msgs/sdv_msgs/msg/detail/vehicle_control__rosidl_typesupport_introspection_cpp.hpp\n'}
[13.539736] (sdv_msgs) StdoutLine: {'line': b'-- Installing: /home/fcanof/vanttec_sdv/install/sdv_msgs/include/sdv_msgs/sdv_msgs/msg/detail/throttle_msg__rosidl_typesupport_introspection_cpp.hpp\n'}
[13.539868] (sdv_msgs) StdoutLine: {'line': b'-- Installing: /home/fcanof/vanttec_sdv/install/sdv_msgs/include/sdv_msgs/sdv_msgs/msg/detail/vehicle_control__type_support.cpp\n'}
[13.540019] (sdv_msgs) StdoutLine: {'line': b'-- Installing: /home/fcanof/vanttec_sdv/install/sdv_msgs/include/sdv_msgs/sdv_msgs/msg/detail/eta_pose__rosidl_typesupport_introspection_cpp.hpp\n'}
[13.540179] (sdv_msgs) StdoutLine: {'line': b'-- Installing: /home/fcanof/vanttec_sdv/install/sdv_msgs/include/sdv_msgs/sdv_msgs/msg/detail/vehicle_info_wheel__type_support.cpp\n'}
[13.540330] (sdv_msgs) StdoutLine: {'line': b'-- Installing: /home/fcanof/vanttec_sdv/install/sdv_msgs/include/sdv_msgs/sdv_msgs/msg/detail/vehicle_status__rosidl_typesupport_introspection_cpp.hpp\n'}
[13.540486] (sdv_msgs) StdoutLine: {'line': b'-- Installing: /home/fcanof/vanttec_sdv/install/sdv_msgs/include/sdv_msgs/sdv_msgs/msg/detail/vehicle_status__type_support.cpp\n'}
[13.540607] (sdv_msgs) StdoutLine: {'line': b'-- Installing: /home/fcanof/vanttec_sdv/install/sdv_msgs/include/sdv_msgs/sdv_msgs/msg/detail/vehicle_info_wheel__rosidl_typesupport_introspection_cpp.hpp\n'}
[13.540912] (sdv_msgs) StdoutLine: {'line': b'-- Installing: /home/fcanof/vanttec_sdv/install/sdv_msgs/include/sdv_msgs/sdv_msgs/msg/detail/lane_invasion_event__rosidl_typesupport_introspection_cpp.hpp\n'}
[13.541037] (sdv_msgs) StdoutLine: {'line': b'-- Installing: /home/fcanof/vanttec_sdv/install/sdv_msgs/include/sdv_msgs/sdv_msgs/msg/detail/eta_pose__type_support.cpp\n'}
[13.541194] (sdv_msgs) StdoutLine: {'line': b'-- Installing: /home/fcanof/vanttec_sdv/install/sdv_msgs/include/sdv_msgs/sdv_msgs/msg/detail/encoder__type_support.cpp\n'}
[13.541396] (sdv_msgs) StdoutLine: {'line': b'-- Installing: /home/fcanof/vanttec_sdv/install/sdv_msgs/include/sdv_msgs/sdv_msgs/msg/detail/thrust_control__type_support.cpp\n'}
[13.541609] (sdv_msgs) StdoutLine: {'line': b'-- Installing: /home/fcanof/vanttec_sdv/install/sdv_msgs/include/sdv_msgs/sdv_msgs/msg/detail/system_dynamics__rosidl_typesupport_introspection_cpp.hpp\n'}
[13.541790] (sdv_msgs) StdoutLine: {'line': b'-- Installing: /home/fcanof/vanttec_sdv/install/sdv_msgs/include/sdv_msgs/sdv_msgs/msg/detail/collision_event__type_support.cpp\n'}
[13.541968] (sdv_msgs) StdoutLine: {'line': b'-- Installing: /home/fcanof/vanttec_sdv/install/sdv_msgs/include/sdv_msgs/sdv_msgs/msg/detail/thrust_control__rosidl_typesupport_introspection_cpp.hpp\n'}
[13.542345] (sdv_msgs) StdoutLine: {'line': b'-- Installing: /home/fcanof/vanttec_sdv/install/sdv_msgs/include/sdv_msgs/sdv_msgs/msg/detail/lane_invasion_event__type_support.cpp\n'}
[13.542553] (sdv_msgs) StdoutLine: {'line': b'-- Installing: /home/fcanof/vanttec_sdv/install/sdv_msgs/include/sdv_msgs/sdv_msgs/msg/detail/guidance_waypoints__rosidl_typesupport_introspection_cpp.hpp\n'}
[13.542722] (sdv_msgs) StdoutLine: {'line': b'-- Installing: /home/fcanof/vanttec_sdv/install/sdv_msgs/include/sdv_msgs/sdv_msgs/msg/detail/status__type_support.cpp\n'}
[13.542883] (sdv_msgs) StdoutLine: {'line': b'-- Installing: /home/fcanof/vanttec_sdv/install/sdv_msgs/include/sdv_msgs/sdv_msgs/msg/detail/vehicle_info__type_support.cpp\n'}
[13.543032] (sdv_msgs) StdoutLine: {'line': b'-- Installing: /home/fcanof/vanttec_sdv/install/sdv_msgs/include/sdv_msgs/sdv_msgs/msg/detail/xbox_msg__rosidl_typesupport_introspection_cpp.hpp\n'}
[13.543212] (sdv_msgs) StdoutLine: {'line': b'-- Installing: /home/fcanof/vanttec_sdv/install/sdv_msgs/include/sdv_msgs/sdv_msgs/msg/detail/panel_msg__type_support.cpp\n'}
[13.543371] (sdv_msgs) StdoutLine: {'line': b'-- Installing: /home/fcanof/vanttec_sdv/install/sdv_msgs/include/sdv_msgs/sdv_msgs/msg/detail/vehicle_info__rosidl_typesupport_introspection_cpp.hpp\n'}
[13.543485] (sdv_msgs) StdoutLine: {'line': b'-- Installing: /home/fcanof/vanttec_sdv/install/sdv_msgs/include/sdv_msgs/sdv_msgs/msg/detail/system_dynamics__type_support.cpp\n'}
[13.543733] (sdv_msgs) StdoutLine: {'line': b'-- Installing: /home/fcanof/vanttec_sdv/install/sdv_msgs/include/sdv_msgs/sdv_msgs/msg/detail/encoder__rosidl_typesupport_introspection_cpp.hpp\n'}
[13.543899] (sdv_msgs) StdoutLine: {'line': b'-- Installing: /home/fcanof/vanttec_sdv/install/sdv_msgs/include/sdv_msgs/sdv_msgs/msg/detail/throttle_msg__type_support.cpp\n'}
[13.544151] (sdv_msgs) StdoutLine: {'line': b'-- Installing: /home/fcanof/vanttec_sdv/install/sdv_msgs/lib/libsdv_msgs__rosidl_typesupport_introspection_cpp.so\n'}
[13.545009] (sdv_msgs) StdoutLine: {'line': b'-- Set runtime path of "/home/fcanof/vanttec_sdv/install/sdv_msgs/lib/libsdv_msgs__rosidl_typesupport_introspection_cpp.so" to ""\n'}
[13.545141] (sdv_msgs) StdoutLine: {'line': b'-- Installing: /home/fcanof/vanttec_sdv/install/sdv_msgs/lib/libsdv_msgs__rosidl_typesupport_cpp.so\n'}
[13.545673] (sdv_msgs) StdoutLine: {'line': b'-- Set runtime path of "/home/fcanof/vanttec_sdv/install/sdv_msgs/lib/libsdv_msgs__rosidl_typesupport_cpp.so" to ""\n'}
[13.545799] (sdv_msgs) StdoutLine: {'line': b'-- Installing: /home/fcanof/vanttec_sdv/install/sdv_msgs/share/sdv_msgs/environment/pythonpath.sh\n'}
[13.545983] (sdv_msgs) StdoutLine: {'line': b'-- Installing: /home/fcanof/vanttec_sdv/install/sdv_msgs/share/sdv_msgs/environment/pythonpath.dsv\n'}
[13.546198] (sdv_msgs) StdoutLine: {'line': b'-- Installing: /home/fcanof/vanttec_sdv/install/sdv_msgs/local/lib/python3.10/dist-packages/sdv_msgs-0.0.0-py3.10.egg-info\n'}
[13.546383] (sdv_msgs) StdoutLine: {'line': b'-- Installing: /home/fcanof/vanttec_sdv/install/sdv_msgs/local/lib/python3.10/dist-packages/sdv_msgs-0.0.0-py3.10.egg-info/PKG-INFO\n'}
[13.546568] (sdv_msgs) StdoutLine: {'line': b'-- Installing: /home/fcanof/vanttec_sdv/install/sdv_msgs/local/lib/python3.10/dist-packages/sdv_msgs-0.0.0-py3.10.egg-info/top_level.txt\n'}
[13.546761] (sdv_msgs) StdoutLine: {'line': b'-- Installing: /home/fcanof/vanttec_sdv/install/sdv_msgs/local/lib/python3.10/dist-packages/sdv_msgs-0.0.0-py3.10.egg-info/SOURCES.txt\n'}
[13.546929] (sdv_msgs) StdoutLine: {'line': b'-- Installing: /home/fcanof/vanttec_sdv/install/sdv_msgs/local/lib/python3.10/dist-packages/sdv_msgs-0.0.0-py3.10.egg-info/dependency_links.txt\n'}
[13.547272] (sdv_msgs) StdoutLine: {'line': b'-- Installing: /home/fcanof/vanttec_sdv/install/sdv_msgs/local/lib/python3.10/dist-packages/sdv_msgs\n'}
[13.547428] (sdv_msgs) StdoutLine: {'line': b'-- Installing: /home/fcanof/vanttec_sdv/install/sdv_msgs/local/lib/python3.10/dist-packages/sdv_msgs/sdv_msgs_s__rosidl_typesupport_c.cpython-310-x86_64-linux-gnu.so\n'}
[13.547589] (sdv_msgs) StdoutLine: {'line': b'-- Installing: /home/fcanof/vanttec_sdv/install/sdv_msgs/local/lib/python3.10/dist-packages/sdv_msgs/_sdv_msgs_s.ep.rosidl_typesupport_c.c\n'}
[13.547754] (sdv_msgs) StdoutLine: {'line': b'-- Installing: /home/fcanof/vanttec_sdv/install/sdv_msgs/local/lib/python3.10/dist-packages/sdv_msgs/_sdv_msgs_s.ep.rosidl_typesupport_introspection_c.c\n'}
[13.548020] (sdv_msgs) StdoutLine: {'line': b'-- Installing: /home/fcanof/vanttec_sdv/install/sdv_msgs/local/lib/python3.10/dist-packages/sdv_msgs/sdv_msgs_s__rosidl_typesupport_fastrtps_c.cpython-310-x86_64-linux-gnu.so\n'}
[13.548390] (sdv_msgs) StdoutLine: {'line': b'-- Installing: /home/fcanof/vanttec_sdv/install/sdv_msgs/local/lib/python3.10/dist-packages/sdv_msgs/libsdv_msgs__rosidl_generator_py.so\n'}
[13.548570] (sdv_msgs) StdoutLine: {'line': b'-- Installing: /home/fcanof/vanttec_sdv/install/sdv_msgs/local/lib/python3.10/dist-packages/sdv_msgs/msg\n'}
[13.548728] (sdv_msgs) StdoutLine: {'line': b'-- Installing: /home/fcanof/vanttec_sdv/install/sdv_msgs/local/lib/python3.10/dist-packages/sdv_msgs/msg/_throttle_msg_s.c\n'}
[13.548910] (sdv_msgs) StdoutLine: {'line': b'-- Installing: /home/fcanof/vanttec_sdv/install/sdv_msgs/local/lib/python3.10/dist-packages/sdv_msgs/msg/_system_dynamics_s.c\n'}
[13.549104] (sdv_msgs) StdoutLine: {'line': b'-- Installing: /home/fcanof/vanttec_sdv/install/sdv_msgs/local/lib/python3.10/dist-packages/sdv_msgs/msg/_vehicle_info_wheel.py\n'}
[13.549279] (sdv_msgs) StdoutLine: {'line': b'-- Installing: /home/fcanof/vanttec_sdv/install/sdv_msgs/local/lib/python3.10/dist-packages/sdv_msgs/msg/_guidance_waypoints.py\n'}
[13.549445] (sdv_msgs) StdoutLine: {'line': b'-- Installing: /home/fcanof/vanttec_sdv/install/sdv_msgs/local/lib/python3.10/dist-packages/sdv_msgs/msg/_vehicle_status_s.c\n'}
[13.549613] (sdv_msgs) StdoutLine: {'line': b'-- Installing: /home/fcanof/vanttec_sdv/install/sdv_msgs/local/lib/python3.10/dist-packages/sdv_msgs/msg/_collision_event_s.c\n'}
[13.549793] (sdv_msgs) StdoutLine: {'line': b'-- Installing: /home/fcanof/vanttec_sdv/install/sdv_msgs/local/lib/python3.10/dist-packages/sdv_msgs/msg/_vehicle_control.py\n'}
[13.550222] (sdv_msgs) StdoutLine: {'line': b'-- Installing: /home/fcanof/vanttec_sdv/install/sdv_msgs/local/lib/python3.10/dist-packages/sdv_msgs/msg/_vehicle_control_s.c\n'}
[13.550694] (sdv_msgs) StdoutLine: {'line': b'-- Installing: /home/fcanof/vanttec_sdv/install/sdv_msgs/local/lib/python3.10/dist-packages/sdv_msgs/msg/_lane_invasion_event.py\n'}
[13.550951] (sdv_msgs) StdoutLine: {'line': b'-- Installing: /home/fcanof/vanttec_sdv/install/sdv_msgs/local/lib/python3.10/dist-packages/sdv_msgs/msg/_collision_event.py\n'}
[13.551127] (sdv_msgs) StdoutLine: {'line': b'-- Installing: /home/fcanof/vanttec_sdv/install/sdv_msgs/local/lib/python3.10/dist-packages/sdv_msgs/msg/_eta_pose_s.c\n'}
[13.551331] (sdv_msgs) StdoutLine: {'line': b'-- Installing: /home/fcanof/vanttec_sdv/install/sdv_msgs/local/lib/python3.10/dist-packages/sdv_msgs/msg/_system_dynamics.py\n'}
[13.551443] (sdv_msgs) StdoutLine: {'line': b'-- Installing: /home/fcanof/vanttec_sdv/install/sdv_msgs/local/lib/python3.10/dist-packages/sdv_msgs/msg/_panel_msg_s.c\n'}
[13.551597] (sdv_msgs) StdoutLine: {'line': b'-- Installing: /home/fcanof/vanttec_sdv/install/sdv_msgs/local/lib/python3.10/dist-packages/sdv_msgs/msg/_eta_pose.py\n'}
[13.551723] (sdv_msgs) StdoutLine: {'line': b'-- Installing: /home/fcanof/vanttec_sdv/install/sdv_msgs/local/lib/python3.10/dist-packages/sdv_msgs/msg/_encoder.py\n'}
[13.551843] (sdv_msgs) StdoutLine: {'line': b'-- Installing: /home/fcanof/vanttec_sdv/install/sdv_msgs/local/lib/python3.10/dist-packages/sdv_msgs/msg/_thrust_control.py\n'}
[13.551943] (sdv_msgs) StdoutLine: {'line': b'-- Installing: /home/fcanof/vanttec_sdv/install/sdv_msgs/local/lib/python3.10/dist-packages/sdv_msgs/msg/_vehicle_status.py\n'}
[13.552067] (sdv_msgs) StdoutLine: {'line': b'-- Installing: /home/fcanof/vanttec_sdv/install/sdv_msgs/local/lib/python3.10/dist-packages/sdv_msgs/msg/_vehicle_info.py\n'}
[13.552199] (sdv_msgs) StdoutLine: {'line': b'-- Installing: /home/fcanof/vanttec_sdv/install/sdv_msgs/local/lib/python3.10/dist-packages/sdv_msgs/msg/_guidance_waypoints_s.c\n'}
[13.552338] (sdv_msgs) StdoutLine: {'line': b'-- Installing: /home/fcanof/vanttec_sdv/install/sdv_msgs/local/lib/python3.10/dist-packages/sdv_msgs/msg/_status_s.c\n'}
[13.552506] (sdv_msgs) StdoutLine: {'line': b'-- Installing: /home/fcanof/vanttec_sdv/install/sdv_msgs/local/lib/python3.10/dist-packages/sdv_msgs/msg/_status.py\n'}
[13.553055] (sdv_msgs) StdoutLine: {'line': b'-- Installing: /home/fcanof/vanttec_sdv/install/sdv_msgs/local/lib/python3.10/dist-packages/sdv_msgs/msg/_thrust_control_s.c\n'}
[13.553249] (sdv_msgs) StdoutLine: {'line': b'-- Installing: /home/fcanof/vanttec_sdv/install/sdv_msgs/local/lib/python3.10/dist-packages/sdv_msgs/msg/_vehicle_info_s.c\n'}
[13.553343] (sdv_msgs) StdoutLine: {'line': b'-- Installing: /home/fcanof/vanttec_sdv/install/sdv_msgs/local/lib/python3.10/dist-packages/sdv_msgs/msg/_xbox_msg.py\n'}
[13.553462] (sdv_msgs) StdoutLine: {'line': b'-- Installing: /home/fcanof/vanttec_sdv/install/sdv_msgs/local/lib/python3.10/dist-packages/sdv_msgs/msg/_throttle_msg.py\n'}
[13.554600] (sdv_msgs) StdoutLine: {'line': b'-- Installing: /home/fcanof/vanttec_sdv/install/sdv_msgs/local/lib/python3.10/dist-packages/sdv_msgs/msg/_vehicle_info_wheel_s.c\n'}
[13.554751] (sdv_msgs) StdoutLine: {'line': b'-- Installing: /home/fcanof/vanttec_sdv/install/sdv_msgs/local/lib/python3.10/dist-packages/sdv_msgs/msg/__init__.py\n'}
[13.554890] (sdv_msgs) StdoutLine: {'line': b'-- Installing: /home/fcanof/vanttec_sdv/install/sdv_msgs/local/lib/python3.10/dist-packages/sdv_msgs/msg/_lane_invasion_event_s.c\n'}
[13.555014] (sdv_msgs) StdoutLine: {'line': b'-- Installing: /home/fcanof/vanttec_sdv/install/sdv_msgs/local/lib/python3.10/dist-packages/sdv_msgs/msg/_panel_msg.py\n'}
[13.555129] (sdv_msgs) StdoutLine: {'line': b'-- Installing: /home/fcanof/vanttec_sdv/install/sdv_msgs/local/lib/python3.10/dist-packages/sdv_msgs/msg/_encoder_s.c\n'}
[13.555239] (sdv_msgs) StdoutLine: {'line': b'-- Installing: /home/fcanof/vanttec_sdv/install/sdv_msgs/local/lib/python3.10/dist-packages/sdv_msgs/msg/_xbox_msg_s.c\n'}
[13.555336] (sdv_msgs) StdoutLine: {'line': b'-- Installing: /home/fcanof/vanttec_sdv/install/sdv_msgs/local/lib/python3.10/dist-packages/sdv_msgs/sdv_msgs_s__rosidl_typesupport_introspection_c.cpython-310-x86_64-linux-gnu.so\n'}
[13.555447] (sdv_msgs) StdoutLine: {'line': b'-- Installing: /home/fcanof/vanttec_sdv/install/sdv_msgs/local/lib/python3.10/dist-packages/sdv_msgs/_sdv_msgs_s.ep.rosidl_typesupport_fastrtps_c.c\n'}
[13.555643] (sdv_msgs) StdoutLine: {'line': b'-- Installing: /home/fcanof/vanttec_sdv/install/sdv_msgs/local/lib/python3.10/dist-packages/sdv_msgs/__init__.py\n'}
[13.558843] (-) TimerEvent: {}
[13.610564] (sdv_msgs) StdoutLine: {'line': b"Listing '/home/fcanof/vanttec_sdv/install/sdv_msgs/local/lib/python3.10/dist-packages/sdv_msgs'...\n"}
[13.610757] (sdv_msgs) StdoutLine: {'line': b"Compiling '/home/fcanof/vanttec_sdv/install/sdv_msgs/local/lib/python3.10/dist-packages/sdv_msgs/__init__.py'...\n"}
[13.610865] (sdv_msgs) StdoutLine: {'line': b"Listing '/home/fcanof/vanttec_sdv/install/sdv_msgs/local/lib/python3.10/dist-packages/sdv_msgs/msg'...\n"}
[13.610966] (sdv_msgs) StdoutLine: {'line': b"Compiling '/home/fcanof/vanttec_sdv/install/sdv_msgs/local/lib/python3.10/dist-packages/sdv_msgs/msg/__init__.py'...\n"}
[13.611063] (sdv_msgs) StdoutLine: {'line': b"Compiling '/home/fcanof/vanttec_sdv/install/sdv_msgs/local/lib/python3.10/dist-packages/sdv_msgs/msg/_collision_event.py'...\n"}
[13.611158] (sdv_msgs) StdoutLine: {'line': b"Compiling '/home/fcanof/vanttec_sdv/install/sdv_msgs/local/lib/python3.10/dist-packages/sdv_msgs/msg/_encoder.py'...\n"}
[13.611252] (sdv_msgs) StdoutLine: {'line': b"Compiling '/home/fcanof/vanttec_sdv/install/sdv_msgs/local/lib/python3.10/dist-packages/sdv_msgs/msg/_eta_pose.py'...\n"}
[13.611346] (sdv_msgs) StdoutLine: {'line': b"Compiling '/home/fcanof/vanttec_sdv/install/sdv_msgs/local/lib/python3.10/dist-packages/sdv_msgs/msg/_guidance_waypoints.py'...\n"}
[13.611441] (sdv_msgs) StdoutLine: {'line': b"Compiling '/home/fcanof/vanttec_sdv/install/sdv_msgs/local/lib/python3.10/dist-packages/sdv_msgs/msg/_lane_invasion_event.py'...\n"}
[13.611537] (sdv_msgs) StdoutLine: {'line': b"Compiling '/home/fcanof/vanttec_sdv/install/sdv_msgs/local/lib/python3.10/dist-packages/sdv_msgs/msg/_panel_msg.py'...\n"}
[13.611631] (sdv_msgs) StdoutLine: {'line': b"Compiling '/home/fcanof/vanttec_sdv/install/sdv_msgs/local/lib/python3.10/dist-packages/sdv_msgs/msg/_status.py'...\n"}
[13.611724] (sdv_msgs) StdoutLine: {'line': b"Compiling '/home/fcanof/vanttec_sdv/install/sdv_msgs/local/lib/python3.10/dist-packages/sdv_msgs/msg/_system_dynamics.py'...\n"}
[13.611817] (sdv_msgs) StdoutLine: {'line': b"Compiling '/home/fcanof/vanttec_sdv/install/sdv_msgs/local/lib/python3.10/dist-packages/sdv_msgs/msg/_throttle_msg.py'...\n"}
[13.611912] (sdv_msgs) StdoutLine: {'line': b"Compiling '/home/fcanof/vanttec_sdv/install/sdv_msgs/local/lib/python3.10/dist-packages/sdv_msgs/msg/_thrust_control.py'...\n"}
[13.612006] (sdv_msgs) StdoutLine: {'line': b"Compiling '/home/fcanof/vanttec_sdv/install/sdv_msgs/local/lib/python3.10/dist-packages/sdv_msgs/msg/_vehicle_control.py'...\n"}
[13.612100] (sdv_msgs) StdoutLine: {'line': b"Compiling '/home/fcanof/vanttec_sdv/install/sdv_msgs/local/lib/python3.10/dist-packages/sdv_msgs/msg/_vehicle_info.py'...\n"}
[13.612194] (sdv_msgs) StdoutLine: {'line': b"Compiling '/home/fcanof/vanttec_sdv/install/sdv_msgs/local/lib/python3.10/dist-packages/sdv_msgs/msg/_vehicle_info_wheel.py'...\n"}
[13.612288] (sdv_msgs) StdoutLine: {'line': b"Compiling '/home/fcanof/vanttec_sdv/install/sdv_msgs/local/lib/python3.10/dist-packages/sdv_msgs/msg/_vehicle_status.py'...\n"}
[13.612382] (sdv_msgs) StdoutLine: {'line': b"Compiling '/home/fcanof/vanttec_sdv/install/sdv_msgs/local/lib/python3.10/dist-packages/sdv_msgs/msg/_xbox_msg.py'...\n"}
[13.614681] (sdv_msgs) StdoutLine: {'line': b'-- Installing: /home/fcanof/vanttec_sdv/install/sdv_msgs/local/lib/python3.10/dist-packages/sdv_msgs/sdv_msgs_s__rosidl_typesupport_fastrtps_c.cpython-310-x86_64-linux-gnu.so\n'}
[13.614984] (sdv_msgs) StdoutLine: {'line': b'-- Set runtime path of "/home/fcanof/vanttec_sdv/install/sdv_msgs/local/lib/python3.10/dist-packages/sdv_msgs/sdv_msgs_s__rosidl_typesupport_fastrtps_c.cpython-310-x86_64-linux-gnu.so" to ""\n'}
[13.615148] (sdv_msgs) StdoutLine: {'line': b'-- Installing: /home/fcanof/vanttec_sdv/install/sdv_msgs/local/lib/python3.10/dist-packages/sdv_msgs/sdv_msgs_s__rosidl_typesupport_introspection_c.cpython-310-x86_64-linux-gnu.so\n'}
[13.615425] (sdv_msgs) StdoutLine: {'line': b'-- Set runtime path of "/home/fcanof/vanttec_sdv/install/sdv_msgs/local/lib/python3.10/dist-packages/sdv_msgs/sdv_msgs_s__rosidl_typesupport_introspection_c.cpython-310-x86_64-linux-gnu.so" to ""\n'}
[13.615620] (sdv_msgs) StdoutLine: {'line': b'-- Installing: /home/fcanof/vanttec_sdv/install/sdv_msgs/local/lib/python3.10/dist-packages/sdv_msgs/sdv_msgs_s__rosidl_typesupport_c.cpython-310-x86_64-linux-gnu.so\n'}
[13.615903] (sdv_msgs) StdoutLine: {'line': b'-- Set runtime path of "/home/fcanof/vanttec_sdv/install/sdv_msgs/local/lib/python3.10/dist-packages/sdv_msgs/sdv_msgs_s__rosidl_typesupport_c.cpython-310-x86_64-linux-gnu.so" to ""\n'}
[13.616046] (sdv_msgs) StdoutLine: {'line': b'-- Installing: /home/fcanof/vanttec_sdv/install/sdv_msgs/lib/libsdv_msgs__rosidl_generator_py.so\n'}
[13.616338] (sdv_msgs) StdoutLine: {'line': b'-- Set runtime path of "/home/fcanof/vanttec_sdv/install/sdv_msgs/lib/libsdv_msgs__rosidl_generator_py.so" to ""\n'}
[13.616469] (sdv_msgs) StdoutLine: {'line': b'-- Installing: /home/fcanof/vanttec_sdv/install/sdv_msgs/share/sdv_msgs/msg/PanelMsg.idl\n'}
[13.616595] (sdv_msgs) StdoutLine: {'line': b'-- Installing: /home/fcanof/vanttec_sdv/install/sdv_msgs/share/sdv_msgs/msg/XboxMsg.idl\n'}
[13.616713] (sdv_msgs) StdoutLine: {'line': b'-- Installing: /home/fcanof/vanttec_sdv/install/sdv_msgs/share/sdv_msgs/msg/ThrottleMsg.idl\n'}
[13.616825] (sdv_msgs) StdoutLine: {'line': b'-- Installing: /home/fcanof/vanttec_sdv/install/sdv_msgs/share/sdv_msgs/msg/CollisionEvent.idl\n'}
[13.616943] (sdv_msgs) StdoutLine: {'line': b'-- Installing: /home/fcanof/vanttec_sdv/install/sdv_msgs/share/sdv_msgs/msg/LaneInvasionEvent.idl\n'}
[13.617058] (sdv_msgs) StdoutLine: {'line': b'-- Installing: /home/fcanof/vanttec_sdv/install/sdv_msgs/share/sdv_msgs/msg/Status.idl\n'}
[13.617168] (sdv_msgs) StdoutLine: {'line': b'-- Installing: /home/fcanof/vanttec_sdv/install/sdv_msgs/share/sdv_msgs/msg/VehicleControl.idl\n'}
[13.617280] (sdv_msgs) StdoutLine: {'line': b'-- Installing: /home/fcanof/vanttec_sdv/install/sdv_msgs/share/sdv_msgs/msg/VehicleInfo.idl\n'}
[13.617386] (sdv_msgs) StdoutLine: {'line': b'-- Installing: /home/fcanof/vanttec_sdv/install/sdv_msgs/share/sdv_msgs/msg/VehicleStatus.idl\n'}
[13.617504] (sdv_msgs) StdoutLine: {'line': b'-- Installing: /home/fcanof/vanttec_sdv/install/sdv_msgs/share/sdv_msgs/msg/VehicleInfoWheel.idl\n'}
[13.617626] (sdv_msgs) StdoutLine: {'line': b'-- Installing: /home/fcanof/vanttec_sdv/install/sdv_msgs/share/sdv_msgs/msg/GuidanceWaypoints.idl\n'}
[13.617748] (sdv_msgs) StdoutLine: {'line': b'-- Installing: /home/fcanof/vanttec_sdv/install/sdv_msgs/share/sdv_msgs/msg/EtaPose.idl\n'}
[13.617873] (sdv_msgs) StdoutLine: {'line': b'-- Installing: /home/fcanof/vanttec_sdv/install/sdv_msgs/share/sdv_msgs/msg/SystemDynamics.idl\n'}
[13.618001] (sdv_msgs) StdoutLine: {'line': b'-- Installing: /home/fcanof/vanttec_sdv/install/sdv_msgs/share/sdv_msgs/msg/ThrustControl.idl\n'}
[13.618121] (sdv_msgs) StdoutLine: {'line': b'-- Installing: /home/fcanof/vanttec_sdv/install/sdv_msgs/share/sdv_msgs/msg/Encoder.idl\n'}
[13.618268] (sdv_msgs) StdoutLine: {'line': b'-- Installing: /home/fcanof/vanttec_sdv/install/sdv_msgs/share/sdv_msgs/msg/PanelMsg.msg\n'}
[13.618395] (sdv_msgs) StdoutLine: {'line': b'-- Installing: /home/fcanof/vanttec_sdv/install/sdv_msgs/share/sdv_msgs/msg/XboxMsg.msg\n'}
[13.618523] (sdv_msgs) StdoutLine: {'line': b'-- Installing: /home/fcanof/vanttec_sdv/install/sdv_msgs/share/sdv_msgs/msg/ThrottleMsg.msg\n'}
[13.618643] (sdv_msgs) StdoutLine: {'line': b'-- Installing: /home/fcanof/vanttec_sdv/install/sdv_msgs/share/sdv_msgs/msg/CollisionEvent.msg\n'}
[13.618773] (sdv_msgs) StdoutLine: {'line': b'-- Installing: /home/fcanof/vanttec_sdv/install/sdv_msgs/share/sdv_msgs/msg/LaneInvasionEvent.msg\n'}
[13.618898] (sdv_msgs) StdoutLine: {'line': b'-- Installing: /home/fcanof/vanttec_sdv/install/sdv_msgs/share/sdv_msgs/msg/Status.msg\n'}
[13.619028] (sdv_msgs) StdoutLine: {'line': b'-- Installing: /home/fcanof/vanttec_sdv/install/sdv_msgs/share/sdv_msgs/msg/VehicleControl.msg\n'}
[13.619145] (sdv_msgs) StdoutLine: {'line': b'-- Installing: /home/fcanof/vanttec_sdv/install/sdv_msgs/share/sdv_msgs/msg/VehicleInfo.msg\n'}
[13.619283] (sdv_msgs) StdoutLine: {'line': b'-- Installing: /home/fcanof/vanttec_sdv/install/sdv_msgs/share/sdv_msgs/msg/VehicleStatus.msg\n'}
[13.619409] (sdv_msgs) StdoutLine: {'line': b'-- Installing: /home/fcanof/vanttec_sdv/install/sdv_msgs/share/sdv_msgs/msg/VehicleInfoWheel.msg\n'}
[13.619536] (sdv_msgs) StdoutLine: {'line': b'-- Installing: /home/fcanof/vanttec_sdv/install/sdv_msgs/share/sdv_msgs/msg/GuidanceWaypoints.msg\n'}
[13.619659] (sdv_msgs) StdoutLine: {'line': b'-- Installing: /home/fcanof/vanttec_sdv/install/sdv_msgs/share/sdv_msgs/msg/EtaPose.msg\n'}
[13.619790] (sdv_msgs) StdoutLine: {'line': b'-- Installing: /home/fcanof/vanttec_sdv/install/sdv_msgs/share/sdv_msgs/msg/SystemDynamics.msg\n'}
[13.619915] (sdv_msgs) StdoutLine: {'line': b'-- Installing: /home/fcanof/vanttec_sdv/install/sdv_msgs/share/sdv_msgs/msg/ThrustControl.msg\n'}
[13.620044] (sdv_msgs) StdoutLine: {'line': b'-- Installing: /home/fcanof/vanttec_sdv/install/sdv_msgs/share/sdv_msgs/msg/Encoder.msg\n'}
[13.620209] (sdv_msgs) StdoutLine: {'line': b'-- Installing: /home/fcanof/vanttec_sdv/install/sdv_msgs/share/ament_index/resource_index/package_run_dependencies/sdv_msgs\n'}
[13.620375] (sdv_msgs) StdoutLine: {'line': b'-- Installing: /home/fcanof/vanttec_sdv/install/sdv_msgs/share/ament_index/resource_index/parent_prefix_path/sdv_msgs\n'}
[13.620507] (sdv_msgs) StdoutLine: {'line': b'-- Installing: /home/fcanof/vanttec_sdv/install/sdv_msgs/share/sdv_msgs/environment/ament_prefix_path.sh\n'}
[13.620640] (sdv_msgs) StdoutLine: {'line': b'-- Installing: /home/fcanof/vanttec_sdv/install/sdv_msgs/share/sdv_msgs/environment/ament_prefix_path.dsv\n'}
[13.620769] (sdv_msgs) StdoutLine: {'line': b'-- Installing: /home/fcanof/vanttec_sdv/install/sdv_msgs/share/sdv_msgs/environment/path.sh\n'}
[13.620897] (sdv_msgs) StdoutLine: {'line': b'-- Installing: /home/fcanof/vanttec_sdv/install/sdv_msgs/share/sdv_msgs/environment/path.dsv\n'}
[13.621024] (sdv_msgs) StdoutLine: {'line': b'-- Installing: /home/fcanof/vanttec_sdv/install/sdv_msgs/share/sdv_msgs/local_setup.bash\n'}
[13.621158] (sdv_msgs) StdoutLine: {'line': b'-- Installing: /home/fcanof/vanttec_sdv/install/sdv_msgs/share/sdv_msgs/local_setup.sh\n'}
[13.621288] (sdv_msgs) StdoutLine: {'line': b'-- Installing: /home/fcanof/vanttec_sdv/install/sdv_msgs/share/sdv_msgs/local_setup.zsh\n'}
[13.621419] (sdv_msgs) StdoutLine: {'line': b'-- Installing: /home/fcanof/vanttec_sdv/install/sdv_msgs/share/sdv_msgs/local_setup.dsv\n'}
[13.621542] (sdv_msgs) StdoutLine: {'line': b'-- Installing: /home/fcanof/vanttec_sdv/install/sdv_msgs/share/sdv_msgs/package.dsv\n'}
[13.621703] (sdv_msgs) StdoutLine: {'line': b'-- Installing: /home/fcanof/vanttec_sdv/install/sdv_msgs/share/ament_index/resource_index/packages/sdv_msgs\n'}
[13.621871] (sdv_msgs) StdoutLine: {'line': b'-- Installing: /home/fcanof/vanttec_sdv/install/sdv_msgs/share/sdv_msgs/cmake/export_sdv_msgs__rosidl_generator_cExport.cmake\n'}
[13.622012] (sdv_msgs) StdoutLine: {'line': b'-- Installing: /home/fcanof/vanttec_sdv/install/sdv_msgs/share/sdv_msgs/cmake/export_sdv_msgs__rosidl_generator_cExport-noconfig.cmake\n'}
[13.622169] (sdv_msgs) StdoutLine: {'line': b'-- Installing: /home/fcanof/vanttec_sdv/install/sdv_msgs/share/sdv_msgs/cmake/export_sdv_msgs__rosidl_typesupport_fastrtps_cExport.cmake\n'}
[13.622323] (sdv_msgs) StdoutLine: {'line': b'-- Installing: /home/fcanof/vanttec_sdv/install/sdv_msgs/share/sdv_msgs/cmake/export_sdv_msgs__rosidl_typesupport_fastrtps_cExport-noconfig.cmake\n'}
[13.622467] (sdv_msgs) StdoutLine: {'line': b'-- Installing: /home/fcanof/vanttec_sdv/install/sdv_msgs/share/sdv_msgs/cmake/export_sdv_msgs__rosidl_generator_cppExport.cmake\n'}
[13.622617] (sdv_msgs) StdoutLine: {'line': b'-- Installing: /home/fcanof/vanttec_sdv/install/sdv_msgs/share/sdv_msgs/cmake/export_sdv_msgs__rosidl_typesupport_fastrtps_cppExport.cmake\n'}
[13.622757] (sdv_msgs) StdoutLine: {'line': b'-- Installing: /home/fcanof/vanttec_sdv/install/sdv_msgs/share/sdv_msgs/cmake/export_sdv_msgs__rosidl_typesupport_fastrtps_cppExport-noconfig.cmake\n'}
[13.622906] (sdv_msgs) StdoutLine: {'line': b'-- Installing: /home/fcanof/vanttec_sdv/install/sdv_msgs/share/sdv_msgs/cmake/sdv_msgs__rosidl_typesupport_introspection_cExport.cmake\n'}
[13.623047] (sdv_msgs) StdoutLine: {'line': b'-- Installing: /home/fcanof/vanttec_sdv/install/sdv_msgs/share/sdv_msgs/cmake/sdv_msgs__rosidl_typesupport_introspection_cExport-noconfig.cmake\n'}
[13.623203] (sdv_msgs) StdoutLine: {'line': b'-- Installing: /home/fcanof/vanttec_sdv/install/sdv_msgs/share/sdv_msgs/cmake/sdv_msgs__rosidl_typesupport_cExport.cmake\n'}
[13.623341] (sdv_msgs) StdoutLine: {'line': b'-- Installing: /home/fcanof/vanttec_sdv/install/sdv_msgs/share/sdv_msgs/cmake/sdv_msgs__rosidl_typesupport_cExport-noconfig.cmake\n'}
[13.623492] (sdv_msgs) StdoutLine: {'line': b'-- Installing: /home/fcanof/vanttec_sdv/install/sdv_msgs/share/sdv_msgs/cmake/sdv_msgs__rosidl_typesupport_introspection_cppExport.cmake\n'}
[13.623634] (sdv_msgs) StdoutLine: {'line': b'-- Installing: /home/fcanof/vanttec_sdv/install/sdv_msgs/share/sdv_msgs/cmake/sdv_msgs__rosidl_typesupport_introspection_cppExport-noconfig.cmake\n'}
[13.623786] (sdv_msgs) StdoutLine: {'line': b'-- Installing: /home/fcanof/vanttec_sdv/install/sdv_msgs/share/sdv_msgs/cmake/sdv_msgs__rosidl_typesupport_cppExport.cmake\n'}
[13.623925] (sdv_msgs) StdoutLine: {'line': b'-- Installing: /home/fcanof/vanttec_sdv/install/sdv_msgs/share/sdv_msgs/cmake/sdv_msgs__rosidl_typesupport_cppExport-noconfig.cmake\n'}
[13.624077] (sdv_msgs) StdoutLine: {'line': b'-- Installing: /home/fcanof/vanttec_sdv/install/sdv_msgs/share/sdv_msgs/cmake/export_sdv_msgs__rosidl_generator_pyExport.cmake\n'}
[13.624215] (sdv_msgs) StdoutLine: {'line': b'-- Installing: /home/fcanof/vanttec_sdv/install/sdv_msgs/share/sdv_msgs/cmake/export_sdv_msgs__rosidl_generator_pyExport-noconfig.cmake\n'}
[13.624352] (sdv_msgs) StdoutLine: {'line': b'-- Installing: /home/fcanof/vanttec_sdv/install/sdv_msgs/share/sdv_msgs/cmake/rosidl_cmake-extras.cmake\n'}
[13.624481] (sdv_msgs) StdoutLine: {'line': b'-- Installing: /home/fcanof/vanttec_sdv/install/sdv_msgs/share/sdv_msgs/cmake/ament_cmake_export_dependencies-extras.cmake\n'}
[13.624620] (sdv_msgs) StdoutLine: {'line': b'-- Installing: /home/fcanof/vanttec_sdv/install/sdv_msgs/share/sdv_msgs/cmake/ament_cmake_export_include_directories-extras.cmake\n'}
[13.624752] (sdv_msgs) StdoutLine: {'line': b'-- Installing: /home/fcanof/vanttec_sdv/install/sdv_msgs/share/sdv_msgs/cmake/ament_cmake_export_libraries-extras.cmake\n'}
[13.624890] (sdv_msgs) StdoutLine: {'line': b'-- Installing: /home/fcanof/vanttec_sdv/install/sdv_msgs/share/sdv_msgs/cmake/ament_cmake_export_targets-extras.cmake\n'}
[13.625023] (sdv_msgs) StdoutLine: {'line': b'-- Installing: /home/fcanof/vanttec_sdv/install/sdv_msgs/share/sdv_msgs/cmake/rosidl_cmake_export_typesupport_targets-extras.cmake\n'}
[13.625181] (sdv_msgs) StdoutLine: {'line': b'-- Installing: /home/fcanof/vanttec_sdv/install/sdv_msgs/share/sdv_msgs/cmake/rosidl_cmake_export_typesupport_libraries-extras.cmake\n'}
[13.625317] (sdv_msgs) StdoutLine: {'line': b'-- Installing: /home/fcanof/vanttec_sdv/install/sdv_msgs/share/sdv_msgs/cmake/sdv_msgsConfig.cmake\n'}
[13.625435] (sdv_msgs) StdoutLine: {'line': b'-- Installing: /home/fcanof/vanttec_sdv/install/sdv_msgs/share/sdv_msgs/cmake/sdv_msgsConfig-version.cmake\n'}
[13.625553] (sdv_msgs) StdoutLine: {'line': b'-- Installing: /home/fcanof/vanttec_sdv/install/sdv_msgs/share/sdv_msgs/package.xml\n'}
[13.627477] (sdv_msgs) CommandEnded: {'returncode': 0}
[13.659047] (-) TimerEvent: {}
[13.759403] (-) TimerEvent: {}
[13.859704] (-) TimerEvent: {}
[13.960088] (-) TimerEvent: {}
[14.028095] (sdv_msgs) JobEnded: {'identifier': 'sdv_msgs', 'rc': 0}
[14.060172] (-) TimerEvent: {}
[14.160395] (-) TimerEvent: {}
[14.260659] (-) TimerEvent: {}
[14.361001] (-) TimerEvent: {}
[14.461355] (-) TimerEvent: {}
[14.561746] (-) TimerEvent: {}
[14.662126] (-) TimerEvent: {}
[14.762539] (-) TimerEvent: {}
[14.862901] (-) TimerEvent: {}
[14.963220] (-) TimerEvent: {}
[15.063538] (-) TimerEvent: {}
[15.163825] (-) TimerEvent: {}
[15.264104] (-) TimerEvent: {}
[15.364372] (-) TimerEvent: {}
[15.424474] (vectornav_msgs) StdoutLine: {'line': b'[ 84%] Built target vectornav_msgs__py\n'}
[15.444801] (vectornav_msgs) StdoutLine: {'line': b'[ 86%] \x1b[32mBuilding C object CMakeFiles/vectornav_msgs__rosidl_generator_py.dir/rosidl_generator_py/vectornav_msgs/msg/_dop_s.c.o\x1b[0m\n'}
[15.445011] (vectornav_msgs) StdoutLine: {'line': b'[ 86%] \x1b[32mBuilding C object CMakeFiles/vectornav_msgs__rosidl_generator_py.dir/rosidl_generator_py/vectornav_msgs/msg/_gps_group_s.c.o\x1b[0m\n'}
[15.445173] (vectornav_msgs) StdoutLine: {'line': b'[ 87%] \x1b[32mBuilding C object CMakeFiles/vectornav_msgs__rosidl_generator_py.dir/rosidl_generator_py/vectornav_msgs/msg/_imu_group_s.c.o\x1b[0m\n'}
[15.445452] (vectornav_msgs) StdoutLine: {'line': b'[ 88%] \x1b[32mBuilding C object CMakeFiles/vectornav_msgs__rosidl_generator_py.dir/rosidl_generator_py/vectornav_msgs/msg/_time_group_s.c.o\x1b[0m\n'}
[15.446069] (vectornav_msgs) StdoutLine: {'line': b'[ 88%] \x1b[32mBuilding C object CMakeFiles/vectornav_msgs__rosidl_generator_py.dir/rosidl_generator_py/vectornav_msgs/msg/_time_utc_s.c.o\x1b[0m\n'}
[15.447769] (vectornav_msgs) StdoutLine: {'line': b'[ 89%] \x1b[32mBuilding C object CMakeFiles/vectornav_msgs__rosidl_generator_py.dir/rosidl_generator_py/vectornav_msgs/msg/_time_status_s.c.o\x1b[0m\n'}
[15.448041] (vectornav_msgs) StdoutLine: {'line': b'[ 93%] \x1b[32mBuilding C object CMakeFiles/vectornav_msgs__rosidl_generator_py.dir/rosidl_generator_py/vectornav_msgs/msg/_ins_group_s.c.o\x1b[0m\n'}
[15.448254] (vectornav_msgs) StdoutLine: {'line': b'[ 93%] \x1b[32mBuilding C object CMakeFiles/vectornav_msgs__rosidl_generator_py.dir/rosidl_generator_py/vectornav_msgs/msg/_ins_status_s.c.o\x1b[0m\n'}
[15.448409] (vectornav_msgs) StdoutLine: {'line': b'[ 93%] \x1b[32mBuilding C object CMakeFiles/vectornav_msgs__rosidl_generator_py.dir/rosidl_generator_py/vectornav_msgs/msg/_common_group_s.c.o\x1b[0m\n'}
[15.448621] (vectornav_msgs) StdoutLine: {'line': b'[ 93%] \x1b[32mBuilding C object CMakeFiles/vectornav_msgs__rosidl_generator_py.dir/rosidl_generator_py/vectornav_msgs/msg/_attitude_group_s.c.o\x1b[0m\n'}
[15.448761] (vectornav_msgs) StdoutLine: {'line': b'[ 93%] \x1b[32mBuilding C object CMakeFiles/vectornav_msgs__rosidl_generator_py.dir/rosidl_generator_py/vectornav_msgs/msg/_vpe_status_s.c.o\x1b[0m\n'}
[15.457752] (vectornav_msgs) StdoutLine: {'line': b'[ 94%] \x1b[32mBuilding C object CMakeFiles/vectornav_msgs__rosidl_generator_py.dir/rosidl_generator_py/vectornav_msgs/action/_mag_cal_s.c.o\x1b[0m\n'}
[15.464475] (-) TimerEvent: {}
[15.566334] (-) TimerEvent: {}
[15.666669] (-) TimerEvent: {}
[15.719345] (vectornav_msgs) StdoutLine: {'line': b'[ 95%] \x1b[32m\x1b[1mLinking C shared library rosidl_generator_py/vectornav_msgs/libvectornav_msgs__rosidl_generator_py.so\x1b[0m\n'}
[15.763268] (vectornav_msgs) StdoutLine: {'line': b'[ 95%] Built target vectornav_msgs__rosidl_generator_py\n'}
[15.766785] (-) TimerEvent: {}
[15.782031] (vectornav_msgs) StdoutLine: {'line': b'[ 96%] \x1b[32mBuilding C object CMakeFiles/vectornav_msgs__rosidl_typesupport_introspection_c__pyext.dir/rosidl_generator_py/vectornav_msgs/_vectornav_msgs_s.ep.rosidl_typesupport_introspection_c.c.o\x1b[0m\n'}
[15.782299] (vectornav_msgs) StdoutLine: {'line': b'[ 96%] \x1b[32mBuilding C object CMakeFiles/vectornav_msgs__rosidl_typesupport_c__pyext.dir/rosidl_generator_py/vectornav_msgs/_vectornav_msgs_s.ep.rosidl_typesupport_c.c.o\x1b[0m\n'}
[15.782651] (vectornav_msgs) StdoutLine: {'line': b'[ 97%] \x1b[32mBuilding C object CMakeFiles/vectornav_msgs__rosidl_typesupport_fastrtps_c__pyext.dir/rosidl_generator_py/vectornav_msgs/_vectornav_msgs_s.ep.rosidl_typesupport_fastrtps_c.c.o\x1b[0m\n'}
[15.866918] (-) TimerEvent: {}
[15.927961] (vectornav_msgs) StdoutLine: {'line': b'[ 99%] \x1b[32m\x1b[1mLinking C shared library rosidl_generator_py/vectornav_msgs/vectornav_msgs_s__rosidl_typesupport_c.cpython-310-x86_64-linux-gnu.so\x1b[0m\n'}
[15.928185] (vectornav_msgs) StdoutLine: {'line': b'[ 99%] \x1b[32m\x1b[1mLinking C shared library rosidl_generator_py/vectornav_msgs/vectornav_msgs_s__rosidl_typesupport_fastrtps_c.cpython-310-x86_64-linux-gnu.so\x1b[0m\n'}
[15.948814] (vectornav_msgs) StdoutLine: {'line': b'[100%] \x1b[32m\x1b[1mLinking C shared library rosidl_generator_py/vectornav_msgs/vectornav_msgs_s__rosidl_typesupport_introspection_c.cpython-310-x86_64-linux-gnu.so\x1b[0m\n'}
[15.967013] (-) TimerEvent: {}
[15.968014] (vectornav_msgs) StdoutLine: {'line': b'[100%] Built target vectornav_msgs__rosidl_typesupport_c__pyext\n'}
[15.968257] (vectornav_msgs) StdoutLine: {'line': b'[100%] Built target vectornav_msgs__rosidl_typesupport_fastrtps_c__pyext\n'}
[15.996944] (vectornav_msgs) StdoutLine: {'line': b'[100%] Built target vectornav_msgs__rosidl_typesupport_introspection_c__pyext\n'}
[16.007637] (vectornav_msgs) CommandEnded: {'returncode': 0}
[16.067097] (-) TimerEvent: {}
[16.167307] (-) TimerEvent: {}
[16.192324] (vectornav_msgs) JobProgress: {'identifier': 'vectornav_msgs', 'progress': 'install'}
[16.192587] (vectornav_msgs) Command: {'cmd': ['/usr/bin/cmake', '--install', '/home/fcanof/vanttec_sdv/build/vectornav_msgs'], 'cwd': '/home/fcanof/vanttec_sdv/build/vectornav_msgs', 'env': OrderedDict([('GJS_DEBUG_TOPICS', 'JS ERROR;JS LOG'), ('LESSOPEN', '| /usr/bin/lesspipe %s'), ('USER', 'fcanof'), ('LC_TIME', 'es_MX.UTF-8'), ('GIO_MODULE_DIR', '/home/fcanof/snap/code/common/.cache/gio-modules'), ('XDG_SESSION_TYPE', 'x11'), ('GIT_ASKPASS', '/snap/code/154/usr/share/code/resources/app/extensions/git/dist/askpass.sh'), ('GTK_EXE_PREFIX_VSCODE_SNAP_ORIG', ''), ('GDK_BACKEND_VSCODE_SNAP_ORIG', ''), ('SHLVL', '1'), ('LD_LIBRARY_PATH', '/opt/ros/humble/opt/rviz_ogre_vendor/lib:/opt/ros/humble/lib/x86_64-linux-gnu:/opt/ros/humble/lib'), ('HOME', '/home/fcanof'), ('CHROME_DESKTOP', 'code-url-handler.desktop'), ('LOCPATH_VSCODE_SNAP_ORIG', ''), ('TERM_PROGRAM_VERSION', '1.87.1'), ('DESKTOP_SESSION', 'ubuntu'), ('GTK_PATH', '/snap/code/154/usr/lib/x86_64-linux-gnu/gtk-3.0'), ('GTK_IM_MODULE_FILE', '/home/fcanof/snap/code/common/.cache/immodules/immodules.cache'), ('GIO_LAUNCHED_DESKTOP_FILE', '/var/lib/snapd/desktop/applications/code_code.desktop'), ('ROS_PYTHON_VERSION', '3'), ('GNOME_SHELL_SESSION_MODE', 'ubuntu'), ('GTK_MODULES', 'gail:atk-bridge'), ('GSETTINGS_SCHEMA_DIR_VSCODE_SNAP_ORIG', ''), ('VSCODE_GIT_ASKPASS_MAIN', '/snap/code/154/usr/share/code/resources/app/extensions/git/dist/askpass-main.js'), ('LC_MONETARY', 'es_MX.UTF-8'), ('VSCODE_GIT_ASKPASS_NODE', '/snap/code/154/usr/share/code/code'), ('MANAGERPID', '2223'), ('SYSTEMD_EXEC_PID', '2758'), ('DBUS_SESSION_BUS_ADDRESS', 'unix:path=/run/user/1000/bus'), ('COLORTERM', 'truecolor'), ('GIO_LAUNCHED_DESKTOP_FILE_PID', '50274'), ('ROS_DISTRO', 'humble'), ('GTK_IM_MODULE', 'ibus'), ('LOGNAME', 'fcanof'), ('JOURNAL_STREAM', '8:41161'), ('_', '/usr/bin/colcon'), ('ROS_VERSION', '2'), ('XDG_CONFIG_DIRS_VSCODE_SNAP_ORIG', '/etc/xdg/xdg-ubuntu:/etc/xdg'), ('XDG_SESSION_CLASS', 'user'), ('XDG_DATA_DIRS_VSCODE_SNAP_ORIG', '/usr/share/ubuntu:/usr/share/gnome:/usr/local/share/:/usr/share/:/var/lib/snapd/desktop'), ('USERNAME', 'fcanof'), ('TERM', 'xterm-256color'), ('GNOME_DESKTOP_SESSION_ID', 'this-is-deprecated'), ('ROS_LOCALHOST_ONLY', '1'), ('WINDOWPATH', '2'), ('PATH', '/home/fcanof/.local/bin:/opt/ros/humble/bin:/home/fcanof/.local/bin:/usr/local/sbin:/usr/local/bin:/usr/sbin:/usr/bin:/sbin:/bin:/usr/games:/usr/local/games:/snap/bin:/snap/bin'), ('SESSION_MANAGER', 'local/fcanof:@/tmp/.ICE-unix/2736,unix/fcanof:/tmp/.ICE-unix/2736'), ('GTK_EXE_PREFIX', '/snap/code/154/usr'), ('INVOCATION_ID', '4c90a3b36feb4d8c9cb26423b3ecfd5d'), ('XDG_MENU_PREFIX', 'gnome-'), ('LC_ADDRESS', 'es_MX.UTF-8'), ('BAMF_DESKTOP_FILE_HINT', '/var/lib/snapd/desktop/applications/code_code.desktop'), ('XDG_RUNTIME_DIR', '/run/user/1000'), ('GDK_BACKEND', 'x11'), ('DISPLAY', ':1'), ('LOCPATH', '/snap/code/154/usr/lib/locale'), ('LANG', 'en_US.UTF-8'), ('XDG_CURRENT_DESKTOP', 'Unity'), ('LC_TELEPHONE', 'es_MX.UTF-8'), ('GIO_MODULE_DIR_VSCODE_SNAP_ORIG', ''), ('XMODIFIERS', '@im=ibus'), ('XDG_SESSION_DESKTOP', 'ubuntu'), ('XAUTHORITY', '/run/user/1000/gdm/Xauthority'), ('LS_COLORS', 'rs=0:di=01;34:ln=01;36:mh=00:pi=40;33:so=01;35:do=01;35:bd=40;33;01:cd=40;33;01:or=40;31;01:mi=00:su=37;41:sg=30;43:ca=30;41:tw=30;42:ow=34;42:st=37;44:ex=01;32:*.tar=01;31:*.tgz=01;31:*.arc=01;31:*.arj=01;31:*.taz=01;31:*.lha=01;31:*.lz4=01;31:*.lzh=01;31:*.lzma=01;31:*.tlz=01;31:*.txz=01;31:*.tzo=01;31:*.t7z=01;31:*.zip=01;31:*.z=01;31:*.dz=01;31:*.gz=01;31:*.lrz=01;31:*.lz=01;31:*.lzo=01;31:*.xz=01;31:*.zst=01;31:*.tzst=01;31:*.bz2=01;31:*.bz=01;31:*.tbz=01;31:*.tbz2=01;31:*.tz=01;31:*.deb=01;31:*.rpm=01;31:*.jar=01;31:*.war=01;31:*.ear=01;31:*.sar=01;31:*.rar=01;31:*.alz=01;31:*.ace=01;31:*.zoo=01;31:*.cpio=01;31:*.7z=01;31:*.rz=01;31:*.cab=01;31:*.wim=01;31:*.swm=01;31:*.dwm=01;31:*.esd=01;31:*.jpg=01;35:*.jpeg=01;35:*.mjpg=01;35:*.mjpeg=01;35:*.gif=01;35:*.bmp=01;35:*.pbm=01;35:*.pgm=01;35:*.ppm=01;35:*.tga=01;35:*.xbm=01;35:*.xpm=01;35:*.tif=01;35:*.tiff=01;35:*.png=01;35:*.svg=01;35:*.svgz=01;35:*.mng=01;35:*.pcx=01;35:*.mov=01;35:*.mpg=01;35:*.mpeg=01;35:*.m2v=01;35:*.mkv=01;35:*.webm=01;35:*.webp=01;35:*.ogm=01;35:*.mp4=01;35:*.m4v=01;35:*.mp4v=01;35:*.vob=01;35:*.qt=01;35:*.nuv=01;35:*.wmv=01;35:*.asf=01;35:*.rm=01;35:*.rmvb=01;35:*.flc=01;35:*.avi=01;35:*.fli=01;35:*.flv=01;35:*.gl=01;35:*.dl=01;35:*.xcf=01;35:*.xwd=01;35:*.yuv=01;35:*.cgm=01;35:*.emf=01;35:*.ogv=01;35:*.ogx=01;35:*.aac=00;36:*.au=00;36:*.flac=00;36:*.m4a=00;36:*.mid=00;36:*.midi=00;36:*.mka=00;36:*.mp3=00;36:*.mpc=00;36:*.ogg=00;36:*.ra=00;36:*.wav=00;36:*.oga=00;36:*.opus=00;36:*.spx=00;36:*.xspf=00;36:'), ('VSCODE_GIT_IPC_HANDLE', '/run/user/1000/vscode-git-676dc8d9e0.sock'), ('TERM_PROGRAM', 'vscode'), ('SSH_AGENT_LAUNCHER', 'gnome-keyring'), ('SSH_AUTH_SOCK', '/run/user/1000/keyring/ssh'), ('GSETTINGS_SCHEMA_DIR', '/home/fcanof/snap/code/154/.local/share/glib-2.0/schemas'), ('ROS_DOMAIN_ID', '8'), ('AMENT_PREFIX_PATH', '/opt/ros/humble'), ('ORIGINAL_XDG_CURRENT_DESKTOP', 'ubuntu:GNOME'), ('SHELL', '/bin/bash'), ('LC_NAME', 'es_MX.UTF-8'), ('QT_ACCESSIBILITY', '1'), ('GDMSESSION', 'ubuntu'), ('LESSCLOSE', '/usr/bin/lesspipe %s %s'), ('GTK_PATH_VSCODE_SNAP_ORIG', ''), ('GTK_IM_MODULE_FILE_VSCODE_SNAP_ORIG', ''), ('LC_MEASUREMENT', 'es_MX.UTF-8'), ('GPG_AGENT_INFO', '/run/user/1000/gnupg/S.gpg-agent:0:1'), ('GJS_DEBUG_OUTPUT', 'stderr'), ('LC_IDENTIFICATION', 'es_MX.UTF-8'), ('VSCODE_GIT_ASKPASS_EXTRA_ARGS', ''), ('QT_IM_MODULE', 'ibus'), ('PWD', '/home/fcanof/vanttec_sdv/build/vectornav_msgs'), ('LC_ALL', 'en_US.UTF-8'), ('XDG_CONFIG_DIRS', '/etc/xdg/xdg-ubuntu:/etc/xdg'), ('XDG_DATA_DIRS', '/home/fcanof/snap/code/154/.local/share:/home/fcanof/snap/code/154:/snap/code/154/usr/share:/usr/share/ubuntu:/usr/share/gnome:/usr/local/share/:/usr/share/:/var/lib/snapd/desktop'), ('PYTHONPATH', '/opt/ros/humble/lib/python3.10/site-packages:/opt/ros/humble/local/lib/python3.10/dist-packages'), ('LC_NUMERIC', 'es_MX.UTF-8'), ('LC_PAPER', 'es_MX.UTF-8'), ('COLCON', '1'), ('CMAKE_PREFIX_PATH', '/opt/ros/humble')]), 'shell': False}
[16.200364] (vectornav_msgs) StdoutLine: {'line': b'-- Install configuration: ""\n'}
[16.200570] (vectornav_msgs) StdoutLine: {'line': b'-- Installing: /home/fcanof/vanttec_sdv/install/vectornav_msgs/share/ament_index/resource_index/rosidl_interfaces/vectornav_msgs\n'}
[16.200674] (vectornav_msgs) StdoutLine: {'line': b'-- Installing: /home/fcanof/vanttec_sdv/install/vectornav_msgs/include/vectornav_msgs/vectornav_msgs\n'}
[16.200759] (vectornav_msgs) StdoutLine: {'line': b'-- Installing: /home/fcanof/vanttec_sdv/install/vectornav_msgs/include/vectornav_msgs/vectornav_msgs/action\n'}
[16.200840] (vectornav_msgs) StdoutLine: {'line': b'-- Installing: /home/fcanof/vanttec_sdv/install/vectornav_msgs/include/vectornav_msgs/vectornav_msgs/action/detail\n'}
[16.200918] (vectornav_msgs) StdoutLine: {'line': b'-- Installing: /home/fcanof/vanttec_sdv/install/vectornav_msgs/include/vectornav_msgs/vectornav_msgs/action/detail/mag_cal__type_support.h\n'}
[16.201063] (vectornav_msgs) StdoutLine: {'line': b'-- Installing: /home/fcanof/vanttec_sdv/install/vectornav_msgs/include/vectornav_msgs/vectornav_msgs/action/detail/mag_cal__functions.c\n'}
[16.201209] (vectornav_msgs) StdoutLine: {'line': b'-- Installing: /home/fcanof/vanttec_sdv/install/vectornav_msgs/include/vectornav_msgs/vectornav_msgs/action/detail/mag_cal__struct.h\n'}
[16.201394] (vectornav_msgs) StdoutLine: {'line': b'-- Installing: /home/fcanof/vanttec_sdv/install/vectornav_msgs/include/vectornav_msgs/vectornav_msgs/action/detail/mag_cal__functions.h\n'}
[16.201509] (vectornav_msgs) StdoutLine: {'line': b'-- Installing: /home/fcanof/vanttec_sdv/install/vectornav_msgs/include/vectornav_msgs/vectornav_msgs/action/mag_cal.h\n'}
[16.201598] (vectornav_msgs) StdoutLine: {'line': b'-- Installing: /home/fcanof/vanttec_sdv/install/vectornav_msgs/include/vectornav_msgs/vectornav_msgs/msg\n'}
[16.201693] (vectornav_msgs) StdoutLine: {'line': b'-- Installing: /home/fcanof/vanttec_sdv/install/vectornav_msgs/include/vectornav_msgs/vectornav_msgs/msg/vpe_status.h\n'}
[16.201781] (vectornav_msgs) StdoutLine: {'line': b'-- Installing: /home/fcanof/vanttec_sdv/install/vectornav_msgs/include/vectornav_msgs/vectornav_msgs/msg/time_utc.h\n'}
[16.201859] (vectornav_msgs) StdoutLine: {'line': b'-- Installing: /home/fcanof/vanttec_sdv/install/vectornav_msgs/include/vectornav_msgs/vectornav_msgs/msg/attitude_group.h\n'}
[16.201937] (vectornav_msgs) StdoutLine: {'line': b'-- Installing: /home/fcanof/vanttec_sdv/install/vectornav_msgs/include/vectornav_msgs/vectornav_msgs/msg/ins_group.h\n'}
[16.202016] (vectornav_msgs) StdoutLine: {'line': b'-- Installing: /home/fcanof/vanttec_sdv/install/vectornav_msgs/include/vectornav_msgs/vectornav_msgs/msg/time_group.h\n'}
[16.202090] (vectornav_msgs) StdoutLine: {'line': b'-- Installing: /home/fcanof/vanttec_sdv/install/vectornav_msgs/include/vectornav_msgs/vectornav_msgs/msg/ins_status.h\n'}
[16.202193] (vectornav_msgs) StdoutLine: {'line': b'-- Installing: /home/fcanof/vanttec_sdv/install/vectornav_msgs/include/vectornav_msgs/vectornav_msgs/msg/detail\n'}
[16.202271] (vectornav_msgs) StdoutLine: {'line': b'-- Installing: /home/fcanof/vanttec_sdv/install/vectornav_msgs/include/vectornav_msgs/vectornav_msgs/msg/detail/common_group__type_support.h\n'}
[16.202366] (vectornav_msgs) StdoutLine: {'line': b'-- Installing: /home/fcanof/vanttec_sdv/install/vectornav_msgs/include/vectornav_msgs/vectornav_msgs/msg/detail/time_status__struct.h\n'}
[16.202463] (vectornav_msgs) StdoutLine: {'line': b'-- Installing: /home/fcanof/vanttec_sdv/install/vectornav_msgs/include/vectornav_msgs/vectornav_msgs/msg/detail/imu_group__struct.h\n'}
[16.202561] (vectornav_msgs) StdoutLine: {'line': b'-- Installing: /home/fcanof/vanttec_sdv/install/vectornav_msgs/include/vectornav_msgs/vectornav_msgs/msg/detail/ins_status__struct.h\n'}
[16.202655] (vectornav_msgs) StdoutLine: {'line': b'-- Installing: /home/fcanof/vanttec_sdv/install/vectornav_msgs/include/vectornav_msgs/vectornav_msgs/msg/detail/vpe_status__type_support.h\n'}
[16.202750] (vectornav_msgs) StdoutLine: {'line': b'-- Installing: /home/fcanof/vanttec_sdv/install/vectornav_msgs/include/vectornav_msgs/vectornav_msgs/msg/detail/dop__functions.c\n'}
[16.202851] (vectornav_msgs) StdoutLine: {'line': b'-- Installing: /home/fcanof/vanttec_sdv/install/vectornav_msgs/include/vectornav_msgs/vectornav_msgs/msg/detail/ins_status__type_support.h\n'}
[16.202948] (vectornav_msgs) StdoutLine: {'line': b'-- Installing: /home/fcanof/vanttec_sdv/install/vectornav_msgs/include/vectornav_msgs/vectornav_msgs/msg/detail/gps_group__type_support.h\n'}
[16.203042] (vectornav_msgs) StdoutLine: {'line': b'-- Installing: /home/fcanof/vanttec_sdv/install/vectornav_msgs/include/vectornav_msgs/vectornav_msgs/msg/detail/time_group__functions.c\n'}
[16.203149] (vectornav_msgs) StdoutLine: {'line': b'-- Installing: /home/fcanof/vanttec_sdv/install/vectornav_msgs/include/vectornav_msgs/vectornav_msgs/msg/detail/time_status__functions.h\n'}
[16.203251] (vectornav_msgs) StdoutLine: {'line': b'-- Installing: /home/fcanof/vanttec_sdv/install/vectornav_msgs/include/vectornav_msgs/vectornav_msgs/msg/detail/time_utc__functions.h\n'}
[16.203351] (vectornav_msgs) StdoutLine: {'line': b'-- Installing: /home/fcanof/vanttec_sdv/install/vectornav_msgs/include/vectornav_msgs/vectornav_msgs/msg/detail/attitude_group__functions.c\n'}
[16.203475] (vectornav_msgs) StdoutLine: {'line': b'-- Installing: /home/fcanof/vanttec_sdv/install/vectornav_msgs/include/vectornav_msgs/vectornav_msgs/msg/detail/ins_group__type_support.h\n'}
[16.203668] (vectornav_msgs) StdoutLine: {'line': b'-- Installing: /home/fcanof/vanttec_sdv/install/vectornav_msgs/include/vectornav_msgs/vectornav_msgs/msg/detail/dop__struct.h\n'}
[16.203885] (vectornav_msgs) StdoutLine: {'line': b'-- Installing: /home/fcanof/vanttec_sdv/install/vectornav_msgs/include/vectornav_msgs/vectornav_msgs/msg/detail/ins_group__struct.h\n'}
[16.204031] (vectornav_msgs) StdoutLine: {'line': b'-- Installing: /home/fcanof/vanttec_sdv/install/vectornav_msgs/include/vectornav_msgs/vectornav_msgs/msg/detail/common_group__functions.c\n'}
[16.204156] (vectornav_msgs) StdoutLine: {'line': b'-- Installing: /home/fcanof/vanttec_sdv/install/vectornav_msgs/include/vectornav_msgs/vectornav_msgs/msg/detail/ins_status__functions.c\n'}
[16.204299] (vectornav_msgs) StdoutLine: {'line': b'-- Installing: /home/fcanof/vanttec_sdv/install/vectornav_msgs/include/vectornav_msgs/vectornav_msgs/msg/detail/vpe_status__functions.h\n'}
[16.204434] (vectornav_msgs) StdoutLine: {'line': b'-- Installing: /home/fcanof/vanttec_sdv/install/vectornav_msgs/include/vectornav_msgs/vectornav_msgs/msg/detail/vpe_status__functions.c\n'}
[16.204564] (vectornav_msgs) StdoutLine: {'line': b'-- Installing: /home/fcanof/vanttec_sdv/install/vectornav_msgs/include/vectornav_msgs/vectornav_msgs/msg/detail/vpe_status__struct.h\n'}
[16.204710] (vectornav_msgs) StdoutLine: {'line': b'-- Installing: /home/fcanof/vanttec_sdv/install/vectornav_msgs/include/vectornav_msgs/vectornav_msgs/msg/detail/ins_group__functions.h\n'}
[16.204847] (vectornav_msgs) StdoutLine: {'line': b'-- Installing: /home/fcanof/vanttec_sdv/install/vectornav_msgs/include/vectornav_msgs/vectornav_msgs/msg/detail/dop__functions.h\n'}
[16.204969] (vectornav_msgs) StdoutLine: {'line': b'-- Installing: /home/fcanof/vanttec_sdv/install/vectornav_msgs/include/vectornav_msgs/vectornav_msgs/msg/detail/attitude_group__functions.h\n'}
[16.205114] (vectornav_msgs) StdoutLine: {'line': b'-- Installing: /home/fcanof/vanttec_sdv/install/vectornav_msgs/include/vectornav_msgs/vectornav_msgs/msg/detail/gps_group__struct.h\n'}
[16.205246] (vectornav_msgs) StdoutLine: {'line': b'-- Installing: /home/fcanof/vanttec_sdv/install/vectornav_msgs/include/vectornav_msgs/vectornav_msgs/msg/detail/gps_group__functions.c\n'}
[16.205379] (vectornav_msgs) StdoutLine: {'line': b'-- Installing: /home/fcanof/vanttec_sdv/install/vectornav_msgs/include/vectornav_msgs/vectornav_msgs/msg/detail/time_utc__functions.c\n'}
[16.205509] (vectornav_msgs) StdoutLine: {'line': b'-- Installing: /home/fcanof/vanttec_sdv/install/vectornav_msgs/include/vectornav_msgs/vectornav_msgs/msg/detail/time_utc__struct.h\n'}
[16.205642] (vectornav_msgs) StdoutLine: {'line': b'-- Installing: /home/fcanof/vanttec_sdv/install/vectornav_msgs/include/vectornav_msgs/vectornav_msgs/msg/detail/time_group__functions.h\n'}
[16.205766] (vectornav_msgs) StdoutLine: {'line': b'-- Installing: /home/fcanof/vanttec_sdv/install/vectornav_msgs/include/vectornav_msgs/vectornav_msgs/msg/detail/common_group__struct.h\n'}
[16.205907] (vectornav_msgs) StdoutLine: {'line': b'-- Installing: /home/fcanof/vanttec_sdv/install/vectornav_msgs/include/vectornav_msgs/vectornav_msgs/msg/detail/imu_group__functions.h\n'}
[16.206040] (vectornav_msgs) StdoutLine: {'line': b'-- Installing: /home/fcanof/vanttec_sdv/install/vectornav_msgs/include/vectornav_msgs/vectornav_msgs/msg/detail/imu_group__type_support.h\n'}
[16.206170] (vectornav_msgs) StdoutLine: {'line': b'-- Installing: /home/fcanof/vanttec_sdv/install/vectornav_msgs/include/vectornav_msgs/vectornav_msgs/msg/detail/common_group__functions.h\n'}
[16.206345] (vectornav_msgs) StdoutLine: {'line': b'-- Installing: /home/fcanof/vanttec_sdv/install/vectornav_msgs/include/vectornav_msgs/vectornav_msgs/msg/detail/ins_group__functions.c\n'}
[16.206500] (vectornav_msgs) StdoutLine: {'line': b'-- Installing: /home/fcanof/vanttec_sdv/install/vectornav_msgs/include/vectornav_msgs/vectornav_msgs/msg/detail/attitude_group__type_support.h\n'}
[16.206638] (vectornav_msgs) StdoutLine: {'line': b'-- Installing: /home/fcanof/vanttec_sdv/install/vectornav_msgs/include/vectornav_msgs/vectornav_msgs/msg/detail/time_status__type_support.h\n'}
[16.206761] (vectornav_msgs) StdoutLine: {'line': b'-- Installing: /home/fcanof/vanttec_sdv/install/vectornav_msgs/include/vectornav_msgs/vectornav_msgs/msg/detail/imu_group__functions.c\n'}
[16.206901] (vectornav_msgs) StdoutLine: {'line': b'-- Installing: /home/fcanof/vanttec_sdv/install/vectornav_msgs/include/vectornav_msgs/vectornav_msgs/msg/detail/time_group__struct.h\n'}
[16.207035] (vectornav_msgs) StdoutLine: {'line': b'-- Installing: /home/fcanof/vanttec_sdv/install/vectornav_msgs/include/vectornav_msgs/vectornav_msgs/msg/detail/time_utc__type_support.h\n'}
[16.207168] (vectornav_msgs) StdoutLine: {'line': b'-- Installing: /home/fcanof/vanttec_sdv/install/vectornav_msgs/include/vectornav_msgs/vectornav_msgs/msg/detail/time_group__type_support.h\n'}
[16.207282] (vectornav_msgs) StdoutLine: {'line': b'-- Installing: /home/fcanof/vanttec_sdv/install/vectornav_msgs/include/vectornav_msgs/vectornav_msgs/msg/detail/time_status__functions.c\n'}
[16.207415] (vectornav_msgs) StdoutLine: {'line': b'-- Installing: /home/fcanof/vanttec_sdv/install/vectornav_msgs/include/vectornav_msgs/vectornav_msgs/msg/detail/dop__type_support.h\n'}
[16.207538] (vectornav_msgs) StdoutLine: {'line': b'-- Installing: /home/fcanof/vanttec_sdv/install/vectornav_msgs/include/vectornav_msgs/vectornav_msgs/msg/detail/attitude_group__struct.h\n'}
[16.207644] (vectornav_msgs) StdoutLine: {'line': b'-- Installing: /home/fcanof/vanttec_sdv/install/vectornav_msgs/include/vectornav_msgs/vectornav_msgs/msg/detail/gps_group__functions.h\n'}
[16.207772] (vectornav_msgs) StdoutLine: {'line': b'-- Installing: /home/fcanof/vanttec_sdv/install/vectornav_msgs/include/vectornav_msgs/vectornav_msgs/msg/detail/ins_status__functions.h\n'}
[16.207885] (vectornav_msgs) StdoutLine: {'line': b'-- Installing: /home/fcanof/vanttec_sdv/install/vectornav_msgs/include/vectornav_msgs/vectornav_msgs/msg/time_status.h\n'}
[16.207987] (vectornav_msgs) StdoutLine: {'line': b'-- Installing: /home/fcanof/vanttec_sdv/install/vectornav_msgs/include/vectornav_msgs/vectornav_msgs/msg/dop.h\n'}
[16.208143] (vectornav_msgs) StdoutLine: {'line': b'-- Installing: /home/fcanof/vanttec_sdv/install/vectornav_msgs/include/vectornav_msgs/vectornav_msgs/msg/gps_group.h\n'}
[16.208287] (vectornav_msgs) StdoutLine: {'line': b'-- Installing: /home/fcanof/vanttec_sdv/install/vectornav_msgs/include/vectornav_msgs/vectornav_msgs/msg/common_group.h\n'}
[16.208424] (vectornav_msgs) StdoutLine: {'line': b'-- Installing: /home/fcanof/vanttec_sdv/install/vectornav_msgs/include/vectornav_msgs/vectornav_msgs/msg/rosidl_generator_c__visibility_control.h\n'}
[16.208554] (vectornav_msgs) StdoutLine: {'line': b'-- Installing: /home/fcanof/vanttec_sdv/install/vectornav_msgs/include/vectornav_msgs/vectornav_msgs/msg/imu_group.h\n'}
[16.208699] (vectornav_msgs) StdoutLine: {'line': b'-- Installing: /home/fcanof/vanttec_sdv/install/vectornav_msgs/share/vectornav_msgs/environment/library_path.sh\n'}
[16.208827] (vectornav_msgs) StdoutLine: {'line': b'-- Installing: /home/fcanof/vanttec_sdv/install/vectornav_msgs/share/vectornav_msgs/environment/library_path.dsv\n'}
[16.208960] (vectornav_msgs) StdoutLine: {'line': b'-- Installing: /home/fcanof/vanttec_sdv/install/vectornav_msgs/lib/libvectornav_msgs__rosidl_generator_c.so\n'}
[16.209103] (vectornav_msgs) StdoutLine: {'line': b'-- Set runtime path of "/home/fcanof/vanttec_sdv/install/vectornav_msgs/lib/libvectornav_msgs__rosidl_generator_c.so" to ""\n'}
[16.209227] (vectornav_msgs) StdoutLine: {'line': b'-- Up-to-date: /home/fcanof/vanttec_sdv/install/vectornav_msgs/include/vectornav_msgs/vectornav_msgs\n'}
[16.209357] (vectornav_msgs) StdoutLine: {'line': b'-- Up-to-date: /home/fcanof/vanttec_sdv/install/vectornav_msgs/include/vectornav_msgs/vectornav_msgs/action\n'}
[16.209487] (vectornav_msgs) StdoutLine: {'line': b'-- Up-to-date: /home/fcanof/vanttec_sdv/install/vectornav_msgs/include/vectornav_msgs/vectornav_msgs/action/detail\n'}
[16.209611] (vectornav_msgs) StdoutLine: {'line': b'-- Installing: /home/fcanof/vanttec_sdv/install/vectornav_msgs/include/vectornav_msgs/vectornav_msgs/action/detail/mag_cal__rosidl_typesupport_fastrtps_c.h\n'}
[16.209743] (vectornav_msgs) StdoutLine: {'line': b'-- Up-to-date: /home/fcanof/vanttec_sdv/install/vectornav_msgs/include/vectornav_msgs/vectornav_msgs/msg\n'}
[16.209858] (vectornav_msgs) StdoutLine: {'line': b'-- Installing: /home/fcanof/vanttec_sdv/install/vectornav_msgs/include/vectornav_msgs/vectornav_msgs/msg/rosidl_typesupport_fastrtps_c__visibility_control.h\n'}
[16.209970] (vectornav_msgs) StdoutLine: {'line': b'-- Up-to-date: /home/fcanof/vanttec_sdv/install/vectornav_msgs/include/vectornav_msgs/vectornav_msgs/msg/detail\n'}
[16.210115] (vectornav_msgs) StdoutLine: {'line': b'-- Installing: /home/fcanof/vanttec_sdv/install/vectornav_msgs/include/vectornav_msgs/vectornav_msgs/msg/detail/imu_group__rosidl_typesupport_fastrtps_c.h\n'}
[16.210259] (vectornav_msgs) StdoutLine: {'line': b'-- Installing: /home/fcanof/vanttec_sdv/install/vectornav_msgs/include/vectornav_msgs/vectornav_msgs/msg/detail/ins_group__rosidl_typesupport_fastrtps_c.h\n'}
[16.210395] (vectornav_msgs) StdoutLine: {'line': b'-- Installing: /home/fcanof/vanttec_sdv/install/vectornav_msgs/include/vectornav_msgs/vectornav_msgs/msg/detail/ins_status__rosidl_typesupport_fastrtps_c.h\n'}
[16.210517] (vectornav_msgs) StdoutLine: {'line': b'-- Installing: /home/fcanof/vanttec_sdv/install/vectornav_msgs/include/vectornav_msgs/vectornav_msgs/msg/detail/dop__rosidl_typesupport_fastrtps_c.h\n'}
[16.210657] (vectornav_msgs) StdoutLine: {'line': b'-- Installing: /home/fcanof/vanttec_sdv/install/vectornav_msgs/include/vectornav_msgs/vectornav_msgs/msg/detail/common_group__rosidl_typesupport_fastrtps_c.h\n'}
[16.210801] (vectornav_msgs) StdoutLine: {'line': b'-- Installing: /home/fcanof/vanttec_sdv/install/vectornav_msgs/include/vectornav_msgs/vectornav_msgs/msg/detail/time_status__rosidl_typesupport_fastrtps_c.h\n'}
[16.210933] (vectornav_msgs) StdoutLine: {'line': b'-- Installing: /home/fcanof/vanttec_sdv/install/vectornav_msgs/include/vectornav_msgs/vectornav_msgs/msg/detail/time_group__rosidl_typesupport_fastrtps_c.h\n'}
[16.211068] (vectornav_msgs) StdoutLine: {'line': b'-- Installing: /home/fcanof/vanttec_sdv/install/vectornav_msgs/include/vectornav_msgs/vectornav_msgs/msg/detail/attitude_group__rosidl_typesupport_fastrtps_c.h\n'}
[16.211199] (vectornav_msgs) StdoutLine: {'line': b'-- Installing: /home/fcanof/vanttec_sdv/install/vectornav_msgs/include/vectornav_msgs/vectornav_msgs/msg/detail/vpe_status__rosidl_typesupport_fastrtps_c.h\n'}
[16.211321] (vectornav_msgs) StdoutLine: {'line': b'-- Installing: /home/fcanof/vanttec_sdv/install/vectornav_msgs/include/vectornav_msgs/vectornav_msgs/msg/detail/gps_group__rosidl_typesupport_fastrtps_c.h\n'}
[16.211444] (vectornav_msgs) StdoutLine: {'line': b'-- Installing: /home/fcanof/vanttec_sdv/install/vectornav_msgs/include/vectornav_msgs/vectornav_msgs/msg/detail/time_utc__rosidl_typesupport_fastrtps_c.h\n'}
[16.211588] (vectornav_msgs) StdoutLine: {'line': b'-- Installing: /home/fcanof/vanttec_sdv/install/vectornav_msgs/lib/libvectornav_msgs__rosidl_typesupport_fastrtps_c.so\n'}
[16.211711] (vectornav_msgs) StdoutLine: {'line': b'-- Set runtime path of "/home/fcanof/vanttec_sdv/install/vectornav_msgs/lib/libvectornav_msgs__rosidl_typesupport_fastrtps_c.so" to ""\n'}
[16.211840] (vectornav_msgs) StdoutLine: {'line': b'-- Up-to-date: /home/fcanof/vanttec_sdv/install/vectornav_msgs/include/vectornav_msgs/vectornav_msgs\n'}
[16.211972] (vectornav_msgs) StdoutLine: {'line': b'-- Up-to-date: /home/fcanof/vanttec_sdv/install/vectornav_msgs/include/vectornav_msgs/vectornav_msgs/action\n'}
[16.212095] (vectornav_msgs) StdoutLine: {'line': b'-- Up-to-date: /home/fcanof/vanttec_sdv/install/vectornav_msgs/include/vectornav_msgs/vectornav_msgs/action/detail\n'}
[16.212245] (vectornav_msgs) StdoutLine: {'line': b'-- Installing: /home/fcanof/vanttec_sdv/install/vectornav_msgs/include/vectornav_msgs/vectornav_msgs/action/detail/mag_cal__struct.hpp\n'}
[16.212380] (vectornav_msgs) StdoutLine: {'line': b'-- Installing: /home/fcanof/vanttec_sdv/install/vectornav_msgs/include/vectornav_msgs/vectornav_msgs/action/detail/mag_cal__traits.hpp\n'}
[16.212504] (vectornav_msgs) StdoutLine: {'line': b'-- Installing: /home/fcanof/vanttec_sdv/install/vectornav_msgs/include/vectornav_msgs/vectornav_msgs/action/detail/mag_cal__builder.hpp\n'}
[16.212646] (vectornav_msgs) StdoutLine: {'line': b'-- Installing: /home/fcanof/vanttec_sdv/install/vectornav_msgs/include/vectornav_msgs/vectornav_msgs/action/mag_cal.hpp\n'}
[16.212783] (vectornav_msgs) StdoutLine: {'line': b'-- Up-to-date: /home/fcanof/vanttec_sdv/install/vectornav_msgs/include/vectornav_msgs/vectornav_msgs/msg\n'}
[16.212906] (vectornav_msgs) StdoutLine: {'line': b'-- Installing: /home/fcanof/vanttec_sdv/install/vectornav_msgs/include/vectornav_msgs/vectornav_msgs/msg/attitude_group.hpp\n'}
[16.213028] (vectornav_msgs) StdoutLine: {'line': b'-- Installing: /home/fcanof/vanttec_sdv/install/vectornav_msgs/include/vectornav_msgs/vectornav_msgs/msg/time_utc.hpp\n'}
[16.213170] (vectornav_msgs) StdoutLine: {'line': b'-- Up-to-date: /home/fcanof/vanttec_sdv/install/vectornav_msgs/include/vectornav_msgs/vectornav_msgs/msg/detail\n'}
[16.213304] (vectornav_msgs) StdoutLine: {'line': b'-- Installing: /home/fcanof/vanttec_sdv/install/vectornav_msgs/include/vectornav_msgs/vectornav_msgs/msg/detail/time_utc__builder.hpp\n'}
[16.213417] (vectornav_msgs) StdoutLine: {'line': b'-- Installing: /home/fcanof/vanttec_sdv/install/vectornav_msgs/include/vectornav_msgs/vectornav_msgs/msg/detail/dop__builder.hpp\n'}
[16.213545] (vectornav_msgs) StdoutLine: {'line': b'-- Installing: /home/fcanof/vanttec_sdv/install/vectornav_msgs/include/vectornav_msgs/vectornav_msgs/msg/detail/common_group__builder.hpp\n'}
[16.213670] (vectornav_msgs) StdoutLine: {'line': b'-- Installing: /home/fcanof/vanttec_sdv/install/vectornav_msgs/include/vectornav_msgs/vectornav_msgs/msg/detail/ins_group__builder.hpp\n'}
[16.213786] (vectornav_msgs) StdoutLine: {'line': b'-- Installing: /home/fcanof/vanttec_sdv/install/vectornav_msgs/include/vectornav_msgs/vectornav_msgs/msg/detail/common_group__traits.hpp\n'}
[16.213920] (vectornav_msgs) StdoutLine: {'line': b'-- Installing: /home/fcanof/vanttec_sdv/install/vectornav_msgs/include/vectornav_msgs/vectornav_msgs/msg/detail/ins_group__struct.hpp\n'}
[16.214061] (vectornav_msgs) StdoutLine: {'line': b'-- Installing: /home/fcanof/vanttec_sdv/install/vectornav_msgs/include/vectornav_msgs/vectornav_msgs/msg/detail/time_group__struct.hpp\n'}
[16.214188] (vectornav_msgs) StdoutLine: {'line': b'-- Installing: /home/fcanof/vanttec_sdv/install/vectornav_msgs/include/vectornav_msgs/vectornav_msgs/msg/detail/time_group__traits.hpp\n'}
[16.214325] (vectornav_msgs) StdoutLine: {'line': b'-- Installing: /home/fcanof/vanttec_sdv/install/vectornav_msgs/include/vectornav_msgs/vectornav_msgs/msg/detail/gps_group__builder.hpp\n'}
[16.214462] (vectornav_msgs) StdoutLine: {'line': b'-- Installing: /home/fcanof/vanttec_sdv/install/vectornav_msgs/include/vectornav_msgs/vectornav_msgs/msg/detail/time_group__builder.hpp\n'}
[16.214566] (vectornav_msgs) StdoutLine: {'line': b'-- Installing: /home/fcanof/vanttec_sdv/install/vectornav_msgs/include/vectornav_msgs/vectornav_msgs/msg/detail/gps_group__struct.hpp\n'}
[16.214723] (vectornav_msgs) StdoutLine: {'line': b'-- Installing: /home/fcanof/vanttec_sdv/install/vectornav_msgs/include/vectornav_msgs/vectornav_msgs/msg/detail/gps_group__traits.hpp\n'}
[16.214856] (vectornav_msgs) StdoutLine: {'line': b'-- Installing: /home/fcanof/vanttec_sdv/install/vectornav_msgs/include/vectornav_msgs/vectornav_msgs/msg/detail/dop__struct.hpp\n'}
[16.214974] (vectornav_msgs) StdoutLine: {'line': b'-- Installing: /home/fcanof/vanttec_sdv/install/vectornav_msgs/include/vectornav_msgs/vectornav_msgs/msg/detail/attitude_group__struct.hpp\n'}
[16.215098] (vectornav_msgs) StdoutLine: {'line': b'-- Installing: /home/fcanof/vanttec_sdv/install/vectornav_msgs/include/vectornav_msgs/vectornav_msgs/msg/detail/attitude_group__traits.hpp\n'}
[16.215235] (vectornav_msgs) StdoutLine: {'line': b'-- Installing: /home/fcanof/vanttec_sdv/install/vectornav_msgs/include/vectornav_msgs/vectornav_msgs/msg/detail/ins_status__builder.hpp\n'}
[16.215336] (vectornav_msgs) StdoutLine: {'line': b'-- Installing: /home/fcanof/vanttec_sdv/install/vectornav_msgs/include/vectornav_msgs/vectornav_msgs/msg/detail/time_status__builder.hpp\n'}
[16.215484] (vectornav_msgs) StdoutLine: {'line': b'-- Installing: /home/fcanof/vanttec_sdv/install/vectornav_msgs/include/vectornav_msgs/vectornav_msgs/msg/detail/ins_status__struct.hpp\n'}
[16.215610] (vectornav_msgs) StdoutLine: {'line': b'-- Installing: /home/fcanof/vanttec_sdv/install/vectornav_msgs/include/vectornav_msgs/vectornav_msgs/msg/detail/time_utc__traits.hpp\n'}
[16.215741] (vectornav_msgs) StdoutLine: {'line': b'-- Installing: /home/fcanof/vanttec_sdv/install/vectornav_msgs/include/vectornav_msgs/vectornav_msgs/msg/detail/imu_group__traits.hpp\n'}
[16.215875] (vectornav_msgs) StdoutLine: {'line': b'-- Installing: /home/fcanof/vanttec_sdv/install/vectornav_msgs/include/vectornav_msgs/vectornav_msgs/msg/detail/time_status__struct.hpp\n'}
[16.216003] (vectornav_msgs) StdoutLine: {'line': b'-- Installing: /home/fcanof/vanttec_sdv/install/vectornav_msgs/include/vectornav_msgs/vectornav_msgs/msg/detail/vpe_status__traits.hpp\n'}
[16.216118] (vectornav_msgs) StdoutLine: {'line': b'-- Installing: /home/fcanof/vanttec_sdv/install/vectornav_msgs/include/vectornav_msgs/vectornav_msgs/msg/detail/attitude_group__builder.hpp\n'}
[16.216265] (vectornav_msgs) StdoutLine: {'line': b'-- Installing: /home/fcanof/vanttec_sdv/install/vectornav_msgs/include/vectornav_msgs/vectornav_msgs/msg/detail/dop__traits.hpp\n'}
[16.216392] (vectornav_msgs) StdoutLine: {'line': b'-- Installing: /home/fcanof/vanttec_sdv/install/vectornav_msgs/include/vectornav_msgs/vectornav_msgs/msg/detail/time_utc__struct.hpp\n'}
[16.216507] (vectornav_msgs) StdoutLine: {'line': b'-- Installing: /home/fcanof/vanttec_sdv/install/vectornav_msgs/include/vectornav_msgs/vectornav_msgs/msg/detail/vpe_status__struct.hpp\n'}
[16.216641] (vectornav_msgs) StdoutLine: {'line': b'-- Installing: /home/fcanof/vanttec_sdv/install/vectornav_msgs/include/vectornav_msgs/vectornav_msgs/msg/detail/vpe_status__builder.hpp\n'}
[16.216766] (vectornav_msgs) StdoutLine: {'line': b'-- Installing: /home/fcanof/vanttec_sdv/install/vectornav_msgs/include/vectornav_msgs/vectornav_msgs/msg/detail/ins_status__traits.hpp\n'}
[16.216883] (vectornav_msgs) StdoutLine: {'line': b'-- Installing: /home/fcanof/vanttec_sdv/install/vectornav_msgs/include/vectornav_msgs/vectornav_msgs/msg/detail/imu_group__struct.hpp\n'}
[16.217007] (vectornav_msgs) StdoutLine: {'line': b'-- Installing: /home/fcanof/vanttec_sdv/install/vectornav_msgs/include/vectornav_msgs/vectornav_msgs/msg/detail/time_status__traits.hpp\n'}
[16.217140] (vectornav_msgs) StdoutLine: {'line': b'-- Installing: /home/fcanof/vanttec_sdv/install/vectornav_msgs/include/vectornav_msgs/vectornav_msgs/msg/detail/common_group__struct.hpp\n'}
[16.217249] (vectornav_msgs) StdoutLine: {'line': b'-- Installing: /home/fcanof/vanttec_sdv/install/vectornav_msgs/include/vectornav_msgs/vectornav_msgs/msg/detail/imu_group__builder.hpp\n'}
[16.217346] (vectornav_msgs) StdoutLine: {'line': b'-- Installing: /home/fcanof/vanttec_sdv/install/vectornav_msgs/include/vectornav_msgs/vectornav_msgs/msg/detail/ins_group__traits.hpp\n'}
[16.217446] (vectornav_msgs) StdoutLine: {'line': b'-- Installing: /home/fcanof/vanttec_sdv/install/vectornav_msgs/include/vectornav_msgs/vectornav_msgs/msg/gps_group.hpp\n'}
[16.217592] (vectornav_msgs) StdoutLine: {'line': b'-- Installing: /home/fcanof/vanttec_sdv/install/vectornav_msgs/include/vectornav_msgs/vectornav_msgs/msg/ins_status.hpp\n'}
[16.217710] (vectornav_msgs) StdoutLine: {'line': b'-- Installing: /home/fcanof/vanttec_sdv/install/vectornav_msgs/include/vectornav_msgs/vectornav_msgs/msg/dop.hpp\n'}
[16.217826] (vectornav_msgs) StdoutLine: {'line': b'-- Installing: /home/fcanof/vanttec_sdv/install/vectornav_msgs/include/vectornav_msgs/vectornav_msgs/msg/time_group.hpp\n'}
[16.217960] (vectornav_msgs) StdoutLine: {'line': b'-- Installing: /home/fcanof/vanttec_sdv/install/vectornav_msgs/include/vectornav_msgs/vectornav_msgs/msg/imu_group.hpp\n'}
[16.218077] (vectornav_msgs) StdoutLine: {'line': b'-- Installing: /home/fcanof/vanttec_sdv/install/vectornav_msgs/include/vectornav_msgs/vectornav_msgs/msg/vpe_status.hpp\n'}
[16.218204] (vectornav_msgs) StdoutLine: {'line': b'-- Installing: /home/fcanof/vanttec_sdv/install/vectornav_msgs/include/vectornav_msgs/vectornav_msgs/msg/common_group.hpp\n'}
[16.218343] (vectornav_msgs) StdoutLine: {'line': b'-- Installing: /home/fcanof/vanttec_sdv/install/vectornav_msgs/include/vectornav_msgs/vectornav_msgs/msg/ins_group.hpp\n'}
[16.218469] (vectornav_msgs) StdoutLine: {'line': b'-- Installing: /home/fcanof/vanttec_sdv/install/vectornav_msgs/include/vectornav_msgs/vectornav_msgs/msg/time_status.hpp\n'}
[16.218583] (vectornav_msgs) StdoutLine: {'line': b'-- Up-to-date: /home/fcanof/vanttec_sdv/install/vectornav_msgs/include/vectornav_msgs/vectornav_msgs\n'}
[16.218693] (vectornav_msgs) StdoutLine: {'line': b'-- Up-to-date: /home/fcanof/vanttec_sdv/install/vectornav_msgs/include/vectornav_msgs/vectornav_msgs/action\n'}
[16.218796] (vectornav_msgs) StdoutLine: {'line': b'-- Up-to-date: /home/fcanof/vanttec_sdv/install/vectornav_msgs/include/vectornav_msgs/vectornav_msgs/action/detail\n'}
[16.218906] (vectornav_msgs) StdoutLine: {'line': b'-- Installing: /home/fcanof/vanttec_sdv/install/vectornav_msgs/include/vectornav_msgs/vectornav_msgs/action/detail/dds_fastrtps\n'}
[16.219014] (vectornav_msgs) StdoutLine: {'line': b'-- Installing: /home/fcanof/vanttec_sdv/install/vectornav_msgs/include/vectornav_msgs/vectornav_msgs/action/detail/mag_cal__rosidl_typesupport_fastrtps_cpp.hpp\n'}
[16.219118] (vectornav_msgs) StdoutLine: {'line': b'-- Up-to-date: /home/fcanof/vanttec_sdv/install/vectornav_msgs/include/vectornav_msgs/vectornav_msgs/msg\n'}
[16.219257] (vectornav_msgs) StdoutLine: {'line': b'-- Installing: /home/fcanof/vanttec_sdv/install/vectornav_msgs/include/vectornav_msgs/vectornav_msgs/msg/rosidl_typesupport_fastrtps_cpp__visibility_control.h\n'}
[16.219382] (vectornav_msgs) StdoutLine: {'line': b'-- Up-to-date: /home/fcanof/vanttec_sdv/install/vectornav_msgs/include/vectornav_msgs/vectornav_msgs/msg/detail\n'}
[16.219475] (vectornav_msgs) StdoutLine: {'line': b'-- Installing: /home/fcanof/vanttec_sdv/install/vectornav_msgs/include/vectornav_msgs/vectornav_msgs/msg/detail/ins_group__rosidl_typesupport_fastrtps_cpp.hpp\n'}
[16.219540] (vectornav_msgs) StdoutLine: {'line': b'-- Installing: /home/fcanof/vanttec_sdv/install/vectornav_msgs/include/vectornav_msgs/vectornav_msgs/msg/detail/vpe_status__rosidl_typesupport_fastrtps_cpp.hpp\n'}
[16.219619] (vectornav_msgs) StdoutLine: {'line': b'-- Installing: /home/fcanof/vanttec_sdv/install/vectornav_msgs/include/vectornav_msgs/vectornav_msgs/msg/detail/time_group__rosidl_typesupport_fastrtps_cpp.hpp\n'}
[16.219694] (vectornav_msgs) StdoutLine: {'line': b'-- Installing: /home/fcanof/vanttec_sdv/install/vectornav_msgs/include/vectornav_msgs/vectornav_msgs/msg/detail/dds_fastrtps\n'}
[16.219771] (vectornav_msgs) StdoutLine: {'line': b'-- Installing: /home/fcanof/vanttec_sdv/install/vectornav_msgs/include/vectornav_msgs/vectornav_msgs/msg/detail/time_utc__rosidl_typesupport_fastrtps_cpp.hpp\n'}
[16.219829] (vectornav_msgs) StdoutLine: {'line': b'-- Installing: /home/fcanof/vanttec_sdv/install/vectornav_msgs/include/vectornav_msgs/vectornav_msgs/msg/detail/gps_group__rosidl_typesupport_fastrtps_cpp.hpp\n'}
[16.219900] (vectornav_msgs) StdoutLine: {'line': b'-- Installing: /home/fcanof/vanttec_sdv/install/vectornav_msgs/include/vectornav_msgs/vectornav_msgs/msg/detail/ins_status__rosidl_typesupport_fastrtps_cpp.hpp\n'}
[16.219970] (vectornav_msgs) StdoutLine: {'line': b'-- Installing: /home/fcanof/vanttec_sdv/install/vectornav_msgs/include/vectornav_msgs/vectornav_msgs/msg/detail/common_group__rosidl_typesupport_fastrtps_cpp.hpp\n'}
[16.220032] (vectornav_msgs) StdoutLine: {'line': b'-- Installing: /home/fcanof/vanttec_sdv/install/vectornav_msgs/include/vectornav_msgs/vectornav_msgs/msg/detail/dop__rosidl_typesupport_fastrtps_cpp.hpp\n'}
[16.220106] (vectornav_msgs) StdoutLine: {'line': b'-- Installing: /home/fcanof/vanttec_sdv/install/vectornav_msgs/include/vectornav_msgs/vectornav_msgs/msg/detail/attitude_group__rosidl_typesupport_fastrtps_cpp.hpp\n'}
[16.220164] (vectornav_msgs) StdoutLine: {'line': b'-- Installing: /home/fcanof/vanttec_sdv/install/vectornav_msgs/include/vectornav_msgs/vectornav_msgs/msg/detail/imu_group__rosidl_typesupport_fastrtps_cpp.hpp\n'}
[16.220234] (vectornav_msgs) StdoutLine: {'line': b'-- Installing: /home/fcanof/vanttec_sdv/install/vectornav_msgs/include/vectornav_msgs/vectornav_msgs/msg/detail/time_status__rosidl_typesupport_fastrtps_cpp.hpp\n'}
[16.220305] (vectornav_msgs) StdoutLine: {'line': b'-- Installing: /home/fcanof/vanttec_sdv/install/vectornav_msgs/lib/libvectornav_msgs__rosidl_typesupport_fastrtps_cpp.so\n'}
[16.220362] (vectornav_msgs) StdoutLine: {'line': b'-- Set runtime path of "/home/fcanof/vanttec_sdv/install/vectornav_msgs/lib/libvectornav_msgs__rosidl_typesupport_fastrtps_cpp.so" to ""\n'}
[16.220434] (vectornav_msgs) StdoutLine: {'line': b'-- Up-to-date: /home/fcanof/vanttec_sdv/install/vectornav_msgs/include/vectornav_msgs/vectornav_msgs\n'}
[16.220506] (vectornav_msgs) StdoutLine: {'line': b'-- Up-to-date: /home/fcanof/vanttec_sdv/install/vectornav_msgs/include/vectornav_msgs/vectornav_msgs/action\n'}
[16.220565] (vectornav_msgs) StdoutLine: {'line': b'-- Up-to-date: /home/fcanof/vanttec_sdv/install/vectornav_msgs/include/vectornav_msgs/vectornav_msgs/action/detail\n'}
[16.220636] (vectornav_msgs) StdoutLine: {'line': b'-- Installing: /home/fcanof/vanttec_sdv/install/vectornav_msgs/include/vectornav_msgs/vectornav_msgs/action/detail/mag_cal__type_support.c\n'}
[16.220693] (vectornav_msgs) StdoutLine: {'line': b'-- Installing: /home/fcanof/vanttec_sdv/install/vectornav_msgs/include/vectornav_msgs/vectornav_msgs/action/detail/mag_cal__rosidl_typesupport_introspection_c.h\n'}
[16.220749] (vectornav_msgs) StdoutLine: {'line': b'-- Up-to-date: /home/fcanof/vanttec_sdv/install/vectornav_msgs/include/vectornav_msgs/vectornav_msgs/msg\n'}
[16.220820] (vectornav_msgs) StdoutLine: {'line': b'-- Up-to-date: /home/fcanof/vanttec_sdv/install/vectornav_msgs/include/vectornav_msgs/vectornav_msgs/msg/detail\n'}
[16.220877] (vectornav_msgs) StdoutLine: {'line': b'-- Installing: /home/fcanof/vanttec_sdv/install/vectornav_msgs/include/vectornav_msgs/vectornav_msgs/msg/detail/time_status__type_support.c\n'}
[16.220933] (vectornav_msgs) StdoutLine: {'line': b'-- Installing: /home/fcanof/vanttec_sdv/install/vectornav_msgs/include/vectornav_msgs/vectornav_msgs/msg/detail/time_utc__rosidl_typesupport_introspection_c.h\n'}
[16.220995] (vectornav_msgs) StdoutLine: {'line': b'-- Installing: /home/fcanof/vanttec_sdv/install/vectornav_msgs/include/vectornav_msgs/vectornav_msgs/msg/detail/time_utc__type_support.c\n'}
[16.221053] (vectornav_msgs) StdoutLine: {'line': b'-- Installing: /home/fcanof/vanttec_sdv/install/vectornav_msgs/include/vectornav_msgs/vectornav_msgs/msg/detail/gps_group__type_support.c\n'}
[16.221127] (vectornav_msgs) StdoutLine: {'line': b'-- Installing: /home/fcanof/vanttec_sdv/install/vectornav_msgs/include/vectornav_msgs/vectornav_msgs/msg/detail/time_group__type_support.c\n'}
[16.221198] (vectornav_msgs) StdoutLine: {'line': b'-- Installing: /home/fcanof/vanttec_sdv/install/vectornav_msgs/include/vectornav_msgs/vectornav_msgs/msg/detail/common_group__rosidl_typesupport_introspection_c.h\n'}
[16.221256] (vectornav_msgs) StdoutLine: {'line': b'-- Installing: /home/fcanof/vanttec_sdv/install/vectornav_msgs/include/vectornav_msgs/vectornav_msgs/msg/detail/attitude_group__type_support.c\n'}
[16.221312] (vectornav_msgs) StdoutLine: {'line': b'-- Installing: /home/fcanof/vanttec_sdv/install/vectornav_msgs/include/vectornav_msgs/vectornav_msgs/msg/detail/vpe_status__type_support.c\n'}
[16.221368] (vectornav_msgs) StdoutLine: {'line': b'-- Installing: /home/fcanof/vanttec_sdv/install/vectornav_msgs/include/vectornav_msgs/vectornav_msgs/msg/detail/vpe_status__rosidl_typesupport_introspection_c.h\n'}
[16.221425] (vectornav_msgs) StdoutLine: {'line': b'-- Installing: /home/fcanof/vanttec_sdv/install/vectornav_msgs/include/vectornav_msgs/vectornav_msgs/msg/detail/ins_group__rosidl_typesupport_introspection_c.h\n'}
[16.221510] (vectornav_msgs) StdoutLine: {'line': b'-- Installing: /home/fcanof/vanttec_sdv/install/vectornav_msgs/include/vectornav_msgs/vectornav_msgs/msg/detail/ins_group__type_support.c\n'}
[16.221587] (vectornav_msgs) StdoutLine: {'line': b'-- Installing: /home/fcanof/vanttec_sdv/install/vectornav_msgs/include/vectornav_msgs/vectornav_msgs/msg/detail/ins_status__type_support.c\n'}
[16.221666] (vectornav_msgs) StdoutLine: {'line': b'-- Installing: /home/fcanof/vanttec_sdv/install/vectornav_msgs/include/vectornav_msgs/vectornav_msgs/msg/detail/attitude_group__rosidl_typesupport_introspection_c.h\n'}
[16.221724] (vectornav_msgs) StdoutLine: {'line': b'-- Installing: /home/fcanof/vanttec_sdv/install/vectornav_msgs/include/vectornav_msgs/vectornav_msgs/msg/detail/imu_group__rosidl_typesupport_introspection_c.h\n'}
[16.221798] (vectornav_msgs) StdoutLine: {'line': b'-- Installing: /home/fcanof/vanttec_sdv/install/vectornav_msgs/include/vectornav_msgs/vectornav_msgs/msg/detail/time_status__rosidl_typesupport_introspection_c.h\n'}
[16.221870] (vectornav_msgs) StdoutLine: {'line': b'-- Installing: /home/fcanof/vanttec_sdv/install/vectornav_msgs/include/vectornav_msgs/vectornav_msgs/msg/detail/dop__type_support.c\n'}
[16.221949] (vectornav_msgs) StdoutLine: {'line': b'-- Installing: /home/fcanof/vanttec_sdv/install/vectornav_msgs/include/vectornav_msgs/vectornav_msgs/msg/detail/imu_group__type_support.c\n'}
[16.222007] (vectornav_msgs) StdoutLine: {'line': b'-- Installing: /home/fcanof/vanttec_sdv/install/vectornav_msgs/include/vectornav_msgs/vectornav_msgs/msg/detail/ins_status__rosidl_typesupport_introspection_c.h\n'}
[16.222079] (vectornav_msgs) StdoutLine: {'line': b'-- Installing: /home/fcanof/vanttec_sdv/install/vectornav_msgs/include/vectornav_msgs/vectornav_msgs/msg/detail/dop__rosidl_typesupport_introspection_c.h\n'}
[16.222135] (vectornav_msgs) StdoutLine: {'line': b'-- Installing: /home/fcanof/vanttec_sdv/install/vectornav_msgs/include/vectornav_msgs/vectornav_msgs/msg/detail/common_group__type_support.c\n'}
[16.222223] (vectornav_msgs) StdoutLine: {'line': b'-- Installing: /home/fcanof/vanttec_sdv/install/vectornav_msgs/include/vectornav_msgs/vectornav_msgs/msg/detail/gps_group__rosidl_typesupport_introspection_c.h\n'}
[16.222281] (vectornav_msgs) StdoutLine: {'line': b'-- Installing: /home/fcanof/vanttec_sdv/install/vectornav_msgs/include/vectornav_msgs/vectornav_msgs/msg/detail/time_group__rosidl_typesupport_introspection_c.h\n'}
[16.222342] (vectornav_msgs) StdoutLine: {'line': b'-- Installing: /home/fcanof/vanttec_sdv/install/vectornav_msgs/include/vectornav_msgs/vectornav_msgs/msg/rosidl_typesupport_introspection_c__visibility_control.h\n'}
[16.222399] (vectornav_msgs) StdoutLine: {'line': b'-- Installing: /home/fcanof/vanttec_sdv/install/vectornav_msgs/lib/libvectornav_msgs__rosidl_typesupport_introspection_c.so\n'}
[16.222456] (vectornav_msgs) StdoutLine: {'line': b'-- Set runtime path of "/home/fcanof/vanttec_sdv/install/vectornav_msgs/lib/libvectornav_msgs__rosidl_typesupport_introspection_c.so" to ""\n'}
[16.222514] (vectornav_msgs) StdoutLine: {'line': b'-- Installing: /home/fcanof/vanttec_sdv/install/vectornav_msgs/lib/libvectornav_msgs__rosidl_typesupport_c.so\n'}
[16.222587] (vectornav_msgs) StdoutLine: {'line': b'-- Set runtime path of "/home/fcanof/vanttec_sdv/install/vectornav_msgs/lib/libvectornav_msgs__rosidl_typesupport_c.so" to ""\n'}
[16.222656] (vectornav_msgs) StdoutLine: {'line': b'-- Up-to-date: /home/fcanof/vanttec_sdv/install/vectornav_msgs/include/vectornav_msgs/vectornav_msgs\n'}
[16.222715] (vectornav_msgs) StdoutLine: {'line': b'-- Up-to-date: /home/fcanof/vanttec_sdv/install/vectornav_msgs/include/vectornav_msgs/vectornav_msgs/action\n'}
[16.222786] (vectornav_msgs) StdoutLine: {'line': b'-- Up-to-date: /home/fcanof/vanttec_sdv/install/vectornav_msgs/include/vectornav_msgs/vectornav_msgs/action/detail\n'}
[16.222843] (vectornav_msgs) StdoutLine: {'line': b'-- Installing: /home/fcanof/vanttec_sdv/install/vectornav_msgs/include/vectornav_msgs/vectornav_msgs/action/detail/mag_cal__type_support.cpp\n'}
[16.222914] (vectornav_msgs) StdoutLine: {'line': b'-- Installing: /home/fcanof/vanttec_sdv/install/vectornav_msgs/include/vectornav_msgs/vectornav_msgs/action/detail/mag_cal__rosidl_typesupport_introspection_cpp.hpp\n'}
[16.222986] (vectornav_msgs) StdoutLine: {'line': b'-- Up-to-date: /home/fcanof/vanttec_sdv/install/vectornav_msgs/include/vectornav_msgs/vectornav_msgs/msg\n'}
[16.223044] (vectornav_msgs) StdoutLine: {'line': b'-- Up-to-date: /home/fcanof/vanttec_sdv/install/vectornav_msgs/include/vectornav_msgs/vectornav_msgs/msg/detail\n'}
[16.223114] (vectornav_msgs) StdoutLine: {'line': b'-- Installing: /home/fcanof/vanttec_sdv/install/vectornav_msgs/include/vectornav_msgs/vectornav_msgs/msg/detail/imu_group__rosidl_typesupport_introspection_cpp.hpp\n'}
[16.223171] (vectornav_msgs) StdoutLine: {'line': b'-- Installing: /home/fcanof/vanttec_sdv/install/vectornav_msgs/include/vectornav_msgs/vectornav_msgs/msg/detail/time_status__rosidl_typesupport_introspection_cpp.hpp\n'}
[16.223241] (vectornav_msgs) StdoutLine: {'line': b'-- Installing: /home/fcanof/vanttec_sdv/install/vectornav_msgs/include/vectornav_msgs/vectornav_msgs/msg/detail/time_status__type_support.cpp\n'}
[16.223309] (vectornav_msgs) StdoutLine: {'line': b'-- Installing: /home/fcanof/vanttec_sdv/install/vectornav_msgs/include/vectornav_msgs/vectornav_msgs/msg/detail/attitude_group__type_support.cpp\n'}
[16.223367] (vectornav_msgs) StdoutLine: {'line': b'-- Installing: /home/fcanof/vanttec_sdv/install/vectornav_msgs/include/vectornav_msgs/vectornav_msgs/msg/detail/vpe_status__type_support.cpp\n'}
[16.223437] (vectornav_msgs) StdoutLine: {'line': b'-- Installing: /home/fcanof/vanttec_sdv/install/vectornav_msgs/include/vectornav_msgs/vectornav_msgs/msg/detail/ins_group__rosidl_typesupport_introspection_cpp.hpp\n'}
[16.223494] (vectornav_msgs) StdoutLine: {'line': b'-- Installing: /home/fcanof/vanttec_sdv/install/vectornav_msgs/include/vectornav_msgs/vectornav_msgs/msg/detail/common_group__rosidl_typesupport_introspection_cpp.hpp\n'}
[16.223578] (vectornav_msgs) StdoutLine: {'line': b'-- Installing: /home/fcanof/vanttec_sdv/install/vectornav_msgs/include/vectornav_msgs/vectornav_msgs/msg/detail/imu_group__type_support.cpp\n'}
[16.223652] (vectornav_msgs) StdoutLine: {'line': b'-- Installing: /home/fcanof/vanttec_sdv/install/vectornav_msgs/include/vectornav_msgs/vectornav_msgs/msg/detail/gps_group__rosidl_typesupport_introspection_cpp.hpp\n'}
[16.223712] (vectornav_msgs) StdoutLine: {'line': b'-- Installing: /home/fcanof/vanttec_sdv/install/vectornav_msgs/include/vectornav_msgs/vectornav_msgs/msg/detail/ins_status__rosidl_typesupport_introspection_cpp.hpp\n'}
[16.223783] (vectornav_msgs) StdoutLine: {'line': b'-- Installing: /home/fcanof/vanttec_sdv/install/vectornav_msgs/include/vectornav_msgs/vectornav_msgs/msg/detail/attitude_group__rosidl_typesupport_introspection_cpp.hpp\n'}
[16.223857] (vectornav_msgs) StdoutLine: {'line': b'-- Installing: /home/fcanof/vanttec_sdv/install/vectornav_msgs/include/vectornav_msgs/vectornav_msgs/msg/detail/common_group__type_support.cpp\n'}
[16.223915] (vectornav_msgs) StdoutLine: {'line': b'-- Installing: /home/fcanof/vanttec_sdv/install/vectornav_msgs/include/vectornav_msgs/vectornav_msgs/msg/detail/dop__type_support.cpp\n'}
[16.223987] (vectornav_msgs) StdoutLine: {'line': b'-- Installing: /home/fcanof/vanttec_sdv/install/vectornav_msgs/include/vectornav_msgs/vectornav_msgs/msg/detail/time_utc__type_support.cpp\n'}
[16.224045] (vectornav_msgs) StdoutLine: {'line': b'-- Installing: /home/fcanof/vanttec_sdv/install/vectornav_msgs/include/vectornav_msgs/vectornav_msgs/msg/detail/vpe_status__rosidl_typesupport_introspection_cpp.hpp\n'}
[16.224116] (vectornav_msgs) StdoutLine: {'line': b'-- Installing: /home/fcanof/vanttec_sdv/install/vectornav_msgs/include/vectornav_msgs/vectornav_msgs/msg/detail/time_group__rosidl_typesupport_introspection_cpp.hpp\n'}
[16.224187] (vectornav_msgs) StdoutLine: {'line': b'-- Installing: /home/fcanof/vanttec_sdv/install/vectornav_msgs/include/vectornav_msgs/vectornav_msgs/msg/detail/dop__rosidl_typesupport_introspection_cpp.hpp\n'}
[16.224244] (vectornav_msgs) StdoutLine: {'line': b'-- Installing: /home/fcanof/vanttec_sdv/install/vectornav_msgs/include/vectornav_msgs/vectornav_msgs/msg/detail/time_group__type_support.cpp\n'}
[16.224316] (vectornav_msgs) StdoutLine: {'line': b'-- Installing: /home/fcanof/vanttec_sdv/install/vectornav_msgs/include/vectornav_msgs/vectornav_msgs/msg/detail/gps_group__type_support.cpp\n'}
[16.224373] (vectornav_msgs) StdoutLine: {'line': b'-- Installing: /home/fcanof/vanttec_sdv/install/vectornav_msgs/include/vectornav_msgs/vectornav_msgs/msg/detail/time_utc__rosidl_typesupport_introspection_cpp.hpp\n'}
[16.224443] (vectornav_msgs) StdoutLine: {'line': b'-- Installing: /home/fcanof/vanttec_sdv/install/vectornav_msgs/include/vectornav_msgs/vectornav_msgs/msg/detail/ins_group__type_support.cpp\n'}
[16.224547] (vectornav_msgs) StdoutLine: {'line': b'-- Installing: /home/fcanof/vanttec_sdv/install/vectornav_msgs/include/vectornav_msgs/vectornav_msgs/msg/detail/ins_status__type_support.cpp\n'}
[16.224702] (vectornav_msgs) StdoutLine: {'line': b'-- Installing: /home/fcanof/vanttec_sdv/install/vectornav_msgs/lib/libvectornav_msgs__rosidl_typesupport_introspection_cpp.so\n'}
[16.225091] (vectornav_msgs) StdoutLine: {'line': b'-- Set runtime path of "/home/fcanof/vanttec_sdv/install/vectornav_msgs/lib/libvectornav_msgs__rosidl_typesupport_introspection_cpp.so" to ""\n'}
[16.225168] (vectornav_msgs) StdoutLine: {'line': b'-- Installing: /home/fcanof/vanttec_sdv/install/vectornav_msgs/lib/libvectornav_msgs__rosidl_typesupport_cpp.so\n'}
[16.225443] (vectornav_msgs) StdoutLine: {'line': b'-- Set runtime path of "/home/fcanof/vanttec_sdv/install/vectornav_msgs/lib/libvectornav_msgs__rosidl_typesupport_cpp.so" to ""\n'}
[16.225515] (vectornav_msgs) StdoutLine: {'line': b'-- Installing: /home/fcanof/vanttec_sdv/install/vectornav_msgs/share/vectornav_msgs/environment/pythonpath.sh\n'}
[16.225626] (vectornav_msgs) StdoutLine: {'line': b'-- Installing: /home/fcanof/vanttec_sdv/install/vectornav_msgs/share/vectornav_msgs/environment/pythonpath.dsv\n'}
[16.225743] (vectornav_msgs) StdoutLine: {'line': b'-- Installing: /home/fcanof/vanttec_sdv/install/vectornav_msgs/local/lib/python3.10/dist-packages/vectornav_msgs-3.0.0-py3.10.egg-info\n'}
[16.225869] (vectornav_msgs) StdoutLine: {'line': b'-- Installing: /home/fcanof/vanttec_sdv/install/vectornav_msgs/local/lib/python3.10/dist-packages/vectornav_msgs-3.0.0-py3.10.egg-info/PKG-INFO\n'}
[16.225974] (vectornav_msgs) StdoutLine: {'line': b'-- Installing: /home/fcanof/vanttec_sdv/install/vectornav_msgs/local/lib/python3.10/dist-packages/vectornav_msgs-3.0.0-py3.10.egg-info/top_level.txt\n'}
[16.226066] (vectornav_msgs) StdoutLine: {'line': b'-- Installing: /home/fcanof/vanttec_sdv/install/vectornav_msgs/local/lib/python3.10/dist-packages/vectornav_msgs-3.0.0-py3.10.egg-info/SOURCES.txt\n'}
[16.226206] (vectornav_msgs) StdoutLine: {'line': b'-- Installing: /home/fcanof/vanttec_sdv/install/vectornav_msgs/local/lib/python3.10/dist-packages/vectornav_msgs-3.0.0-py3.10.egg-info/dependency_links.txt\n'}
[16.226336] (vectornav_msgs) StdoutLine: {'line': b'-- Installing: /home/fcanof/vanttec_sdv/install/vectornav_msgs/local/lib/python3.10/dist-packages/vectornav_msgs\n'}
[16.226408] (vectornav_msgs) StdoutLine: {'line': b'-- Installing: /home/fcanof/vanttec_sdv/install/vectornav_msgs/local/lib/python3.10/dist-packages/vectornav_msgs/action\n'}
[16.226481] (vectornav_msgs) StdoutLine: {'line': b'-- Installing: /home/fcanof/vanttec_sdv/install/vectornav_msgs/local/lib/python3.10/dist-packages/vectornav_msgs/action/_mag_cal.py\n'}
[16.226604] (vectornav_msgs) StdoutLine: {'line': b'-- Installing: /home/fcanof/vanttec_sdv/install/vectornav_msgs/local/lib/python3.10/dist-packages/vectornav_msgs/action/_mag_cal_s.c\n'}
[16.226730] (vectornav_msgs) StdoutLine: {'line': b'-- Installing: /home/fcanof/vanttec_sdv/install/vectornav_msgs/local/lib/python3.10/dist-packages/vectornav_msgs/action/__init__.py\n'}
[16.226825] (vectornav_msgs) StdoutLine: {'line': b'-- Installing: /home/fcanof/vanttec_sdv/install/vectornav_msgs/local/lib/python3.10/dist-packages/vectornav_msgs/_vectornav_msgs_s.ep.rosidl_typesupport_introspection_c.c\n'}
[16.226994] (vectornav_msgs) StdoutLine: {'line': b'-- Installing: /home/fcanof/vanttec_sdv/install/vectornav_msgs/local/lib/python3.10/dist-packages/vectornav_msgs/libvectornav_msgs__rosidl_generator_py.so\n'}
[16.227188] (vectornav_msgs) StdoutLine: {'line': b'-- Installing: /home/fcanof/vanttec_sdv/install/vectornav_msgs/local/lib/python3.10/dist-packages/vectornav_msgs/_vectornav_msgs_s.ep.rosidl_typesupport_c.c\n'}
[16.227355] (vectornav_msgs) StdoutLine: {'line': b'-- Installing: /home/fcanof/vanttec_sdv/install/vectornav_msgs/local/lib/python3.10/dist-packages/vectornav_msgs/_vectornav_msgs_s.ep.rosidl_typesupport_fastrtps_c.c\n'}
[16.227518] (vectornav_msgs) StdoutLine: {'line': b'-- Installing: /home/fcanof/vanttec_sdv/install/vectornav_msgs/local/lib/python3.10/dist-packages/vectornav_msgs/msg\n'}
[16.227595] (vectornav_msgs) StdoutLine: {'line': b'-- Installing: /home/fcanof/vanttec_sdv/install/vectornav_msgs/local/lib/python3.10/dist-packages/vectornav_msgs/msg/_ins_group.py\n'}
[16.227699] (vectornav_msgs) StdoutLine: {'line': b'-- Installing: /home/fcanof/vanttec_sdv/install/vectornav_msgs/local/lib/python3.10/dist-packages/vectornav_msgs/msg/_time_status.py\n'}
[16.227801] (vectornav_msgs) StdoutLine: {'line': b'-- Installing: /home/fcanof/vanttec_sdv/install/vectornav_msgs/local/lib/python3.10/dist-packages/vectornav_msgs/msg/_common_group.py\n'}
[16.227923] (vectornav_msgs) StdoutLine: {'line': b'-- Installing: /home/fcanof/vanttec_sdv/install/vectornav_msgs/local/lib/python3.10/dist-packages/vectornav_msgs/msg/_vpe_status.py\n'}
[16.228031] (vectornav_msgs) StdoutLine: {'line': b'-- Installing: /home/fcanof/vanttec_sdv/install/vectornav_msgs/local/lib/python3.10/dist-packages/vectornav_msgs/msg/_imu_group_s.c\n'}
[16.228134] (vectornav_msgs) StdoutLine: {'line': b'-- Installing: /home/fcanof/vanttec_sdv/install/vectornav_msgs/local/lib/python3.10/dist-packages/vectornav_msgs/msg/_ins_group_s.c\n'}
[16.228240] (vectornav_msgs) StdoutLine: {'line': b'-- Installing: /home/fcanof/vanttec_sdv/install/vectornav_msgs/local/lib/python3.10/dist-packages/vectornav_msgs/msg/_attitude_group_s.c\n'}
[16.228345] (vectornav_msgs) StdoutLine: {'line': b'-- Installing: /home/fcanof/vanttec_sdv/install/vectornav_msgs/local/lib/python3.10/dist-packages/vectornav_msgs/msg/_time_utc.py\n'}
[16.228444] (vectornav_msgs) StdoutLine: {'line': b'-- Installing: /home/fcanof/vanttec_sdv/install/vectornav_msgs/local/lib/python3.10/dist-packages/vectornav_msgs/msg/_ins_status_s.c\n'}
[16.228541] (vectornav_msgs) StdoutLine: {'line': b'-- Installing: /home/fcanof/vanttec_sdv/install/vectornav_msgs/local/lib/python3.10/dist-packages/vectornav_msgs/msg/_time_group_s.c\n'}
[16.228644] (vectornav_msgs) StdoutLine: {'line': b'-- Installing: /home/fcanof/vanttec_sdv/install/vectornav_msgs/local/lib/python3.10/dist-packages/vectornav_msgs/msg/_dop.py\n'}
[16.228746] (vectornav_msgs) StdoutLine: {'line': b'-- Installing: /home/fcanof/vanttec_sdv/install/vectornav_msgs/local/lib/python3.10/dist-packages/vectornav_msgs/msg/_time_status_s.c\n'}
[16.228845] (vectornav_msgs) StdoutLine: {'line': b'-- Installing: /home/fcanof/vanttec_sdv/install/vectornav_msgs/local/lib/python3.10/dist-packages/vectornav_msgs/msg/_time_utc_s.c\n'}
[16.228940] (vectornav_msgs) StdoutLine: {'line': b'-- Installing: /home/fcanof/vanttec_sdv/install/vectornav_msgs/local/lib/python3.10/dist-packages/vectornav_msgs/msg/_vpe_status_s.c\n'}
[16.229037] (vectornav_msgs) StdoutLine: {'line': b'-- Installing: /home/fcanof/vanttec_sdv/install/vectornav_msgs/local/lib/python3.10/dist-packages/vectornav_msgs/msg/_imu_group.py\n'}
[16.229144] (vectornav_msgs) StdoutLine: {'line': b'-- Installing: /home/fcanof/vanttec_sdv/install/vectornav_msgs/local/lib/python3.10/dist-packages/vectornav_msgs/msg/_ins_status.py\n'}
[16.229249] (vectornav_msgs) StdoutLine: {'line': b'-- Installing: /home/fcanof/vanttec_sdv/install/vectornav_msgs/local/lib/python3.10/dist-packages/vectornav_msgs/msg/_time_group.py\n'}
[16.229359] (vectornav_msgs) StdoutLine: {'line': b'-- Installing: /home/fcanof/vanttec_sdv/install/vectornav_msgs/local/lib/python3.10/dist-packages/vectornav_msgs/msg/__init__.py\n'}
[16.229458] (vectornav_msgs) StdoutLine: {'line': b'-- Installing: /home/fcanof/vanttec_sdv/install/vectornav_msgs/local/lib/python3.10/dist-packages/vectornav_msgs/msg/_gps_group_s.c\n'}
[16.229566] (vectornav_msgs) StdoutLine: {'line': b'-- Installing: /home/fcanof/vanttec_sdv/install/vectornav_msgs/local/lib/python3.10/dist-packages/vectornav_msgs/msg/_gps_group.py\n'}
[16.229678] (vectornav_msgs) StdoutLine: {'line': b'-- Installing: /home/fcanof/vanttec_sdv/install/vectornav_msgs/local/lib/python3.10/dist-packages/vectornav_msgs/msg/_common_group_s.c\n'}
[16.229793] (vectornav_msgs) StdoutLine: {'line': b'-- Installing: /home/fcanof/vanttec_sdv/install/vectornav_msgs/local/lib/python3.10/dist-packages/vectornav_msgs/msg/_attitude_group.py\n'}
[16.229898] (vectornav_msgs) StdoutLine: {'line': b'-- Installing: /home/fcanof/vanttec_sdv/install/vectornav_msgs/local/lib/python3.10/dist-packages/vectornav_msgs/msg/_dop_s.c\n'}
[16.230000] (vectornav_msgs) StdoutLine: {'line': b'-- Installing: /home/fcanof/vanttec_sdv/install/vectornav_msgs/local/lib/python3.10/dist-packages/vectornav_msgs/vectornav_msgs_s__rosidl_typesupport_fastrtps_c.cpython-310-x86_64-linux-gnu.so\n'}
[16.230156] (vectornav_msgs) StdoutLine: {'line': b'-- Installing: /home/fcanof/vanttec_sdv/install/vectornav_msgs/local/lib/python3.10/dist-packages/vectornav_msgs/vectornav_msgs_s__rosidl_typesupport_introspection_c.cpython-310-x86_64-linux-gnu.so\n'}
[16.230308] (vectornav_msgs) StdoutLine: {'line': b'-- Installing: /home/fcanof/vanttec_sdv/install/vectornav_msgs/local/lib/python3.10/dist-packages/vectornav_msgs/__init__.py\n'}
[16.230389] (vectornav_msgs) StdoutLine: {'line': b'-- Installing: /home/fcanof/vanttec_sdv/install/vectornav_msgs/local/lib/python3.10/dist-packages/vectornav_msgs/vectornav_msgs_s__rosidl_typesupport_c.cpython-310-x86_64-linux-gnu.so\n'}
[16.267386] (-) TimerEvent: {}
[16.284715] (vectornav_msgs) StdoutLine: {'line': b"Listing '/home/fcanof/vanttec_sdv/install/vectornav_msgs/local/lib/python3.10/dist-packages/vectornav_msgs'...\n"}
[16.284856] (vectornav_msgs) StdoutLine: {'line': b"Compiling '/home/fcanof/vanttec_sdv/install/vectornav_msgs/local/lib/python3.10/dist-packages/vectornav_msgs/__init__.py'...\n"}
[16.284934] (vectornav_msgs) StdoutLine: {'line': b"Listing '/home/fcanof/vanttec_sdv/install/vectornav_msgs/local/lib/python3.10/dist-packages/vectornav_msgs/action'...\n"}
[16.284994] (vectornav_msgs) StdoutLine: {'line': b"Compiling '/home/fcanof/vanttec_sdv/install/vectornav_msgs/local/lib/python3.10/dist-packages/vectornav_msgs/action/__init__.py'...\n"}
[16.285053] (vectornav_msgs) StdoutLine: {'line': b"Compiling '/home/fcanof/vanttec_sdv/install/vectornav_msgs/local/lib/python3.10/dist-packages/vectornav_msgs/action/_mag_cal.py'...\n"}
[16.285109] (vectornav_msgs) StdoutLine: {'line': b"Listing '/home/fcanof/vanttec_sdv/install/vectornav_msgs/local/lib/python3.10/dist-packages/vectornav_msgs/msg'...\n"}
[16.285166] (vectornav_msgs) StdoutLine: {'line': b"Compiling '/home/fcanof/vanttec_sdv/install/vectornav_msgs/local/lib/python3.10/dist-packages/vectornav_msgs/msg/__init__.py'...\n"}
[16.285222] (vectornav_msgs) StdoutLine: {'line': b"Compiling '/home/fcanof/vanttec_sdv/install/vectornav_msgs/local/lib/python3.10/dist-packages/vectornav_msgs/msg/_attitude_group.py'...\n"}
[16.285279] (vectornav_msgs) StdoutLine: {'line': b"Compiling '/home/fcanof/vanttec_sdv/install/vectornav_msgs/local/lib/python3.10/dist-packages/vectornav_msgs/msg/_common_group.py'...\n"}
[16.285335] (vectornav_msgs) StdoutLine: {'line': b"Compiling '/home/fcanof/vanttec_sdv/install/vectornav_msgs/local/lib/python3.10/dist-packages/vectornav_msgs/msg/_dop.py'...\n"}
[16.285390] (vectornav_msgs) StdoutLine: {'line': b"Compiling '/home/fcanof/vanttec_sdv/install/vectornav_msgs/local/lib/python3.10/dist-packages/vectornav_msgs/msg/_gps_group.py'...\n"}
[16.285445] (vectornav_msgs) StdoutLine: {'line': b"Compiling '/home/fcanof/vanttec_sdv/install/vectornav_msgs/local/lib/python3.10/dist-packages/vectornav_msgs/msg/_imu_group.py'...\n"}
[16.285501] (vectornav_msgs) StdoutLine: {'line': b"Compiling '/home/fcanof/vanttec_sdv/install/vectornav_msgs/local/lib/python3.10/dist-packages/vectornav_msgs/msg/_ins_group.py'...\n"}
[16.285558] (vectornav_msgs) StdoutLine: {'line': b"Compiling '/home/fcanof/vanttec_sdv/install/vectornav_msgs/local/lib/python3.10/dist-packages/vectornav_msgs/msg/_ins_status.py'...\n"}
[16.285614] (vectornav_msgs) StdoutLine: {'line': b"Compiling '/home/fcanof/vanttec_sdv/install/vectornav_msgs/local/lib/python3.10/dist-packages/vectornav_msgs/msg/_time_group.py'...\n"}
[16.285670] (vectornav_msgs) StdoutLine: {'line': b"Compiling '/home/fcanof/vanttec_sdv/install/vectornav_msgs/local/lib/python3.10/dist-packages/vectornav_msgs/msg/_time_status.py'...\n"}
[16.285727] (vectornav_msgs) StdoutLine: {'line': b"Compiling '/home/fcanof/vanttec_sdv/install/vectornav_msgs/local/lib/python3.10/dist-packages/vectornav_msgs/msg/_time_utc.py'...\n"}
[16.285783] (vectornav_msgs) StdoutLine: {'line': b"Compiling '/home/fcanof/vanttec_sdv/install/vectornav_msgs/local/lib/python3.10/dist-packages/vectornav_msgs/msg/_vpe_status.py'...\n"}
[16.289281] (vectornav_msgs) StdoutLine: {'line': b'-- Installing: /home/fcanof/vanttec_sdv/install/vectornav_msgs/local/lib/python3.10/dist-packages/vectornav_msgs/vectornav_msgs_s__rosidl_typesupport_fastrtps_c.cpython-310-x86_64-linux-gnu.so\n'}
[16.289561] (vectornav_msgs) StdoutLine: {'line': b'-- Set runtime path of "/home/fcanof/vanttec_sdv/install/vectornav_msgs/local/lib/python3.10/dist-packages/vectornav_msgs/vectornav_msgs_s__rosidl_typesupport_fastrtps_c.cpython-310-x86_64-linux-gnu.so" to ""\n'}
[16.289716] (vectornav_msgs) StdoutLine: {'line': b'-- Installing: /home/fcanof/vanttec_sdv/install/vectornav_msgs/local/lib/python3.10/dist-packages/vectornav_msgs/vectornav_msgs_s__rosidl_typesupport_introspection_c.cpython-310-x86_64-linux-gnu.so\n'}
[16.290035] (vectornav_msgs) StdoutLine: {'line': b'-- Set runtime path of "/home/fcanof/vanttec_sdv/install/vectornav_msgs/local/lib/python3.10/dist-packages/vectornav_msgs/vectornav_msgs_s__rosidl_typesupport_introspection_c.cpython-310-x86_64-linux-gnu.so" to ""\n'}
[16.290273] (vectornav_msgs) StdoutLine: {'line': b'-- Installing: /home/fcanof/vanttec_sdv/install/vectornav_msgs/local/lib/python3.10/dist-packages/vectornav_msgs/vectornav_msgs_s__rosidl_typesupport_c.cpython-310-x86_64-linux-gnu.so\n'}
[16.290576] (vectornav_msgs) StdoutLine: {'line': b'-- Set runtime path of "/home/fcanof/vanttec_sdv/install/vectornav_msgs/local/lib/python3.10/dist-packages/vectornav_msgs/vectornav_msgs_s__rosidl_typesupport_c.cpython-310-x86_64-linux-gnu.so" to ""\n'}
[16.290693] (vectornav_msgs) StdoutLine: {'line': b'-- Installing: /home/fcanof/vanttec_sdv/install/vectornav_msgs/lib/libvectornav_msgs__rosidl_generator_py.so\n'}
[16.291033] (vectornav_msgs) StdoutLine: {'line': b'-- Set runtime path of "/home/fcanof/vanttec_sdv/install/vectornav_msgs/lib/libvectornav_msgs__rosidl_generator_py.so" to ""\n'}
[16.291162] (vectornav_msgs) StdoutLine: {'line': b'-- Installing: /home/fcanof/vanttec_sdv/install/vectornav_msgs/share/vectornav_msgs/msg/AttitudeGroup.idl\n'}
[16.291285] (vectornav_msgs) StdoutLine: {'line': b'-- Installing: /home/fcanof/vanttec_sdv/install/vectornav_msgs/share/vectornav_msgs/msg/CommonGroup.idl\n'}
[16.291402] (vectornav_msgs) StdoutLine: {'line': b'-- Installing: /home/fcanof/vanttec_sdv/install/vectornav_msgs/share/vectornav_msgs/msg/DOP.idl\n'}
[16.291487] (vectornav_msgs) StdoutLine: {'line': b'-- Installing: /home/fcanof/vanttec_sdv/install/vectornav_msgs/share/vectornav_msgs/msg/GpsGroup.idl\n'}
[16.291616] (vectornav_msgs) StdoutLine: {'line': b'-- Installing: /home/fcanof/vanttec_sdv/install/vectornav_msgs/share/vectornav_msgs/msg/ImuGroup.idl\n'}
[16.291750] (vectornav_msgs) StdoutLine: {'line': b'-- Installing: /home/fcanof/vanttec_sdv/install/vectornav_msgs/share/vectornav_msgs/msg/InsGroup.idl\n'}
[16.291875] (vectornav_msgs) StdoutLine: {'line': b'-- Installing: /home/fcanof/vanttec_sdv/install/vectornav_msgs/share/vectornav_msgs/msg/InsStatus.idl\n'}
[16.292033] (vectornav_msgs) StdoutLine: {'line': b'-- Installing: /home/fcanof/vanttec_sdv/install/vectornav_msgs/share/vectornav_msgs/msg/TimeGroup.idl\n'}
[16.292169] (vectornav_msgs) StdoutLine: {'line': b'-- Installing: /home/fcanof/vanttec_sdv/install/vectornav_msgs/share/vectornav_msgs/msg/TimeStatus.idl\n'}
[16.292302] (vectornav_msgs) StdoutLine: {'line': b'-- Installing: /home/fcanof/vanttec_sdv/install/vectornav_msgs/share/vectornav_msgs/msg/TimeUTC.idl\n'}
[16.292431] (vectornav_msgs) StdoutLine: {'line': b'-- Installing: /home/fcanof/vanttec_sdv/install/vectornav_msgs/share/vectornav_msgs/msg/VpeStatus.idl\n'}
[16.292588] (vectornav_msgs) StdoutLine: {'line': b'-- Installing: /home/fcanof/vanttec_sdv/install/vectornav_msgs/share/vectornav_msgs/action/MagCal.idl\n'}
[16.292720] (vectornav_msgs) StdoutLine: {'line': b'-- Installing: /home/fcanof/vanttec_sdv/install/vectornav_msgs/share/vectornav_msgs/msg/AttitudeGroup.msg\n'}
[16.292857] (vectornav_msgs) StdoutLine: {'line': b'-- Installing: /home/fcanof/vanttec_sdv/install/vectornav_msgs/share/vectornav_msgs/msg/CommonGroup.msg\n'}
[16.292989] (vectornav_msgs) StdoutLine: {'line': b'-- Installing: /home/fcanof/vanttec_sdv/install/vectornav_msgs/share/vectornav_msgs/msg/DOP.msg\n'}
[16.293125] (vectornav_msgs) StdoutLine: {'line': b'-- Installing: /home/fcanof/vanttec_sdv/install/vectornav_msgs/share/vectornav_msgs/msg/GpsGroup.msg\n'}
[16.293254] (vectornav_msgs) StdoutLine: {'line': b'-- Installing: /home/fcanof/vanttec_sdv/install/vectornav_msgs/share/vectornav_msgs/msg/ImuGroup.msg\n'}
[16.293390] (vectornav_msgs) StdoutLine: {'line': b'-- Installing: /home/fcanof/vanttec_sdv/install/vectornav_msgs/share/vectornav_msgs/msg/InsGroup.msg\n'}
[16.293513] (vectornav_msgs) StdoutLine: {'line': b'-- Installing: /home/fcanof/vanttec_sdv/install/vectornav_msgs/share/vectornav_msgs/msg/InsStatus.msg\n'}
[16.293655] (vectornav_msgs) StdoutLine: {'line': b'-- Installing: /home/fcanof/vanttec_sdv/install/vectornav_msgs/share/vectornav_msgs/msg/TimeGroup.msg\n'}
[16.293789] (vectornav_msgs) StdoutLine: {'line': b'-- Installing: /home/fcanof/vanttec_sdv/install/vectornav_msgs/share/vectornav_msgs/msg/TimeStatus.msg\n'}
[16.293926] (vectornav_msgs) StdoutLine: {'line': b'-- Installing: /home/fcanof/vanttec_sdv/install/vectornav_msgs/share/vectornav_msgs/msg/TimeUTC.msg\n'}
[16.294049] (vectornav_msgs) StdoutLine: {'line': b'-- Installing: /home/fcanof/vanttec_sdv/install/vectornav_msgs/share/vectornav_msgs/msg/VpeStatus.msg\n'}
[16.294213] (vectornav_msgs) StdoutLine: {'line': b'-- Installing: /home/fcanof/vanttec_sdv/install/vectornav_msgs/share/vectornav_msgs/action/MagCal.action\n'}
[16.294380] (vectornav_msgs) StdoutLine: {'line': b'-- Installing: /home/fcanof/vanttec_sdv/install/vectornav_msgs/share/ament_index/resource_index/package_run_dependencies/vectornav_msgs\n'}
[16.294552] (vectornav_msgs) StdoutLine: {'line': b'-- Installing: /home/fcanof/vanttec_sdv/install/vectornav_msgs/share/ament_index/resource_index/parent_prefix_path/vectornav_msgs\n'}
[16.294686] (vectornav_msgs) StdoutLine: {'line': b'-- Installing: /home/fcanof/vanttec_sdv/install/vectornav_msgs/share/vectornav_msgs/environment/ament_prefix_path.sh\n'}
[16.294852] (vectornav_msgs) StdoutLine: {'line': b'-- Installing: /home/fcanof/vanttec_sdv/install/vectornav_msgs/share/vectornav_msgs/environment/ament_prefix_path.dsv\n'}
[16.294997] (vectornav_msgs) StdoutLine: {'line': b'-- Installing: /home/fcanof/vanttec_sdv/install/vectornav_msgs/share/vectornav_msgs/environment/path.sh\n'}
[16.295146] (vectornav_msgs) StdoutLine: {'line': b'-- Installing: /home/fcanof/vanttec_sdv/install/vectornav_msgs/share/vectornav_msgs/environment/path.dsv\n'}
[16.295267] (vectornav_msgs) StdoutLine: {'line': b'-- Installing: /home/fcanof/vanttec_sdv/install/vectornav_msgs/share/vectornav_msgs/local_setup.bash\n'}
[16.295405] (vectornav_msgs) StdoutLine: {'line': b'-- Installing: /home/fcanof/vanttec_sdv/install/vectornav_msgs/share/vectornav_msgs/local_setup.sh\n'}
[16.295539] (vectornav_msgs) StdoutLine: {'line': b'-- Installing: /home/fcanof/vanttec_sdv/install/vectornav_msgs/share/vectornav_msgs/local_setup.zsh\n'}
[16.295678] (vectornav_msgs) StdoutLine: {'line': b'-- Installing: /home/fcanof/vanttec_sdv/install/vectornav_msgs/share/vectornav_msgs/local_setup.dsv\n'}
[16.295800] (vectornav_msgs) StdoutLine: {'line': b'-- Installing: /home/fcanof/vanttec_sdv/install/vectornav_msgs/share/vectornav_msgs/package.dsv\n'}
[16.295975] (vectornav_msgs) StdoutLine: {'line': b'-- Installing: /home/fcanof/vanttec_sdv/install/vectornav_msgs/share/ament_index/resource_index/packages/vectornav_msgs\n'}
[16.296156] (vectornav_msgs) StdoutLine: {'line': b'-- Installing: /home/fcanof/vanttec_sdv/install/vectornav_msgs/share/vectornav_msgs/cmake/export_vectornav_msgs__rosidl_generator_cExport.cmake\n'}
[16.296303] (vectornav_msgs) StdoutLine: {'line': b'-- Installing: /home/fcanof/vanttec_sdv/install/vectornav_msgs/share/vectornav_msgs/cmake/export_vectornav_msgs__rosidl_generator_cExport-noconfig.cmake\n'}
[16.296450] (vectornav_msgs) StdoutLine: {'line': b'-- Installing: /home/fcanof/vanttec_sdv/install/vectornav_msgs/share/vectornav_msgs/cmake/export_vectornav_msgs__rosidl_typesupport_fastrtps_cExport.cmake\n'}
[16.296603] (vectornav_msgs) StdoutLine: {'line': b'-- Installing: /home/fcanof/vanttec_sdv/install/vectornav_msgs/share/vectornav_msgs/cmake/export_vectornav_msgs__rosidl_typesupport_fastrtps_cExport-noconfig.cmake\n'}
[16.296761] (vectornav_msgs) StdoutLine: {'line': b'-- Installing: /home/fcanof/vanttec_sdv/install/vectornav_msgs/share/vectornav_msgs/cmake/export_vectornav_msgs__rosidl_generator_cppExport.cmake\n'}
[16.296916] (vectornav_msgs) StdoutLine: {'line': b'-- Installing: /home/fcanof/vanttec_sdv/install/vectornav_msgs/share/vectornav_msgs/cmake/export_vectornav_msgs__rosidl_typesupport_fastrtps_cppExport.cmake\n'}
[16.297061] (vectornav_msgs) StdoutLine: {'line': b'-- Installing: /home/fcanof/vanttec_sdv/install/vectornav_msgs/share/vectornav_msgs/cmake/export_vectornav_msgs__rosidl_typesupport_fastrtps_cppExport-noconfig.cmake\n'}
[16.297218] (vectornav_msgs) StdoutLine: {'line': b'-- Installing: /home/fcanof/vanttec_sdv/install/vectornav_msgs/share/vectornav_msgs/cmake/vectornav_msgs__rosidl_typesupport_introspection_cExport.cmake\n'}
[16.297367] (vectornav_msgs) StdoutLine: {'line': b'-- Installing: /home/fcanof/vanttec_sdv/install/vectornav_msgs/share/vectornav_msgs/cmake/vectornav_msgs__rosidl_typesupport_introspection_cExport-noconfig.cmake\n'}
[16.297521] (vectornav_msgs) StdoutLine: {'line': b'-- Installing: /home/fcanof/vanttec_sdv/install/vectornav_msgs/share/vectornav_msgs/cmake/vectornav_msgs__rosidl_typesupport_cExport.cmake\n'}
[16.297666] (vectornav_msgs) StdoutLine: {'line': b'-- Installing: /home/fcanof/vanttec_sdv/install/vectornav_msgs/share/vectornav_msgs/cmake/vectornav_msgs__rosidl_typesupport_cExport-noconfig.cmake\n'}
[16.297826] (vectornav_msgs) StdoutLine: {'line': b'-- Installing: /home/fcanof/vanttec_sdv/install/vectornav_msgs/share/vectornav_msgs/cmake/vectornav_msgs__rosidl_typesupport_introspection_cppExport.cmake\n'}
[16.297972] (vectornav_msgs) StdoutLine: {'line': b'-- Installing: /home/fcanof/vanttec_sdv/install/vectornav_msgs/share/vectornav_msgs/cmake/vectornav_msgs__rosidl_typesupport_introspection_cppExport-noconfig.cmake\n'}
[16.298131] (vectornav_msgs) StdoutLine: {'line': b'-- Installing: /home/fcanof/vanttec_sdv/install/vectornav_msgs/share/vectornav_msgs/cmake/vectornav_msgs__rosidl_typesupport_cppExport.cmake\n'}
[16.298293] (vectornav_msgs) StdoutLine: {'line': b'-- Installing: /home/fcanof/vanttec_sdv/install/vectornav_msgs/share/vectornav_msgs/cmake/vectornav_msgs__rosidl_typesupport_cppExport-noconfig.cmake\n'}
[16.298449] (vectornav_msgs) StdoutLine: {'line': b'-- Installing: /home/fcanof/vanttec_sdv/install/vectornav_msgs/share/vectornav_msgs/cmake/export_vectornav_msgs__rosidl_generator_pyExport.cmake\n'}
[16.298596] (vectornav_msgs) StdoutLine: {'line': b'-- Installing: /home/fcanof/vanttec_sdv/install/vectornav_msgs/share/vectornav_msgs/cmake/export_vectornav_msgs__rosidl_generator_pyExport-noconfig.cmake\n'}
[16.298740] (vectornav_msgs) StdoutLine: {'line': b'-- Installing: /home/fcanof/vanttec_sdv/install/vectornav_msgs/share/vectornav_msgs/cmake/rosidl_cmake-extras.cmake\n'}
[16.298888] (vectornav_msgs) StdoutLine: {'line': b'-- Installing: /home/fcanof/vanttec_sdv/install/vectornav_msgs/share/vectornav_msgs/cmake/ament_cmake_export_dependencies-extras.cmake\n'}
[16.299057] (vectornav_msgs) StdoutLine: {'line': b'-- Installing: /home/fcanof/vanttec_sdv/install/vectornav_msgs/share/vectornav_msgs/cmake/ament_cmake_export_include_directories-extras.cmake\n'}
[16.299193] (vectornav_msgs) StdoutLine: {'line': b'-- Installing: /home/fcanof/vanttec_sdv/install/vectornav_msgs/share/vectornav_msgs/cmake/ament_cmake_export_libraries-extras.cmake\n'}
[16.299345] (vectornav_msgs) StdoutLine: {'line': b'-- Installing: /home/fcanof/vanttec_sdv/install/vectornav_msgs/share/vectornav_msgs/cmake/ament_cmake_export_targets-extras.cmake\n'}
[16.299483] (vectornav_msgs) StdoutLine: {'line': b'-- Installing: /home/fcanof/vanttec_sdv/install/vectornav_msgs/share/vectornav_msgs/cmake/rosidl_cmake_export_typesupport_targets-extras.cmake\n'}
[16.299620] (vectornav_msgs) StdoutLine: {'line': b'-- Installing: /home/fcanof/vanttec_sdv/install/vectornav_msgs/share/vectornav_msgs/cmake/rosidl_cmake_export_typesupport_libraries-extras.cmake\n'}
[16.299764] (vectornav_msgs) StdoutLine: {'line': b'-- Installing: /home/fcanof/vanttec_sdv/install/vectornav_msgs/share/vectornav_msgs/cmake/vectornav_msgsConfig.cmake\n'}
[16.299865] (vectornav_msgs) StdoutLine: {'line': b'-- Installing: /home/fcanof/vanttec_sdv/install/vectornav_msgs/share/vectornav_msgs/cmake/vectornav_msgsConfig-version.cmake\n'}
[16.300003] (vectornav_msgs) StdoutLine: {'line': b'-- Installing: /home/fcanof/vanttec_sdv/install/vectornav_msgs/share/vectornav_msgs/package.xml\n'}
[16.301999] (vectornav_msgs) CommandEnded: {'returncode': 0}
[16.367638] (-) TimerEvent: {}
[16.467818] (-) TimerEvent: {}
[16.568116] (-) TimerEvent: {}
[16.659531] (vectornav_msgs) JobEnded: {'identifier': 'vectornav_msgs', 'rc': 0}
[16.660017] (sdv_can) JobStarted: {'identifier': 'sdv_can'}
[16.668292] (-) TimerEvent: {}
[16.722911] (sdv_can) JobProgress: {'identifier': 'sdv_can', 'progress': 'cmake'}
[16.723112] (sdv_can) Command: {'cmd': ['/usr/bin/cmake', '/home/fcanof/vanttec_sdv/workspace/src/sdv_can', '-DCMAKE_INSTALL_PREFIX=/home/fcanof/vanttec_sdv/install/sdv_can'], 'cwd': '/home/fcanof/vanttec_sdv/build/sdv_can', 'env': OrderedDict([('GJS_DEBUG_TOPICS', 'JS ERROR;JS LOG'), ('LESSOPEN', '| /usr/bin/lesspipe %s'), ('USER', 'fcanof'), ('LC_TIME', 'es_MX.UTF-8'), ('GIO_MODULE_DIR', '/home/fcanof/snap/code/common/.cache/gio-modules'), ('XDG_SESSION_TYPE', 'x11'), ('GIT_ASKPASS', '/snap/code/154/usr/share/code/resources/app/extensions/git/dist/askpass.sh'), ('GTK_EXE_PREFIX_VSCODE_SNAP_ORIG', ''), ('GDK_BACKEND_VSCODE_SNAP_ORIG', ''), ('SHLVL', '1'), ('LD_LIBRARY_PATH', '/home/fcanof/vanttec_sdv/install/vectornav_msgs/lib:/home/fcanof/vanttec_sdv/install/sdv_msgs/lib:/opt/ros/humble/opt/rviz_ogre_vendor/lib:/opt/ros/humble/lib/x86_64-linux-gnu:/opt/ros/humble/lib'), ('HOME', '/home/fcanof'), ('CHROME_DESKTOP', 'code-url-handler.desktop'), ('LOCPATH_VSCODE_SNAP_ORIG', ''), ('TERM_PROGRAM_VERSION', '1.87.1'), ('DESKTOP_SESSION', 'ubuntu'), ('GTK_PATH', '/snap/code/154/usr/lib/x86_64-linux-gnu/gtk-3.0'), ('GTK_IM_MODULE_FILE', '/home/fcanof/snap/code/common/.cache/immodules/immodules.cache'), ('GIO_LAUNCHED_DESKTOP_FILE', '/var/lib/snapd/desktop/applications/code_code.desktop'), ('ROS_PYTHON_VERSION', '3'), ('GNOME_SHELL_SESSION_MODE', 'ubuntu'), ('GTK_MODULES', 'gail:atk-bridge'), ('GSETTINGS_SCHEMA_DIR_VSCODE_SNAP_ORIG', ''), ('VSCODE_GIT_ASKPASS_MAIN', '/snap/code/154/usr/share/code/resources/app/extensions/git/dist/askpass-main.js'), ('LC_MONETARY', 'es_MX.UTF-8'), ('VSCODE_GIT_ASKPASS_NODE', '/snap/code/154/usr/share/code/code'), ('MANAGERPID', '2223'), ('SYSTEMD_EXEC_PID', '2758'), ('DBUS_SESSION_BUS_ADDRESS', 'unix:path=/run/user/1000/bus'), ('COLORTERM', 'truecolor'), ('GIO_LAUNCHED_DESKTOP_FILE_PID', '50274'), ('ROS_DISTRO', 'humble'), ('GTK_IM_MODULE', 'ibus'), ('LOGNAME', 'fcanof'), ('JOURNAL_STREAM', '8:41161'), ('_', '/usr/bin/colcon'), ('ROS_VERSION', '2'), ('XDG_CONFIG_DIRS_VSCODE_SNAP_ORIG', '/etc/xdg/xdg-ubuntu:/etc/xdg'), ('XDG_SESSION_CLASS', 'user'), ('XDG_DATA_DIRS_VSCODE_SNAP_ORIG', '/usr/share/ubuntu:/usr/share/gnome:/usr/local/share/:/usr/share/:/var/lib/snapd/desktop'), ('USERNAME', 'fcanof'), ('TERM', 'xterm-256color'), ('GNOME_DESKTOP_SESSION_ID', 'this-is-deprecated'), ('ROS_LOCALHOST_ONLY', '1'), ('WINDOWPATH', '2'), ('PATH', '/home/fcanof/.local/bin:/opt/ros/humble/bin:/home/fcanof/.local/bin:/usr/local/sbin:/usr/local/bin:/usr/sbin:/usr/bin:/sbin:/bin:/usr/games:/usr/local/games:/snap/bin:/snap/bin'), ('SESSION_MANAGER', 'local/fcanof:@/tmp/.ICE-unix/2736,unix/fcanof:/tmp/.ICE-unix/2736'), ('GTK_EXE_PREFIX', '/snap/code/154/usr'), ('INVOCATION_ID', '4c90a3b36feb4d8c9cb26423b3ecfd5d'), ('XDG_MENU_PREFIX', 'gnome-'), ('LC_ADDRESS', 'es_MX.UTF-8'), ('BAMF_DESKTOP_FILE_HINT', '/var/lib/snapd/desktop/applications/code_code.desktop'), ('XDG_RUNTIME_DIR', '/run/user/1000'), ('GDK_BACKEND', 'x11'), ('DISPLAY', ':1'), ('LOCPATH', '/snap/code/154/usr/lib/locale'), ('LANG', 'en_US.UTF-8'), ('XDG_CURRENT_DESKTOP', 'Unity'), ('LC_TELEPHONE', 'es_MX.UTF-8'), ('GIO_MODULE_DIR_VSCODE_SNAP_ORIG', ''), ('XMODIFIERS', '@im=ibus'), ('XDG_SESSION_DESKTOP', 'ubuntu'), ('XAUTHORITY', '/run/user/1000/gdm/Xauthority'), ('LS_COLORS', 'rs=0:di=01;34:ln=01;36:mh=00:pi=40;33:so=01;35:do=01;35:bd=40;33;01:cd=40;33;01:or=40;31;01:mi=00:su=37;41:sg=30;43:ca=30;41:tw=30;42:ow=34;42:st=37;44:ex=01;32:*.tar=01;31:*.tgz=01;31:*.arc=01;31:*.arj=01;31:*.taz=01;31:*.lha=01;31:*.lz4=01;31:*.lzh=01;31:*.lzma=01;31:*.tlz=01;31:*.txz=01;31:*.tzo=01;31:*.t7z=01;31:*.zip=01;31:*.z=01;31:*.dz=01;31:*.gz=01;31:*.lrz=01;31:*.lz=01;31:*.lzo=01;31:*.xz=01;31:*.zst=01;31:*.tzst=01;31:*.bz2=01;31:*.bz=01;31:*.tbz=01;31:*.tbz2=01;31:*.tz=01;31:*.deb=01;31:*.rpm=01;31:*.jar=01;31:*.war=01;31:*.ear=01;31:*.sar=01;31:*.rar=01;31:*.alz=01;31:*.ace=01;31:*.zoo=01;31:*.cpio=01;31:*.7z=01;31:*.rz=01;31:*.cab=01;31:*.wim=01;31:*.swm=01;31:*.dwm=01;31:*.esd=01;31:*.jpg=01;35:*.jpeg=01;35:*.mjpg=01;35:*.mjpeg=01;35:*.gif=01;35:*.bmp=01;35:*.pbm=01;35:*.pgm=01;35:*.ppm=01;35:*.tga=01;35:*.xbm=01;35:*.xpm=01;35:*.tif=01;35:*.tiff=01;35:*.png=01;35:*.svg=01;35:*.svgz=01;35:*.mng=01;35:*.pcx=01;35:*.mov=01;35:*.mpg=01;35:*.mpeg=01;35:*.m2v=01;35:*.mkv=01;35:*.webm=01;35:*.webp=01;35:*.ogm=01;35:*.mp4=01;35:*.m4v=01;35:*.mp4v=01;35:*.vob=01;35:*.qt=01;35:*.nuv=01;35:*.wmv=01;35:*.asf=01;35:*.rm=01;35:*.rmvb=01;35:*.flc=01;35:*.avi=01;35:*.fli=01;35:*.flv=01;35:*.gl=01;35:*.dl=01;35:*.xcf=01;35:*.xwd=01;35:*.yuv=01;35:*.cgm=01;35:*.emf=01;35:*.ogv=01;35:*.ogx=01;35:*.aac=00;36:*.au=00;36:*.flac=00;36:*.m4a=00;36:*.mid=00;36:*.midi=00;36:*.mka=00;36:*.mp3=00;36:*.mpc=00;36:*.ogg=00;36:*.ra=00;36:*.wav=00;36:*.oga=00;36:*.opus=00;36:*.spx=00;36:*.xspf=00;36:'), ('VSCODE_GIT_IPC_HANDLE', '/run/user/1000/vscode-git-676dc8d9e0.sock'), ('TERM_PROGRAM', 'vscode'), ('SSH_AGENT_LAUNCHER', 'gnome-keyring'), ('SSH_AUTH_SOCK', '/run/user/1000/keyring/ssh'), ('GSETTINGS_SCHEMA_DIR', '/home/fcanof/snap/code/154/.local/share/glib-2.0/schemas'), ('ROS_DOMAIN_ID', '8'), ('AMENT_PREFIX_PATH', '/home/fcanof/vanttec_sdv/install/vectornav_msgs:/home/fcanof/vanttec_sdv/install/sdv_msgs:/opt/ros/humble'), ('ORIGINAL_XDG_CURRENT_DESKTOP', 'ubuntu:GNOME'), ('SHELL', '/bin/bash'), ('LC_NAME', 'es_MX.UTF-8'), ('QT_ACCESSIBILITY', '1'), ('GDMSESSION', 'ubuntu'), ('LESSCLOSE', '/usr/bin/lesspipe %s %s'), ('GTK_PATH_VSCODE_SNAP_ORIG', ''), ('GTK_IM_MODULE_FILE_VSCODE_SNAP_ORIG', ''), ('LC_MEASUREMENT', 'es_MX.UTF-8'), ('GPG_AGENT_INFO', '/run/user/1000/gnupg/S.gpg-agent:0:1'), ('GJS_DEBUG_OUTPUT', 'stderr'), ('LC_IDENTIFICATION', 'es_MX.UTF-8'), ('VSCODE_GIT_ASKPASS_EXTRA_ARGS', ''), ('QT_IM_MODULE', 'ibus'), ('PWD', '/home/fcanof/vanttec_sdv/build/sdv_can'), ('LC_ALL', 'en_US.UTF-8'), ('XDG_CONFIG_DIRS', '/etc/xdg/xdg-ubuntu:/etc/xdg'), ('XDG_DATA_DIRS', '/home/fcanof/snap/code/154/.local/share:/home/fcanof/snap/code/154:/snap/code/154/usr/share:/usr/share/ubuntu:/usr/share/gnome:/usr/local/share/:/usr/share/:/var/lib/snapd/desktop'), ('PYTHONPATH', '/home/fcanof/vanttec_sdv/install/vectornav_msgs/local/lib/python3.10/dist-packages:/home/fcanof/vanttec_sdv/install/sdv_msgs/local/lib/python3.10/dist-packages:/opt/ros/humble/lib/python3.10/site-packages:/opt/ros/humble/local/lib/python3.10/dist-packages'), ('LC_NUMERIC', 'es_MX.UTF-8'), ('LC_PAPER', 'es_MX.UTF-8'), ('COLCON', '1'), ('CMAKE_PREFIX_PATH', '/home/fcanof/vanttec_sdv/install/vectornav_msgs:/home/fcanof/vanttec_sdv/install/sdv_msgs:/opt/ros/humble')]), 'shell': False}
[16.768388] (-) TimerEvent: {}
[16.769343] (sdv_can) StdoutLine: {'line': b'-- The C compiler identification is GNU 11.4.0\n'}
[16.822182] (sdv_can) StdoutLine: {'line': b'-- The CXX compiler identification is GNU 11.4.0\n'}
[16.828461] (sdv_can) StdoutLine: {'line': b'-- Detecting C compiler ABI info\n'}
[16.868485] (-) TimerEvent: {}
[16.894600] (sdv_can) StdoutLine: {'line': b'-- Detecting C compiler ABI info - done\n'}
[16.905668] (sdv_can) StdoutLine: {'line': b'-- Check for working C compiler: /usr/bin/cc - skipped\n'}
[16.905979] (sdv_can) StdoutLine: {'line': b'-- Detecting C compile features\n'}
[16.906654] (sdv_can) StdoutLine: {'line': b'-- Detecting C compile features - done\n'}
[16.910245] (sdv_can) StdoutLine: {'line': b'-- Detecting CXX compiler ABI info\n'}
[16.968575] (-) TimerEvent: {}
[16.978334] (sdv_can) StdoutLine: {'line': b'-- Detecting CXX compiler ABI info - done\n'}
[16.988402] (sdv_can) StdoutLine: {'line': b'-- Check for working CXX compiler: /usr/bin/c++ - skipped\n'}
[16.988623] (sdv_can) StdoutLine: {'line': b'-- Detecting CXX compile features\n'}
[16.989068] (sdv_can) StdoutLine: {'line': b'-- Detecting CXX compile features - done\n'}
[16.991160] (sdv_can) StdoutLine: {'line': b'-- Found ament_cmake: 1.3.7 (/opt/ros/humble/share/ament_cmake/cmake)\n'}
[17.068669] (-) TimerEvent: {}
[17.151835] (sdv_can) StdoutLine: {'line': b'-- Found Python3: /usr/bin/python3.10 (found version "3.10.12") found components: Interpreter \n'}
[17.168743] (-) TimerEvent: {}
[17.232234] (sdv_can) StdoutLine: {'line': b'-- Found rclcpp: 16.0.8 (/opt/ros/humble/share/rclcpp/cmake)\n'}
[17.268828] (-) TimerEvent: {}
[17.269429] (sdv_can) StdoutLine: {'line': b'-- Found rosidl_generator_c: 3.1.5 (/opt/ros/humble/share/rosidl_generator_c/cmake)\n'}
[17.273707] (sdv_can) StdoutLine: {'line': b'-- Found rosidl_adapter: 3.1.5 (/opt/ros/humble/share/rosidl_adapter/cmake)\n'}
[17.282038] (sdv_can) StdoutLine: {'line': b'-- Found rosidl_generator_cpp: 3.1.5 (/opt/ros/humble/share/rosidl_generator_cpp/cmake)\n'}
[17.295605] (sdv_can) StdoutLine: {'line': b'-- Using all available rosidl_typesupport_c: rosidl_typesupport_fastrtps_c;rosidl_typesupport_introspection_c\n'}
[17.314031] (sdv_can) StdoutLine: {'line': b'-- Using all available rosidl_typesupport_cpp: rosidl_typesupport_fastrtps_cpp;rosidl_typesupport_introspection_cpp\n'}
[17.368910] (-) TimerEvent: {}
[17.382160] (sdv_can) StdoutLine: {'line': b'-- Found rmw_implementation_cmake: 6.1.1 (/opt/ros/humble/share/rmw_implementation_cmake/cmake)\n'}
[17.384480] (sdv_can) StdoutLine: {'line': b'-- Found rmw_fastrtps_cpp: 6.2.6 (/opt/ros/humble/share/rmw_fastrtps_cpp/cmake)\n'}
[17.465389] (sdv_can) StdoutLine: {'line': b'-- Found OpenSSL: /usr/lib/x86_64-linux-gnu/libcrypto.so (found version "3.0.2")  \n'}
[17.468980] (-) TimerEvent: {}
[17.489324] (sdv_can) StdoutLine: {'line': b'-- Found FastRTPS: /opt/ros/humble/include  \n'}
[17.530458] (sdv_can) StdoutLine: {'line': b"-- Using RMW implementation 'rmw_fastrtps_cpp' as default\n"}
[17.538816] (sdv_can) StdoutLine: {'line': b'-- Looking for pthread.h\n'}
[17.569080] (-) TimerEvent: {}
[17.601484] (sdv_can) StdoutLine: {'line': b'-- Looking for pthread.h - found\n'}
[17.601789] (sdv_can) StdoutLine: {'line': b'-- Performing Test CMAKE_HAVE_LIBC_PTHREAD\n'}
[17.669172] (-) TimerEvent: {}
[17.669550] (sdv_can) StdoutLine: {'line': b'-- Performing Test CMAKE_HAVE_LIBC_PTHREAD - Success\n'}
[17.671163] (sdv_can) StdoutLine: {'line': b'-- Found Threads: TRUE  \n'}
[17.769255] (-) TimerEvent: {}
[17.839889] (sdv_can) StdoutLine: {'line': b'-- Found geometry_msgs: 4.2.3 (/opt/ros/humble/share/geometry_msgs/cmake)\n'}
[17.869323] (-) TimerEvent: {}
[17.885725] (sdv_can) StdoutLine: {'line': b'-- Found sdv_msgs: 0.0.0 (/home/fcanof/vanttec_sdv/install/sdv_msgs/share/sdv_msgs/cmake)\n'}
[17.969417] (-) TimerEvent: {}
[18.019062] (sdv_can) StdoutLine: {'line': b'-- Found vectornav_msgs: 3.0.0 (/home/fcanof/vanttec_sdv/install/vectornav_msgs/share/vectornav_msgs/cmake)\n'}
[18.069493] (-) TimerEvent: {}
[18.166620] (sdv_can) StdoutLine: {'line': b'-- Found ament_lint_auto: 0.12.10 (/opt/ros/humble/share/ament_lint_auto/cmake)\n'}
[18.169564] (-) TimerEvent: {}
[18.242005] (sdv_can) StdoutLine: {'line': b"-- Added test 'cppcheck' to perform static code analysis on C / C++ code\n"}
[18.242185] (sdv_can) StdoutLine: {'line': b'-- Configured cppcheck include dirs: $<BUILD_INTERFACE:/home/fcanof/vanttec_sdv/workspace/src/sdv_can/libs/vanttec_CANLib>;$<BUILD_INTERFACE:/home/fcanof/vanttec_sdv/workspace/src/sdv_can/libs/vanttec_CANLib/platform_specific/vanttec_canlib_linux>\n'}
[18.242260] (sdv_can) StdoutLine: {'line': b'-- Configured cppcheck exclude dirs and/or files: \n'}
[18.243199] (sdv_can) StdoutLine: {'line': b"-- Added test 'flake8' to check Python code syntax and style conventions\n"}
[18.244657] (sdv_can) StdoutLine: {'line': b"-- Added test 'lint_cmake' to check CMake code style\n"}
[18.245619] (sdv_can) StdoutLine: {'line': b"-- Added test 'pep257' to check Python code against some of the docstring style conventions in PEP 257\n"}
[18.250280] (sdv_can) StdoutLine: {'line': b"-- Added test 'uncrustify' to check C / C++ code style\n"}
[18.250375] (sdv_can) StdoutLine: {'line': b'-- Configured uncrustify additional arguments: \n'}
[18.251260] (sdv_can) StdoutLine: {'line': b"-- Added test 'xmllint' to check XML markup files\n"}
[18.252369] (sdv_can) StdoutLine: {'line': b'-- Configuring done\n'}
[18.262643] (sdv_can) StdoutLine: {'line': b'-- Generating done\n'}
[18.264155] (sdv_can) StdoutLine: {'line': b'-- Build files have been written to: /home/fcanof/vanttec_sdv/build/sdv_can\n'}
[18.269642] (-) TimerEvent: {}
[18.271882] (sdv_can) CommandEnded: {'returncode': 0}
[18.272442] (sdv_can) JobProgress: {'identifier': 'sdv_can', 'progress': 'build'}
[18.273362] (sdv_can) Command: {'cmd': ['/usr/bin/cmake', '--build', '/home/fcanof/vanttec_sdv/build/sdv_can', '--', '-j12', '-l12'], 'cwd': '/home/fcanof/vanttec_sdv/build/sdv_can', 'env': OrderedDict([('GJS_DEBUG_TOPICS', 'JS ERROR;JS LOG'), ('LESSOPEN', '| /usr/bin/lesspipe %s'), ('USER', 'fcanof'), ('LC_TIME', 'es_MX.UTF-8'), ('GIO_MODULE_DIR', '/home/fcanof/snap/code/common/.cache/gio-modules'), ('XDG_SESSION_TYPE', 'x11'), ('GIT_ASKPASS', '/snap/code/154/usr/share/code/resources/app/extensions/git/dist/askpass.sh'), ('GTK_EXE_PREFIX_VSCODE_SNAP_ORIG', ''), ('GDK_BACKEND_VSCODE_SNAP_ORIG', ''), ('SHLVL', '1'), ('LD_LIBRARY_PATH', '/home/fcanof/vanttec_sdv/install/vectornav_msgs/lib:/home/fcanof/vanttec_sdv/install/sdv_msgs/lib:/opt/ros/humble/opt/rviz_ogre_vendor/lib:/opt/ros/humble/lib/x86_64-linux-gnu:/opt/ros/humble/lib'), ('HOME', '/home/fcanof'), ('CHROME_DESKTOP', 'code-url-handler.desktop'), ('LOCPATH_VSCODE_SNAP_ORIG', ''), ('TERM_PROGRAM_VERSION', '1.87.1'), ('DESKTOP_SESSION', 'ubuntu'), ('GTK_PATH', '/snap/code/154/usr/lib/x86_64-linux-gnu/gtk-3.0'), ('GTK_IM_MODULE_FILE', '/home/fcanof/snap/code/common/.cache/immodules/immodules.cache'), ('GIO_LAUNCHED_DESKTOP_FILE', '/var/lib/snapd/desktop/applications/code_code.desktop'), ('ROS_PYTHON_VERSION', '3'), ('GNOME_SHELL_SESSION_MODE', 'ubuntu'), ('GTK_MODULES', 'gail:atk-bridge'), ('GSETTINGS_SCHEMA_DIR_VSCODE_SNAP_ORIG', ''), ('VSCODE_GIT_ASKPASS_MAIN', '/snap/code/154/usr/share/code/resources/app/extensions/git/dist/askpass-main.js'), ('LC_MONETARY', 'es_MX.UTF-8'), ('VSCODE_GIT_ASKPASS_NODE', '/snap/code/154/usr/share/code/code'), ('MANAGERPID', '2223'), ('SYSTEMD_EXEC_PID', '2758'), ('DBUS_SESSION_BUS_ADDRESS', 'unix:path=/run/user/1000/bus'), ('COLORTERM', 'truecolor'), ('GIO_LAUNCHED_DESKTOP_FILE_PID', '50274'), ('ROS_DISTRO', 'humble'), ('GTK_IM_MODULE', 'ibus'), ('LOGNAME', 'fcanof'), ('JOURNAL_STREAM', '8:41161'), ('_', '/usr/bin/colcon'), ('ROS_VERSION', '2'), ('XDG_CONFIG_DIRS_VSCODE_SNAP_ORIG', '/etc/xdg/xdg-ubuntu:/etc/xdg'), ('XDG_SESSION_CLASS', 'user'), ('XDG_DATA_DIRS_VSCODE_SNAP_ORIG', '/usr/share/ubuntu:/usr/share/gnome:/usr/local/share/:/usr/share/:/var/lib/snapd/desktop'), ('USERNAME', 'fcanof'), ('TERM', 'xterm-256color'), ('GNOME_DESKTOP_SESSION_ID', 'this-is-deprecated'), ('ROS_LOCALHOST_ONLY', '1'), ('WINDOWPATH', '2'), ('PATH', '/home/fcanof/.local/bin:/opt/ros/humble/bin:/home/fcanof/.local/bin:/usr/local/sbin:/usr/local/bin:/usr/sbin:/usr/bin:/sbin:/bin:/usr/games:/usr/local/games:/snap/bin:/snap/bin'), ('SESSION_MANAGER', 'local/fcanof:@/tmp/.ICE-unix/2736,unix/fcanof:/tmp/.ICE-unix/2736'), ('GTK_EXE_PREFIX', '/snap/code/154/usr'), ('INVOCATION_ID', '4c90a3b36feb4d8c9cb26423b3ecfd5d'), ('XDG_MENU_PREFIX', 'gnome-'), ('LC_ADDRESS', 'es_MX.UTF-8'), ('BAMF_DESKTOP_FILE_HINT', '/var/lib/snapd/desktop/applications/code_code.desktop'), ('XDG_RUNTIME_DIR', '/run/user/1000'), ('GDK_BACKEND', 'x11'), ('DISPLAY', ':1'), ('LOCPATH', '/snap/code/154/usr/lib/locale'), ('LANG', 'en_US.UTF-8'), ('XDG_CURRENT_DESKTOP', 'Unity'), ('LC_TELEPHONE', 'es_MX.UTF-8'), ('GIO_MODULE_DIR_VSCODE_SNAP_ORIG', ''), ('XMODIFIERS', '@im=ibus'), ('XDG_SESSION_DESKTOP', 'ubuntu'), ('XAUTHORITY', '/run/user/1000/gdm/Xauthority'), ('LS_COLORS', 'rs=0:di=01;34:ln=01;36:mh=00:pi=40;33:so=01;35:do=01;35:bd=40;33;01:cd=40;33;01:or=40;31;01:mi=00:su=37;41:sg=30;43:ca=30;41:tw=30;42:ow=34;42:st=37;44:ex=01;32:*.tar=01;31:*.tgz=01;31:*.arc=01;31:*.arj=01;31:*.taz=01;31:*.lha=01;31:*.lz4=01;31:*.lzh=01;31:*.lzma=01;31:*.tlz=01;31:*.txz=01;31:*.tzo=01;31:*.t7z=01;31:*.zip=01;31:*.z=01;31:*.dz=01;31:*.gz=01;31:*.lrz=01;31:*.lz=01;31:*.lzo=01;31:*.xz=01;31:*.zst=01;31:*.tzst=01;31:*.bz2=01;31:*.bz=01;31:*.tbz=01;31:*.tbz2=01;31:*.tz=01;31:*.deb=01;31:*.rpm=01;31:*.jar=01;31:*.war=01;31:*.ear=01;31:*.sar=01;31:*.rar=01;31:*.alz=01;31:*.ace=01;31:*.zoo=01;31:*.cpio=01;31:*.7z=01;31:*.rz=01;31:*.cab=01;31:*.wim=01;31:*.swm=01;31:*.dwm=01;31:*.esd=01;31:*.jpg=01;35:*.jpeg=01;35:*.mjpg=01;35:*.mjpeg=01;35:*.gif=01;35:*.bmp=01;35:*.pbm=01;35:*.pgm=01;35:*.ppm=01;35:*.tga=01;35:*.xbm=01;35:*.xpm=01;35:*.tif=01;35:*.tiff=01;35:*.png=01;35:*.svg=01;35:*.svgz=01;35:*.mng=01;35:*.pcx=01;35:*.mov=01;35:*.mpg=01;35:*.mpeg=01;35:*.m2v=01;35:*.mkv=01;35:*.webm=01;35:*.webp=01;35:*.ogm=01;35:*.mp4=01;35:*.m4v=01;35:*.mp4v=01;35:*.vob=01;35:*.qt=01;35:*.nuv=01;35:*.wmv=01;35:*.asf=01;35:*.rm=01;35:*.rmvb=01;35:*.flc=01;35:*.avi=01;35:*.fli=01;35:*.flv=01;35:*.gl=01;35:*.dl=01;35:*.xcf=01;35:*.xwd=01;35:*.yuv=01;35:*.cgm=01;35:*.emf=01;35:*.ogv=01;35:*.ogx=01;35:*.aac=00;36:*.au=00;36:*.flac=00;36:*.m4a=00;36:*.mid=00;36:*.midi=00;36:*.mka=00;36:*.mp3=00;36:*.mpc=00;36:*.ogg=00;36:*.ra=00;36:*.wav=00;36:*.oga=00;36:*.opus=00;36:*.spx=00;36:*.xspf=00;36:'), ('VSCODE_GIT_IPC_HANDLE', '/run/user/1000/vscode-git-676dc8d9e0.sock'), ('TERM_PROGRAM', 'vscode'), ('SSH_AGENT_LAUNCHER', 'gnome-keyring'), ('SSH_AUTH_SOCK', '/run/user/1000/keyring/ssh'), ('GSETTINGS_SCHEMA_DIR', '/home/fcanof/snap/code/154/.local/share/glib-2.0/schemas'), ('ROS_DOMAIN_ID', '8'), ('AMENT_PREFIX_PATH', '/home/fcanof/vanttec_sdv/install/vectornav_msgs:/home/fcanof/vanttec_sdv/install/sdv_msgs:/opt/ros/humble'), ('ORIGINAL_XDG_CURRENT_DESKTOP', 'ubuntu:GNOME'), ('SHELL', '/bin/bash'), ('LC_NAME', 'es_MX.UTF-8'), ('QT_ACCESSIBILITY', '1'), ('GDMSESSION', 'ubuntu'), ('LESSCLOSE', '/usr/bin/lesspipe %s %s'), ('GTK_PATH_VSCODE_SNAP_ORIG', ''), ('GTK_IM_MODULE_FILE_VSCODE_SNAP_ORIG', ''), ('LC_MEASUREMENT', 'es_MX.UTF-8'), ('GPG_AGENT_INFO', '/run/user/1000/gnupg/S.gpg-agent:0:1'), ('GJS_DEBUG_OUTPUT', 'stderr'), ('LC_IDENTIFICATION', 'es_MX.UTF-8'), ('VSCODE_GIT_ASKPASS_EXTRA_ARGS', ''), ('QT_IM_MODULE', 'ibus'), ('PWD', '/home/fcanof/vanttec_sdv/build/sdv_can'), ('LC_ALL', 'en_US.UTF-8'), ('XDG_CONFIG_DIRS', '/etc/xdg/xdg-ubuntu:/etc/xdg'), ('XDG_DATA_DIRS', '/home/fcanof/snap/code/154/.local/share:/home/fcanof/snap/code/154:/snap/code/154/usr/share:/usr/share/ubuntu:/usr/share/gnome:/usr/local/share/:/usr/share/:/var/lib/snapd/desktop'), ('PYTHONPATH', '/home/fcanof/vanttec_sdv/install/vectornav_msgs/local/lib/python3.10/dist-packages:/home/fcanof/vanttec_sdv/install/sdv_msgs/local/lib/python3.10/dist-packages:/opt/ros/humble/lib/python3.10/site-packages:/opt/ros/humble/local/lib/python3.10/dist-packages'), ('LC_NUMERIC', 'es_MX.UTF-8'), ('LC_PAPER', 'es_MX.UTF-8'), ('COLCON', '1'), ('CMAKE_PREFIX_PATH', '/home/fcanof/vanttec_sdv/install/vectornav_msgs:/home/fcanof/vanttec_sdv/install/sdv_msgs:/opt/ros/humble')]), 'shell': False}
[18.317943] (sdv_can) StdoutLine: {'line': b'[ 20%] \x1b[32mBuilding CXX object libs/vanttec_CANLib/CMakeFiles/Vanttec_CANLibLIB.dir/src/Vanttec_CANLib/ByteOrder/inet.cpp.o\x1b[0m\n'}
[18.318110] (sdv_can) StdoutLine: {'line': b'[ 30%] \x1b[32mBuilding CXX object libs/vanttec_CANLib/CMakeFiles/Vanttec_CANLibLIB.dir/src/Vanttec_CANLib/CANMessage.cpp.o\x1b[0m\n'}
[18.318208] (sdv_can) StdoutLine: {'line': b'[ 30%] \x1b[32mBuilding CXX object libs/vanttec_CANLib/CMakeFiles/Vanttec_CANLibLIB.dir/src/Vanttec_CANLib/Utils/CANDeserialization.cpp.o\x1b[0m\n'}
[18.318304] (sdv_can) StdoutLine: {'line': b'[ 40%] \x1b[32mBuilding CXX object libs/vanttec_CANLib/CMakeFiles/Vanttec_CANLibLIB.dir/src/Vanttec_CANLib/Utils/CANSerialization.cpp.o\x1b[0m\n'}
[18.369744] (-) TimerEvent: {}
[18.384880] (sdv_can) StdoutLine: {'line': b'[ 50%] \x1b[32m\x1b[1mLinking CXX static library libVanttec_CANLibLIB.a\x1b[0m\n'}
[18.469856] (-) TimerEvent: {}
[18.570085] (-) TimerEvent: {}
[18.589056] (sdv_can) StdoutLine: {'line': b'[ 50%] Built target Vanttec_CANLibLIB\n'}
[18.610428] (sdv_can) StdoutLine: {'line': b'[ 80%] \x1b[32mBuilding CXX object CMakeFiles/can_node.dir/src/can_node.cpp.o\x1b[0m\n'}
[18.610693] (sdv_can) StdoutLine: {'line': b'[ 80%] \x1b[32mBuilding CXX object CMakeFiles/can_node.dir/src/CANRxNode.cpp.o\x1b[0m\n'}
[18.610797] (sdv_can) StdoutLine: {'line': b'[ 90%] \x1b[32mBuilding CXX object CMakeFiles/can_node.dir/src/CANTxNode.cpp.o\x1b[0m\n'}
[18.610878] (sdv_can) StdoutLine: {'line': b'[ 90%] \x1b[32mBuilding CXX object CMakeFiles/can_node.dir/libs/vanttec_CANLib/platform_specific/vanttec_canlib_linux/CANHandler.cpp.o\x1b[0m\n'}
[18.670211] (-) TimerEvent: {}
[18.770447] (-) TimerEvent: {}
[18.870670] (-) TimerEvent: {}
[18.970911] (-) TimerEvent: {}
[19.071210] (-) TimerEvent: {}
[19.171523] (-) TimerEvent: {}
[19.271845] (-) TimerEvent: {}
[19.372141] (-) TimerEvent: {}
[19.472434] (-) TimerEvent: {}
[19.572743] (-) TimerEvent: {}
[19.673047] (-) TimerEvent: {}
[19.773360] (-) TimerEvent: {}
[19.873665] (-) TimerEvent: {}
[19.973976] (-) TimerEvent: {}
[20.074288] (-) TimerEvent: {}
[20.174594] (-) TimerEvent: {}
[20.274904] (-) TimerEvent: {}
[20.375218] (-) TimerEvent: {}
[20.475533] (-) TimerEvent: {}
[20.575860] (-) TimerEvent: {}
[20.676180] (-) TimerEvent: {}
[20.776522] (-) TimerEvent: {}
[20.876856] (-) TimerEvent: {}
[20.977159] (-) TimerEvent: {}
[20.990066] (sdv_can) StderrLine: {'line': b'In file included from \x1b[01m\x1b[K/home/fcanof/vanttec_sdv/workspace/src/sdv_can/src/CANTxNode.cpp:5\x1b[m\x1b[K:\n'}
[20.990286] (sdv_can) StderrLine: {'line': b'\x1b[01m\x1b[K/home/fcanof/vanttec_sdv/workspace/src/sdv_can/src/CANTxNode.h:25:44:\x1b[m\x1b[K \x1b[01;31m\x1b[Kerror: \x1b[m\x1b[K\xe2\x80\x98\x1b[01m\x1b[KTwist\x1b[m\x1b[K\xe2\x80\x99 is not a member of \xe2\x80\x98\x1b[01m\x1b[Kgeometry_msgs::msg\x1b[m\x1b[K\xe2\x80\x99\n'}
[20.990369] (sdv_can) StderrLine: {'line': b'   25 |   rclcpp::Subscription<geometry_msgs::msg::\x1b[01;31m\x1b[KTwist\x1b[m\x1b[K>::SharedPtr vel_sub;\n'}
[20.990434] (sdv_can) StderrLine: {'line': b'      |                                            \x1b[01;31m\x1b[K^~~~~\x1b[m\x1b[K\n'}
[20.990495] (sdv_can) StderrLine: {'line': b'\x1b[01m\x1b[K/home/fcanof/vanttec_sdv/workspace/src/sdv_can/src/CANTxNode.h:25:49:\x1b[m\x1b[K \x1b[01;31m\x1b[Kerror: \x1b[m\x1b[Ktemplate argument 1 is invalid\n'}
[20.990557] (sdv_can) StderrLine: {'line': b'   25 |   rclcpp::Subscription<geometry_msgs::msg::Twist\x1b[01;31m\x1b[K>\x1b[m\x1b[K::SharedPtr vel_sub;\n'}
[20.990618] (sdv_can) StderrLine: {'line': b'      |                                                 \x1b[01;31m\x1b[K^\x1b[m\x1b[K\n'}
[20.990678] (sdv_can) StderrLine: {'line': b'\x1b[01m\x1b[K/home/fcanof/vanttec_sdv/workspace/src/sdv_can/src/CANTxNode.h:25:49:\x1b[m\x1b[K \x1b[01;31m\x1b[Kerror: \x1b[m\x1b[Ktemplate argument 3 is invalid\n'}
[20.990738] (sdv_can) StderrLine: {'line': b'\x1b[01m\x1b[K/home/fcanof/vanttec_sdv/workspace/src/sdv_can/src/CANTxNode.h:25:49:\x1b[m\x1b[K \x1b[01;31m\x1b[Kerror: \x1b[m\x1b[Ktemplate argument 4 is invalid\n'}
[20.990798] (sdv_can) StderrLine: {'line': b'\x1b[01m\x1b[K/home/fcanof/vanttec_sdv/workspace/src/sdv_can/src/CANTxNode.h:25:49:\x1b[m\x1b[K \x1b[01;31m\x1b[Kerror: \x1b[m\x1b[Ktemplate argument 5 is invalid\n'}
[20.995166] (sdv_can) StderrLine: {'line': b'\x1b[01m\x1b[K/home/fcanof/vanttec_sdv/workspace/src/sdv_can/src/CANTxNode.h:25:52:\x1b[m\x1b[K \x1b[01;31m\x1b[Kerror: \x1b[m\x1b[Kexpected \xe2\x80\x98\x1b[01m\x1b[K;\x1b[m\x1b[K\xe2\x80\x99 at end of member declaration\n'}
[20.995383] (sdv_can) StderrLine: {'line': b'   25 |   rclcpp::Subscription<geometry_msgs::msg::Twist>::\x1b[01;31m\x1b[KSharedPtr\x1b[m\x1b[K vel_sub;\n'}
[20.995494] (sdv_can) StderrLine: {'line': b'      |                                                    \x1b[01;31m\x1b[K^~~~~~~~~\x1b[m\x1b[K\n'}
[20.995595] (sdv_can) StderrLine: {'line': b'      |                                                             \x1b[32m\x1b[K;\x1b[m\x1b[K\n'}
[20.996892] (sdv_can) StderrLine: {'line': b'In file included from \x1b[01m\x1b[K/home/fcanof/vanttec_sdv/workspace/src/sdv_can/src/can_node.cpp:4\x1b[m\x1b[K:\n'}
[20.997071] (sdv_can) StderrLine: {'line': b'\x1b[01m\x1b[K/home/fcanof/vanttec_sdv/workspace/src/sdv_can/src/CANTxNode.h:25:44:\x1b[m\x1b[K \x1b[01;31m\x1b[Kerror: \x1b[m\x1b[K\xe2\x80\x98\x1b[01m\x1b[KTwist\x1b[m\x1b[K\xe2\x80\x99 is not a member of \xe2\x80\x98\x1b[01m\x1b[Kgeometry_msgs::msg\x1b[m\x1b[K\xe2\x80\x99\n'}
[20.997153] (sdv_can) StderrLine: {'line': b'   25 |   rclcpp::Subscription<geometry_msgs::msg::\x1b[01;31m\x1b[KTwist\x1b[m\x1b[K>::SharedPtr vel_sub;\n'}
[20.997219] (sdv_can) StderrLine: {'line': b'      |                                            \x1b[01;31m\x1b[K^~~~~\x1b[m\x1b[K\n'}
[20.997284] (sdv_can) StderrLine: {'line': b'\x1b[01m\x1b[K/home/fcanof/vanttec_sdv/workspace/src/sdv_can/src/CANTxNode.h:25:49:\x1b[m\x1b[K \x1b[01;31m\x1b[Kerror: \x1b[m\x1b[Ktemplate argument 1 is invalid\n'}
[20.997346] (sdv_can) StderrLine: {'line': b'   25 |   rclcpp::Subscription<geometry_msgs::msg::Twist\x1b[01;31m\x1b[K>\x1b[m\x1b[K::SharedPtr vel_sub;\n'}
[20.997407] (sdv_can) StderrLine: {'line': b'      |                                                 \x1b[01;31m\x1b[K^\x1b[m\x1b[K\n'}
[20.997468] (sdv_can) StderrLine: {'line': b'\x1b[01m\x1b[K/home/fcanof/vanttec_sdv/workspace/src/sdv_can/src/CANTxNode.h:25:62:\x1b[m\x1b[K \x1b[01;31m\x1b[Kerror: \x1b[m\x1b[K\xe2\x80\x98\x1b[01m\x1b[Kvel_sub\x1b[m\x1b[K\xe2\x80\x99 does not name a type\n'}
[20.997530] (sdv_can) StderrLine: {'line': b'   25 |   rclcpp::Subscription<geometry_msgs::msg::Twist>::SharedPtr \x1b[01;31m\x1b[Kvel_sub\x1b[m\x1b[K;\n'}
[20.997592] (sdv_can) StderrLine: {'line': b'      |                                                              \x1b[01;31m\x1b[K^~~~~~~\x1b[m\x1b[K\n'}
[20.997652] (sdv_can) StderrLine: {'line': b'\x1b[01m\x1b[K/home/fcanof/vanttec_sdv/workspace/src/sdv_can/src/CANTxNode.h:25:49:\x1b[m\x1b[K \x1b[01;31m\x1b[Kerror: \x1b[m\x1b[Ktemplate argument 3 is invalid\n'}
[20.997713] (sdv_can) StderrLine: {'line': b'\x1b[01m\x1b[K/home/fcanof/vanttec_sdv/workspace/src/sdv_can/src/CANTxNode.h:25:49:\x1b[m\x1b[K \x1b[01;31m\x1b[Kerror: \x1b[m\x1b[Ktemplate argument 4 is invalid\n'}
[20.997773] (sdv_can) StderrLine: {'line': b'\x1b[01m\x1b[K/home/fcanof/vanttec_sdv/workspace/src/sdv_can/src/CANTxNode.h:25:49:\x1b[m\x1b[K \x1b[01;31m\x1b[Kerror: \x1b[m\x1b[Ktemplate argument 5 is invalid\n'}
[20.997835] (sdv_can) StderrLine: {'line': b'\x1b[01m\x1b[K/home/fcanof/vanttec_sdv/workspace/src/sdv_can/src/CANTxNode.h:25:52:\x1b[m\x1b[K \x1b[01;31m\x1b[Kerror: \x1b[m\x1b[Kexpected \xe2\x80\x98\x1b[01m\x1b[K;\x1b[m\x1b[K\xe2\x80\x99 at end of member declaration\n'}
[20.997898] (sdv_can) StderrLine: {'line': b'   25 |   rclcpp::Subscription<geometry_msgs::msg::Twist>::\x1b[01;31m\x1b[KSharedPtr\x1b[m\x1b[K vel_sub;\n'}
[20.997959] (sdv_can) StderrLine: {'line': b'      |                                                    \x1b[01;31m\x1b[K^~~~~~~~~\x1b[m\x1b[K\n'}
[20.998022] (sdv_can) StderrLine: {'line': b'      |                                                             \x1b[32m\x1b[K;\x1b[m\x1b[K\n'}
[20.998718] (sdv_can) StderrLine: {'line': b'\x1b[01m\x1b[K/home/fcanof/vanttec_sdv/workspace/src/sdv_can/src/CANTxNode.h:25:62:\x1b[m\x1b[K \x1b[01;31m\x1b[Kerror: \x1b[m\x1b[K\xe2\x80\x98\x1b[01m\x1b[Kvel_sub\x1b[m\x1b[K\xe2\x80\x99 does not name a type\n'}
[20.998839] (sdv_can) StderrLine: {'line': b'   25 |   rclcpp::Subscription<geometry_msgs::msg::Twist>::SharedPtr \x1b[01;31m\x1b[Kvel_sub\x1b[m\x1b[K;\n'}
[20.998913] (sdv_can) StderrLine: {'line': b'      |                                                              \x1b[01;31m\x1b[K^~~~~~~\x1b[m\x1b[K\n'}
[21.042734] (sdv_can) StderrLine: {'line': b'\x1b[01m\x1b[K/home/fcanof/vanttec_sdv/workspace/src/sdv_can/src/CANTxNode.cpp:\x1b[m\x1b[K In constructor \xe2\x80\x98\x1b[01m\x1b[KCANTxNode::CANTxNode(const std::shared_ptr<vanttec::CANHandler>&)\x1b[m\x1b[K\xe2\x80\x99:\n'}
[21.042912] (sdv_can) StderrLine: {'line': b'\x1b[01m\x1b[K/home/fcanof/vanttec_sdv/workspace/src/sdv_can/src/CANTxNode.cpp:17:3:\x1b[m\x1b[K \x1b[01;31m\x1b[Kerror: \x1b[m\x1b[K\xe2\x80\x98\x1b[01m\x1b[Kvel_sub\x1b[m\x1b[K\xe2\x80\x99 was not declared in this scope\n'}
[21.042998] (sdv_can) StderrLine: {'line': b'   17 |   \x1b[01;31m\x1b[Kvel_sub\x1b[m\x1b[K = this->create_subscription<geometry_msgs::msg::Twist>(\n'}
[21.043084] (sdv_can) StderrLine: {'line': b'      |   \x1b[01;31m\x1b[K^~~~~~~\x1b[m\x1b[K\n'}
[21.043304] (sdv_can) StderrLine: {'line': b'\x1b[01m\x1b[K/home/fcanof/vanttec_sdv/workspace/src/sdv_can/src/CANTxNode.cpp:17:59:\x1b[m\x1b[K \x1b[01;31m\x1b[Kerror: \x1b[m\x1b[K\xe2\x80\x98\x1b[01m\x1b[KTwist\x1b[m\x1b[K\xe2\x80\x99 is not a member of \xe2\x80\x98\x1b[01m\x1b[Kgeometry_msgs::msg\x1b[m\x1b[K\xe2\x80\x99\n'}
[21.043380] (sdv_can) StderrLine: {'line': b'   17 |   vel_sub = this->create_subscription<geometry_msgs::msg::\x1b[01;31m\x1b[KTwist\x1b[m\x1b[K>(\n'}
[21.043445] (sdv_can) StderrLine: {'line': b'      |                                                           \x1b[01;31m\x1b[K^~~~~\x1b[m\x1b[K\n'}
[21.043555] (sdv_can) StderrLine: {'line': b'\x1b[01m\x1b[K/home/fcanof/vanttec_sdv/workspace/src/sdv_can/src/CANTxNode.cpp:18:55:\x1b[m\x1b[K \x1b[01;31m\x1b[Kerror: \x1b[m\x1b[K\xe2\x80\x98\x1b[01m\x1b[KTwist\x1b[m\x1b[K\xe2\x80\x99 in namespace \xe2\x80\x98\x1b[01m\x1b[Kgeometry_msgs::msg\x1b[m\x1b[K\xe2\x80\x99 does not name a type\n'}
[21.043687] (sdv_can) StderrLine: {'line': b'   18 |       "cmd_vel", 10, [this](const geometry_msgs::msg::\x1b[01;31m\x1b[KTwist\x1b[m\x1b[K &msg){\n'}
[21.043747] (sdv_can) StderrLine: {'line': b'      |                                                       \x1b[01;31m\x1b[K^~~~~\x1b[m\x1b[K\n'}
[21.043812] (sdv_can) StderrLine: {'line': b'\x1b[01m\x1b[K/home/fcanof/vanttec_sdv/workspace/src/sdv_can/src/CANTxNode.cpp:\x1b[m\x1b[K In lambda function:\n'}
[21.043873] (sdv_can) StderrLine: {'line': b'\x1b[01m\x1b[K/home/fcanof/vanttec_sdv/workspace/src/sdv_can/src/CANTxNode.cpp:23:9:\x1b[m\x1b[K \x1b[01;31m\x1b[Kerror: \x1b[m\x1b[Kexpected \xe2\x80\x98\x1b[01m\x1b[K{\x1b[m\x1b[K\xe2\x80\x99 before \xe2\x80\x98\x1b[01m\x1b[K;\x1b[m\x1b[K\xe2\x80\x99 token\n'}
[21.043934] (sdv_can) StderrLine: {'line': b'   23 |       })\x1b[01;31m\x1b[K;\x1b[m\x1b[K\n'}
[21.043993] (sdv_can) StderrLine: {'line': b'      |         \x1b[01;31m\x1b[K^\x1b[m\x1b[K\n'}
[21.044052] (sdv_can) StderrLine: {'line': b'\x1b[01m\x1b[K/home/fcanof/vanttec_sdv/workspace/src/sdv_can/src/CANTxNode.cpp:\x1b[m\x1b[K In constructor \xe2\x80\x98\x1b[01m\x1b[KCANTxNode::CANTxNode(const std::shared_ptr<vanttec::CANHandler>&)\x1b[m\x1b[K\xe2\x80\x99:\n'}
[21.044113] (sdv_can) StderrLine: {'line': b'\x1b[01m\x1b[K/home/fcanof/vanttec_sdv/workspace/src/sdv_can/src/CANTxNode.cpp:23:9:\x1b[m\x1b[K \x1b[01;31m\x1b[Kerror: \x1b[m\x1b[Kexpected \xe2\x80\x98\x1b[01m\x1b[K)\x1b[m\x1b[K\xe2\x80\x99 before \xe2\x80\x98\x1b[01m\x1b[K;\x1b[m\x1b[K\xe2\x80\x99 token\n'}
[21.044173] (sdv_can) StderrLine: {'line': b'   23 |       })\x1b[01;31m\x1b[K;\x1b[m\x1b[K\n'}
[21.044231] (sdv_can) StderrLine: {'line': b'      |         \x1b[01;31m\x1b[K^\x1b[m\x1b[K\n'}
[21.044290] (sdv_can) StderrLine: {'line': b'      |         \x1b[32m\x1b[K)\x1b[m\x1b[K\n'}
[21.044348] (sdv_can) StderrLine: {'line': b'\x1b[01m\x1b[K/home/fcanof/vanttec_sdv/workspace/src/sdv_can/src/CANTxNode.cpp:17:65:\x1b[m\x1b[K \x1b[01;36m\x1b[Knote: \x1b[m\x1b[Kto match this \xe2\x80\x98\x1b[01m\x1b[K(\x1b[m\x1b[K\xe2\x80\x99\n'}
[21.044409] (sdv_can) StderrLine: {'line': b'   17 |   vel_sub = this->create_subscription<geometry_msgs::msg::Twist>\x1b[01;36m\x1b[K(\x1b[m\x1b[K\n'}
[21.044469] (sdv_can) StderrLine: {'line': b'      |                                                                 \x1b[01;36m\x1b[K^\x1b[m\x1b[K\n'}
[21.059923] (sdv_can) StderrLine: {'line': b'\x1b[01m\x1b[K/home/fcanof/vanttec_sdv/workspace/src/sdv_can/src/CANTxNode.cpp:\x1b[m\x1b[K In member function \xe2\x80\x98\x1b[01m\x1b[Kvoid CANTxNode::steering_callback(const Vector3&)\x1b[m\x1b[K\xe2\x80\x99:\n'}
[21.060080] (sdv_can) StderrLine: {'line': b'\x1b[01m\x1b[K/home/fcanof/vanttec_sdv/workspace/src/sdv_can/src/CANTxNode.cpp:38:12:\x1b[m\x1b[K \x1b[01;35m\x1b[Kwarning: \x1b[m\x1b[Kunused variable \xe2\x80\x98\x1b[01m\x1b[Kstpr_frame\x1b[m\x1b[K\xe2\x80\x99 [\x1b[01;35m\x1b[K\x1b]8;;https://gcc.gnu.org/onlinedocs/gcc/Warning-Options.html#index-Wunused-variable\x07-Wunused-variable\x1b]8;;\x07\x1b[m\x1b[K]\n'}
[21.060167] (sdv_can) StderrLine: {'line': b'   38 |   uint32_t \x1b[01;35m\x1b[Kstpr_frame\x1b[m\x1b[K = 0;\n'}
[21.060230] (sdv_can) StderrLine: {'line': b'      |            \x1b[01;35m\x1b[K^~~~~~~~~~\x1b[m\x1b[K\n'}
[21.060291] (sdv_can) StderrLine: {'line': b'\x1b[01m\x1b[K/home/fcanof/vanttec_sdv/workspace/src/sdv_can/src/CANTxNode.cpp:40:12:\x1b[m\x1b[K \x1b[01;35m\x1b[Kwarning: \x1b[m\x1b[Kunused variable \xe2\x80\x98\x1b[01m\x1b[Ksteps\x1b[m\x1b[K\xe2\x80\x99 [\x1b[01;35m\x1b[K\x1b]8;;https://gcc.gnu.org/onlinedocs/gcc/Warning-Options.html#index-Wunused-variable\x07-Wunused-variable\x1b]8;;\x07\x1b[m\x1b[K]\n'}
[21.060353] (sdv_can) StderrLine: {'line': b'   40 |   uint16_t \x1b[01;35m\x1b[Ksteps\x1b[m\x1b[K = (uint16_t) msg.y;\n'}
[21.060413] (sdv_can) StderrLine: {'line': b'      |            \x1b[01;35m\x1b[K^~~~~\x1b[m\x1b[K\n'}
[21.077262] (-) TimerEvent: {}
[21.177528] (-) TimerEvent: {}
[21.277772] (-) TimerEvent: {}
[21.378016] (-) TimerEvent: {}
[21.478275] (-) TimerEvent: {}
[21.506436] (sdv_can) StderrLine: {'line': b'gmake[2]: *** [CMakeFiles/can_node.dir/build.make:76: CMakeFiles/can_node.dir/src/can_node.cpp.o] Error 1\n'}
[21.506592] (sdv_can) StderrLine: {'line': b'gmake[2]: *** Waiting for unfinished jobs....\n'}
[21.578363] (-) TimerEvent: {}
[21.678605] (-) TimerEvent: {}
[21.778852] (-) TimerEvent: {}
[21.879128] (-) TimerEvent: {}
[21.979371] (-) TimerEvent: {}
[22.079610] (-) TimerEvent: {}
[22.179852] (-) TimerEvent: {}
[22.280084] (-) TimerEvent: {}
[22.380317] (-) TimerEvent: {}
[22.480549] (-) TimerEvent: {}
[22.580789] (-) TimerEvent: {}
[22.681044] (-) TimerEvent: {}
[22.781297] (-) TimerEvent: {}
[22.881553] (-) TimerEvent: {}
[22.981794] (-) TimerEvent: {}
[23.082033] (-) TimerEvent: {}
[23.182291] (-) TimerEvent: {}
[23.282525] (-) TimerEvent: {}
[23.356959] (sdv_can) StderrLine: {'line': b'gmake[2]: *** [CMakeFiles/can_node.dir/build.make:90: CMakeFiles/can_node.dir/src/CANTxNode.cpp.o] Error 1\n'}
[23.357225] (sdv_can) StderrLine: {'line': b'gmake[1]: *** [CMakeFiles/Makefile2:154: CMakeFiles/can_node.dir/all] Error 2\n'}
[23.357416] (sdv_can) StderrLine: {'line': b'gmake: *** [Makefile:146: all] Error 2\n'}
[23.359156] (sdv_can) CommandEnded: {'returncode': 2}
[23.382604] (-) TimerEvent: {}
[23.442408] (sdv_can) JobEnded: {'identifier': 'sdv_can', 'rc': 2}
[23.453513] (-) EventReactorShutdown: {}
