[0.000000] (-) TimerEvent: {}
[0.000574] (-) JobUnselected: {'identifier': 'isaac_ros_apriltag_interfaces'}
[0.000647] (-) JobUnselected: {'identifier': 'isaac_ros_bi3d_interfaces'}
[0.000684] (-) JobUnselected: {'identifier': 'isaac_ros_common'}
[0.000715] (-) JobUnselected: {'identifier': 'isaac_ros_nitros_bridge_interfaces'}
[0.000745] (-) JobUnselected: {'identifier': 'isaac_ros_nova_interfaces'}
[0.000774] (-) JobUnselected: {'identifier': 'isaac_ros_pointcloud_interfaces'}
[0.000802] (-) JobUnselected: {'identifier': 'isaac_ros_tensor_list_interfaces'}
[0.000829] (-) JobUnselected: {'identifier': 'isaac_ros_test'}
[0.000859] (-) JobUnselected: {'identifier': 'lidar3d_clustering'}
[0.000888] (-) JobUnselected: {'identifier': 'lidar_ground_getter'}
[0.000918] (-) JobUnselected: {'identifier': 'lidar_imu_sync'}
[0.000946] (-) JobUnselected: {'identifier': 'lidar_path_to_odom'}
[0.000975] (-) JobUnselected: {'identifier': 'lio_sam'}
[0.001004] (-) JobUnselected: {'identifier': 'ros_compatibility'}
[0.001033] (-) JobUnselected: {'identifier': 'sdv_can'}
[0.001063] (-) JobUnselected: {'identifier': 'sdv_control'}
[0.001093] (-) JobUnselected: {'identifier': 'sdv_description'}
[0.001121] (-) JobUnselected: {'identifier': 'sdv_launch'}
[0.001151] (-) JobUnselected: {'identifier': 'sdv_lidar_processing'}
[0.001183] (-) JobUnselected: {'identifier': 'sdv_localization'}
[0.001213] (-) JobUnselected: {'identifier': 'sdv_manual_control'}
[0.001241] (-) JobUnselected: {'identifier': 'sdv_robot_description'}
[0.001269] (-) JobUnselected: {'identifier': 'vectornav'}
[0.001299] (-) JobUnselected: {'identifier': 'vectornav_msgs'}
[0.001329] (-) JobUnselected: {'identifier': 'voxel_grid_filter'}
[0.001360] (-) JobUnselected: {'identifier': 'waypoints_niagara_creator'}
[0.001399] (-) JobUnselected: {'identifier': 'waypoints_niagara_loader'}
[0.001439] (sdv_msgs) JobQueued: {'identifier': 'sdv_msgs', 'dependencies': OrderedDict()}
[0.002845] (sdv_msgs) JobStarted: {'identifier': 'sdv_msgs'}
[0.016411] (sdv_msgs) JobProgress: {'identifier': 'sdv_msgs', 'progress': 'cmake'}
[0.017613] (sdv_msgs) JobProgress: {'identifier': 'sdv_msgs', 'progress': 'build'}
[0.019412] (sdv_msgs) Command: {'cmd': ['/usr/bin/cmake', '--build', '/home/fectec151/Downloads/Projects/vanttec_sdv/workspace/src/build/sdv_msgs', '--', '-j12', '-l12'], 'cwd': '/home/fectec151/Downloads/Projects/vanttec_sdv/workspace/src/build/sdv_msgs', 'env': OrderedDict([('LESSOPEN', '| /usr/bin/lesspipe %s'), ('USER', 'fectec151'), ('LC_TIME', 'es_MX.UTF-8'), ('XDG_SESSION_TYPE', 'wayland'), ('SHLVL', '1'), ('LD_LIBRARY_PATH', '/usr/lib/x86_64-linux-gnu/gazebo-11/plugins:/opt/ros/humble/opt/rviz_ogre_vendor/lib:/opt/ros/humble/lib/x86_64-linux-gnu:/opt/ros/humble/lib'), ('HOME', '/home/fectec151'), ('OLDPWD', '/home/fectec151/Downloads/Projects/vanttec_sdv'), ('DESKTOP_SESSION', 'ubuntu'), ('ROS_PYTHON_VERSION', '3'), ('GNOME_SHELL_SESSION_MODE', 'ubuntu'), ('GTK_MODULES', 'gail:atk-bridge'), ('LC_MONETARY', 'es_MX.UTF-8'), ('MANAGERPID', '2151'), ('SYSTEMD_EXEC_PID', '2505'), ('DBUS_SESSION_BUS_ADDRESS', 'unix:path=/run/user/1000/bus'), ('COLORTERM', 'truecolor'), ('TERMINATOR_DBUS_NAME', 'net.tenshu.Terminator25ef4b219e3b005583550f2b0f9f990c3'), ('GIO_LAUNCHED_DESKTOP_FILE_PID', '64000'), ('NVM_DIR', '/home/fectec151/.nvm'), ('IM_CONFIG_PHASE', '1'), ('WAYLAND_DISPLAY', 'wayland-0'), ('ROS_DISTRO', 'humble'), ('LOGNAME', 'fectec151'), ('JOURNAL_STREAM', '8:31498'), ('_', '/usr/bin/colcon'), ('ROS_VERSION', '2'), ('XDG_SESSION_CLASS', 'user'), ('USERNAME', 'fectec151'), ('TERM', 'xterm-256color'), ('GNOME_DESKTOP_SESSION_ID', 'this-is-deprecated'), ('ROS_LOCALHOST_ONLY', '0'), ('HISTCONTROL', 'ignoredups'), ('PATH', '/opt/ros/humble/bin:/home/fectec151/.local/bin:/usr/local/sbin:/usr/local/bin:/usr/sbin:/usr/bin:/sbin:/bin:/usr/games:/usr/local/games:/snap/bin:/snap/bin'), ('SESSION_MANAGER', 'local/fec-pc:@/tmp/.ICE-unix/2303,unix/fec-pc:/tmp/.ICE-unix/2303'), ('INVOCATION_ID', '8e2895da35924a5b97381964329a2156'), ('XDG_MENU_PREFIX', 'gnome-'), ('LC_ADDRESS', 'es_MX.UTF-8'), ('GNOME_SETUP_DISPLAY', ':1'), ('XDG_RUNTIME_DIR', '/run/user/1000'), ('DISPLAY', ':0'), ('HISTSIZE', '1000'), ('TERMINATOR_DBUS_PATH', '/net/tenshu/Terminator2'), ('LANG', 'en_US.UTF-8'), ('XDG_CURRENT_DESKTOP', 'ubuntu:GNOME'), ('IBUS_DISABLE_SNOOPER', '1'), ('LC_TELEPHONE', 'es_MX.UTF-8'), ('XMODIFIERS', '@im=ibus'), ('XDG_SESSION_DESKTOP', 'ubuntu'), ('XAUTHORITY', '/run/user/1000/.mutter-Xwaylandauth.P32AO2'), ('LS_COLORS', 'rs=0:di=01;34:ln=01;36:mh=00:pi=40;33:so=01;35:do=01;35:bd=40;33;01:cd=40;33;01:or=40;31;01:mi=00:su=37;41:sg=30;43:ca=30;41:tw=30;42:ow=34;42:st=37;44:ex=01;32:*.tar=01;31:*.tgz=01;31:*.arc=01;31:*.arj=01;31:*.taz=01;31:*.lha=01;31:*.lz4=01;31:*.lzh=01;31:*.lzma=01;31:*.tlz=01;31:*.txz=01;31:*.tzo=01;31:*.t7z=01;31:*.zip=01;31:*.z=01;31:*.dz=01;31:*.gz=01;31:*.lrz=01;31:*.lz=01;31:*.lzo=01;31:*.xz=01;31:*.zst=01;31:*.tzst=01;31:*.bz2=01;31:*.bz=01;31:*.tbz=01;31:*.tbz2=01;31:*.tz=01;31:*.deb=01;31:*.rpm=01;31:*.jar=01;31:*.war=01;31:*.ear=01;31:*.sar=01;31:*.rar=01;31:*.alz=01;31:*.ace=01;31:*.zoo=01;31:*.cpio=01;31:*.7z=01;31:*.rz=01;31:*.cab=01;31:*.wim=01;31:*.swm=01;31:*.dwm=01;31:*.esd=01;31:*.jpg=01;35:*.jpeg=01;35:*.mjpg=01;35:*.mjpeg=01;35:*.gif=01;35:*.bmp=01;35:*.pbm=01;35:*.pgm=01;35:*.ppm=01;35:*.tga=01;35:*.xbm=01;35:*.xpm=01;35:*.tif=01;35:*.tiff=01;35:*.png=01;35:*.svg=01;35:*.svgz=01;35:*.mng=01;35:*.pcx=01;35:*.mov=01;35:*.mpg=01;35:*.mpeg=01;35:*.m2v=01;35:*.mkv=01;35:*.webm=01;35:*.webp=01;35:*.ogm=01;35:*.mp4=01;35:*.m4v=01;35:*.mp4v=01;35:*.vob=01;35:*.qt=01;35:*.nuv=01;35:*.wmv=01;35:*.asf=01;35:*.rm=01;35:*.rmvb=01;35:*.flc=01;35:*.avi=01;35:*.fli=01;35:*.flv=01;35:*.gl=01;35:*.dl=01;35:*.xcf=01;35:*.xwd=01;35:*.yuv=01;35:*.cgm=01;35:*.emf=01;35:*.ogv=01;35:*.ogx=01;35:*.aac=00;36:*.au=00;36:*.flac=00;36:*.m4a=00;36:*.mid=00;36:*.midi=00;36:*.mka=00;36:*.mp3=00;36:*.mpc=00;36:*.ogg=00;36:*.ra=00;36:*.wav=00;36:*.oga=00;36:*.opus=00;36:*.spx=00;36:*.xspf=00;36:'), ('SSH_AGENT_LAUNCHER', 'gnome-keyring'), ('SSH_AUTH_SOCK', '/run/user/1000/keyring/ssh'), ('AMENT_PREFIX_PATH', '/opt/ros/humble'), ('SHELL', '/bin/bash'), ('LC_NAME', 'es_MX.UTF-8'), ('TERMINATOR_UUID', 'urn:uuid:227c969a-7b03-4e07-8bde-28dc1c714c00'), ('QT_ACCESSIBILITY', '1'), ('GDMSESSION', 'ubuntu'), ('LESSCLOSE', '/usr/bin/lesspipe %s %s'), ('LC_MEASUREMENT', 'es_MX.UTF-8'), ('LC_IDENTIFICATION', 'es_MX.UTF-8'), ('QT_IM_MODULE', 'ibus'), ('PWD', '/home/fectec151/Downloads/Projects/vanttec_sdv/workspace/src/build/sdv_msgs'), ('LC_ALL', 'en_US.UTF-8'), ('XDG_CONFIG_DIRS', '/etc/xdg/xdg-ubuntu:/etc/xdg'), ('NVM_CD_FLAGS', ''), ('XDG_DATA_DIRS', '/usr/share/ubuntu:/usr/local/share/:/usr/share/:/var/lib/snapd/desktop'), ('PYTHONPATH', '/opt/ros/humble/lib/python3.10/site-packages:/opt/ros/humble/local/lib/python3.10/dist-packages'), ('LC_NUMERIC', 'es_MX.UTF-8'), ('LC_PAPER', 'es_MX.UTF-8'), ('COLCON', '1'), ('VTE_VERSION', '6800'), ('NVM_RC_VERSION', ''), ('CMAKE_PREFIX_PATH', '/opt/ros/humble')]), 'shell': False}
[0.099394] (-) TimerEvent: {}
[0.106597] (sdv_msgs) StdoutLine: {'line': b'[  0%] Built target sdv_msgs__cpp\n'}
[0.123556] (sdv_msgs) StdoutLine: {'line': b'[ 12%] Built target sdv_msgs__rosidl_generator_c\n'}
[0.143956] (sdv_msgs) StdoutLine: {'line': b'[ 12%] Built target ament_cmake_python_copy_sdv_msgs\n'}
[0.172298] (sdv_msgs) StdoutLine: {'line': b'[ 24%] Built target sdv_msgs__rosidl_typesupport_introspection_cpp\n'}
[0.172764] (sdv_msgs) StdoutLine: {'line': b'[ 36%] Built target sdv_msgs__rosidl_typesupport_cpp\n'}
[0.183173] (sdv_msgs) StdoutLine: {'line': b'[ 48%] Built target sdv_msgs__rosidl_typesupport_fastrtps_cpp\n'}
[0.196304] (sdv_msgs) StdoutLine: {'line': b'[ 72%] Built target sdv_msgs__rosidl_typesupport_c\n'}
[0.196583] (sdv_msgs) StdoutLine: {'line': b'[ 72%] Built target sdv_msgs__rosidl_typesupport_introspection_c\n'}
[0.199499] (-) TimerEvent: {}
[0.211658] (sdv_msgs) StdoutLine: {'line': b'[ 84%] Built target sdv_msgs__rosidl_typesupport_fastrtps_c\n'}
[0.240212] (sdv_msgs) StdoutLine: {'line': b'[ 84%] Built target sdv_msgs\n'}
[0.271365] (sdv_msgs) StdoutLine: {'line': b'[ 85%] Built target sdv_msgs__py\n'}
[0.299620] (-) TimerEvent: {}
[0.325026] (sdv_msgs) StdoutLine: {'line': b'[ 96%] Built target sdv_msgs__rosidl_generator_py\n'}
[0.363070] (sdv_msgs) StdoutLine: {'line': b'[ 98%] Built target sdv_msgs__rosidl_typesupport_introspection_c__pyext\n'}
[0.366671] (sdv_msgs) StdoutLine: {'line': b'[ 99%] Built target sdv_msgs__rosidl_typesupport_fastrtps_c__pyext\n'}
[0.374114] (sdv_msgs) StdoutLine: {'line': b'[100%] Built target sdv_msgs__rosidl_typesupport_c__pyext\n'}
[0.399741] (-) TimerEvent: {}
[0.500132] (-) TimerEvent: {}
[0.552436] (sdv_msgs) StdoutLine: {'line': b'running egg_info\n'}
[0.553946] (sdv_msgs) StdoutLine: {'line': b'writing sdv_msgs.egg-info/PKG-INFO\n'}
[0.554419] (sdv_msgs) StdoutLine: {'line': b'writing dependency_links to sdv_msgs.egg-info/dependency_links.txt\n'}
[0.554707] (sdv_msgs) StdoutLine: {'line': b'writing top-level names to sdv_msgs.egg-info/top_level.txt\n'}
[0.564334] (sdv_msgs) StdoutLine: {'line': b"reading manifest file 'sdv_msgs.egg-info/SOURCES.txt'\n"}
[0.566540] (sdv_msgs) StdoutLine: {'line': b"writing manifest file 'sdv_msgs.egg-info/SOURCES.txt'\n"}
[0.600259] (-) TimerEvent: {}
[0.608387] (sdv_msgs) StdoutLine: {'line': b'[100%] Built target ament_cmake_python_build_sdv_msgs_egg\n'}
[0.627564] (sdv_msgs) CommandEnded: {'returncode': 0}
[0.700385] (-) TimerEvent: {}
[0.800720] (-) TimerEvent: {}
[0.901388] (-) TimerEvent: {}
[1.001821] (-) TimerEvent: {}
[1.102255] (-) TimerEvent: {}
[1.147951] (sdv_msgs) JobProgress: {'identifier': 'sdv_msgs', 'progress': 'install'}
[1.159389] (sdv_msgs) Command: {'cmd': ['/usr/bin/cmake', '--install', '/home/fectec151/Downloads/Projects/vanttec_sdv/workspace/src/build/sdv_msgs'], 'cwd': '/home/fectec151/Downloads/Projects/vanttec_sdv/workspace/src/build/sdv_msgs', 'env': OrderedDict([('LESSOPEN', '| /usr/bin/lesspipe %s'), ('USER', 'fectec151'), ('LC_TIME', 'es_MX.UTF-8'), ('XDG_SESSION_TYPE', 'wayland'), ('SHLVL', '1'), ('LD_LIBRARY_PATH', '/usr/lib/x86_64-linux-gnu/gazebo-11/plugins:/opt/ros/humble/opt/rviz_ogre_vendor/lib:/opt/ros/humble/lib/x86_64-linux-gnu:/opt/ros/humble/lib'), ('HOME', '/home/fectec151'), ('OLDPWD', '/home/fectec151/Downloads/Projects/vanttec_sdv'), ('DESKTOP_SESSION', 'ubuntu'), ('ROS_PYTHON_VERSION', '3'), ('GNOME_SHELL_SESSION_MODE', 'ubuntu'), ('GTK_MODULES', 'gail:atk-bridge'), ('LC_MONETARY', 'es_MX.UTF-8'), ('MANAGERPID', '2151'), ('SYSTEMD_EXEC_PID', '2505'), ('DBUS_SESSION_BUS_ADDRESS', 'unix:path=/run/user/1000/bus'), ('COLORTERM', 'truecolor'), ('TERMINATOR_DBUS_NAME', 'net.tenshu.Terminator25ef4b219e3b005583550f2b0f9f990c3'), ('GIO_LAUNCHED_DESKTOP_FILE_PID', '64000'), ('NVM_DIR', '/home/fectec151/.nvm'), ('IM_CONFIG_PHASE', '1'), ('WAYLAND_DISPLAY', 'wayland-0'), ('ROS_DISTRO', 'humble'), ('LOGNAME', 'fectec151'), ('JOURNAL_STREAM', '8:31498'), ('_', '/usr/bin/colcon'), ('ROS_VERSION', '2'), ('XDG_SESSION_CLASS', 'user'), ('USERNAME', 'fectec151'), ('TERM', 'xterm-256color'), ('GNOME_DESKTOP_SESSION_ID', 'this-is-deprecated'), ('ROS_LOCALHOST_ONLY', '0'), ('HISTCONTROL', 'ignoredups'), ('PATH', '/opt/ros/humble/bin:/home/fectec151/.local/bin:/usr/local/sbin:/usr/local/bin:/usr/sbin:/usr/bin:/sbin:/bin:/usr/games:/usr/local/games:/snap/bin:/snap/bin'), ('SESSION_MANAGER', 'local/fec-pc:@/tmp/.ICE-unix/2303,unix/fec-pc:/tmp/.ICE-unix/2303'), ('INVOCATION_ID', '8e2895da35924a5b97381964329a2156'), ('XDG_MENU_PREFIX', 'gnome-'), ('LC_ADDRESS', 'es_MX.UTF-8'), ('GNOME_SETUP_DISPLAY', ':1'), ('XDG_RUNTIME_DIR', '/run/user/1000'), ('DISPLAY', ':0'), ('HISTSIZE', '1000'), ('TERMINATOR_DBUS_PATH', '/net/tenshu/Terminator2'), ('LANG', 'en_US.UTF-8'), ('XDG_CURRENT_DESKTOP', 'ubuntu:GNOME'), ('IBUS_DISABLE_SNOOPER', '1'), ('LC_TELEPHONE', 'es_MX.UTF-8'), ('XMODIFIERS', '@im=ibus'), ('XDG_SESSION_DESKTOP', 'ubuntu'), ('XAUTHORITY', '/run/user/1000/.mutter-Xwaylandauth.P32AO2'), ('LS_COLORS', 'rs=0:di=01;34:ln=01;36:mh=00:pi=40;33:so=01;35:do=01;35:bd=40;33;01:cd=40;33;01:or=40;31;01:mi=00:su=37;41:sg=30;43:ca=30;41:tw=30;42:ow=34;42:st=37;44:ex=01;32:*.tar=01;31:*.tgz=01;31:*.arc=01;31:*.arj=01;31:*.taz=01;31:*.lha=01;31:*.lz4=01;31:*.lzh=01;31:*.lzma=01;31:*.tlz=01;31:*.txz=01;31:*.tzo=01;31:*.t7z=01;31:*.zip=01;31:*.z=01;31:*.dz=01;31:*.gz=01;31:*.lrz=01;31:*.lz=01;31:*.lzo=01;31:*.xz=01;31:*.zst=01;31:*.tzst=01;31:*.bz2=01;31:*.bz=01;31:*.tbz=01;31:*.tbz2=01;31:*.tz=01;31:*.deb=01;31:*.rpm=01;31:*.jar=01;31:*.war=01;31:*.ear=01;31:*.sar=01;31:*.rar=01;31:*.alz=01;31:*.ace=01;31:*.zoo=01;31:*.cpio=01;31:*.7z=01;31:*.rz=01;31:*.cab=01;31:*.wim=01;31:*.swm=01;31:*.dwm=01;31:*.esd=01;31:*.jpg=01;35:*.jpeg=01;35:*.mjpg=01;35:*.mjpeg=01;35:*.gif=01;35:*.bmp=01;35:*.pbm=01;35:*.pgm=01;35:*.ppm=01;35:*.tga=01;35:*.xbm=01;35:*.xpm=01;35:*.tif=01;35:*.tiff=01;35:*.png=01;35:*.svg=01;35:*.svgz=01;35:*.mng=01;35:*.pcx=01;35:*.mov=01;35:*.mpg=01;35:*.mpeg=01;35:*.m2v=01;35:*.mkv=01;35:*.webm=01;35:*.webp=01;35:*.ogm=01;35:*.mp4=01;35:*.m4v=01;35:*.mp4v=01;35:*.vob=01;35:*.qt=01;35:*.nuv=01;35:*.wmv=01;35:*.asf=01;35:*.rm=01;35:*.rmvb=01;35:*.flc=01;35:*.avi=01;35:*.fli=01;35:*.flv=01;35:*.gl=01;35:*.dl=01;35:*.xcf=01;35:*.xwd=01;35:*.yuv=01;35:*.cgm=01;35:*.emf=01;35:*.ogv=01;35:*.ogx=01;35:*.aac=00;36:*.au=00;36:*.flac=00;36:*.m4a=00;36:*.mid=00;36:*.midi=00;36:*.mka=00;36:*.mp3=00;36:*.mpc=00;36:*.ogg=00;36:*.ra=00;36:*.wav=00;36:*.oga=00;36:*.opus=00;36:*.spx=00;36:*.xspf=00;36:'), ('SSH_AGENT_LAUNCHER', 'gnome-keyring'), ('SSH_AUTH_SOCK', '/run/user/1000/keyring/ssh'), ('AMENT_PREFIX_PATH', '/opt/ros/humble'), ('SHELL', '/bin/bash'), ('LC_NAME', 'es_MX.UTF-8'), ('TERMINATOR_UUID', 'urn:uuid:227c969a-7b03-4e07-8bde-28dc1c714c00'), ('QT_ACCESSIBILITY', '1'), ('GDMSESSION', 'ubuntu'), ('LESSCLOSE', '/usr/bin/lesspipe %s %s'), ('LC_MEASUREMENT', 'es_MX.UTF-8'), ('LC_IDENTIFICATION', 'es_MX.UTF-8'), ('QT_IM_MODULE', 'ibus'), ('PWD', '/home/fectec151/Downloads/Projects/vanttec_sdv/workspace/src/build/sdv_msgs'), ('LC_ALL', 'en_US.UTF-8'), ('XDG_CONFIG_DIRS', '/etc/xdg/xdg-ubuntu:/etc/xdg'), ('NVM_CD_FLAGS', ''), ('XDG_DATA_DIRS', '/usr/share/ubuntu:/usr/local/share/:/usr/share/:/var/lib/snapd/desktop'), ('PYTHONPATH', '/opt/ros/humble/lib/python3.10/site-packages:/opt/ros/humble/local/lib/python3.10/dist-packages'), ('LC_NUMERIC', 'es_MX.UTF-8'), ('LC_PAPER', 'es_MX.UTF-8'), ('COLCON', '1'), ('VTE_VERSION', '6800'), ('NVM_RC_VERSION', ''), ('CMAKE_PREFIX_PATH', '/opt/ros/humble')]), 'shell': False}
[1.173553] (sdv_msgs) StdoutLine: {'line': b'-- Install configuration: ""\n'}
[1.174091] (sdv_msgs) StdoutLine: {'line': b'-- Up-to-date: /home/fectec151/Downloads/Projects/vanttec_sdv/workspace/src/install/sdv_msgs/share/ament_index/resource_index/rosidl_interfaces/sdv_msgs\n'}
[1.174584] (sdv_msgs) StdoutLine: {'line': b'-- Up-to-date: /home/fectec151/Downloads/Projects/vanttec_sdv/workspace/src/install/sdv_msgs/include/sdv_msgs/sdv_msgs\n'}
[1.174980] (sdv_msgs) StdoutLine: {'line': b'-- Up-to-date: /home/fectec151/Downloads/Projects/vanttec_sdv/workspace/src/install/sdv_msgs/include/sdv_msgs/sdv_msgs/srv\n'}
[1.175375] (sdv_msgs) StdoutLine: {'line': b'-- Up-to-date: /home/fectec151/Downloads/Projects/vanttec_sdv/workspace/src/install/sdv_msgs/include/sdv_msgs/sdv_msgs/srv/detail\n'}
[1.175772] (sdv_msgs) StdoutLine: {'line': b'-- Up-to-date: /home/fectec151/Downloads/Projects/vanttec_sdv/workspace/src/install/sdv_msgs/include/sdv_msgs/sdv_msgs/srv/detail/uint8__functions.h\n'}
[1.175988] (sdv_msgs) StdoutLine: {'line': b'-- Up-to-date: /home/fectec151/Downloads/Projects/vanttec_sdv/workspace/src/install/sdv_msgs/include/sdv_msgs/sdv_msgs/srv/detail/uint8__functions.c\n'}
[1.176253] (sdv_msgs) StdoutLine: {'line': b'-- Up-to-date: /home/fectec151/Downloads/Projects/vanttec_sdv/workspace/src/install/sdv_msgs/include/sdv_msgs/sdv_msgs/srv/detail/uint8__struct.h\n'}
[1.176514] (sdv_msgs) StdoutLine: {'line': b'-- Up-to-date: /home/fectec151/Downloads/Projects/vanttec_sdv/workspace/src/install/sdv_msgs/include/sdv_msgs/sdv_msgs/srv/detail/uint8__type_support.h\n'}
[1.176663] (sdv_msgs) StdoutLine: {'line': b'-- Up-to-date: /home/fectec151/Downloads/Projects/vanttec_sdv/workspace/src/install/sdv_msgs/include/sdv_msgs/sdv_msgs/srv/uint8.h\n'}
[1.176823] (sdv_msgs) StdoutLine: {'line': b'-- Up-to-date: /home/fectec151/Downloads/Projects/vanttec_sdv/workspace/src/install/sdv_msgs/include/sdv_msgs/sdv_msgs/msg\n'}
[1.176955] (sdv_msgs) StdoutLine: {'line': b'-- Up-to-date: /home/fectec151/Downloads/Projects/vanttec_sdv/workspace/src/install/sdv_msgs/include/sdv_msgs/sdv_msgs/msg/vehicle_status.h\n'}
[1.177122] (sdv_msgs) StdoutLine: {'line': b'-- Up-to-date: /home/fectec151/Downloads/Projects/vanttec_sdv/workspace/src/install/sdv_msgs/include/sdv_msgs/sdv_msgs/msg/vehicle_info.h\n'}
[1.177334] (sdv_msgs) StdoutLine: {'line': b'-- Up-to-date: /home/fectec151/Downloads/Projects/vanttec_sdv/workspace/src/install/sdv_msgs/include/sdv_msgs/sdv_msgs/msg/lane_invasion_event.h\n'}
[1.177603] (sdv_msgs) StdoutLine: {'line': b'-- Up-to-date: /home/fectec151/Downloads/Projects/vanttec_sdv/workspace/src/install/sdv_msgs/include/sdv_msgs/sdv_msgs/msg/vehicle_control.h\n'}
[1.177881] (sdv_msgs) StdoutLine: {'line': b'-- Up-to-date: /home/fectec151/Downloads/Projects/vanttec_sdv/workspace/src/install/sdv_msgs/include/sdv_msgs/sdv_msgs/msg/waypoint_vector.h\n'}
[1.178095] (sdv_msgs) StdoutLine: {'line': b'-- Up-to-date: /home/fectec151/Downloads/Projects/vanttec_sdv/workspace/src/install/sdv_msgs/include/sdv_msgs/sdv_msgs/msg/encoder.h\n'}
[1.178249] (sdv_msgs) StdoutLine: {'line': b'-- Up-to-date: /home/fectec151/Downloads/Projects/vanttec_sdv/workspace/src/install/sdv_msgs/include/sdv_msgs/sdv_msgs/msg/state.h\n'}
[1.178394] (sdv_msgs) StdoutLine: {'line': b'-- Up-to-date: /home/fectec151/Downloads/Projects/vanttec_sdv/workspace/src/install/sdv_msgs/include/sdv_msgs/sdv_msgs/msg/panel_msg.h\n'}
[1.178532] (sdv_msgs) StdoutLine: {'line': b'-- Up-to-date: /home/fectec151/Downloads/Projects/vanttec_sdv/workspace/src/install/sdv_msgs/include/sdv_msgs/sdv_msgs/msg/throttle_msg.h\n'}
[1.178712] (sdv_msgs) StdoutLine: {'line': b'-- Up-to-date: /home/fectec151/Downloads/Projects/vanttec_sdv/workspace/src/install/sdv_msgs/include/sdv_msgs/sdv_msgs/msg/rosidl_generator_c__visibility_control.h\n'}
[1.178850] (sdv_msgs) StdoutLine: {'line': b'-- Up-to-date: /home/fectec151/Downloads/Projects/vanttec_sdv/workspace/src/install/sdv_msgs/include/sdv_msgs/sdv_msgs/msg/xbox_msg.h\n'}
[1.179073] (sdv_msgs) StdoutLine: {'line': b'-- Up-to-date: /home/fectec151/Downloads/Projects/vanttec_sdv/workspace/src/install/sdv_msgs/include/sdv_msgs/sdv_msgs/msg/vehicle_info_wheel.h\n'}
[1.179323] (sdv_msgs) StdoutLine: {'line': b'-- Up-to-date: /home/fectec151/Downloads/Projects/vanttec_sdv/workspace/src/install/sdv_msgs/include/sdv_msgs/sdv_msgs/msg/collision_event.h\n'}
[1.179841] (sdv_msgs) StdoutLine: {'line': b'-- Up-to-date: /home/fectec151/Downloads/Projects/vanttec_sdv/workspace/src/install/sdv_msgs/include/sdv_msgs/sdv_msgs/msg/eta_pose.h\n'}
[1.180110] (sdv_msgs) StdoutLine: {'line': b'-- Up-to-date: /home/fectec151/Downloads/Projects/vanttec_sdv/workspace/src/install/sdv_msgs/include/sdv_msgs/sdv_msgs/msg/guidance_waypoints.h\n'}
[1.180252] (sdv_msgs) StdoutLine: {'line': b'-- Up-to-date: /home/fectec151/Downloads/Projects/vanttec_sdv/workspace/src/install/sdv_msgs/include/sdv_msgs/sdv_msgs/msg/status.h\n'}
[1.180394] (sdv_msgs) StdoutLine: {'line': b'-- Up-to-date: /home/fectec151/Downloads/Projects/vanttec_sdv/workspace/src/install/sdv_msgs/include/sdv_msgs/sdv_msgs/msg/system_dynamics.h\n'}
[1.180532] (sdv_msgs) StdoutLine: {'line': b'-- Up-to-date: /home/fectec151/Downloads/Projects/vanttec_sdv/workspace/src/install/sdv_msgs/include/sdv_msgs/sdv_msgs/msg/thrust_control.h\n'}
[1.180721] (sdv_msgs) StdoutLine: {'line': b'-- Up-to-date: /home/fectec151/Downloads/Projects/vanttec_sdv/workspace/src/install/sdv_msgs/include/sdv_msgs/sdv_msgs/msg/detail\n'}
[1.180859] (sdv_msgs) StdoutLine: {'line': b'-- Up-to-date: /home/fectec151/Downloads/Projects/vanttec_sdv/workspace/src/install/sdv_msgs/include/sdv_msgs/sdv_msgs/msg/detail/waypoint_vector__struct.h\n'}
[1.180990] (sdv_msgs) StdoutLine: {'line': b'-- Up-to-date: /home/fectec151/Downloads/Projects/vanttec_sdv/workspace/src/install/sdv_msgs/include/sdv_msgs/sdv_msgs/msg/detail/vehicle_status__functions.c\n'}
[1.181139] (sdv_msgs) StdoutLine: {'line': b'-- Up-to-date: /home/fectec151/Downloads/Projects/vanttec_sdv/workspace/src/install/sdv_msgs/include/sdv_msgs/sdv_msgs/msg/detail/thrust_control__functions.h\n'}
[1.181273] (sdv_msgs) StdoutLine: {'line': b'-- Up-to-date: /home/fectec151/Downloads/Projects/vanttec_sdv/workspace/src/install/sdv_msgs/include/sdv_msgs/sdv_msgs/msg/detail/xbox_msg__functions.c\n'}
[1.181500] (sdv_msgs) StdoutLine: {'line': b'-- Up-to-date: /home/fectec151/Downloads/Projects/vanttec_sdv/workspace/src/install/sdv_msgs/include/sdv_msgs/sdv_msgs/msg/detail/waypoint_vector__functions.h\n'}
[1.181740] (sdv_msgs) StdoutLine: {'line': b'-- Up-to-date: /home/fectec151/Downloads/Projects/vanttec_sdv/workspace/src/install/sdv_msgs/include/sdv_msgs/sdv_msgs/msg/detail/vehicle_status__functions.h\n'}
[1.182011] (sdv_msgs) StdoutLine: {'line': b'-- Up-to-date: /home/fectec151/Downloads/Projects/vanttec_sdv/workspace/src/install/sdv_msgs/include/sdv_msgs/sdv_msgs/msg/detail/vehicle_info__struct.h\n'}
[1.182283] (sdv_msgs) StdoutLine: {'line': b'-- Up-to-date: /home/fectec151/Downloads/Projects/vanttec_sdv/workspace/src/install/sdv_msgs/include/sdv_msgs/sdv_msgs/msg/detail/collision_event__functions.h\n'}
[1.182558] (sdv_msgs) StdoutLine: {'line': b'-- Up-to-date: /home/fectec151/Downloads/Projects/vanttec_sdv/workspace/src/install/sdv_msgs/include/sdv_msgs/sdv_msgs/msg/detail/throttle_msg__functions.c\n'}
[1.182832] (sdv_msgs) StdoutLine: {'line': b'-- Up-to-date: /home/fectec151/Downloads/Projects/vanttec_sdv/workspace/src/install/sdv_msgs/include/sdv_msgs/sdv_msgs/msg/detail/encoder__functions.c\n'}
[1.183092] (sdv_msgs) StdoutLine: {'line': b'-- Up-to-date: /home/fectec151/Downloads/Projects/vanttec_sdv/workspace/src/install/sdv_msgs/include/sdv_msgs/sdv_msgs/msg/detail/system_dynamics__functions.h\n'}
[1.183368] (sdv_msgs) StdoutLine: {'line': b'-- Up-to-date: /home/fectec151/Downloads/Projects/vanttec_sdv/workspace/src/install/sdv_msgs/include/sdv_msgs/sdv_msgs/msg/detail/vehicle_control__struct.h\n'}
[1.183570] (sdv_msgs) StdoutLine: {'line': b'-- Up-to-date: /home/fectec151/Downloads/Projects/vanttec_sdv/workspace/src/install/sdv_msgs/include/sdv_msgs/sdv_msgs/msg/detail/vehicle_control__functions.c\n'}
[1.183790] (sdv_msgs) StdoutLine: {'line': b'-- Up-to-date: /home/fectec151/Downloads/Projects/vanttec_sdv/workspace/src/install/sdv_msgs/include/sdv_msgs/sdv_msgs/msg/detail/xbox_msg__functions.h\n'}
[1.184013] (sdv_msgs) StdoutLine: {'line': b'-- Up-to-date: /home/fectec151/Downloads/Projects/vanttec_sdv/workspace/src/install/sdv_msgs/include/sdv_msgs/sdv_msgs/msg/detail/throttle_msg__type_support.h\n'}
[1.184286] (sdv_msgs) StdoutLine: {'line': b'-- Up-to-date: /home/fectec151/Downloads/Projects/vanttec_sdv/workspace/src/install/sdv_msgs/include/sdv_msgs/sdv_msgs/msg/detail/lane_invasion_event__struct.h\n'}
[1.184499] (sdv_msgs) StdoutLine: {'line': b'-- Up-to-date: /home/fectec151/Downloads/Projects/vanttec_sdv/workspace/src/install/sdv_msgs/include/sdv_msgs/sdv_msgs/msg/detail/collision_event__struct.h\n'}
[1.184631] (sdv_msgs) StdoutLine: {'line': b'-- Up-to-date: /home/fectec151/Downloads/Projects/vanttec_sdv/workspace/src/install/sdv_msgs/include/sdv_msgs/sdv_msgs/msg/detail/status__functions.c\n'}
[1.184757] (sdv_msgs) StdoutLine: {'line': b'-- Up-to-date: /home/fectec151/Downloads/Projects/vanttec_sdv/workspace/src/install/sdv_msgs/include/sdv_msgs/sdv_msgs/msg/detail/vehicle_info__functions.h\n'}
[1.184885] (sdv_msgs) StdoutLine: {'line': b'-- Up-to-date: /home/fectec151/Downloads/Projects/vanttec_sdv/workspace/src/install/sdv_msgs/include/sdv_msgs/sdv_msgs/msg/detail/eta_pose__functions.h\n'}
[1.185061] (sdv_msgs) StdoutLine: {'line': b'-- Up-to-date: /home/fectec151/Downloads/Projects/vanttec_sdv/workspace/src/install/sdv_msgs/include/sdv_msgs/sdv_msgs/msg/detail/lane_invasion_event__functions.h\n'}
[1.185215] (sdv_msgs) StdoutLine: {'line': b'-- Up-to-date: /home/fectec151/Downloads/Projects/vanttec_sdv/workspace/src/install/sdv_msgs/include/sdv_msgs/sdv_msgs/msg/detail/thrust_control__struct.h\n'}
[1.185437] (sdv_msgs) StdoutLine: {'line': b'-- Up-to-date: /home/fectec151/Downloads/Projects/vanttec_sdv/workspace/src/install/sdv_msgs/include/sdv_msgs/sdv_msgs/msg/detail/vehicle_info_wheel__struct.h\n'}
[1.185697] (sdv_msgs) StdoutLine: {'line': b'-- Up-to-date: /home/fectec151/Downloads/Projects/vanttec_sdv/workspace/src/install/sdv_msgs/include/sdv_msgs/sdv_msgs/msg/detail/system_dynamics__functions.c\n'}
[1.185956] (sdv_msgs) StdoutLine: {'line': b'-- Up-to-date: /home/fectec151/Downloads/Projects/vanttec_sdv/workspace/src/install/sdv_msgs/include/sdv_msgs/sdv_msgs/msg/detail/panel_msg__struct.h\n'}
[1.186220] (sdv_msgs) StdoutLine: {'line': b'-- Up-to-date: /home/fectec151/Downloads/Projects/vanttec_sdv/workspace/src/install/sdv_msgs/include/sdv_msgs/sdv_msgs/msg/detail/state__type_support.h\n'}
[1.186486] (sdv_msgs) StdoutLine: {'line': b'-- Up-to-date: /home/fectec151/Downloads/Projects/vanttec_sdv/workspace/src/install/sdv_msgs/include/sdv_msgs/sdv_msgs/msg/detail/state__functions.h\n'}
[1.186619] (sdv_msgs) StdoutLine: {'line': b'-- Up-to-date: /home/fectec151/Downloads/Projects/vanttec_sdv/workspace/src/install/sdv_msgs/include/sdv_msgs/sdv_msgs/msg/detail/vehicle_info_wheel__type_support.h\n'}
[1.186747] (sdv_msgs) StdoutLine: {'line': b'-- Up-to-date: /home/fectec151/Downloads/Projects/vanttec_sdv/workspace/src/install/sdv_msgs/include/sdv_msgs/sdv_msgs/msg/detail/guidance_waypoints__struct.h\n'}
[1.186871] (sdv_msgs) StdoutLine: {'line': b'-- Up-to-date: /home/fectec151/Downloads/Projects/vanttec_sdv/workspace/src/install/sdv_msgs/include/sdv_msgs/sdv_msgs/msg/detail/status__type_support.h\n'}
[1.187031] (sdv_msgs) StdoutLine: {'line': b'-- Up-to-date: /home/fectec151/Downloads/Projects/vanttec_sdv/workspace/src/install/sdv_msgs/include/sdv_msgs/sdv_msgs/msg/detail/vehicle_info_wheel__functions.c\n'}
[1.187156] (sdv_msgs) StdoutLine: {'line': b'-- Up-to-date: /home/fectec151/Downloads/Projects/vanttec_sdv/workspace/src/install/sdv_msgs/include/sdv_msgs/sdv_msgs/msg/detail/vehicle_control__type_support.h\n'}
[1.187282] (sdv_msgs) StdoutLine: {'line': b'-- Up-to-date: /home/fectec151/Downloads/Projects/vanttec_sdv/workspace/src/install/sdv_msgs/include/sdv_msgs/sdv_msgs/msg/detail/vehicle_info_wheel__functions.h\n'}
[1.187407] (sdv_msgs) StdoutLine: {'line': b'-- Up-to-date: /home/fectec151/Downloads/Projects/vanttec_sdv/workspace/src/install/sdv_msgs/include/sdv_msgs/sdv_msgs/msg/detail/panel_msg__functions.h\n'}
[1.187568] (sdv_msgs) StdoutLine: {'line': b'-- Up-to-date: /home/fectec151/Downloads/Projects/vanttec_sdv/workspace/src/install/sdv_msgs/include/sdv_msgs/sdv_msgs/msg/detail/eta_pose__struct.h\n'}
[1.187726] (sdv_msgs) StdoutLine: {'line': b'-- Up-to-date: /home/fectec151/Downloads/Projects/vanttec_sdv/workspace/src/install/sdv_msgs/include/sdv_msgs/sdv_msgs/msg/detail/waypoint_vector__type_support.h\n'}
[1.187944] (sdv_msgs) StdoutLine: {'line': b'-- Up-to-date: /home/fectec151/Downloads/Projects/vanttec_sdv/workspace/src/install/sdv_msgs/include/sdv_msgs/sdv_msgs/msg/detail/thrust_control__functions.c\n'}
[1.188110] (sdv_msgs) StdoutLine: {'line': b'-- Up-to-date: /home/fectec151/Downloads/Projects/vanttec_sdv/workspace/src/install/sdv_msgs/include/sdv_msgs/sdv_msgs/msg/detail/panel_msg__type_support.h\n'}
[1.188273] (sdv_msgs) StdoutLine: {'line': b'-- Up-to-date: /home/fectec151/Downloads/Projects/vanttec_sdv/workspace/src/install/sdv_msgs/include/sdv_msgs/sdv_msgs/msg/detail/vehicle_status__struct.h\n'}
[1.188432] (sdv_msgs) StdoutLine: {'line': b'-- Up-to-date: /home/fectec151/Downloads/Projects/vanttec_sdv/workspace/src/install/sdv_msgs/include/sdv_msgs/sdv_msgs/msg/detail/status__functions.h\n'}
[1.188647] (sdv_msgs) StdoutLine: {'line': b'-- Up-to-date: /home/fectec151/Downloads/Projects/vanttec_sdv/workspace/src/install/sdv_msgs/include/sdv_msgs/sdv_msgs/msg/detail/state__functions.c\n'}
[1.188897] (sdv_msgs) StdoutLine: {'line': b'-- Up-to-date: /home/fectec151/Downloads/Projects/vanttec_sdv/workspace/src/install/sdv_msgs/include/sdv_msgs/sdv_msgs/msg/detail/guidance_waypoints__type_support.h\n'}
[1.189158] (sdv_msgs) StdoutLine: {'line': b'-- Up-to-date: /home/fectec151/Downloads/Projects/vanttec_sdv/workspace/src/install/sdv_msgs/include/sdv_msgs/sdv_msgs/msg/detail/status__struct.h\n'}
[1.189427] (sdv_msgs) StdoutLine: {'line': b'-- Up-to-date: /home/fectec151/Downloads/Projects/vanttec_sdv/workspace/src/install/sdv_msgs/include/sdv_msgs/sdv_msgs/msg/detail/lane_invasion_event__functions.c\n'}
[1.189692] (sdv_msgs) StdoutLine: {'line': b'-- Up-to-date: /home/fectec151/Downloads/Projects/vanttec_sdv/workspace/src/install/sdv_msgs/include/sdv_msgs/sdv_msgs/msg/detail/collision_event__type_support.h\n'}
[1.189896] (sdv_msgs) StdoutLine: {'line': b'-- Up-to-date: /home/fectec151/Downloads/Projects/vanttec_sdv/workspace/src/install/sdv_msgs/include/sdv_msgs/sdv_msgs/msg/detail/state__struct.h\n'}
[1.190048] (sdv_msgs) StdoutLine: {'line': b'-- Up-to-date: /home/fectec151/Downloads/Projects/vanttec_sdv/workspace/src/install/sdv_msgs/include/sdv_msgs/sdv_msgs/msg/detail/lane_invasion_event__type_support.h\n'}
[1.190184] (sdv_msgs) StdoutLine: {'line': b'-- Up-to-date: /home/fectec151/Downloads/Projects/vanttec_sdv/workspace/src/install/sdv_msgs/include/sdv_msgs/sdv_msgs/msg/detail/vehicle_info__functions.c\n'}
[1.190335] (sdv_msgs) StdoutLine: {'line': b'-- Up-to-date: /home/fectec151/Downloads/Projects/vanttec_sdv/workspace/src/install/sdv_msgs/include/sdv_msgs/sdv_msgs/msg/detail/xbox_msg__type_support.h\n'}
[1.190475] (sdv_msgs) StdoutLine: {'line': b'-- Up-to-date: /home/fectec151/Downloads/Projects/vanttec_sdv/workspace/src/install/sdv_msgs/include/sdv_msgs/sdv_msgs/msg/detail/eta_pose__functions.c\n'}
[1.190617] (sdv_msgs) StdoutLine: {'line': b'-- Up-to-date: /home/fectec151/Downloads/Projects/vanttec_sdv/workspace/src/install/sdv_msgs/include/sdv_msgs/sdv_msgs/msg/detail/vehicle_control__functions.h\n'}
[1.190757] (sdv_msgs) StdoutLine: {'line': b'-- Up-to-date: /home/fectec151/Downloads/Projects/vanttec_sdv/workspace/src/install/sdv_msgs/include/sdv_msgs/sdv_msgs/msg/detail/throttle_msg__struct.h\n'}
[1.190885] (sdv_msgs) StdoutLine: {'line': b'-- Up-to-date: /home/fectec151/Downloads/Projects/vanttec_sdv/workspace/src/install/sdv_msgs/include/sdv_msgs/sdv_msgs/msg/detail/encoder__struct.h\n'}
[1.191014] (sdv_msgs) StdoutLine: {'line': b'-- Up-to-date: /home/fectec151/Downloads/Projects/vanttec_sdv/workspace/src/install/sdv_msgs/include/sdv_msgs/sdv_msgs/msg/detail/throttle_msg__functions.h\n'}
[1.191144] (sdv_msgs) StdoutLine: {'line': b'-- Up-to-date: /home/fectec151/Downloads/Projects/vanttec_sdv/workspace/src/install/sdv_msgs/include/sdv_msgs/sdv_msgs/msg/detail/guidance_waypoints__functions.c\n'}
[1.191275] (sdv_msgs) StdoutLine: {'line': b'-- Up-to-date: /home/fectec151/Downloads/Projects/vanttec_sdv/workspace/src/install/sdv_msgs/include/sdv_msgs/sdv_msgs/msg/detail/eta_pose__type_support.h\n'}
[1.191403] (sdv_msgs) StdoutLine: {'line': b'-- Up-to-date: /home/fectec151/Downloads/Projects/vanttec_sdv/workspace/src/install/sdv_msgs/include/sdv_msgs/sdv_msgs/msg/detail/vehicle_info__type_support.h\n'}
[1.191529] (sdv_msgs) StdoutLine: {'line': b'-- Up-to-date: /home/fectec151/Downloads/Projects/vanttec_sdv/workspace/src/install/sdv_msgs/include/sdv_msgs/sdv_msgs/msg/detail/waypoint_vector__functions.c\n'}
[1.191655] (sdv_msgs) StdoutLine: {'line': b'-- Up-to-date: /home/fectec151/Downloads/Projects/vanttec_sdv/workspace/src/install/sdv_msgs/include/sdv_msgs/sdv_msgs/msg/detail/system_dynamics__type_support.h\n'}
[1.191782] (sdv_msgs) StdoutLine: {'line': b'-- Up-to-date: /home/fectec151/Downloads/Projects/vanttec_sdv/workspace/src/install/sdv_msgs/include/sdv_msgs/sdv_msgs/msg/detail/encoder__type_support.h\n'}
[1.191905] (sdv_msgs) StdoutLine: {'line': b'-- Up-to-date: /home/fectec151/Downloads/Projects/vanttec_sdv/workspace/src/install/sdv_msgs/include/sdv_msgs/sdv_msgs/msg/detail/xbox_msg__struct.h\n'}
[1.192047] (sdv_msgs) StdoutLine: {'line': b'-- Up-to-date: /home/fectec151/Downloads/Projects/vanttec_sdv/workspace/src/install/sdv_msgs/include/sdv_msgs/sdv_msgs/msg/detail/guidance_waypoints__functions.h\n'}
[1.192188] (sdv_msgs) StdoutLine: {'line': b'-- Up-to-date: /home/fectec151/Downloads/Projects/vanttec_sdv/workspace/src/install/sdv_msgs/include/sdv_msgs/sdv_msgs/msg/detail/panel_msg__functions.c\n'}
[1.192323] (sdv_msgs) StdoutLine: {'line': b'-- Up-to-date: /home/fectec151/Downloads/Projects/vanttec_sdv/workspace/src/install/sdv_msgs/include/sdv_msgs/sdv_msgs/msg/detail/system_dynamics__struct.h\n'}
[1.192462] (sdv_msgs) StdoutLine: {'line': b'-- Up-to-date: /home/fectec151/Downloads/Projects/vanttec_sdv/workspace/src/install/sdv_msgs/include/sdv_msgs/sdv_msgs/msg/detail/thrust_control__type_support.h\n'}
[1.192600] (sdv_msgs) StdoutLine: {'line': b'-- Up-to-date: /home/fectec151/Downloads/Projects/vanttec_sdv/workspace/src/install/sdv_msgs/include/sdv_msgs/sdv_msgs/msg/detail/vehicle_status__type_support.h\n'}
[1.192740] (sdv_msgs) StdoutLine: {'line': b'-- Up-to-date: /home/fectec151/Downloads/Projects/vanttec_sdv/workspace/src/install/sdv_msgs/include/sdv_msgs/sdv_msgs/msg/detail/collision_event__functions.c\n'}
[1.192875] (sdv_msgs) StdoutLine: {'line': b'-- Up-to-date: /home/fectec151/Downloads/Projects/vanttec_sdv/workspace/src/install/sdv_msgs/include/sdv_msgs/sdv_msgs/msg/detail/encoder__functions.h\n'}
[1.193012] (sdv_msgs) StdoutLine: {'line': b'-- Up-to-date: /home/fectec151/Downloads/Projects/vanttec_sdv/workspace/src/install/sdv_msgs/share/sdv_msgs/environment/library_path.sh\n'}
[1.193151] (sdv_msgs) StdoutLine: {'line': b'-- Up-to-date: /home/fectec151/Downloads/Projects/vanttec_sdv/workspace/src/install/sdv_msgs/share/sdv_msgs/environment/library_path.dsv\n'}
[1.193281] (sdv_msgs) StdoutLine: {'line': b'-- Up-to-date: /home/fectec151/Downloads/Projects/vanttec_sdv/workspace/src/install/sdv_msgs/lib/libsdv_msgs__rosidl_generator_c.so\n'}
[1.193406] (sdv_msgs) StdoutLine: {'line': b'-- Up-to-date: /home/fectec151/Downloads/Projects/vanttec_sdv/workspace/src/install/sdv_msgs/include/sdv_msgs/sdv_msgs\n'}
[1.193535] (sdv_msgs) StdoutLine: {'line': b'-- Up-to-date: /home/fectec151/Downloads/Projects/vanttec_sdv/workspace/src/install/sdv_msgs/include/sdv_msgs/sdv_msgs/srv\n'}
[1.193682] (sdv_msgs) StdoutLine: {'line': b'-- Up-to-date: /home/fectec151/Downloads/Projects/vanttec_sdv/workspace/src/install/sdv_msgs/include/sdv_msgs/sdv_msgs/srv/detail\n'}
[1.193814] (sdv_msgs) StdoutLine: {'line': b'-- Up-to-date: /home/fectec151/Downloads/Projects/vanttec_sdv/workspace/src/install/sdv_msgs/include/sdv_msgs/sdv_msgs/srv/detail/uint8__rosidl_typesupport_fastrtps_c.h\n'}
[1.193942] (sdv_msgs) StdoutLine: {'line': b'-- Up-to-date: /home/fectec151/Downloads/Projects/vanttec_sdv/workspace/src/install/sdv_msgs/include/sdv_msgs/sdv_msgs/msg\n'}
[1.194068] (sdv_msgs) StdoutLine: {'line': b'-- Up-to-date: /home/fectec151/Downloads/Projects/vanttec_sdv/workspace/src/install/sdv_msgs/include/sdv_msgs/sdv_msgs/msg/rosidl_typesupport_fastrtps_c__visibility_control.h\n'}
[1.194194] (sdv_msgs) StdoutLine: {'line': b'-- Up-to-date: /home/fectec151/Downloads/Projects/vanttec_sdv/workspace/src/install/sdv_msgs/include/sdv_msgs/sdv_msgs/msg/detail\n'}
[1.194336] (sdv_msgs) StdoutLine: {'line': b'-- Up-to-date: /home/fectec151/Downloads/Projects/vanttec_sdv/workspace/src/install/sdv_msgs/include/sdv_msgs/sdv_msgs/msg/detail/vehicle_control__rosidl_typesupport_fastrtps_c.h\n'}
[1.194463] (sdv_msgs) StdoutLine: {'line': b'-- Up-to-date: /home/fectec151/Downloads/Projects/vanttec_sdv/workspace/src/install/sdv_msgs/include/sdv_msgs/sdv_msgs/msg/detail/vehicle_info_wheel__rosidl_typesupport_fastrtps_c.h\n'}
[1.194587] (sdv_msgs) StdoutLine: {'line': b'-- Up-to-date: /home/fectec151/Downloads/Projects/vanttec_sdv/workspace/src/install/sdv_msgs/include/sdv_msgs/sdv_msgs/msg/detail/waypoint_vector__rosidl_typesupport_fastrtps_c.h\n'}
[1.194711] (sdv_msgs) StdoutLine: {'line': b'-- Up-to-date: /home/fectec151/Downloads/Projects/vanttec_sdv/workspace/src/install/sdv_msgs/include/sdv_msgs/sdv_msgs/msg/detail/thrust_control__rosidl_typesupport_fastrtps_c.h\n'}
[1.194848] (sdv_msgs) StdoutLine: {'line': b'-- Up-to-date: /home/fectec151/Downloads/Projects/vanttec_sdv/workspace/src/install/sdv_msgs/include/sdv_msgs/sdv_msgs/msg/detail/guidance_waypoints__rosidl_typesupport_fastrtps_c.h\n'}
[1.194975] (sdv_msgs) StdoutLine: {'line': b'-- Up-to-date: /home/fectec151/Downloads/Projects/vanttec_sdv/workspace/src/install/sdv_msgs/include/sdv_msgs/sdv_msgs/msg/detail/xbox_msg__rosidl_typesupport_fastrtps_c.h\n'}
[1.195102] (sdv_msgs) StdoutLine: {'line': b'-- Up-to-date: /home/fectec151/Downloads/Projects/vanttec_sdv/workspace/src/install/sdv_msgs/include/sdv_msgs/sdv_msgs/msg/detail/state__rosidl_typesupport_fastrtps_c.h\n'}
[1.195230] (sdv_msgs) StdoutLine: {'line': b'-- Up-to-date: /home/fectec151/Downloads/Projects/vanttec_sdv/workspace/src/install/sdv_msgs/include/sdv_msgs/sdv_msgs/msg/detail/collision_event__rosidl_typesupport_fastrtps_c.h\n'}
[1.195365] (sdv_msgs) StdoutLine: {'line': b'-- Up-to-date: /home/fectec151/Downloads/Projects/vanttec_sdv/workspace/src/install/sdv_msgs/include/sdv_msgs/sdv_msgs/msg/detail/eta_pose__rosidl_typesupport_fastrtps_c.h\n'}
[1.195493] (sdv_msgs) StdoutLine: {'line': b'-- Up-to-date: /home/fectec151/Downloads/Projects/vanttec_sdv/workspace/src/install/sdv_msgs/include/sdv_msgs/sdv_msgs/msg/detail/vehicle_status__rosidl_typesupport_fastrtps_c.h\n'}
[1.195621] (sdv_msgs) StdoutLine: {'line': b'-- Up-to-date: /home/fectec151/Downloads/Projects/vanttec_sdv/workspace/src/install/sdv_msgs/include/sdv_msgs/sdv_msgs/msg/detail/throttle_msg__rosidl_typesupport_fastrtps_c.h\n'}
[1.195746] (sdv_msgs) StdoutLine: {'line': b'-- Up-to-date: /home/fectec151/Downloads/Projects/vanttec_sdv/workspace/src/install/sdv_msgs/include/sdv_msgs/sdv_msgs/msg/detail/lane_invasion_event__rosidl_typesupport_fastrtps_c.h\n'}
[1.195872] (sdv_msgs) StdoutLine: {'line': b'-- Up-to-date: /home/fectec151/Downloads/Projects/vanttec_sdv/workspace/src/install/sdv_msgs/include/sdv_msgs/sdv_msgs/msg/detail/panel_msg__rosidl_typesupport_fastrtps_c.h\n'}
[1.195996] (sdv_msgs) StdoutLine: {'line': b'-- Up-to-date: /home/fectec151/Downloads/Projects/vanttec_sdv/workspace/src/install/sdv_msgs/include/sdv_msgs/sdv_msgs/msg/detail/system_dynamics__rosidl_typesupport_fastrtps_c.h\n'}
[1.196126] (sdv_msgs) StdoutLine: {'line': b'-- Up-to-date: /home/fectec151/Downloads/Projects/vanttec_sdv/workspace/src/install/sdv_msgs/include/sdv_msgs/sdv_msgs/msg/detail/status__rosidl_typesupport_fastrtps_c.h\n'}
[1.196254] (sdv_msgs) StdoutLine: {'line': b'-- Up-to-date: /home/fectec151/Downloads/Projects/vanttec_sdv/workspace/src/install/sdv_msgs/include/sdv_msgs/sdv_msgs/msg/detail/encoder__rosidl_typesupport_fastrtps_c.h\n'}
[1.196378] (sdv_msgs) StdoutLine: {'line': b'-- Up-to-date: /home/fectec151/Downloads/Projects/vanttec_sdv/workspace/src/install/sdv_msgs/include/sdv_msgs/sdv_msgs/msg/detail/vehicle_info__rosidl_typesupport_fastrtps_c.h\n'}
[1.196502] (sdv_msgs) StdoutLine: {'line': b'-- Up-to-date: /home/fectec151/Downloads/Projects/vanttec_sdv/workspace/src/install/sdv_msgs/lib/libsdv_msgs__rosidl_typesupport_fastrtps_c.so\n'}
[1.196627] (sdv_msgs) StdoutLine: {'line': b'-- Up-to-date: /home/fectec151/Downloads/Projects/vanttec_sdv/workspace/src/install/sdv_msgs/include/sdv_msgs/sdv_msgs\n'}
[1.196752] (sdv_msgs) StdoutLine: {'line': b'-- Up-to-date: /home/fectec151/Downloads/Projects/vanttec_sdv/workspace/src/install/sdv_msgs/include/sdv_msgs/sdv_msgs/srv\n'}
[1.196896] (sdv_msgs) StdoutLine: {'line': b'-- Up-to-date: /home/fectec151/Downloads/Projects/vanttec_sdv/workspace/src/install/sdv_msgs/include/sdv_msgs/sdv_msgs/srv/detail\n'}
[1.197025] (sdv_msgs) StdoutLine: {'line': b'-- Up-to-date: /home/fectec151/Downloads/Projects/vanttec_sdv/workspace/src/install/sdv_msgs/include/sdv_msgs/sdv_msgs/srv/detail/uint8__rosidl_typesupport_introspection_c.h\n'}
[1.197156] (sdv_msgs) StdoutLine: {'line': b'-- Up-to-date: /home/fectec151/Downloads/Projects/vanttec_sdv/workspace/src/install/sdv_msgs/include/sdv_msgs/sdv_msgs/srv/detail/uint8__type_support.c\n'}
[1.197285] (sdv_msgs) StdoutLine: {'line': b'-- Up-to-date: /home/fectec151/Downloads/Projects/vanttec_sdv/workspace/src/install/sdv_msgs/include/sdv_msgs/sdv_msgs/msg\n'}
[1.197428] (sdv_msgs) StdoutLine: {'line': b'-- Up-to-date: /home/fectec151/Downloads/Projects/vanttec_sdv/workspace/src/install/sdv_msgs/include/sdv_msgs/sdv_msgs/msg/rosidl_typesupport_introspection_c__visibility_control.h\n'}
[1.197557] (sdv_msgs) StdoutLine: {'line': b'-- Up-to-date: /home/fectec151/Downloads/Projects/vanttec_sdv/workspace/src/install/sdv_msgs/include/sdv_msgs/sdv_msgs/msg/detail\n'}
[1.197685] (sdv_msgs) StdoutLine: {'line': b'-- Up-to-date: /home/fectec151/Downloads/Projects/vanttec_sdv/workspace/src/install/sdv_msgs/include/sdv_msgs/sdv_msgs/msg/detail/status__rosidl_typesupport_introspection_c.h\n'}
[1.197813] (sdv_msgs) StdoutLine: {'line': b'-- Up-to-date: /home/fectec151/Downloads/Projects/vanttec_sdv/workspace/src/install/sdv_msgs/include/sdv_msgs/sdv_msgs/msg/detail/vehicle_status__type_support.c\n'}
[1.197940] (sdv_msgs) StdoutLine: {'line': b'-- Up-to-date: /home/fectec151/Downloads/Projects/vanttec_sdv/workspace/src/install/sdv_msgs/include/sdv_msgs/sdv_msgs/msg/detail/state__type_support.c\n'}
[1.198066] (sdv_msgs) StdoutLine: {'line': b'-- Up-to-date: /home/fectec151/Downloads/Projects/vanttec_sdv/workspace/src/install/sdv_msgs/include/sdv_msgs/sdv_msgs/msg/detail/vehicle_info_wheel__type_support.c\n'}
[1.198375] (sdv_msgs) StdoutLine: {'line': b'-- Up-to-date: /home/fectec151/Downloads/Projects/vanttec_sdv/workspace/src/install/sdv_msgs/include/sdv_msgs/sdv_msgs/msg/detail/status__type_support.c\n'}
[1.198534] (sdv_msgs) StdoutLine: {'line': b'-- Up-to-date: /home/fectec151/Downloads/Projects/vanttec_sdv/workspace/src/install/sdv_msgs/include/sdv_msgs/sdv_msgs/msg/detail/waypoint_vector__type_support.c\n'}
[1.198707] (sdv_msgs) StdoutLine: {'line': b'-- Up-to-date: /home/fectec151/Downloads/Projects/vanttec_sdv/workspace/src/install/sdv_msgs/include/sdv_msgs/sdv_msgs/msg/detail/collision_event__type_support.c\n'}
[1.198859] (sdv_msgs) StdoutLine: {'line': b'-- Up-to-date: /home/fectec151/Downloads/Projects/vanttec_sdv/workspace/src/install/sdv_msgs/include/sdv_msgs/sdv_msgs/msg/detail/eta_pose__type_support.c\n'}
[1.199000] (sdv_msgs) StdoutLine: {'line': b'-- Up-to-date: /home/fectec151/Downloads/Projects/vanttec_sdv/workspace/src/install/sdv_msgs/include/sdv_msgs/sdv_msgs/msg/detail/lane_invasion_event__rosidl_typesupport_introspection_c.h\n'}
[1.199139] (sdv_msgs) StdoutLine: {'line': b'-- Up-to-date: /home/fectec151/Downloads/Projects/vanttec_sdv/workspace/src/install/sdv_msgs/include/sdv_msgs/sdv_msgs/msg/detail/encoder__rosidl_typesupport_introspection_c.h\n'}
[1.199277] (sdv_msgs) StdoutLine: {'line': b'-- Up-to-date: /home/fectec151/Downloads/Projects/vanttec_sdv/workspace/src/install/sdv_msgs/include/sdv_msgs/sdv_msgs/msg/detail/guidance_waypoints__rosidl_typesupport_introspection_c.h\n'}
[1.199417] (sdv_msgs) StdoutLine: {'line': b'-- Up-to-date: /home/fectec151/Downloads/Projects/vanttec_sdv/workspace/src/install/sdv_msgs/include/sdv_msgs/sdv_msgs/msg/detail/eta_pose__rosidl_typesupport_introspection_c.h\n'}
[1.199553] (sdv_msgs) StdoutLine: {'line': b'-- Up-to-date: /home/fectec151/Downloads/Projects/vanttec_sdv/workspace/src/install/sdv_msgs/include/sdv_msgs/sdv_msgs/msg/detail/vehicle_control__rosidl_typesupport_introspection_c.h\n'}
[1.199687] (sdv_msgs) StdoutLine: {'line': b'-- Up-to-date: /home/fectec151/Downloads/Projects/vanttec_sdv/workspace/src/install/sdv_msgs/include/sdv_msgs/sdv_msgs/msg/detail/vehicle_info__type_support.c\n'}
[1.199823] (sdv_msgs) StdoutLine: {'line': b'-- Up-to-date: /home/fectec151/Downloads/Projects/vanttec_sdv/workspace/src/install/sdv_msgs/include/sdv_msgs/sdv_msgs/msg/detail/encoder__type_support.c\n'}
[1.199958] (sdv_msgs) StdoutLine: {'line': b'-- Up-to-date: /home/fectec151/Downloads/Projects/vanttec_sdv/workspace/src/install/sdv_msgs/include/sdv_msgs/sdv_msgs/msg/detail/vehicle_status__rosidl_typesupport_introspection_c.h\n'}
[1.200095] (sdv_msgs) StdoutLine: {'line': b'-- Up-to-date: /home/fectec151/Downloads/Projects/vanttec_sdv/workspace/src/install/sdv_msgs/include/sdv_msgs/sdv_msgs/msg/detail/xbox_msg__rosidl_typesupport_introspection_c.h\n'}
[1.200251] (sdv_msgs) StdoutLine: {'line': b'-- Up-to-date: /home/fectec151/Downloads/Projects/vanttec_sdv/workspace/src/install/sdv_msgs/include/sdv_msgs/sdv_msgs/msg/detail/waypoint_vector__rosidl_typesupport_introspection_c.h\n'}
[1.200385] (sdv_msgs) StdoutLine: {'line': b'-- Up-to-date: /home/fectec151/Downloads/Projects/vanttec_sdv/workspace/src/install/sdv_msgs/include/sdv_msgs/sdv_msgs/msg/detail/thrust_control__rosidl_typesupport_introspection_c.h\n'}
[1.200547] (sdv_msgs) StdoutLine: {'line': b'-- Up-to-date: /home/fectec151/Downloads/Projects/vanttec_sdv/workspace/src/install/sdv_msgs/include/sdv_msgs/sdv_msgs/msg/detail/xbox_msg__type_support.c\n'}
[1.200682] (sdv_msgs) StdoutLine: {'line': b'-- Up-to-date: /home/fectec151/Downloads/Projects/vanttec_sdv/workspace/src/install/sdv_msgs/include/sdv_msgs/sdv_msgs/msg/detail/throttle_msg__type_support.c\n'}
[1.200818] (sdv_msgs) StdoutLine: {'line': b'-- Up-to-date: /home/fectec151/Downloads/Projects/vanttec_sdv/workspace/src/install/sdv_msgs/include/sdv_msgs/sdv_msgs/msg/detail/lane_invasion_event__type_support.c\n'}
[1.200958] (sdv_msgs) StdoutLine: {'line': b'-- Up-to-date: /home/fectec151/Downloads/Projects/vanttec_sdv/workspace/src/install/sdv_msgs/include/sdv_msgs/sdv_msgs/msg/detail/panel_msg__rosidl_typesupport_introspection_c.h\n'}
[1.201092] (sdv_msgs) StdoutLine: {'line': b'-- Up-to-date: /home/fectec151/Downloads/Projects/vanttec_sdv/workspace/src/install/sdv_msgs/include/sdv_msgs/sdv_msgs/msg/detail/panel_msg__type_support.c\n'}
[1.201229] (sdv_msgs) StdoutLine: {'line': b'-- Up-to-date: /home/fectec151/Downloads/Projects/vanttec_sdv/workspace/src/install/sdv_msgs/include/sdv_msgs/sdv_msgs/msg/detail/vehicle_control__type_support.c\n'}
[1.201365] (sdv_msgs) StdoutLine: {'line': b'-- Up-to-date: /home/fectec151/Downloads/Projects/vanttec_sdv/workspace/src/install/sdv_msgs/include/sdv_msgs/sdv_msgs/msg/detail/vehicle_info_wheel__rosidl_typesupport_introspection_c.h\n'}
[1.201502] (sdv_msgs) StdoutLine: {'line': b'-- Up-to-date: /home/fectec151/Downloads/Projects/vanttec_sdv/workspace/src/install/sdv_msgs/include/sdv_msgs/sdv_msgs/msg/detail/system_dynamics__type_support.c\n'}
[1.201639] (sdv_msgs) StdoutLine: {'line': b'-- Up-to-date: /home/fectec151/Downloads/Projects/vanttec_sdv/workspace/src/install/sdv_msgs/include/sdv_msgs/sdv_msgs/msg/detail/state__rosidl_typesupport_introspection_c.h\n'}
[1.201770] (sdv_msgs) StdoutLine: {'line': b'-- Up-to-date: /home/fectec151/Downloads/Projects/vanttec_sdv/workspace/src/install/sdv_msgs/include/sdv_msgs/sdv_msgs/msg/detail/thrust_control__type_support.c\n'}
[1.201920] (sdv_msgs) StdoutLine: {'line': b'-- Up-to-date: /home/fectec151/Downloads/Projects/vanttec_sdv/workspace/src/install/sdv_msgs/include/sdv_msgs/sdv_msgs/msg/detail/collision_event__rosidl_typesupport_introspection_c.h\n'}
[1.202055] (sdv_msgs) StdoutLine: {'line': b'-- Up-to-date: /home/fectec151/Downloads/Projects/vanttec_sdv/workspace/src/install/sdv_msgs/include/sdv_msgs/sdv_msgs/msg/detail/vehicle_info__rosidl_typesupport_introspection_c.h\n'}
[1.202189] (sdv_msgs) StdoutLine: {'line': b'-- Up-to-date: /home/fectec151/Downloads/Projects/vanttec_sdv/workspace/src/install/sdv_msgs/include/sdv_msgs/sdv_msgs/msg/detail/throttle_msg__rosidl_typesupport_introspection_c.h\n'}
[1.202353] (-) TimerEvent: {}
[1.202746] (sdv_msgs) StdoutLine: {'line': b'-- Up-to-date: /home/fectec151/Downloads/Projects/vanttec_sdv/workspace/src/install/sdv_msgs/include/sdv_msgs/sdv_msgs/msg/detail/system_dynamics__rosidl_typesupport_introspection_c.h\n'}
[1.202942] (sdv_msgs) StdoutLine: {'line': b'-- Up-to-date: /home/fectec151/Downloads/Projects/vanttec_sdv/workspace/src/install/sdv_msgs/include/sdv_msgs/sdv_msgs/msg/detail/guidance_waypoints__type_support.c\n'}
[1.203081] (sdv_msgs) StdoutLine: {'line': b'-- Up-to-date: /home/fectec151/Downloads/Projects/vanttec_sdv/workspace/src/install/sdv_msgs/lib/libsdv_msgs__rosidl_typesupport_introspection_c.so\n'}
[1.203237] (sdv_msgs) StdoutLine: {'line': b'-- Up-to-date: /home/fectec151/Downloads/Projects/vanttec_sdv/workspace/src/install/sdv_msgs/lib/libsdv_msgs__rosidl_typesupport_c.so\n'}
[1.203373] (sdv_msgs) StdoutLine: {'line': b'-- Up-to-date: /home/fectec151/Downloads/Projects/vanttec_sdv/workspace/src/install/sdv_msgs/include/sdv_msgs/sdv_msgs\n'}
[1.203504] (sdv_msgs) StdoutLine: {'line': b'-- Up-to-date: /home/fectec151/Downloads/Projects/vanttec_sdv/workspace/src/install/sdv_msgs/include/sdv_msgs/sdv_msgs/srv\n'}
[1.203642] (sdv_msgs) StdoutLine: {'line': b'-- Up-to-date: /home/fectec151/Downloads/Projects/vanttec_sdv/workspace/src/install/sdv_msgs/include/sdv_msgs/sdv_msgs/srv/uint8.hpp\n'}
[1.203776] (sdv_msgs) StdoutLine: {'line': b'-- Up-to-date: /home/fectec151/Downloads/Projects/vanttec_sdv/workspace/src/install/sdv_msgs/include/sdv_msgs/sdv_msgs/srv/detail\n'}
[1.203912] (sdv_msgs) StdoutLine: {'line': b'-- Up-to-date: /home/fectec151/Downloads/Projects/vanttec_sdv/workspace/src/install/sdv_msgs/include/sdv_msgs/sdv_msgs/srv/detail/uint8__builder.hpp\n'}
[1.204049] (sdv_msgs) StdoutLine: {'line': b'-- Up-to-date: /home/fectec151/Downloads/Projects/vanttec_sdv/workspace/src/install/sdv_msgs/include/sdv_msgs/sdv_msgs/srv/detail/uint8__traits.hpp\n'}
[1.204183] (sdv_msgs) StdoutLine: {'line': b'-- Up-to-date: /home/fectec151/Downloads/Projects/vanttec_sdv/workspace/src/install/sdv_msgs/include/sdv_msgs/sdv_msgs/srv/detail/uint8__struct.hpp\n'}
[1.204319] (sdv_msgs) StdoutLine: {'line': b'-- Up-to-date: /home/fectec151/Downloads/Projects/vanttec_sdv/workspace/src/install/sdv_msgs/include/sdv_msgs/sdv_msgs/msg\n'}
[1.204453] (sdv_msgs) StdoutLine: {'line': b'-- Up-to-date: /home/fectec151/Downloads/Projects/vanttec_sdv/workspace/src/install/sdv_msgs/include/sdv_msgs/sdv_msgs/msg/xbox_msg.hpp\n'}
[1.204612] (sdv_msgs) StdoutLine: {'line': b'-- Up-to-date: /home/fectec151/Downloads/Projects/vanttec_sdv/workspace/src/install/sdv_msgs/include/sdv_msgs/sdv_msgs/msg/status.hpp\n'}
[1.204750] (sdv_msgs) StdoutLine: {'line': b'-- Up-to-date: /home/fectec151/Downloads/Projects/vanttec_sdv/workspace/src/install/sdv_msgs/include/sdv_msgs/sdv_msgs/msg/vehicle_info_wheel.hpp\n'}
[1.204890] (sdv_msgs) StdoutLine: {'line': b'-- Up-to-date: /home/fectec151/Downloads/Projects/vanttec_sdv/workspace/src/install/sdv_msgs/include/sdv_msgs/sdv_msgs/msg/thrust_control.hpp\n'}
[1.205027] (sdv_msgs) StdoutLine: {'line': b'-- Up-to-date: /home/fectec151/Downloads/Projects/vanttec_sdv/workspace/src/install/sdv_msgs/include/sdv_msgs/sdv_msgs/msg/vehicle_info.hpp\n'}
[1.205165] (sdv_msgs) StdoutLine: {'line': b'-- Up-to-date: /home/fectec151/Downloads/Projects/vanttec_sdv/workspace/src/install/sdv_msgs/include/sdv_msgs/sdv_msgs/msg/throttle_msg.hpp\n'}
[1.205303] (sdv_msgs) StdoutLine: {'line': b'-- Up-to-date: /home/fectec151/Downloads/Projects/vanttec_sdv/workspace/src/install/sdv_msgs/include/sdv_msgs/sdv_msgs/msg/vehicle_control.hpp\n'}
[1.205452] (sdv_msgs) StdoutLine: {'line': b'-- Up-to-date: /home/fectec151/Downloads/Projects/vanttec_sdv/workspace/src/install/sdv_msgs/include/sdv_msgs/sdv_msgs/msg/guidance_waypoints.hpp\n'}
[1.205592] (sdv_msgs) StdoutLine: {'line': b'-- Up-to-date: /home/fectec151/Downloads/Projects/vanttec_sdv/workspace/src/install/sdv_msgs/include/sdv_msgs/sdv_msgs/msg/lane_invasion_event.hpp\n'}
[1.205731] (sdv_msgs) StdoutLine: {'line': b'-- Up-to-date: /home/fectec151/Downloads/Projects/vanttec_sdv/workspace/src/install/sdv_msgs/include/sdv_msgs/sdv_msgs/msg/system_dynamics.hpp\n'}
[1.205872] (sdv_msgs) StdoutLine: {'line': b'-- Up-to-date: /home/fectec151/Downloads/Projects/vanttec_sdv/workspace/src/install/sdv_msgs/include/sdv_msgs/sdv_msgs/msg/collision_event.hpp\n'}
[1.206024] (sdv_msgs) StdoutLine: {'line': b'-- Up-to-date: /home/fectec151/Downloads/Projects/vanttec_sdv/workspace/src/install/sdv_msgs/include/sdv_msgs/sdv_msgs/msg/state.hpp\n'}
[1.206160] (sdv_msgs) StdoutLine: {'line': b'-- Up-to-date: /home/fectec151/Downloads/Projects/vanttec_sdv/workspace/src/install/sdv_msgs/include/sdv_msgs/sdv_msgs/msg/waypoint_vector.hpp\n'}
[1.206330] (sdv_msgs) StdoutLine: {'line': b'-- Up-to-date: /home/fectec151/Downloads/Projects/vanttec_sdv/workspace/src/install/sdv_msgs/include/sdv_msgs/sdv_msgs/msg/detail\n'}
[1.206478] (sdv_msgs) StdoutLine: {'line': b'-- Up-to-date: /home/fectec151/Downloads/Projects/vanttec_sdv/workspace/src/install/sdv_msgs/include/sdv_msgs/sdv_msgs/msg/detail/status__builder.hpp\n'}
[1.206622] (sdv_msgs) StdoutLine: {'line': b'-- Up-to-date: /home/fectec151/Downloads/Projects/vanttec_sdv/workspace/src/install/sdv_msgs/include/sdv_msgs/sdv_msgs/msg/detail/panel_msg__traits.hpp\n'}
[1.206761] (sdv_msgs) StdoutLine: {'line': b'-- Up-to-date: /home/fectec151/Downloads/Projects/vanttec_sdv/workspace/src/install/sdv_msgs/include/sdv_msgs/sdv_msgs/msg/detail/vehicle_status__builder.hpp\n'}
[1.206897] (sdv_msgs) StdoutLine: {'line': b'-- Up-to-date: /home/fectec151/Downloads/Projects/vanttec_sdv/workspace/src/install/sdv_msgs/include/sdv_msgs/sdv_msgs/msg/detail/collision_event__traits.hpp\n'}
[1.207035] (sdv_msgs) StdoutLine: {'line': b'-- Up-to-date: /home/fectec151/Downloads/Projects/vanttec_sdv/workspace/src/install/sdv_msgs/include/sdv_msgs/sdv_msgs/msg/detail/encoder__struct.hpp\n'}
[1.207178] (sdv_msgs) StdoutLine: {'line': b'-- Up-to-date: /home/fectec151/Downloads/Projects/vanttec_sdv/workspace/src/install/sdv_msgs/include/sdv_msgs/sdv_msgs/msg/detail/throttle_msg__struct.hpp\n'}
[1.207314] (sdv_msgs) StdoutLine: {'line': b'-- Up-to-date: /home/fectec151/Downloads/Projects/vanttec_sdv/workspace/src/install/sdv_msgs/include/sdv_msgs/sdv_msgs/msg/detail/status__traits.hpp\n'}
[1.207449] (sdv_msgs) StdoutLine: {'line': b'-- Up-to-date: /home/fectec151/Downloads/Projects/vanttec_sdv/workspace/src/install/sdv_msgs/include/sdv_msgs/sdv_msgs/msg/detail/eta_pose__builder.hpp\n'}
[1.207585] (sdv_msgs) StdoutLine: {'line': b'-- Up-to-date: /home/fectec151/Downloads/Projects/vanttec_sdv/workspace/src/install/sdv_msgs/include/sdv_msgs/sdv_msgs/msg/detail/vehicle_info_wheel__builder.hpp\n'}
[1.207721] (sdv_msgs) StdoutLine: {'line': b'-- Up-to-date: /home/fectec151/Downloads/Projects/vanttec_sdv/workspace/src/install/sdv_msgs/include/sdv_msgs/sdv_msgs/msg/detail/thrust_control__traits.hpp\n'}
[1.207861] (sdv_msgs) StdoutLine: {'line': b'-- Up-to-date: /home/fectec151/Downloads/Projects/vanttec_sdv/workspace/src/install/sdv_msgs/include/sdv_msgs/sdv_msgs/msg/detail/xbox_msg__builder.hpp\n'}
[1.208006] (sdv_msgs) StdoutLine: {'line': b'-- Up-to-date: /home/fectec151/Downloads/Projects/vanttec_sdv/workspace/src/install/sdv_msgs/include/sdv_msgs/sdv_msgs/msg/detail/system_dynamics__builder.hpp\n'}
[1.208156] (sdv_msgs) StdoutLine: {'line': b'-- Up-to-date: /home/fectec151/Downloads/Projects/vanttec_sdv/workspace/src/install/sdv_msgs/include/sdv_msgs/sdv_msgs/msg/detail/vehicle_info_wheel__traits.hpp\n'}
[1.208297] (sdv_msgs) StdoutLine: {'line': b'-- Up-to-date: /home/fectec151/Downloads/Projects/vanttec_sdv/workspace/src/install/sdv_msgs/include/sdv_msgs/sdv_msgs/msg/detail/throttle_msg__builder.hpp\n'}
[1.208431] (sdv_msgs) StdoutLine: {'line': b'-- Up-to-date: /home/fectec151/Downloads/Projects/vanttec_sdv/workspace/src/install/sdv_msgs/include/sdv_msgs/sdv_msgs/msg/detail/waypoint_vector__struct.hpp\n'}
[1.208596] (sdv_msgs) StdoutLine: {'line': b'-- Up-to-date: /home/fectec151/Downloads/Projects/vanttec_sdv/workspace/src/install/sdv_msgs/include/sdv_msgs/sdv_msgs/msg/detail/state__traits.hpp\n'}
[1.208738] (sdv_msgs) StdoutLine: {'line': b'-- Up-to-date: /home/fectec151/Downloads/Projects/vanttec_sdv/workspace/src/install/sdv_msgs/include/sdv_msgs/sdv_msgs/msg/detail/panel_msg__struct.hpp\n'}
[1.208880] (sdv_msgs) StdoutLine: {'line': b'-- Up-to-date: /home/fectec151/Downloads/Projects/vanttec_sdv/workspace/src/install/sdv_msgs/include/sdv_msgs/sdv_msgs/msg/detail/vehicle_info_wheel__struct.hpp\n'}
[1.209019] (sdv_msgs) StdoutLine: {'line': b'-- Up-to-date: /home/fectec151/Downloads/Projects/vanttec_sdv/workspace/src/install/sdv_msgs/include/sdv_msgs/sdv_msgs/msg/detail/vehicle_status__traits.hpp\n'}
[1.209168] (sdv_msgs) StdoutLine: {'line': b'-- Up-to-date: /home/fectec151/Downloads/Projects/vanttec_sdv/workspace/src/install/sdv_msgs/include/sdv_msgs/sdv_msgs/msg/detail/collision_event__builder.hpp\n'}
[1.209307] (sdv_msgs) StdoutLine: {'line': b'-- Up-to-date: /home/fectec151/Downloads/Projects/vanttec_sdv/workspace/src/install/sdv_msgs/include/sdv_msgs/sdv_msgs/msg/detail/eta_pose__traits.hpp\n'}
[1.209443] (sdv_msgs) StdoutLine: {'line': b'-- Up-to-date: /home/fectec151/Downloads/Projects/vanttec_sdv/workspace/src/install/sdv_msgs/include/sdv_msgs/sdv_msgs/msg/detail/status__struct.hpp\n'}
[1.209590] (sdv_msgs) StdoutLine: {'line': b'-- Up-to-date: /home/fectec151/Downloads/Projects/vanttec_sdv/workspace/src/install/sdv_msgs/include/sdv_msgs/sdv_msgs/msg/detail/guidance_waypoints__struct.hpp\n'}
[1.209731] (sdv_msgs) StdoutLine: {'line': b'-- Up-to-date: /home/fectec151/Downloads/Projects/vanttec_sdv/workspace/src/install/sdv_msgs/include/sdv_msgs/sdv_msgs/msg/detail/system_dynamics__struct.hpp\n'}
[1.209869] (sdv_msgs) StdoutLine: {'line': b'-- Up-to-date: /home/fectec151/Downloads/Projects/vanttec_sdv/workspace/src/install/sdv_msgs/include/sdv_msgs/sdv_msgs/msg/detail/waypoint_vector__traits.hpp\n'}
[1.210011] (sdv_msgs) StdoutLine: {'line': b'-- Up-to-date: /home/fectec151/Downloads/Projects/vanttec_sdv/workspace/src/install/sdv_msgs/include/sdv_msgs/sdv_msgs/msg/detail/state__builder.hpp\n'}
[1.210151] (sdv_msgs) StdoutLine: {'line': b'-- Up-to-date: /home/fectec151/Downloads/Projects/vanttec_sdv/workspace/src/install/sdv_msgs/include/sdv_msgs/sdv_msgs/msg/detail/lane_invasion_event__builder.hpp\n'}
[1.210309] (sdv_msgs) StdoutLine: {'line': b'-- Up-to-date: /home/fectec151/Downloads/Projects/vanttec_sdv/workspace/src/install/sdv_msgs/include/sdv_msgs/sdv_msgs/msg/detail/vehicle_control__builder.hpp\n'}
[1.211131] (sdv_msgs) StdoutLine: {'line': b'-- Up-to-date: /home/fectec151/Downloads/Projects/vanttec_sdv/workspace/src/install/sdv_msgs/include/sdv_msgs/sdv_msgs/msg/detail/xbox_msg__traits.hpp\n'}
[1.211324] (sdv_msgs) StdoutLine: {'line': b'-- Up-to-date: /home/fectec151/Downloads/Projects/vanttec_sdv/workspace/src/install/sdv_msgs/include/sdv_msgs/sdv_msgs/msg/detail/waypoint_vector__builder.hpp\n'}
[1.211469] (sdv_msgs) StdoutLine: {'line': b'-- Up-to-date: /home/fectec151/Downloads/Projects/vanttec_sdv/workspace/src/install/sdv_msgs/include/sdv_msgs/sdv_msgs/msg/detail/guidance_waypoints__traits.hpp\n'}
[1.211673] (sdv_msgs) StdoutLine: {'line': b'-- Up-to-date: /home/fectec151/Downloads/Projects/vanttec_sdv/workspace/src/install/sdv_msgs/include/sdv_msgs/sdv_msgs/msg/detail/vehicle_info__struct.hpp\n'}
[1.211813] (sdv_msgs) StdoutLine: {'line': b'-- Up-to-date: /home/fectec151/Downloads/Projects/vanttec_sdv/workspace/src/install/sdv_msgs/include/sdv_msgs/sdv_msgs/msg/detail/guidance_waypoints__builder.hpp\n'}
[1.211945] (sdv_msgs) StdoutLine: {'line': b'-- Up-to-date: /home/fectec151/Downloads/Projects/vanttec_sdv/workspace/src/install/sdv_msgs/include/sdv_msgs/sdv_msgs/msg/detail/state__struct.hpp\n'}
[1.212081] (sdv_msgs) StdoutLine: {'line': b'-- Up-to-date: /home/fectec151/Downloads/Projects/vanttec_sdv/workspace/src/install/sdv_msgs/include/sdv_msgs/sdv_msgs/msg/detail/vehicle_control__traits.hpp\n'}
[1.212298] (sdv_msgs) StdoutLine: {'line': b'-- Up-to-date: /home/fectec151/Downloads/Projects/vanttec_sdv/workspace/src/install/sdv_msgs/include/sdv_msgs/sdv_msgs/msg/detail/lane_invasion_event__struct.hpp\n'}
[1.212442] (sdv_msgs) StdoutLine: {'line': b'-- Up-to-date: /home/fectec151/Downloads/Projects/vanttec_sdv/workspace/src/install/sdv_msgs/include/sdv_msgs/sdv_msgs/msg/detail/vehicle_control__struct.hpp\n'}
[1.212582] (sdv_msgs) StdoutLine: {'line': b'-- Up-to-date: /home/fectec151/Downloads/Projects/vanttec_sdv/workspace/src/install/sdv_msgs/include/sdv_msgs/sdv_msgs/msg/detail/lane_invasion_event__traits.hpp\n'}
[1.212722] (sdv_msgs) StdoutLine: {'line': b'-- Up-to-date: /home/fectec151/Downloads/Projects/vanttec_sdv/workspace/src/install/sdv_msgs/include/sdv_msgs/sdv_msgs/msg/detail/xbox_msg__struct.hpp\n'}
[1.213250] (sdv_msgs) StdoutLine: {'line': b'-- Up-to-date: /home/fectec151/Downloads/Projects/vanttec_sdv/workspace/src/install/sdv_msgs/include/sdv_msgs/sdv_msgs/msg/detail/vehicle_status__struct.hpp\n'}
[1.213401] (sdv_msgs) StdoutLine: {'line': b'-- Up-to-date: /home/fectec151/Downloads/Projects/vanttec_sdv/workspace/src/install/sdv_msgs/include/sdv_msgs/sdv_msgs/msg/detail/encoder__traits.hpp\n'}
[1.213579] (sdv_msgs) StdoutLine: {'line': b'-- Up-to-date: /home/fectec151/Downloads/Projects/vanttec_sdv/workspace/src/install/sdv_msgs/include/sdv_msgs/sdv_msgs/msg/detail/encoder__builder.hpp\n'}
[1.213725] (sdv_msgs) StdoutLine: {'line': b'-- Up-to-date: /home/fectec151/Downloads/Projects/vanttec_sdv/workspace/src/install/sdv_msgs/include/sdv_msgs/sdv_msgs/msg/detail/vehicle_info__builder.hpp\n'}
[1.213867] (sdv_msgs) StdoutLine: {'line': b'-- Up-to-date: /home/fectec151/Downloads/Projects/vanttec_sdv/workspace/src/install/sdv_msgs/include/sdv_msgs/sdv_msgs/msg/detail/collision_event__struct.hpp\n'}
[1.214010] (sdv_msgs) StdoutLine: {'line': b'-- Up-to-date: /home/fectec151/Downloads/Projects/vanttec_sdv/workspace/src/install/sdv_msgs/include/sdv_msgs/sdv_msgs/msg/detail/vehicle_info__traits.hpp\n'}
[1.214146] (sdv_msgs) StdoutLine: {'line': b'-- Up-to-date: /home/fectec151/Downloads/Projects/vanttec_sdv/workspace/src/install/sdv_msgs/include/sdv_msgs/sdv_msgs/msg/detail/thrust_control__builder.hpp\n'}
[1.214296] (sdv_msgs) StdoutLine: {'line': b'-- Up-to-date: /home/fectec151/Downloads/Projects/vanttec_sdv/workspace/src/install/sdv_msgs/include/sdv_msgs/sdv_msgs/msg/detail/throttle_msg__traits.hpp\n'}
[1.214446] (sdv_msgs) StdoutLine: {'line': b'-- Up-to-date: /home/fectec151/Downloads/Projects/vanttec_sdv/workspace/src/install/sdv_msgs/include/sdv_msgs/sdv_msgs/msg/detail/system_dynamics__traits.hpp\n'}
[1.214587] (sdv_msgs) StdoutLine: {'line': b'-- Up-to-date: /home/fectec151/Downloads/Projects/vanttec_sdv/workspace/src/install/sdv_msgs/include/sdv_msgs/sdv_msgs/msg/detail/panel_msg__builder.hpp\n'}
[1.214726] (sdv_msgs) StdoutLine: {'line': b'-- Up-to-date: /home/fectec151/Downloads/Projects/vanttec_sdv/workspace/src/install/sdv_msgs/include/sdv_msgs/sdv_msgs/msg/detail/thrust_control__struct.hpp\n'}
[1.214866] (sdv_msgs) StdoutLine: {'line': b'-- Up-to-date: /home/fectec151/Downloads/Projects/vanttec_sdv/workspace/src/install/sdv_msgs/include/sdv_msgs/sdv_msgs/msg/detail/eta_pose__struct.hpp\n'}
[1.215007] (sdv_msgs) StdoutLine: {'line': b'-- Up-to-date: /home/fectec151/Downloads/Projects/vanttec_sdv/workspace/src/install/sdv_msgs/include/sdv_msgs/sdv_msgs/msg/panel_msg.hpp\n'}
[1.215145] (sdv_msgs) StdoutLine: {'line': b'-- Up-to-date: /home/fectec151/Downloads/Projects/vanttec_sdv/workspace/src/install/sdv_msgs/include/sdv_msgs/sdv_msgs/msg/eta_pose.hpp\n'}
[1.215277] (sdv_msgs) StdoutLine: {'line': b'-- Up-to-date: /home/fectec151/Downloads/Projects/vanttec_sdv/workspace/src/install/sdv_msgs/include/sdv_msgs/sdv_msgs/msg/encoder.hpp\n'}
[1.215409] (sdv_msgs) StdoutLine: {'line': b'-- Up-to-date: /home/fectec151/Downloads/Projects/vanttec_sdv/workspace/src/install/sdv_msgs/include/sdv_msgs/sdv_msgs/msg/vehicle_status.hpp\n'}
[1.215540] (sdv_msgs) StdoutLine: {'line': b'-- Up-to-date: /home/fectec151/Downloads/Projects/vanttec_sdv/workspace/src/install/sdv_msgs/include/sdv_msgs/sdv_msgs\n'}
[1.215675] (sdv_msgs) StdoutLine: {'line': b'-- Up-to-date: /home/fectec151/Downloads/Projects/vanttec_sdv/workspace/src/install/sdv_msgs/include/sdv_msgs/sdv_msgs/srv\n'}
[1.215808] (sdv_msgs) StdoutLine: {'line': b'-- Up-to-date: /home/fectec151/Downloads/Projects/vanttec_sdv/workspace/src/install/sdv_msgs/include/sdv_msgs/sdv_msgs/srv/detail\n'}
[1.215939] (sdv_msgs) StdoutLine: {'line': b'-- Up-to-date: /home/fectec151/Downloads/Projects/vanttec_sdv/workspace/src/install/sdv_msgs/include/sdv_msgs/sdv_msgs/srv/detail/dds_fastrtps\n'}
[1.216070] (sdv_msgs) StdoutLine: {'line': b'-- Up-to-date: /home/fectec151/Downloads/Projects/vanttec_sdv/workspace/src/install/sdv_msgs/include/sdv_msgs/sdv_msgs/srv/detail/uint8__rosidl_typesupport_fastrtps_cpp.hpp\n'}
[1.216221] (sdv_msgs) StdoutLine: {'line': b'-- Up-to-date: /home/fectec151/Downloads/Projects/vanttec_sdv/workspace/src/install/sdv_msgs/include/sdv_msgs/sdv_msgs/msg\n'}
[1.216355] (sdv_msgs) StdoutLine: {'line': b'-- Up-to-date: /home/fectec151/Downloads/Projects/vanttec_sdv/workspace/src/install/sdv_msgs/include/sdv_msgs/sdv_msgs/msg/rosidl_typesupport_fastrtps_cpp__visibility_control.h\n'}
[1.216488] (sdv_msgs) StdoutLine: {'line': b'-- Up-to-date: /home/fectec151/Downloads/Projects/vanttec_sdv/workspace/src/install/sdv_msgs/include/sdv_msgs/sdv_msgs/msg/detail\n'}
[1.216617] (sdv_msgs) StdoutLine: {'line': b'-- Up-to-date: /home/fectec151/Downloads/Projects/vanttec_sdv/workspace/src/install/sdv_msgs/include/sdv_msgs/sdv_msgs/msg/detail/panel_msg__rosidl_typesupport_fastrtps_cpp.hpp\n'}
[1.216747] (sdv_msgs) StdoutLine: {'line': b'-- Up-to-date: /home/fectec151/Downloads/Projects/vanttec_sdv/workspace/src/install/sdv_msgs/include/sdv_msgs/sdv_msgs/msg/detail/eta_pose__rosidl_typesupport_fastrtps_cpp.hpp\n'}
[1.216877] (sdv_msgs) StdoutLine: {'line': b'-- Up-to-date: /home/fectec151/Downloads/Projects/vanttec_sdv/workspace/src/install/sdv_msgs/include/sdv_msgs/sdv_msgs/msg/detail/dds_fastrtps\n'}
[1.217007] (sdv_msgs) StdoutLine: {'line': b'-- Up-to-date: /home/fectec151/Downloads/Projects/vanttec_sdv/workspace/src/install/sdv_msgs/include/sdv_msgs/sdv_msgs/msg/detail/vehicle_info__rosidl_typesupport_fastrtps_cpp.hpp\n'}
[1.217140] (sdv_msgs) StdoutLine: {'line': b'-- Up-to-date: /home/fectec151/Downloads/Projects/vanttec_sdv/workspace/src/install/sdv_msgs/include/sdv_msgs/sdv_msgs/msg/detail/system_dynamics__rosidl_typesupport_fastrtps_cpp.hpp\n'}
[1.217309] (sdv_msgs) StdoutLine: {'line': b'-- Up-to-date: /home/fectec151/Downloads/Projects/vanttec_sdv/workspace/src/install/sdv_msgs/include/sdv_msgs/sdv_msgs/msg/detail/collision_event__rosidl_typesupport_fastrtps_cpp.hpp\n'}
[1.217450] (sdv_msgs) StdoutLine: {'line': b'-- Up-to-date: /home/fectec151/Downloads/Projects/vanttec_sdv/workspace/src/install/sdv_msgs/include/sdv_msgs/sdv_msgs/msg/detail/encoder__rosidl_typesupport_fastrtps_cpp.hpp\n'}
[1.217592] (sdv_msgs) StdoutLine: {'line': b'-- Up-to-date: /home/fectec151/Downloads/Projects/vanttec_sdv/workspace/src/install/sdv_msgs/include/sdv_msgs/sdv_msgs/msg/detail/vehicle_control__rosidl_typesupport_fastrtps_cpp.hpp\n'}
[1.217736] (sdv_msgs) StdoutLine: {'line': b'-- Up-to-date: /home/fectec151/Downloads/Projects/vanttec_sdv/workspace/src/install/sdv_msgs/include/sdv_msgs/sdv_msgs/msg/detail/state__rosidl_typesupport_fastrtps_cpp.hpp\n'}
[1.217891] (sdv_msgs) StdoutLine: {'line': b'-- Up-to-date: /home/fectec151/Downloads/Projects/vanttec_sdv/workspace/src/install/sdv_msgs/include/sdv_msgs/sdv_msgs/msg/detail/xbox_msg__rosidl_typesupport_fastrtps_cpp.hpp\n'}
[1.218033] (sdv_msgs) StdoutLine: {'line': b'-- Up-to-date: /home/fectec151/Downloads/Projects/vanttec_sdv/workspace/src/install/sdv_msgs/include/sdv_msgs/sdv_msgs/msg/detail/thrust_control__rosidl_typesupport_fastrtps_cpp.hpp\n'}
[1.218173] (sdv_msgs) StdoutLine: {'line': b'-- Up-to-date: /home/fectec151/Downloads/Projects/vanttec_sdv/workspace/src/install/sdv_msgs/include/sdv_msgs/sdv_msgs/msg/detail/guidance_waypoints__rosidl_typesupport_fastrtps_cpp.hpp\n'}
[1.218330] (sdv_msgs) StdoutLine: {'line': b'-- Up-to-date: /home/fectec151/Downloads/Projects/vanttec_sdv/workspace/src/install/sdv_msgs/include/sdv_msgs/sdv_msgs/msg/detail/waypoint_vector__rosidl_typesupport_fastrtps_cpp.hpp\n'}
[1.218479] (sdv_msgs) StdoutLine: {'line': b'-- Up-to-date: /home/fectec151/Downloads/Projects/vanttec_sdv/workspace/src/install/sdv_msgs/include/sdv_msgs/sdv_msgs/msg/detail/status__rosidl_typesupport_fastrtps_cpp.hpp\n'}
[1.218617] (sdv_msgs) StdoutLine: {'line': b'-- Up-to-date: /home/fectec151/Downloads/Projects/vanttec_sdv/workspace/src/install/sdv_msgs/include/sdv_msgs/sdv_msgs/msg/detail/lane_invasion_event__rosidl_typesupport_fastrtps_cpp.hpp\n'}
[1.218758] (sdv_msgs) StdoutLine: {'line': b'-- Up-to-date: /home/fectec151/Downloads/Projects/vanttec_sdv/workspace/src/install/sdv_msgs/include/sdv_msgs/sdv_msgs/msg/detail/throttle_msg__rosidl_typesupport_fastrtps_cpp.hpp\n'}
[1.218915] (sdv_msgs) StdoutLine: {'line': b'-- Up-to-date: /home/fectec151/Downloads/Projects/vanttec_sdv/workspace/src/install/sdv_msgs/include/sdv_msgs/sdv_msgs/msg/detail/vehicle_info_wheel__rosidl_typesupport_fastrtps_cpp.hpp\n'}
[1.219058] (sdv_msgs) StdoutLine: {'line': b'-- Up-to-date: /home/fectec151/Downloads/Projects/vanttec_sdv/workspace/src/install/sdv_msgs/include/sdv_msgs/sdv_msgs/msg/detail/vehicle_status__rosidl_typesupport_fastrtps_cpp.hpp\n'}
[1.219202] (sdv_msgs) StdoutLine: {'line': b'-- Up-to-date: /home/fectec151/Downloads/Projects/vanttec_sdv/workspace/src/install/sdv_msgs/lib/libsdv_msgs__rosidl_typesupport_fastrtps_cpp.so\n'}
[1.219347] (sdv_msgs) StdoutLine: {'line': b'-- Up-to-date: /home/fectec151/Downloads/Projects/vanttec_sdv/workspace/src/install/sdv_msgs/include/sdv_msgs/sdv_msgs\n'}
[1.219490] (sdv_msgs) StdoutLine: {'line': b'-- Up-to-date: /home/fectec151/Downloads/Projects/vanttec_sdv/workspace/src/install/sdv_msgs/include/sdv_msgs/sdv_msgs/srv\n'}
[1.219629] (sdv_msgs) StdoutLine: {'line': b'-- Up-to-date: /home/fectec151/Downloads/Projects/vanttec_sdv/workspace/src/install/sdv_msgs/include/sdv_msgs/sdv_msgs/srv/detail\n'}
[1.219772] (sdv_msgs) StdoutLine: {'line': b'-- Up-to-date: /home/fectec151/Downloads/Projects/vanttec_sdv/workspace/src/install/sdv_msgs/include/sdv_msgs/sdv_msgs/srv/detail/uint8__type_support.cpp\n'}
[1.219915] (sdv_msgs) StdoutLine: {'line': b'-- Up-to-date: /home/fectec151/Downloads/Projects/vanttec_sdv/workspace/src/install/sdv_msgs/include/sdv_msgs/sdv_msgs/srv/detail/uint8__rosidl_typesupport_introspection_cpp.hpp\n'}
[1.220059] (sdv_msgs) StdoutLine: {'line': b'-- Up-to-date: /home/fectec151/Downloads/Projects/vanttec_sdv/workspace/src/install/sdv_msgs/include/sdv_msgs/sdv_msgs/msg\n'}
[1.220202] (sdv_msgs) StdoutLine: {'line': b'-- Up-to-date: /home/fectec151/Downloads/Projects/vanttec_sdv/workspace/src/install/sdv_msgs/include/sdv_msgs/sdv_msgs/msg/detail\n'}
[1.220345] (sdv_msgs) StdoutLine: {'line': b'-- Up-to-date: /home/fectec151/Downloads/Projects/vanttec_sdv/workspace/src/install/sdv_msgs/include/sdv_msgs/sdv_msgs/msg/detail/panel_msg__type_support.cpp\n'}
[1.220491] (sdv_msgs) StdoutLine: {'line': b'-- Up-to-date: /home/fectec151/Downloads/Projects/vanttec_sdv/workspace/src/install/sdv_msgs/include/sdv_msgs/sdv_msgs/msg/detail/vehicle_info_wheel__type_support.cpp\n'}
[1.220637] (sdv_msgs) StdoutLine: {'line': b'-- Up-to-date: /home/fectec151/Downloads/Projects/vanttec_sdv/workspace/src/install/sdv_msgs/include/sdv_msgs/sdv_msgs/msg/detail/guidance_waypoints__type_support.cpp\n'}
[1.220786] (sdv_msgs) StdoutLine: {'line': b'-- Up-to-date: /home/fectec151/Downloads/Projects/vanttec_sdv/workspace/src/install/sdv_msgs/include/sdv_msgs/sdv_msgs/msg/detail/vehicle_status__type_support.cpp\n'}
[1.220956] (sdv_msgs) StdoutLine: {'line': b'-- Up-to-date: /home/fectec151/Downloads/Projects/vanttec_sdv/workspace/src/install/sdv_msgs/include/sdv_msgs/sdv_msgs/msg/detail/vehicle_status__rosidl_typesupport_introspection_cpp.hpp\n'}
[1.221104] (sdv_msgs) StdoutLine: {'line': b'-- Up-to-date: /home/fectec151/Downloads/Projects/vanttec_sdv/workspace/src/install/sdv_msgs/include/sdv_msgs/sdv_msgs/msg/detail/vehicle_info__rosidl_typesupport_introspection_cpp.hpp\n'}
[1.221251] (sdv_msgs) StdoutLine: {'line': b'-- Up-to-date: /home/fectec151/Downloads/Projects/vanttec_sdv/workspace/src/install/sdv_msgs/include/sdv_msgs/sdv_msgs/msg/detail/vehicle_control__rosidl_typesupport_introspection_cpp.hpp\n'}
[1.221420] (sdv_msgs) StdoutLine: {'line': b'-- Up-to-date: /home/fectec151/Downloads/Projects/vanttec_sdv/workspace/src/install/sdv_msgs/include/sdv_msgs/sdv_msgs/msg/detail/lane_invasion_event__rosidl_typesupport_introspection_cpp.hpp\n'}
[1.221579] (sdv_msgs) StdoutLine: {'line': b'-- Up-to-date: /home/fectec151/Downloads/Projects/vanttec_sdv/workspace/src/install/sdv_msgs/include/sdv_msgs/sdv_msgs/msg/detail/thrust_control__rosidl_typesupport_introspection_cpp.hpp\n'}
[1.221749] (sdv_msgs) StdoutLine: {'line': b'-- Up-to-date: /home/fectec151/Downloads/Projects/vanttec_sdv/workspace/src/install/sdv_msgs/include/sdv_msgs/sdv_msgs/msg/detail/collision_event__type_support.cpp\n'}
[1.221895] (sdv_msgs) StdoutLine: {'line': b'-- Up-to-date: /home/fectec151/Downloads/Projects/vanttec_sdv/workspace/src/install/sdv_msgs/include/sdv_msgs/sdv_msgs/msg/detail/throttle_msg__type_support.cpp\n'}
[1.222038] (sdv_msgs) StdoutLine: {'line': b'-- Up-to-date: /home/fectec151/Downloads/Projects/vanttec_sdv/workspace/src/install/sdv_msgs/include/sdv_msgs/sdv_msgs/msg/detail/system_dynamics__rosidl_typesupport_introspection_cpp.hpp\n'}
[1.222183] (sdv_msgs) StdoutLine: {'line': b'-- Up-to-date: /home/fectec151/Downloads/Projects/vanttec_sdv/workspace/src/install/sdv_msgs/include/sdv_msgs/sdv_msgs/msg/detail/eta_pose__rosidl_typesupport_introspection_cpp.hpp\n'}
[1.222344] (sdv_msgs) StdoutLine: {'line': b'-- Up-to-date: /home/fectec151/Downloads/Projects/vanttec_sdv/workspace/src/install/sdv_msgs/include/sdv_msgs/sdv_msgs/msg/detail/eta_pose__type_support.cpp\n'}
[1.222490] (sdv_msgs) StdoutLine: {'line': b'-- Up-to-date: /home/fectec151/Downloads/Projects/vanttec_sdv/workspace/src/install/sdv_msgs/include/sdv_msgs/sdv_msgs/msg/detail/lane_invasion_event__type_support.cpp\n'}
[1.222634] (sdv_msgs) StdoutLine: {'line': b'-- Up-to-date: /home/fectec151/Downloads/Projects/vanttec_sdv/workspace/src/install/sdv_msgs/include/sdv_msgs/sdv_msgs/msg/detail/state__type_support.cpp\n'}
[1.222779] (sdv_msgs) StdoutLine: {'line': b'-- Up-to-date: /home/fectec151/Downloads/Projects/vanttec_sdv/workspace/src/install/sdv_msgs/include/sdv_msgs/sdv_msgs/msg/detail/vehicle_info_wheel__rosidl_typesupport_introspection_cpp.hpp\n'}
[1.222925] (sdv_msgs) StdoutLine: {'line': b'-- Up-to-date: /home/fectec151/Downloads/Projects/vanttec_sdv/workspace/src/install/sdv_msgs/include/sdv_msgs/sdv_msgs/msg/detail/throttle_msg__rosidl_typesupport_introspection_cpp.hpp\n'}
[1.223082] (sdv_msgs) StdoutLine: {'line': b'-- Up-to-date: /home/fectec151/Downloads/Projects/vanttec_sdv/workspace/src/install/sdv_msgs/include/sdv_msgs/sdv_msgs/msg/detail/xbox_msg__rosidl_typesupport_introspection_cpp.hpp\n'}
[1.223239] (sdv_msgs) StdoutLine: {'line': b'-- Up-to-date: /home/fectec151/Downloads/Projects/vanttec_sdv/workspace/src/install/sdv_msgs/include/sdv_msgs/sdv_msgs/msg/detail/waypoint_vector__type_support.cpp\n'}
[1.223388] (sdv_msgs) StdoutLine: {'line': b'-- Up-to-date: /home/fectec151/Downloads/Projects/vanttec_sdv/workspace/src/install/sdv_msgs/include/sdv_msgs/sdv_msgs/msg/detail/system_dynamics__type_support.cpp\n'}
[1.223540] (sdv_msgs) StdoutLine: {'line': b'-- Up-to-date: /home/fectec151/Downloads/Projects/vanttec_sdv/workspace/src/install/sdv_msgs/include/sdv_msgs/sdv_msgs/msg/detail/encoder__rosidl_typesupport_introspection_cpp.hpp\n'}
[1.223691] (sdv_msgs) StdoutLine: {'line': b'-- Up-to-date: /home/fectec151/Downloads/Projects/vanttec_sdv/workspace/src/install/sdv_msgs/include/sdv_msgs/sdv_msgs/msg/detail/xbox_msg__type_support.cpp\n'}
[1.223838] (sdv_msgs) StdoutLine: {'line': b'-- Up-to-date: /home/fectec151/Downloads/Projects/vanttec_sdv/workspace/src/install/sdv_msgs/include/sdv_msgs/sdv_msgs/msg/detail/status__type_support.cpp\n'}
[1.223981] (sdv_msgs) StdoutLine: {'line': b'-- Up-to-date: /home/fectec151/Downloads/Projects/vanttec_sdv/workspace/src/install/sdv_msgs/include/sdv_msgs/sdv_msgs/msg/detail/encoder__type_support.cpp\n'}
[1.224128] (sdv_msgs) StdoutLine: {'line': b'-- Up-to-date: /home/fectec151/Downloads/Projects/vanttec_sdv/workspace/src/install/sdv_msgs/include/sdv_msgs/sdv_msgs/msg/detail/waypoint_vector__rosidl_typesupport_introspection_cpp.hpp\n'}
[1.224269] (sdv_msgs) StdoutLine: {'line': b'-- Up-to-date: /home/fectec151/Downloads/Projects/vanttec_sdv/workspace/src/install/sdv_msgs/include/sdv_msgs/sdv_msgs/msg/detail/vehicle_control__type_support.cpp\n'}
[1.224444] (sdv_msgs) StdoutLine: {'line': b'-- Up-to-date: /home/fectec151/Downloads/Projects/vanttec_sdv/workspace/src/install/sdv_msgs/include/sdv_msgs/sdv_msgs/msg/detail/collision_event__rosidl_typesupport_introspection_cpp.hpp\n'}
[1.224617] (sdv_msgs) StdoutLine: {'line': b'-- Up-to-date: /home/fectec151/Downloads/Projects/vanttec_sdv/workspace/src/install/sdv_msgs/include/sdv_msgs/sdv_msgs/msg/detail/thrust_control__type_support.cpp\n'}
[1.224782] (sdv_msgs) StdoutLine: {'line': b'-- Up-to-date: /home/fectec151/Downloads/Projects/vanttec_sdv/workspace/src/install/sdv_msgs/include/sdv_msgs/sdv_msgs/msg/detail/vehicle_info__type_support.cpp\n'}
[1.224933] (sdv_msgs) StdoutLine: {'line': b'-- Up-to-date: /home/fectec151/Downloads/Projects/vanttec_sdv/workspace/src/install/sdv_msgs/include/sdv_msgs/sdv_msgs/msg/detail/guidance_waypoints__rosidl_typesupport_introspection_cpp.hpp\n'}
[1.225084] (sdv_msgs) StdoutLine: {'line': b'-- Up-to-date: /home/fectec151/Downloads/Projects/vanttec_sdv/workspace/src/install/sdv_msgs/include/sdv_msgs/sdv_msgs/msg/detail/status__rosidl_typesupport_introspection_cpp.hpp\n'}
[1.225238] (sdv_msgs) StdoutLine: {'line': b'-- Up-to-date: /home/fectec151/Downloads/Projects/vanttec_sdv/workspace/src/install/sdv_msgs/include/sdv_msgs/sdv_msgs/msg/detail/panel_msg__rosidl_typesupport_introspection_cpp.hpp\n'}
[1.225388] (sdv_msgs) StdoutLine: {'line': b'-- Up-to-date: /home/fectec151/Downloads/Projects/vanttec_sdv/workspace/src/install/sdv_msgs/include/sdv_msgs/sdv_msgs/msg/detail/state__rosidl_typesupport_introspection_cpp.hpp\n'}
[1.225539] (sdv_msgs) StdoutLine: {'line': b'-- Up-to-date: /home/fectec151/Downloads/Projects/vanttec_sdv/workspace/src/install/sdv_msgs/lib/libsdv_msgs__rosidl_typesupport_introspection_cpp.so\n'}
[1.225700] (sdv_msgs) StdoutLine: {'line': b'-- Up-to-date: /home/fectec151/Downloads/Projects/vanttec_sdv/workspace/src/install/sdv_msgs/lib/libsdv_msgs__rosidl_typesupport_cpp.so\n'}
[1.225855] (sdv_msgs) StdoutLine: {'line': b'-- Up-to-date: /home/fectec151/Downloads/Projects/vanttec_sdv/workspace/src/install/sdv_msgs/share/sdv_msgs/environment/pythonpath.sh\n'}
[1.226008] (sdv_msgs) StdoutLine: {'line': b'-- Up-to-date: /home/fectec151/Downloads/Projects/vanttec_sdv/workspace/src/install/sdv_msgs/share/sdv_msgs/environment/pythonpath.dsv\n'}
[1.226155] (sdv_msgs) StdoutLine: {'line': b'-- Up-to-date: /home/fectec151/Downloads/Projects/vanttec_sdv/workspace/src/install/sdv_msgs/local/lib/python3.10/dist-packages/sdv_msgs-0.0.0-py3.10.egg-info\n'}
[1.226315] (sdv_msgs) StdoutLine: {'line': b'-- Installing: /home/fectec151/Downloads/Projects/vanttec_sdv/workspace/src/install/sdv_msgs/local/lib/python3.10/dist-packages/sdv_msgs-0.0.0-py3.10.egg-info/PKG-INFO\n'}
[1.226459] (sdv_msgs) StdoutLine: {'line': b'-- Installing: /home/fectec151/Downloads/Projects/vanttec_sdv/workspace/src/install/sdv_msgs/local/lib/python3.10/dist-packages/sdv_msgs-0.0.0-py3.10.egg-info/top_level.txt\n'}
[1.226604] (sdv_msgs) StdoutLine: {'line': b'-- Installing: /home/fectec151/Downloads/Projects/vanttec_sdv/workspace/src/install/sdv_msgs/local/lib/python3.10/dist-packages/sdv_msgs-0.0.0-py3.10.egg-info/SOURCES.txt\n'}
[1.226743] (sdv_msgs) StdoutLine: {'line': b'-- Installing: /home/fectec151/Downloads/Projects/vanttec_sdv/workspace/src/install/sdv_msgs/local/lib/python3.10/dist-packages/sdv_msgs-0.0.0-py3.10.egg-info/dependency_links.txt\n'}
[1.226888] (sdv_msgs) StdoutLine: {'line': b'-- Up-to-date: /home/fectec151/Downloads/Projects/vanttec_sdv/workspace/src/install/sdv_msgs/local/lib/python3.10/dist-packages/sdv_msgs\n'}
[1.227032] (sdv_msgs) StdoutLine: {'line': b'-- Up-to-date: /home/fectec151/Downloads/Projects/vanttec_sdv/workspace/src/install/sdv_msgs/local/lib/python3.10/dist-packages/sdv_msgs/sdv_msgs_s__rosidl_typesupport_c.cpython-310-x86_64-linux-gnu.so\n'}
[1.227181] (sdv_msgs) StdoutLine: {'line': b'-- Up-to-date: /home/fectec151/Downloads/Projects/vanttec_sdv/workspace/src/install/sdv_msgs/local/lib/python3.10/dist-packages/sdv_msgs/_sdv_msgs_s.ep.rosidl_typesupport_c.c\n'}
[1.227324] (sdv_msgs) StdoutLine: {'line': b'-- Up-to-date: /home/fectec151/Downloads/Projects/vanttec_sdv/workspace/src/install/sdv_msgs/local/lib/python3.10/dist-packages/sdv_msgs/srv\n'}
[1.227482] (sdv_msgs) StdoutLine: {'line': b'-- Up-to-date: /home/fectec151/Downloads/Projects/vanttec_sdv/workspace/src/install/sdv_msgs/local/lib/python3.10/dist-packages/sdv_msgs/srv/_uint8.py\n'}
[1.227631] (sdv_msgs) StdoutLine: {'line': b'-- Up-to-date: /home/fectec151/Downloads/Projects/vanttec_sdv/workspace/src/install/sdv_msgs/local/lib/python3.10/dist-packages/sdv_msgs/srv/__init__.py\n'}
[1.227783] (sdv_msgs) StdoutLine: {'line': b'-- Up-to-date: /home/fectec151/Downloads/Projects/vanttec_sdv/workspace/src/install/sdv_msgs/local/lib/python3.10/dist-packages/sdv_msgs/srv/_uint8_s.c\n'}
[1.227944] (sdv_msgs) StdoutLine: {'line': b'-- Up-to-date: /home/fectec151/Downloads/Projects/vanttec_sdv/workspace/src/install/sdv_msgs/local/lib/python3.10/dist-packages/sdv_msgs/sdv_msgs_s__rosidl_typesupport_introspection_c.cpython-310-x86_64-linux-gnu.so\n'}
[1.229423] (sdv_msgs) StdoutLine: {'line': b'-- Up-to-date: /home/fectec151/Downloads/Projects/vanttec_sdv/workspace/src/install/sdv_msgs/local/lib/python3.10/dist-packages/sdv_msgs/msg\n'}
[1.229761] (sdv_msgs) StdoutLine: {'line': b'-- Up-to-date: /home/fectec151/Downloads/Projects/vanttec_sdv/workspace/src/install/sdv_msgs/local/lib/python3.10/dist-packages/sdv_msgs/msg/_guidance_waypoints_s.c\n'}
[1.230058] (sdv_msgs) StdoutLine: {'line': b'-- Up-to-date: /home/fectec151/Downloads/Projects/vanttec_sdv/workspace/src/install/sdv_msgs/local/lib/python3.10/dist-packages/sdv_msgs/msg/_vehicle_info_wheel.py\n'}
[1.230244] (sdv_msgs) StdoutLine: {'line': b'-- Up-to-date: /home/fectec151/Downloads/Projects/vanttec_sdv/workspace/src/install/sdv_msgs/local/lib/python3.10/dist-packages/sdv_msgs/msg/_vehicle_info.py\n'}
[1.230415] (sdv_msgs) StdoutLine: {'line': b'-- Up-to-date: /home/fectec151/Downloads/Projects/vanttec_sdv/workspace/src/install/sdv_msgs/local/lib/python3.10/dist-packages/sdv_msgs/msg/_vehicle_status_s.c\n'}
[1.230575] (sdv_msgs) StdoutLine: {'line': b'-- Up-to-date: /home/fectec151/Downloads/Projects/vanttec_sdv/workspace/src/install/sdv_msgs/local/lib/python3.10/dist-packages/sdv_msgs/msg/_panel_msg_s.c\n'}
[1.230725] (sdv_msgs) StdoutLine: {'line': b'-- Up-to-date: /home/fectec151/Downloads/Projects/vanttec_sdv/workspace/src/install/sdv_msgs/local/lib/python3.10/dist-packages/sdv_msgs/msg/_status_s.c\n'}
[1.230883] (sdv_msgs) StdoutLine: {'line': b'-- Up-to-date: /home/fectec151/Downloads/Projects/vanttec_sdv/workspace/src/install/sdv_msgs/local/lib/python3.10/dist-packages/sdv_msgs/msg/_waypoint_vector.py\n'}
[1.231028] (sdv_msgs) StdoutLine: {'line': b'-- Up-to-date: /home/fectec151/Downloads/Projects/vanttec_sdv/workspace/src/install/sdv_msgs/local/lib/python3.10/dist-packages/sdv_msgs/msg/_collision_event.py\n'}
[1.231176] (sdv_msgs) StdoutLine: {'line': b'-- Up-to-date: /home/fectec151/Downloads/Projects/vanttec_sdv/workspace/src/install/sdv_msgs/local/lib/python3.10/dist-packages/sdv_msgs/msg/_vehicle_status.py\n'}
[1.231324] (sdv_msgs) StdoutLine: {'line': b'-- Up-to-date: /home/fectec151/Downloads/Projects/vanttec_sdv/workspace/src/install/sdv_msgs/local/lib/python3.10/dist-packages/sdv_msgs/msg/_panel_msg.py\n'}
[1.231468] (sdv_msgs) StdoutLine: {'line': b'-- Up-to-date: /home/fectec151/Downloads/Projects/vanttec_sdv/workspace/src/install/sdv_msgs/local/lib/python3.10/dist-packages/sdv_msgs/msg/_guidance_waypoints.py\n'}
[1.231616] (sdv_msgs) StdoutLine: {'line': b'-- Up-to-date: /home/fectec151/Downloads/Projects/vanttec_sdv/workspace/src/install/sdv_msgs/local/lib/python3.10/dist-packages/sdv_msgs/msg/__init__.py\n'}
[1.231770] (sdv_msgs) StdoutLine: {'line': b'-- Up-to-date: /home/fectec151/Downloads/Projects/vanttec_sdv/workspace/src/install/sdv_msgs/local/lib/python3.10/dist-packages/sdv_msgs/msg/_lane_invasion_event_s.c\n'}
[1.231921] (sdv_msgs) StdoutLine: {'line': b'-- Up-to-date: /home/fectec151/Downloads/Projects/vanttec_sdv/workspace/src/install/sdv_msgs/local/lib/python3.10/dist-packages/sdv_msgs/msg/_vehicle_control.py\n'}
[1.232107] (sdv_msgs) StdoutLine: {'line': b'-- Up-to-date: /home/fectec151/Downloads/Projects/vanttec_sdv/workspace/src/install/sdv_msgs/local/lib/python3.10/dist-packages/sdv_msgs/msg/_vehicle_control_s.c\n'}
[1.232271] (sdv_msgs) StdoutLine: {'line': b'-- Up-to-date: /home/fectec151/Downloads/Projects/vanttec_sdv/workspace/src/install/sdv_msgs/local/lib/python3.10/dist-packages/sdv_msgs/msg/_system_dynamics_s.c\n'}
[1.232423] (sdv_msgs) StdoutLine: {'line': b'-- Up-to-date: /home/fectec151/Downloads/Projects/vanttec_sdv/workspace/src/install/sdv_msgs/local/lib/python3.10/dist-packages/sdv_msgs/msg/_waypoint_vector_s.c\n'}
[1.232577] (sdv_msgs) StdoutLine: {'line': b'-- Up-to-date: /home/fectec151/Downloads/Projects/vanttec_sdv/workspace/src/install/sdv_msgs/local/lib/python3.10/dist-packages/sdv_msgs/msg/_encoder.py\n'}
[1.232730] (sdv_msgs) StdoutLine: {'line': b'-- Up-to-date: /home/fectec151/Downloads/Projects/vanttec_sdv/workspace/src/install/sdv_msgs/local/lib/python3.10/dist-packages/sdv_msgs/msg/_thrust_control_s.c\n'}
[1.232882] (sdv_msgs) StdoutLine: {'line': b'-- Up-to-date: /home/fectec151/Downloads/Projects/vanttec_sdv/workspace/src/install/sdv_msgs/local/lib/python3.10/dist-packages/sdv_msgs/msg/_throttle_msg_s.c\n'}
[1.233040] (sdv_msgs) StdoutLine: {'line': b'-- Up-to-date: /home/fectec151/Downloads/Projects/vanttec_sdv/workspace/src/install/sdv_msgs/local/lib/python3.10/dist-packages/sdv_msgs/msg/_status.py\n'}
[1.233205] (sdv_msgs) StdoutLine: {'line': b'-- Up-to-date: /home/fectec151/Downloads/Projects/vanttec_sdv/workspace/src/install/sdv_msgs/local/lib/python3.10/dist-packages/sdv_msgs/msg/_lane_invasion_event.py\n'}
[1.233403] (sdv_msgs) StdoutLine: {'line': b'-- Up-to-date: /home/fectec151/Downloads/Projects/vanttec_sdv/workspace/src/install/sdv_msgs/local/lib/python3.10/dist-packages/sdv_msgs/msg/_vehicle_info_s.c\n'}
[1.233689] (sdv_msgs) StdoutLine: {'line': b'-- Up-to-date: /home/fectec151/Downloads/Projects/vanttec_sdv/workspace/src/install/sdv_msgs/local/lib/python3.10/dist-packages/sdv_msgs/msg/_eta_pose.py\n'}
[1.233854] (sdv_msgs) StdoutLine: {'line': b'-- Up-to-date: /home/fectec151/Downloads/Projects/vanttec_sdv/workspace/src/install/sdv_msgs/local/lib/python3.10/dist-packages/sdv_msgs/msg/_eta_pose_s.c\n'}
[1.234002] (sdv_msgs) StdoutLine: {'line': b'-- Up-to-date: /home/fectec151/Downloads/Projects/vanttec_sdv/workspace/src/install/sdv_msgs/local/lib/python3.10/dist-packages/sdv_msgs/msg/_state.py\n'}
[1.234170] (sdv_msgs) StdoutLine: {'line': b'-- Up-to-date: /home/fectec151/Downloads/Projects/vanttec_sdv/workspace/src/install/sdv_msgs/local/lib/python3.10/dist-packages/sdv_msgs/msg/_throttle_msg.py\n'}
[1.234336] (sdv_msgs) StdoutLine: {'line': b'-- Up-to-date: /home/fectec151/Downloads/Projects/vanttec_sdv/workspace/src/install/sdv_msgs/local/lib/python3.10/dist-packages/sdv_msgs/msg/_encoder_s.c\n'}
[1.234485] (sdv_msgs) StdoutLine: {'line': b'-- Up-to-date: /home/fectec151/Downloads/Projects/vanttec_sdv/workspace/src/install/sdv_msgs/local/lib/python3.10/dist-packages/sdv_msgs/msg/_xbox_msg.py\n'}
[1.234627] (sdv_msgs) StdoutLine: {'line': b'-- Up-to-date: /home/fectec151/Downloads/Projects/vanttec_sdv/workspace/src/install/sdv_msgs/local/lib/python3.10/dist-packages/sdv_msgs/msg/_thrust_control.py\n'}
[1.234768] (sdv_msgs) StdoutLine: {'line': b'-- Up-to-date: /home/fectec151/Downloads/Projects/vanttec_sdv/workspace/src/install/sdv_msgs/local/lib/python3.10/dist-packages/sdv_msgs/msg/_collision_event_s.c\n'}
[1.234915] (sdv_msgs) StdoutLine: {'line': b'-- Up-to-date: /home/fectec151/Downloads/Projects/vanttec_sdv/workspace/src/install/sdv_msgs/local/lib/python3.10/dist-packages/sdv_msgs/msg/_system_dynamics.py\n'}
[1.235061] (sdv_msgs) StdoutLine: {'line': b'-- Up-to-date: /home/fectec151/Downloads/Projects/vanttec_sdv/workspace/src/install/sdv_msgs/local/lib/python3.10/dist-packages/sdv_msgs/msg/_xbox_msg_s.c\n'}
[1.235204] (sdv_msgs) StdoutLine: {'line': b'-- Up-to-date: /home/fectec151/Downloads/Projects/vanttec_sdv/workspace/src/install/sdv_msgs/local/lib/python3.10/dist-packages/sdv_msgs/msg/_state_s.c\n'}
[1.235365] (sdv_msgs) StdoutLine: {'line': b'-- Up-to-date: /home/fectec151/Downloads/Projects/vanttec_sdv/workspace/src/install/sdv_msgs/local/lib/python3.10/dist-packages/sdv_msgs/msg/_vehicle_info_wheel_s.c\n'}
[1.235516] (sdv_msgs) StdoutLine: {'line': b'-- Up-to-date: /home/fectec151/Downloads/Projects/vanttec_sdv/workspace/src/install/sdv_msgs/local/lib/python3.10/dist-packages/sdv_msgs/__init__.py\n'}
[1.235999] (sdv_msgs) StdoutLine: {'line': b'-- Up-to-date: /home/fectec151/Downloads/Projects/vanttec_sdv/workspace/src/install/sdv_msgs/local/lib/python3.10/dist-packages/sdv_msgs/_sdv_msgs_s.ep.rosidl_typesupport_fastrtps_c.c\n'}
[1.236171] (sdv_msgs) StdoutLine: {'line': b'-- Up-to-date: /home/fectec151/Downloads/Projects/vanttec_sdv/workspace/src/install/sdv_msgs/local/lib/python3.10/dist-packages/sdv_msgs/_sdv_msgs_s.ep.rosidl_typesupport_introspection_c.c\n'}
[1.236322] (sdv_msgs) StdoutLine: {'line': b'-- Up-to-date: /home/fectec151/Downloads/Projects/vanttec_sdv/workspace/src/install/sdv_msgs/local/lib/python3.10/dist-packages/sdv_msgs/libsdv_msgs__rosidl_generator_py.so\n'}
[1.236465] (sdv_msgs) StdoutLine: {'line': b'-- Up-to-date: /home/fectec151/Downloads/Projects/vanttec_sdv/workspace/src/install/sdv_msgs/local/lib/python3.10/dist-packages/sdv_msgs/sdv_msgs_s__rosidl_typesupport_fastrtps_c.cpython-310-x86_64-linux-gnu.so\n'}
[1.255174] (sdv_msgs) StdoutLine: {'line': b"Listing '/home/fectec151/Downloads/Projects/vanttec_sdv/workspace/src/install/sdv_msgs/local/lib/python3.10/dist-packages/sdv_msgs'...\n"}
[1.255547] (sdv_msgs) StdoutLine: {'line': b"Listing '/home/fectec151/Downloads/Projects/vanttec_sdv/workspace/src/install/sdv_msgs/local/lib/python3.10/dist-packages/sdv_msgs/msg'...\n"}
[1.255731] (sdv_msgs) StdoutLine: {'line': b"Listing '/home/fectec151/Downloads/Projects/vanttec_sdv/workspace/src/install/sdv_msgs/local/lib/python3.10/dist-packages/sdv_msgs/srv'...\n"}
[1.266414] (sdv_msgs) StdoutLine: {'line': b'-- Up-to-date: /home/fectec151/Downloads/Projects/vanttec_sdv/workspace/src/install/sdv_msgs/local/lib/python3.10/dist-packages/sdv_msgs/sdv_msgs_s__rosidl_typesupport_fastrtps_c.cpython-310-x86_64-linux-gnu.so\n'}
[1.267119] (sdv_msgs) StdoutLine: {'line': b'-- Up-to-date: /home/fectec151/Downloads/Projects/vanttec_sdv/workspace/src/install/sdv_msgs/local/lib/python3.10/dist-packages/sdv_msgs/sdv_msgs_s__rosidl_typesupport_introspection_c.cpython-310-x86_64-linux-gnu.so\n'}
[1.267764] (sdv_msgs) StdoutLine: {'line': b'-- Up-to-date: /home/fectec151/Downloads/Projects/vanttec_sdv/workspace/src/install/sdv_msgs/local/lib/python3.10/dist-packages/sdv_msgs/sdv_msgs_s__rosidl_typesupport_c.cpython-310-x86_64-linux-gnu.so\n'}
[1.268375] (sdv_msgs) StdoutLine: {'line': b'-- Up-to-date: /home/fectec151/Downloads/Projects/vanttec_sdv/workspace/src/install/sdv_msgs/lib/libsdv_msgs__rosidl_generator_py.so\n'}
[1.268644] (sdv_msgs) StdoutLine: {'line': b'-- Up-to-date: /home/fectec151/Downloads/Projects/vanttec_sdv/workspace/src/install/sdv_msgs/share/sdv_msgs/msg/State.idl\n'}
[1.268954] (sdv_msgs) StdoutLine: {'line': b'-- Up-to-date: /home/fectec151/Downloads/Projects/vanttec_sdv/workspace/src/install/sdv_msgs/share/sdv_msgs/msg/PanelMsg.idl\n'}
[1.269263] (sdv_msgs) StdoutLine: {'line': b'-- Up-to-date: /home/fectec151/Downloads/Projects/vanttec_sdv/workspace/src/install/sdv_msgs/share/sdv_msgs/msg/XboxMsg.idl\n'}
[1.269553] (sdv_msgs) StdoutLine: {'line': b'-- Up-to-date: /home/fectec151/Downloads/Projects/vanttec_sdv/workspace/src/install/sdv_msgs/share/sdv_msgs/msg/ThrottleMsg.idl\n'}
[1.269846] (sdv_msgs) StdoutLine: {'line': b'-- Up-to-date: /home/fectec151/Downloads/Projects/vanttec_sdv/workspace/src/install/sdv_msgs/share/sdv_msgs/msg/CollisionEvent.idl\n'}
[1.270131] (sdv_msgs) StdoutLine: {'line': b'-- Up-to-date: /home/fectec151/Downloads/Projects/vanttec_sdv/workspace/src/install/sdv_msgs/share/sdv_msgs/msg/LaneInvasionEvent.idl\n'}
[1.270439] (sdv_msgs) StdoutLine: {'line': b'-- Up-to-date: /home/fectec151/Downloads/Projects/vanttec_sdv/workspace/src/install/sdv_msgs/share/sdv_msgs/msg/Status.idl\n'}
[1.270744] (sdv_msgs) StdoutLine: {'line': b'-- Up-to-date: /home/fectec151/Downloads/Projects/vanttec_sdv/workspace/src/install/sdv_msgs/share/sdv_msgs/msg/VehicleControl.idl\n'}
[1.271053] (sdv_msgs) StdoutLine: {'line': b'-- Up-to-date: /home/fectec151/Downloads/Projects/vanttec_sdv/workspace/src/install/sdv_msgs/share/sdv_msgs/msg/VehicleInfo.idl\n'}
[1.271287] (sdv_msgs) StdoutLine: {'line': b'-- Up-to-date: /home/fectec151/Downloads/Projects/vanttec_sdv/workspace/src/install/sdv_msgs/share/sdv_msgs/msg/VehicleStatus.idl\n'}
[1.271488] (sdv_msgs) StdoutLine: {'line': b'-- Up-to-date: /home/fectec151/Downloads/Projects/vanttec_sdv/workspace/src/install/sdv_msgs/share/sdv_msgs/msg/VehicleInfoWheel.idl\n'}
[1.271705] (sdv_msgs) StdoutLine: {'line': b'-- Up-to-date: /home/fectec151/Downloads/Projects/vanttec_sdv/workspace/src/install/sdv_msgs/share/sdv_msgs/msg/GuidanceWaypoints.idl\n'}
[1.271900] (sdv_msgs) StdoutLine: {'line': b'-- Up-to-date: /home/fectec151/Downloads/Projects/vanttec_sdv/workspace/src/install/sdv_msgs/share/sdv_msgs/msg/EtaPose.idl\n'}
[1.272039] (sdv_msgs) StdoutLine: {'line': b'-- Up-to-date: /home/fectec151/Downloads/Projects/vanttec_sdv/workspace/src/install/sdv_msgs/share/sdv_msgs/msg/SystemDynamics.idl\n'}
[1.272174] (sdv_msgs) StdoutLine: {'line': b'-- Up-to-date: /home/fectec151/Downloads/Projects/vanttec_sdv/workspace/src/install/sdv_msgs/share/sdv_msgs/msg/ThrustControl.idl\n'}
[1.272337] (sdv_msgs) StdoutLine: {'line': b'-- Up-to-date: /home/fectec151/Downloads/Projects/vanttec_sdv/workspace/src/install/sdv_msgs/share/sdv_msgs/msg/Encoder.idl\n'}
[1.272473] (sdv_msgs) StdoutLine: {'line': b'-- Up-to-date: /home/fectec151/Downloads/Projects/vanttec_sdv/workspace/src/install/sdv_msgs/share/sdv_msgs/msg/WaypointVector.idl\n'}
[1.272794] (sdv_msgs) StdoutLine: {'line': b'-- Up-to-date: /home/fectec151/Downloads/Projects/vanttec_sdv/workspace/src/install/sdv_msgs/share/sdv_msgs/srv/Uint8.idl\n'}
[1.273005] (sdv_msgs) StdoutLine: {'line': b'-- Up-to-date: /home/fectec151/Downloads/Projects/vanttec_sdv/workspace/src/install/sdv_msgs/share/sdv_msgs/msg/State.msg\n'}
[1.273140] (sdv_msgs) StdoutLine: {'line': b'-- Up-to-date: /home/fectec151/Downloads/Projects/vanttec_sdv/workspace/src/install/sdv_msgs/share/sdv_msgs/msg/PanelMsg.msg\n'}
[1.273441] (sdv_msgs) StdoutLine: {'line': b'-- Up-to-date: /home/fectec151/Downloads/Projects/vanttec_sdv/workspace/src/install/sdv_msgs/share/sdv_msgs/msg/XboxMsg.msg\n'}
[1.273579] (sdv_msgs) StdoutLine: {'line': b'-- Up-to-date: /home/fectec151/Downloads/Projects/vanttec_sdv/workspace/src/install/sdv_msgs/share/sdv_msgs/msg/ThrottleMsg.msg\n'}
[1.273706] (sdv_msgs) StdoutLine: {'line': b'-- Up-to-date: /home/fectec151/Downloads/Projects/vanttec_sdv/workspace/src/install/sdv_msgs/share/sdv_msgs/msg/CollisionEvent.msg\n'}
[1.273839] (sdv_msgs) StdoutLine: {'line': b'-- Up-to-date: /home/fectec151/Downloads/Projects/vanttec_sdv/workspace/src/install/sdv_msgs/share/sdv_msgs/msg/LaneInvasionEvent.msg\n'}
[1.273966] (sdv_msgs) StdoutLine: {'line': b'-- Up-to-date: /home/fectec151/Downloads/Projects/vanttec_sdv/workspace/src/install/sdv_msgs/share/sdv_msgs/msg/Status.msg\n'}
[1.274093] (sdv_msgs) StdoutLine: {'line': b'-- Up-to-date: /home/fectec151/Downloads/Projects/vanttec_sdv/workspace/src/install/sdv_msgs/share/sdv_msgs/msg/VehicleControl.msg\n'}
[1.274249] (sdv_msgs) StdoutLine: {'line': b'-- Up-to-date: /home/fectec151/Downloads/Projects/vanttec_sdv/workspace/src/install/sdv_msgs/share/sdv_msgs/msg/VehicleInfo.msg\n'}
[1.274498] (sdv_msgs) StdoutLine: {'line': b'-- Up-to-date: /home/fectec151/Downloads/Projects/vanttec_sdv/workspace/src/install/sdv_msgs/share/sdv_msgs/msg/VehicleStatus.msg\n'}
[1.274691] (sdv_msgs) StdoutLine: {'line': b'-- Up-to-date: /home/fectec151/Downloads/Projects/vanttec_sdv/workspace/src/install/sdv_msgs/share/sdv_msgs/msg/VehicleInfoWheel.msg\n'}
[1.274823] (sdv_msgs) StdoutLine: {'line': b'-- Up-to-date: /home/fectec151/Downloads/Projects/vanttec_sdv/workspace/src/install/sdv_msgs/share/sdv_msgs/msg/GuidanceWaypoints.msg\n'}
[1.274972] (sdv_msgs) StdoutLine: {'line': b'-- Up-to-date: /home/fectec151/Downloads/Projects/vanttec_sdv/workspace/src/install/sdv_msgs/share/sdv_msgs/msg/EtaPose.msg\n'}
[1.275090] (sdv_msgs) StdoutLine: {'line': b'-- Up-to-date: /home/fectec151/Downloads/Projects/vanttec_sdv/workspace/src/install/sdv_msgs/share/sdv_msgs/msg/SystemDynamics.msg\n'}
[1.275296] (sdv_msgs) StdoutLine: {'line': b'-- Up-to-date: /home/fectec151/Downloads/Projects/vanttec_sdv/workspace/src/install/sdv_msgs/share/sdv_msgs/msg/ThrustControl.msg\n'}
[1.275474] (sdv_msgs) StdoutLine: {'line': b'-- Up-to-date: /home/fectec151/Downloads/Projects/vanttec_sdv/workspace/src/install/sdv_msgs/share/sdv_msgs/msg/Encoder.msg\n'}
[1.275586] (sdv_msgs) StdoutLine: {'line': b'-- Up-to-date: /home/fectec151/Downloads/Projects/vanttec_sdv/workspace/src/install/sdv_msgs/share/sdv_msgs/msg/WaypointVector.msg\n'}
[1.275690] (sdv_msgs) StdoutLine: {'line': b'-- Up-to-date: /home/fectec151/Downloads/Projects/vanttec_sdv/workspace/src/install/sdv_msgs/share/sdv_msgs/srv/Uint8.srv\n'}
[1.275793] (sdv_msgs) StdoutLine: {'line': b'-- Up-to-date: /home/fectec151/Downloads/Projects/vanttec_sdv/workspace/src/install/sdv_msgs/share/sdv_msgs/srv/Uint8_Request.msg\n'}
[1.275917] (sdv_msgs) StdoutLine: {'line': b'-- Up-to-date: /home/fectec151/Downloads/Projects/vanttec_sdv/workspace/src/install/sdv_msgs/share/sdv_msgs/srv/Uint8_Response.msg\n'}
[1.276041] (sdv_msgs) StdoutLine: {'line': b'-- Up-to-date: /home/fectec151/Downloads/Projects/vanttec_sdv/workspace/src/install/sdv_msgs/share/ament_index/resource_index/package_run_dependencies/sdv_msgs\n'}
[1.276153] (sdv_msgs) StdoutLine: {'line': b'-- Up-to-date: /home/fectec151/Downloads/Projects/vanttec_sdv/workspace/src/install/sdv_msgs/share/ament_index/resource_index/parent_prefix_path/sdv_msgs\n'}
[1.276264] (sdv_msgs) StdoutLine: {'line': b'-- Up-to-date: /home/fectec151/Downloads/Projects/vanttec_sdv/workspace/src/install/sdv_msgs/share/sdv_msgs/environment/ament_prefix_path.sh\n'}
[1.276462] (sdv_msgs) StdoutLine: {'line': b'-- Up-to-date: /home/fectec151/Downloads/Projects/vanttec_sdv/workspace/src/install/sdv_msgs/share/sdv_msgs/environment/ament_prefix_path.dsv\n'}
[1.276686] (sdv_msgs) StdoutLine: {'line': b'-- Up-to-date: /home/fectec151/Downloads/Projects/vanttec_sdv/workspace/src/install/sdv_msgs/share/sdv_msgs/environment/path.sh\n'}
[1.276811] (sdv_msgs) StdoutLine: {'line': b'-- Up-to-date: /home/fectec151/Downloads/Projects/vanttec_sdv/workspace/src/install/sdv_msgs/share/sdv_msgs/environment/path.dsv\n'}
[1.276911] (sdv_msgs) StdoutLine: {'line': b'-- Up-to-date: /home/fectec151/Downloads/Projects/vanttec_sdv/workspace/src/install/sdv_msgs/share/sdv_msgs/local_setup.bash\n'}
[1.277007] (sdv_msgs) StdoutLine: {'line': b'-- Up-to-date: /home/fectec151/Downloads/Projects/vanttec_sdv/workspace/src/install/sdv_msgs/share/sdv_msgs/local_setup.sh\n'}
[1.277169] (sdv_msgs) StdoutLine: {'line': b'-- Up-to-date: /home/fectec151/Downloads/Projects/vanttec_sdv/workspace/src/install/sdv_msgs/share/sdv_msgs/local_setup.zsh\n'}
[1.277330] (sdv_msgs) StdoutLine: {'line': b'-- Up-to-date: /home/fectec151/Downloads/Projects/vanttec_sdv/workspace/src/install/sdv_msgs/share/sdv_msgs/local_setup.dsv\n'}
[1.277470] (sdv_msgs) StdoutLine: {'line': b'-- Installing: /home/fectec151/Downloads/Projects/vanttec_sdv/workspace/src/install/sdv_msgs/share/sdv_msgs/package.dsv\n'}
[1.277599] (sdv_msgs) StdoutLine: {'line': b'-- Up-to-date: /home/fectec151/Downloads/Projects/vanttec_sdv/workspace/src/install/sdv_msgs/share/ament_index/resource_index/packages/sdv_msgs\n'}
[1.277753] (sdv_msgs) StdoutLine: {'line': b'-- Up-to-date: /home/fectec151/Downloads/Projects/vanttec_sdv/workspace/src/install/sdv_msgs/share/sdv_msgs/cmake/export_sdv_msgs__rosidl_generator_cExport.cmake\n'}
[1.277883] (sdv_msgs) StdoutLine: {'line': b'-- Up-to-date: /home/fectec151/Downloads/Projects/vanttec_sdv/workspace/src/install/sdv_msgs/share/sdv_msgs/cmake/export_sdv_msgs__rosidl_generator_cExport-noconfig.cmake\n'}
[1.278035] (sdv_msgs) StdoutLine: {'line': b'-- Up-to-date: /home/fectec151/Downloads/Projects/vanttec_sdv/workspace/src/install/sdv_msgs/share/sdv_msgs/cmake/export_sdv_msgs__rosidl_typesupport_fastrtps_cExport.cmake\n'}
[1.278179] (sdv_msgs) StdoutLine: {'line': b'-- Up-to-date: /home/fectec151/Downloads/Projects/vanttec_sdv/workspace/src/install/sdv_msgs/share/sdv_msgs/cmake/export_sdv_msgs__rosidl_typesupport_fastrtps_cExport-noconfig.cmake\n'}
[1.278324] (sdv_msgs) StdoutLine: {'line': b'-- Up-to-date: /home/fectec151/Downloads/Projects/vanttec_sdv/workspace/src/install/sdv_msgs/share/sdv_msgs/cmake/sdv_msgs__rosidl_typesupport_introspection_cExport.cmake\n'}
[1.278425] (sdv_msgs) StdoutLine: {'line': b'-- Up-to-date: /home/fectec151/Downloads/Projects/vanttec_sdv/workspace/src/install/sdv_msgs/share/sdv_msgs/cmake/sdv_msgs__rosidl_typesupport_introspection_cExport-noconfig.cmake\n'}
[1.278528] (sdv_msgs) StdoutLine: {'line': b'-- Up-to-date: /home/fectec151/Downloads/Projects/vanttec_sdv/workspace/src/install/sdv_msgs/share/sdv_msgs/cmake/sdv_msgs__rosidl_typesupport_cExport.cmake\n'}
[1.278637] (sdv_msgs) StdoutLine: {'line': b'-- Up-to-date: /home/fectec151/Downloads/Projects/vanttec_sdv/workspace/src/install/sdv_msgs/share/sdv_msgs/cmake/sdv_msgs__rosidl_typesupport_cExport-noconfig.cmake\n'}
[1.278743] (sdv_msgs) StdoutLine: {'line': b'-- Up-to-date: /home/fectec151/Downloads/Projects/vanttec_sdv/workspace/src/install/sdv_msgs/share/sdv_msgs/cmake/export_sdv_msgs__rosidl_generator_cppExport.cmake\n'}
[1.278864] (sdv_msgs) StdoutLine: {'line': b'-- Up-to-date: /home/fectec151/Downloads/Projects/vanttec_sdv/workspace/src/install/sdv_msgs/share/sdv_msgs/cmake/export_sdv_msgs__rosidl_typesupport_fastrtps_cppExport.cmake\n'}
[1.278974] (sdv_msgs) StdoutLine: {'line': b'-- Up-to-date: /home/fectec151/Downloads/Projects/vanttec_sdv/workspace/src/install/sdv_msgs/share/sdv_msgs/cmake/export_sdv_msgs__rosidl_typesupport_fastrtps_cppExport-noconfig.cmake\n'}
[1.279088] (sdv_msgs) StdoutLine: {'line': b'-- Up-to-date: /home/fectec151/Downloads/Projects/vanttec_sdv/workspace/src/install/sdv_msgs/share/sdv_msgs/cmake/sdv_msgs__rosidl_typesupport_introspection_cppExport.cmake\n'}
[1.279198] (sdv_msgs) StdoutLine: {'line': b'-- Up-to-date: /home/fectec151/Downloads/Projects/vanttec_sdv/workspace/src/install/sdv_msgs/share/sdv_msgs/cmake/sdv_msgs__rosidl_typesupport_introspection_cppExport-noconfig.cmake\n'}
[1.279321] (sdv_msgs) StdoutLine: {'line': b'-- Up-to-date: /home/fectec151/Downloads/Projects/vanttec_sdv/workspace/src/install/sdv_msgs/share/sdv_msgs/cmake/sdv_msgs__rosidl_typesupport_cppExport.cmake\n'}
[1.279428] (sdv_msgs) StdoutLine: {'line': b'-- Up-to-date: /home/fectec151/Downloads/Projects/vanttec_sdv/workspace/src/install/sdv_msgs/share/sdv_msgs/cmake/sdv_msgs__rosidl_typesupport_cppExport-noconfig.cmake\n'}
[1.279531] (sdv_msgs) StdoutLine: {'line': b'-- Up-to-date: /home/fectec151/Downloads/Projects/vanttec_sdv/workspace/src/install/sdv_msgs/share/sdv_msgs/cmake/export_sdv_msgs__rosidl_generator_pyExport.cmake\n'}
[1.279639] (sdv_msgs) StdoutLine: {'line': b'-- Up-to-date: /home/fectec151/Downloads/Projects/vanttec_sdv/workspace/src/install/sdv_msgs/share/sdv_msgs/cmake/export_sdv_msgs__rosidl_generator_pyExport-noconfig.cmake\n'}
[1.279740] (sdv_msgs) StdoutLine: {'line': b'-- Up-to-date: /home/fectec151/Downloads/Projects/vanttec_sdv/workspace/src/install/sdv_msgs/share/sdv_msgs/cmake/rosidl_cmake-extras.cmake\n'}
[1.279844] (sdv_msgs) StdoutLine: {'line': b'-- Up-to-date: /home/fectec151/Downloads/Projects/vanttec_sdv/workspace/src/install/sdv_msgs/share/sdv_msgs/cmake/ament_cmake_export_dependencies-extras.cmake\n'}
[1.279948] (sdv_msgs) StdoutLine: {'line': b'-- Up-to-date: /home/fectec151/Downloads/Projects/vanttec_sdv/workspace/src/install/sdv_msgs/share/sdv_msgs/cmake/ament_cmake_export_include_directories-extras.cmake\n'}
[1.280055] (sdv_msgs) StdoutLine: {'line': b'-- Up-to-date: /home/fectec151/Downloads/Projects/vanttec_sdv/workspace/src/install/sdv_msgs/share/sdv_msgs/cmake/ament_cmake_export_libraries-extras.cmake\n'}
[1.280175] (sdv_msgs) StdoutLine: {'line': b'-- Up-to-date: /home/fectec151/Downloads/Projects/vanttec_sdv/workspace/src/install/sdv_msgs/share/sdv_msgs/cmake/ament_cmake_export_targets-extras.cmake\n'}
[1.280279] (sdv_msgs) StdoutLine: {'line': b'-- Up-to-date: /home/fectec151/Downloads/Projects/vanttec_sdv/workspace/src/install/sdv_msgs/share/sdv_msgs/cmake/rosidl_cmake_export_typesupport_targets-extras.cmake\n'}
[1.280383] (sdv_msgs) StdoutLine: {'line': b'-- Up-to-date: /home/fectec151/Downloads/Projects/vanttec_sdv/workspace/src/install/sdv_msgs/share/sdv_msgs/cmake/rosidl_cmake_export_typesupport_libraries-extras.cmake\n'}
[1.280487] (sdv_msgs) StdoutLine: {'line': b'-- Up-to-date: /home/fectec151/Downloads/Projects/vanttec_sdv/workspace/src/install/sdv_msgs/share/sdv_msgs/cmake/sdv_msgsConfig.cmake\n'}
[1.280596] (sdv_msgs) StdoutLine: {'line': b'-- Up-to-date: /home/fectec151/Downloads/Projects/vanttec_sdv/workspace/src/install/sdv_msgs/share/sdv_msgs/cmake/sdv_msgsConfig-version.cmake\n'}
[1.280703] (sdv_msgs) StdoutLine: {'line': b'-- Up-to-date: /home/fectec151/Downloads/Projects/vanttec_sdv/workspace/src/install/sdv_msgs/share/sdv_msgs/package.xml\n'}
[1.282549] (sdv_msgs) CommandEnded: {'returncode': 0}
[1.302862] (-) TimerEvent: {}
[1.403415] (-) TimerEvent: {}
[1.504042] (-) TimerEvent: {}
[1.604463] (-) TimerEvent: {}
[1.704874] (-) TimerEvent: {}
[1.805645] (-) TimerEvent: {}
[1.894076] (sdv_msgs) JobEnded: {'identifier': 'sdv_msgs', 'rc': 0}
[1.895226] (-) EventReactorShutdown: {}
