[0.013s] Invoking command in '/home/fectec151/Downloads/Projects/vanttec_sdv/workspace/src/build/sdv_msgs': CMAKE_PREFIX_PATH=${CMAKE_PREFIX_PATH}:/opt/ros/humble /usr/bin/cmake --build /home/fectec151/Downloads/Projects/vanttec_sdv/workspace/src/build/sdv_msgs -- -j12 -l12
[0.062s] -- Found ament_cmake: 1.3.8 (/opt/ros/humble/share/ament_cmake/cmake)
[0.253s] -- Found rosidl_default_generators: 1.2.0 (/opt/ros/humble/share/rosidl_default_generators/cmake)
[0.256s] -- Using all available rosidl_typesupport_c: rosidl_typesupport_fastrtps_c;rosidl_typesupport_introspection_c
[0.261s] -- Found rosidl_adapter: 3.1.5 (/opt/ros/humble/share/rosidl_adapter/cmake)
[0.333s] -- Using all available rosidl_typesupport_cpp: rosidl_typesupport_fastrtps_cpp;rosidl_typesupport_introspection_cpp
[0.395s] -- Found geometry_msgs: 4.2.3 (/opt/ros/humble/share/geometry_msgs/cmake)
[1.090s] -- Found ament_cmake_ros: 0.10.0 (/opt/ros/humble/share/ament_cmake_ros/cmake)
[1.445s] -- Using all available rosidl_typesupport_c: rosidl_typesupport_fastrtps_c;rosidl_typesupport_introspection_c
[1.925s] -- Using all available rosidl_typesupport_cpp: rosidl_typesupport_fastrtps_cpp;rosidl_typesupport_introspection_cpp
[1.957s] -- Found python_cmake_module: 0.10.0 (/opt/ros/humble/share/python_cmake_module/cmake)
[1.983s] -- Using PYTHON_EXECUTABLE: /usr/bin/python3
[1.983s] -- Using PYTHON_INCLUDE_DIRS: /usr/include/python3.10
[1.983s] -- Using PYTHON_LIBRARIES: /usr/lib/x86_64-linux-gnu/libpython3.10.so
[2.057s] -- Configuring done
[2.145s] -- Generating done
[2.150s] -- Build files have been written to: /home/fectec151/Downloads/Projects/vanttec_sdv/workspace/src/build/sdv_msgs
[2.185s] [  0%] [34m[1mGenerating C code for ROS interfaces[0m
[2.198s] [  0%] [34m[1mGenerating C++ code for ROS interfaces[0m
[2.213s] [  0%] Built target ament_cmake_python_copy_sdv_msgs
[2.584s] running egg_info
[2.585s] writing sdv_msgs.egg-info/PKG-INFO
[2.586s] writing dependency_links to sdv_msgs.egg-info/dependency_links.txt
[2.586s] writing top-level names to sdv_msgs.egg-info/top_level.txt
[2.591s] reading manifest file 'sdv_msgs.egg-info/SOURCES.txt'
[2.593s] writing manifest file 'sdv_msgs.egg-info/SOURCES.txt'
[2.641s] [  0%] Built target ament_cmake_python_build_sdv_msgs_egg
[4.551s] [35m[1mConsolidate compiler generated dependencies of target sdv_msgs__rosidl_generator_c[0m
[4.588s] [  1%] [32mBuilding C object CMakeFiles/sdv_msgs__rosidl_generator_c.dir/rosidl_generator_c/sdv_msgs/msg/detail/state__functions.c.o[0m
[4.602s] [  1%] [32mBuilding C object CMakeFiles/sdv_msgs__rosidl_generator_c.dir/rosidl_generator_c/sdv_msgs/msg/detail/panel_msg__functions.c.o[0m
[4.605s] [  2%] [32mBuilding C object CMakeFiles/sdv_msgs__rosidl_generator_c.dir/rosidl_generator_c/sdv_msgs/msg/detail/xbox_msg__functions.c.o[0m
[4.619s] [  2%] [32mBuilding C object CMakeFiles/sdv_msgs__rosidl_generator_c.dir/rosidl_generator_c/sdv_msgs/msg/detail/collision_event__functions.c.o[0m
[4.621s] [  3%] [32mBuilding C object CMakeFiles/sdv_msgs__rosidl_generator_c.dir/rosidl_generator_c/sdv_msgs/msg/detail/throttle_msg__functions.c.o[0m
[4.622s] [  4%] [32mBuilding C object CMakeFiles/sdv_msgs__rosidl_generator_c.dir/rosidl_generator_c/sdv_msgs/msg/detail/lane_invasion_event__functions.c.o[0m
[4.646s] [  4%] [32mBuilding C object CMakeFiles/sdv_msgs__rosidl_generator_c.dir/rosidl_generator_c/sdv_msgs/msg/detail/status__functions.c.o[0m
[4.666s] [  4%] [32mBuilding C object CMakeFiles/sdv_msgs__rosidl_generator_c.dir/rosidl_generator_c/sdv_msgs/msg/detail/vehicle_status__functions.c.o[0m
[4.666s] [  5%] [32mBuilding C object CMakeFiles/sdv_msgs__rosidl_generator_c.dir/rosidl_generator_c/sdv_msgs/msg/detail/vehicle_control__functions.c.o[0m
[4.668s] [  6%] [32mBuilding C object CMakeFiles/sdv_msgs__rosidl_generator_c.dir/rosidl_generator_c/sdv_msgs/msg/detail/vehicle_info__functions.c.o[0m
[4.686s] [  7%] [32mBuilding C object CMakeFiles/sdv_msgs__rosidl_generator_c.dir/rosidl_generator_c/sdv_msgs/msg/detail/vehicle_info_wheel__functions.c.o[0m
[4.788s] [  7%] [32mBuilding C object CMakeFiles/sdv_msgs__rosidl_generator_c.dir/rosidl_generator_c/sdv_msgs/msg/detail/guidance_waypoints__functions.c.o[0m
[4.789s] [  8%] [32mBuilding C object CMakeFiles/sdv_msgs__rosidl_generator_c.dir/rosidl_generator_c/sdv_msgs/msg/detail/system_dynamics__functions.c.o[0m
[4.790s] [  9%] [32mBuilding C object CMakeFiles/sdv_msgs__rosidl_generator_c.dir/rosidl_generator_c/sdv_msgs/msg/detail/eta_pose__functions.c.o[0m
[4.791s] [  9%] [32mBuilding C object CMakeFiles/sdv_msgs__rosidl_generator_c.dir/rosidl_generator_c/sdv_msgs/msg/detail/thrust_control__functions.c.o[0m
[4.793s] [ 10%] [32mBuilding C object CMakeFiles/sdv_msgs__rosidl_generator_c.dir/rosidl_generator_c/sdv_msgs/msg/detail/encoder__functions.c.o[0m
[4.802s] [ 11%] [32mBuilding C object CMakeFiles/sdv_msgs__rosidl_generator_c.dir/rosidl_generator_c/sdv_msgs/srv/detail/uint8__functions.c.o[0m
[4.802s] [ 11%] [32mBuilding C object CMakeFiles/sdv_msgs__rosidl_generator_c.dir/rosidl_generator_c/sdv_msgs/msg/detail/waypoint_vector__functions.c.o[0m
[4.922s] [ 12%] [32m[1mLinking C shared library libsdv_msgs__rosidl_generator_c.so[0m
[5.042s] [ 12%] Built target sdv_msgs__rosidl_generator_c
[5.051s] [ 12%] Built target sdv_msgs__cpp
[5.057s] [ 13%] [34m[1mGenerating C type support for eProsima Fast-RTPS[0m
[5.058s] [ 14%] [34m[1mGenerating C type support dispatch for ROS interfaces[0m
[5.062s] [ 15%] [34m[1mGenerating C introspection for ROS interfaces[0m
[5.068s] [ 16%] [34m[1mGenerating C++ type support for eProsima Fast-RTPS[0m
[5.068s] [ 17%] [34m[1mGenerating C++ type support dispatch for ROS interfaces[0m
[5.069s] [ 17%] [34m[1mGenerating C++ introspection for ROS interfaces[0m
[6.670s] [35m[1mConsolidate compiler generated dependencies of target sdv_msgs__rosidl_typesupport_c[0m
[6.713s] [ 18%] [32mBuilding CXX object CMakeFiles/sdv_msgs__rosidl_typesupport_c.dir/rosidl_typesupport_c/sdv_msgs/msg/panel_msg__type_support.cpp.o[0m
[6.725s] [ 18%] [32mBuilding CXX object CMakeFiles/sdv_msgs__rosidl_typesupport_c.dir/rosidl_typesupport_c/sdv_msgs/msg/state__type_support.cpp.o[0m
[6.725s] [ 19%] [32mBuilding CXX object CMakeFiles/sdv_msgs__rosidl_typesupport_c.dir/rosidl_typesupport_c/sdv_msgs/msg/throttle_msg__type_support.cpp.o[0m
[6.727s] [ 20%] [32mBuilding CXX object CMakeFiles/sdv_msgs__rosidl_typesupport_c.dir/rosidl_typesupport_c/sdv_msgs/msg/collision_event__type_support.cpp.o[0m
[6.733s] [ 20%] [32mBuilding CXX object CMakeFiles/sdv_msgs__rosidl_typesupport_c.dir/rosidl_typesupport_c/sdv_msgs/msg/xbox_msg__type_support.cpp.o[0m
[6.758s] [35m[1mConsolidate compiler generated dependencies of target sdv_msgs__rosidl_typesupport_cpp[0m
[6.760s] [ 21%] [32mBuilding CXX object CMakeFiles/sdv_msgs__rosidl_typesupport_c.dir/rosidl_typesupport_c/sdv_msgs/msg/lane_invasion_event__type_support.cpp.o[0m
[6.766s] [ 21%] [32mBuilding CXX object CMakeFiles/sdv_msgs__rosidl_typesupport_c.dir/rosidl_typesupport_c/sdv_msgs/msg/status__type_support.cpp.o[0m
[6.846s] [ 21%] [32mBuilding CXX object CMakeFiles/sdv_msgs__rosidl_typesupport_cpp.dir/rosidl_typesupport_cpp/sdv_msgs/msg/state__type_support.cpp.o[0m
[6.851s] [ 22%] [32mBuilding CXX object CMakeFiles/sdv_msgs__rosidl_typesupport_c.dir/rosidl_typesupport_c/sdv_msgs/msg/vehicle_info__type_support.cpp.o[0m
[6.872s] [ 22%] [32mBuilding CXX object CMakeFiles/sdv_msgs__rosidl_typesupport_c.dir/rosidl_typesupport_c/sdv_msgs/msg/vehicle_control__type_support.cpp.o[0m
[6.875s] [ 23%] [32mBuilding CXX object CMakeFiles/sdv_msgs__rosidl_typesupport_c.dir/rosidl_typesupport_c/sdv_msgs/msg/vehicle_status__type_support.cpp.o[0m
[6.877s] [ 23%] [32mBuilding CXX object CMakeFiles/sdv_msgs__rosidl_typesupport_c.dir/rosidl_typesupport_c/sdv_msgs/msg/vehicle_info_wheel__type_support.cpp.o[0m
[6.886s] [ 24%] [32mBuilding CXX object CMakeFiles/sdv_msgs__rosidl_typesupport_c.dir/rosidl_typesupport_c/sdv_msgs/msg/guidance_waypoints__type_support.cpp.o[0m
[6.897s] [ 25%] [32mBuilding CXX object CMakeFiles/sdv_msgs__rosidl_typesupport_cpp.dir/rosidl_typesupport_cpp/sdv_msgs/msg/panel_msg__type_support.cpp.o[0m
[6.916s] [ 25%] [32mBuilding CXX object CMakeFiles/sdv_msgs__rosidl_typesupport_c.dir/rosidl_typesupport_c/sdv_msgs/msg/eta_pose__type_support.cpp.o[0m
[6.952s] [ 26%] [32mBuilding CXX object CMakeFiles/sdv_msgs__rosidl_typesupport_c.dir/rosidl_typesupport_c/sdv_msgs/msg/thrust_control__type_support.cpp.o[0m
[6.954s] [ 27%] [32mBuilding CXX object CMakeFiles/sdv_msgs__rosidl_typesupport_c.dir/rosidl_typesupport_c/sdv_msgs/msg/system_dynamics__type_support.cpp.o[0m
[6.963s] [ 28%] [32mBuilding CXX object CMakeFiles/sdv_msgs__rosidl_typesupport_cpp.dir/rosidl_typesupport_cpp/sdv_msgs/msg/xbox_msg__type_support.cpp.o[0m
[6.966s] [ 28%] [32mBuilding CXX object CMakeFiles/sdv_msgs__rosidl_typesupport_c.dir/rosidl_typesupport_c/sdv_msgs/msg/encoder__type_support.cpp.o[0m
[6.992s] [ 28%] [32mBuilding CXX object CMakeFiles/sdv_msgs__rosidl_typesupport_cpp.dir/rosidl_typesupport_cpp/sdv_msgs/msg/throttle_msg__type_support.cpp.o[0m
[7.005s] [ 29%] [32mBuilding CXX object CMakeFiles/sdv_msgs__rosidl_typesupport_c.dir/rosidl_typesupport_c/sdv_msgs/msg/waypoint_vector__type_support.cpp.o[0m
[7.016s] [ 29%] [32mBuilding CXX object CMakeFiles/sdv_msgs__rosidl_typesupport_c.dir/rosidl_typesupport_c/sdv_msgs/srv/uint8__type_support.cpp.o[0m
[7.066s] [ 30%] [32mBuilding CXX object CMakeFiles/sdv_msgs__rosidl_typesupport_cpp.dir/rosidl_typesupport_cpp/sdv_msgs/msg/status__type_support.cpp.o[0m
[7.070s] [ 31%] [32mBuilding CXX object CMakeFiles/sdv_msgs__rosidl_typesupport_cpp.dir/rosidl_typesupport_cpp/sdv_msgs/msg/collision_event__type_support.cpp.o[0m
[7.086s] [ 31%] [32mBuilding CXX object CMakeFiles/sdv_msgs__rosidl_typesupport_cpp.dir/rosidl_typesupport_cpp/sdv_msgs/msg/lane_invasion_event__type_support.cpp.o[0m
[7.125s] [ 32%] [32m[1mLinking CXX shared library libsdv_msgs__rosidl_typesupport_c.so[0m
[7.224s] [ 32%] Built target sdv_msgs__rosidl_typesupport_c
[7.241s] [ 33%] [32mBuilding CXX object CMakeFiles/sdv_msgs__rosidl_typesupport_cpp.dir/rosidl_typesupport_cpp/sdv_msgs/msg/vehicle_control__type_support.cpp.o[0m
[7.703s] [ 34%] [32mBuilding CXX object CMakeFiles/sdv_msgs__rosidl_typesupport_cpp.dir/rosidl_typesupport_cpp/sdv_msgs/msg/vehicle_status__type_support.cpp.o[0m
[7.712s] [ 34%] [32mBuilding CXX object CMakeFiles/sdv_msgs__rosidl_typesupport_cpp.dir/rosidl_typesupport_cpp/sdv_msgs/msg/vehicle_info__type_support.cpp.o[0m
[7.725s] [ 34%] [32mBuilding CXX object CMakeFiles/sdv_msgs__rosidl_typesupport_cpp.dir/rosidl_typesupport_cpp/sdv_msgs/msg/vehicle_info_wheel__type_support.cpp.o[0m
[7.804s] [ 35%] [32mBuilding CXX object CMakeFiles/sdv_msgs__rosidl_typesupport_cpp.dir/rosidl_typesupport_cpp/sdv_msgs/msg/guidance_waypoints__type_support.cpp.o[0m
[7.991s] [ 36%] [32mBuilding CXX object CMakeFiles/sdv_msgs__rosidl_typesupport_cpp.dir/rosidl_typesupport_cpp/sdv_msgs/msg/eta_pose__type_support.cpp.o[0m
[8.098s] [ 36%] [32mBuilding CXX object CMakeFiles/sdv_msgs__rosidl_typesupport_cpp.dir/rosidl_typesupport_cpp/sdv_msgs/msg/system_dynamics__type_support.cpp.o[0m
[8.163s] [ 37%] [32mBuilding CXX object CMakeFiles/sdv_msgs__rosidl_typesupport_cpp.dir/rosidl_typesupport_cpp/sdv_msgs/msg/thrust_control__type_support.cpp.o[0m
[8.462s] [ 37%] [32mBuilding CXX object CMakeFiles/sdv_msgs__rosidl_typesupport_cpp.dir/rosidl_typesupport_cpp/sdv_msgs/msg/encoder__type_support.cpp.o[0m
[8.480s] [ 38%] [32mBuilding CXX object CMakeFiles/sdv_msgs__rosidl_typesupport_cpp.dir/rosidl_typesupport_cpp/sdv_msgs/msg/waypoint_vector__type_support.cpp.o[0m
[8.506s] [35m[1mConsolidate compiler generated dependencies of target sdv_msgs__rosidl_typesupport_introspection_cpp[0m
[8.519s] [ 39%] [32mBuilding CXX object CMakeFiles/sdv_msgs__rosidl_typesupport_cpp.dir/rosidl_typesupport_cpp/sdv_msgs/srv/uint8__type_support.cpp.o[0m
[8.561s] [35m[1mConsolidate compiler generated dependencies of target sdv_msgs__rosidl_typesupport_fastrtps_c[0m
[8.632s] [ 39%] [32mBuilding CXX object CMakeFiles/sdv_msgs__rosidl_typesupport_fastrtps_c.dir/rosidl_typesupport_fastrtps_c/sdv_msgs/msg/detail/state__type_support_c.cpp.o[0m
[8.653s] [ 40%] [32mBuilding CXX object CMakeFiles/sdv_msgs__rosidl_typesupport_fastrtps_c.dir/rosidl_typesupport_fastrtps_c/sdv_msgs/msg/detail/panel_msg__type_support_c.cpp.o[0m
[8.657s] [ 41%] [32mBuilding CXX object CMakeFiles/sdv_msgs__rosidl_typesupport_introspection_cpp.dir/rosidl_typesupport_introspection_cpp/sdv_msgs/msg/detail/state__type_support.cpp.o[0m
[8.727s] [ 42%] [32mBuilding CXX object CMakeFiles/sdv_msgs__rosidl_typesupport_fastrtps_c.dir/rosidl_typesupport_fastrtps_c/sdv_msgs/msg/detail/xbox_msg__type_support_c.cpp.o[0m
[8.745s] [ 42%] [32mBuilding CXX object CMakeFiles/sdv_msgs__rosidl_typesupport_introspection_cpp.dir/rosidl_typesupport_introspection_cpp/sdv_msgs/msg/detail/panel_msg__type_support.cpp.o[0m
[8.747s] [35m[1mConsolidate compiler generated dependencies of target sdv_msgs__rosidl_typesupport_introspection_c[0m
[8.763s] [ 42%] [32mBuilding CXX object CMakeFiles/sdv_msgs__rosidl_typesupport_fastrtps_c.dir/rosidl_typesupport_fastrtps_c/sdv_msgs/msg/detail/throttle_msg__type_support_c.cpp.o[0m
[8.776s] [35m[1mConsolidate compiler generated dependencies of target sdv_msgs__rosidl_typesupport_fastrtps_cpp[0m
[8.781s] [ 43%] [32mBuilding CXX object CMakeFiles/sdv_msgs__rosidl_typesupport_fastrtps_c.dir/rosidl_typesupport_fastrtps_c/sdv_msgs/msg/detail/collision_event__type_support_c.cpp.o[0m
[8.791s] [ 44%] [32mBuilding C object CMakeFiles/sdv_msgs__rosidl_typesupport_introspection_c.dir/rosidl_typesupport_introspection_c/sdv_msgs/msg/detail/state__type_support.c.o[0m
[8.884s] [ 45%] [32mBuilding CXX object CMakeFiles/sdv_msgs__rosidl_typesupport_fastrtps_cpp.dir/rosidl_typesupport_fastrtps_cpp/sdv_msgs/msg/detail/dds_fastrtps/state__type_support.cpp.o[0m
[9.038s] [ 45%] [32mBuilding C object CMakeFiles/sdv_msgs__rosidl_typesupport_introspection_c.dir/rosidl_typesupport_introspection_c/sdv_msgs/msg/detail/panel_msg__type_support.c.o[0m
[9.452s] [ 46%] [32mBuilding C object CMakeFiles/sdv_msgs__rosidl_typesupport_introspection_c.dir/rosidl_typesupport_introspection_c/sdv_msgs/msg/detail/xbox_msg__type_support.c.o[0m
[9.908s] [ 46%] [32mBuilding C object CMakeFiles/sdv_msgs__rosidl_typesupport_introspection_c.dir/rosidl_typesupport_introspection_c/sdv_msgs/msg/detail/throttle_msg__type_support.c.o[0m
[10.038s] [ 47%] [32mBuilding C object CMakeFiles/sdv_msgs__rosidl_typesupport_introspection_c.dir/rosidl_typesupport_introspection_c/sdv_msgs/msg/detail/collision_event__type_support.c.o[0m
[10.108s] [ 47%] [32mBuilding CXX object CMakeFiles/sdv_msgs__rosidl_typesupport_fastrtps_c.dir/rosidl_typesupport_fastrtps_c/sdv_msgs/msg/detail/lane_invasion_event__type_support_c.cpp.o[0m
[10.168s] [ 48%] [32mBuilding C object CMakeFiles/sdv_msgs__rosidl_typesupport_introspection_c.dir/rosidl_typesupport_introspection_c/sdv_msgs/msg/detail/lane_invasion_event__type_support.c.o[0m
[10.233s] [ 48%] [32mBuilding C object CMakeFiles/sdv_msgs__rosidl_typesupport_introspection_c.dir/rosidl_typesupport_introspection_c/sdv_msgs/msg/detail/status__type_support.c.o[0m
[10.275s] [ 49%] [32mBuilding C object CMakeFiles/sdv_msgs__rosidl_typesupport_introspection_c.dir/rosidl_typesupport_introspection_c/sdv_msgs/msg/detail/vehicle_control__type_support.c.o[0m
[10.295s] [ 49%] [32mBuilding C object CMakeFiles/sdv_msgs__rosidl_typesupport_introspection_c.dir/rosidl_typesupport_introspection_c/sdv_msgs/msg/detail/vehicle_info__type_support.c.o[0m
[10.298s] [ 49%] [32m[1mLinking CXX shared library libsdv_msgs__rosidl_typesupport_cpp.so[0m
[10.320s] [ 50%] [32mBuilding CXX object CMakeFiles/sdv_msgs__rosidl_typesupport_fastrtps_c.dir/rosidl_typesupport_fastrtps_c/sdv_msgs/msg/detail/status__type_support_c.cpp.o[0m
[10.347s] [ 51%] [32mBuilding C object CMakeFiles/sdv_msgs__rosidl_typesupport_introspection_c.dir/rosidl_typesupport_introspection_c/sdv_msgs/msg/detail/vehicle_status__type_support.c.o[0m
[10.360s] [ 52%] [32mBuilding C object CMakeFiles/sdv_msgs__rosidl_typesupport_introspection_c.dir/rosidl_typesupport_introspection_c/sdv_msgs/msg/detail/vehicle_info_wheel__type_support.c.o[0m
[10.385s] [ 53%] [32mBuilding CXX object CMakeFiles/sdv_msgs__rosidl_typesupport_fastrtps_c.dir/rosidl_typesupport_fastrtps_c/sdv_msgs/msg/detail/vehicle_control__type_support_c.cpp.o[0m
[10.405s] [ 53%] [32mBuilding C object CMakeFiles/sdv_msgs__rosidl_typesupport_introspection_c.dir/rosidl_typesupport_introspection_c/sdv_msgs/msg/detail/guidance_waypoints__type_support.c.o[0m
[10.424s] [ 53%] [32mBuilding CXX object CMakeFiles/sdv_msgs__rosidl_typesupport_fastrtps_c.dir/rosidl_typesupport_fastrtps_c/sdv_msgs/msg/detail/vehicle_info__type_support_c.cpp.o[0m
[10.434s] [ 53%] Built target sdv_msgs__rosidl_typesupport_cpp
[10.470s] [ 54%] [32mBuilding C object CMakeFiles/sdv_msgs__rosidl_typesupport_introspection_c.dir/rosidl_typesupport_introspection_c/sdv_msgs/msg/detail/eta_pose__type_support.c.o[0m
[10.528s] [ 54%] [32mBuilding C object CMakeFiles/sdv_msgs__rosidl_typesupport_introspection_c.dir/rosidl_typesupport_introspection_c/sdv_msgs/msg/detail/system_dynamics__type_support.c.o[0m
[10.541s] [ 55%] [32mBuilding C object CMakeFiles/sdv_msgs__rosidl_typesupport_introspection_c.dir/rosidl_typesupport_introspection_c/sdv_msgs/msg/detail/thrust_control__type_support.c.o[0m
[10.546s] [ 55%] [32mBuilding CXX object CMakeFiles/sdv_msgs__rosidl_typesupport_fastrtps_cpp.dir/rosidl_typesupport_fastrtps_cpp/sdv_msgs/msg/detail/dds_fastrtps/panel_msg__type_support.cpp.o[0m
[10.554s] [ 56%] [32mBuilding CXX object CMakeFiles/sdv_msgs__rosidl_typesupport_fastrtps_c.dir/rosidl_typesupport_fastrtps_c/sdv_msgs/msg/detail/vehicle_status__type_support_c.cpp.o[0m
[10.591s] [ 57%] [32mBuilding C object CMakeFiles/sdv_msgs__rosidl_typesupport_introspection_c.dir/rosidl_typesupport_introspection_c/sdv_msgs/msg/detail/encoder__type_support.c.o[0m
[10.650s] [ 58%] [32mBuilding CXX object CMakeFiles/sdv_msgs__rosidl_typesupport_fastrtps_cpp.dir/rosidl_typesupport_fastrtps_cpp/sdv_msgs/msg/detail/dds_fastrtps/xbox_msg__type_support.cpp.o[0m
[10.670s] [ 58%] [32mBuilding C object CMakeFiles/sdv_msgs__rosidl_typesupport_introspection_c.dir/rosidl_typesupport_introspection_c/sdv_msgs/msg/detail/waypoint_vector__type_support.c.o[0m
[10.674s] [ 59%] [32mBuilding C object CMakeFiles/sdv_msgs__rosidl_typesupport_introspection_c.dir/rosidl_typesupport_introspection_c/sdv_msgs/srv/detail/uint8__type_support.c.o[0m
[10.714s] [ 59%] [32mBuilding CXX object CMakeFiles/sdv_msgs__rosidl_typesupport_fastrtps_cpp.dir/rosidl_typesupport_fastrtps_cpp/sdv_msgs/msg/detail/dds_fastrtps/throttle_msg__type_support.cpp.o[0m
[10.721s] [ 60%] [32mBuilding CXX object CMakeFiles/sdv_msgs__rosidl_typesupport_introspection_cpp.dir/rosidl_typesupport_introspection_cpp/sdv_msgs/msg/detail/xbox_msg__type_support.cpp.o[0m
[10.769s] [ 61%] [32mBuilding CXX object CMakeFiles/sdv_msgs__rosidl_typesupport_fastrtps_cpp.dir/rosidl_typesupport_fastrtps_cpp/sdv_msgs/msg/detail/dds_fastrtps/collision_event__type_support.cpp.o[0m
[10.774s] [ 61%] [32m[1mLinking C shared library libsdv_msgs__rosidl_typesupport_introspection_c.so[0m
[10.961s] [ 61%] Built target sdv_msgs__rosidl_typesupport_introspection_c
[10.980s] [ 62%] [32mBuilding CXX object CMakeFiles/sdv_msgs__rosidl_typesupport_fastrtps_cpp.dir/rosidl_typesupport_fastrtps_cpp/sdv_msgs/msg/detail/dds_fastrtps/lane_invasion_event__type_support.cpp.o[0m
[11.036s] [ 62%] [32mBuilding CXX object CMakeFiles/sdv_msgs__rosidl_typesupport_fastrtps_c.dir/rosidl_typesupport_fastrtps_c/sdv_msgs/msg/detail/vehicle_info_wheel__type_support_c.cpp.o[0m
[11.083s] [ 63%] [32mBuilding CXX object CMakeFiles/sdv_msgs__rosidl_typesupport_introspection_cpp.dir/rosidl_typesupport_introspection_cpp/sdv_msgs/msg/detail/throttle_msg__type_support.cpp.o[0m
[11.417s] [ 64%] [32mBuilding CXX object CMakeFiles/sdv_msgs__rosidl_typesupport_fastrtps_c.dir/rosidl_typesupport_fastrtps_c/sdv_msgs/msg/detail/guidance_waypoints__type_support_c.cpp.o[0m
[11.491s] [ 65%] [32mBuilding CXX object CMakeFiles/sdv_msgs__rosidl_typesupport_fastrtps_c.dir/rosidl_typesupport_fastrtps_c/sdv_msgs/msg/detail/eta_pose__type_support_c.cpp.o[0m
[11.547s] [ 66%] [32mBuilding CXX object CMakeFiles/sdv_msgs__rosidl_typesupport_fastrtps_c.dir/rosidl_typesupport_fastrtps_c/sdv_msgs/msg/detail/thrust_control__type_support_c.cpp.o[0m
[11.561s] [ 66%] [32mBuilding CXX object CMakeFiles/sdv_msgs__rosidl_typesupport_fastrtps_c.dir/rosidl_typesupport_fastrtps_c/sdv_msgs/msg/detail/system_dynamics__type_support_c.cpp.o[0m
[11.578s] [ 66%] [32mBuilding CXX object CMakeFiles/sdv_msgs__rosidl_typesupport_fastrtps_cpp.dir/rosidl_typesupport_fastrtps_cpp/sdv_msgs/msg/detail/dds_fastrtps/status__type_support.cpp.o[0m
[11.743s] [ 66%] [32mBuilding CXX object CMakeFiles/sdv_msgs__rosidl_typesupport_fastrtps_c.dir/rosidl_typesupport_fastrtps_c/sdv_msgs/msg/detail/encoder__type_support_c.cpp.o[0m
[11.913s] [ 66%] [32mBuilding CXX object CMakeFiles/sdv_msgs__rosidl_typesupport_introspection_cpp.dir/rosidl_typesupport_introspection_cpp/sdv_msgs/msg/detail/collision_event__type_support.cpp.o[0m
[11.919s] [ 67%] [32mBuilding CXX object CMakeFiles/sdv_msgs__rosidl_typesupport_fastrtps_cpp.dir/rosidl_typesupport_fastrtps_cpp/sdv_msgs/msg/detail/dds_fastrtps/vehicle_control__type_support.cpp.o[0m
[11.957s] [ 67%] [32mBuilding CXX object CMakeFiles/sdv_msgs__rosidl_typesupport_fastrtps_cpp.dir/rosidl_typesupport_fastrtps_cpp/sdv_msgs/msg/detail/dds_fastrtps/vehicle_info__type_support.cpp.o[0m
[12.180s] [ 68%] [32mBuilding CXX object CMakeFiles/sdv_msgs__rosidl_typesupport_fastrtps_c.dir/rosidl_typesupport_fastrtps_c/sdv_msgs/msg/detail/waypoint_vector__type_support_c.cpp.o[0m
[12.248s] [ 69%] [32mBuilding CXX object CMakeFiles/sdv_msgs__rosidl_typesupport_introspection_cpp.dir/rosidl_typesupport_introspection_cpp/sdv_msgs/msg/detail/lane_invasion_event__type_support.cpp.o[0m
[12.303s] [ 70%] [32mBuilding CXX object CMakeFiles/sdv_msgs__rosidl_typesupport_fastrtps_cpp.dir/rosidl_typesupport_fastrtps_cpp/sdv_msgs/msg/detail/dds_fastrtps/vehicle_status__type_support.cpp.o[0m
[12.337s] [ 71%] [32mBuilding CXX object CMakeFiles/sdv_msgs__rosidl_typesupport_fastrtps_c.dir/rosidl_typesupport_fastrtps_c/sdv_msgs/srv/detail/uint8__type_support_c.cpp.o[0m
[12.834s] [ 72%] [32mBuilding CXX object CMakeFiles/sdv_msgs__rosidl_typesupport_fastrtps_cpp.dir/rosidl_typesupport_fastrtps_cpp/sdv_msgs/msg/detail/dds_fastrtps/vehicle_info_wheel__type_support.cpp.o[0m
[12.893s] [ 72%] [32mBuilding CXX object CMakeFiles/sdv_msgs__rosidl_typesupport_fastrtps_cpp.dir/rosidl_typesupport_fastrtps_cpp/sdv_msgs/msg/detail/dds_fastrtps/guidance_waypoints__type_support.cpp.o[0m
[12.936s] [ 73%] [32mBuilding CXX object CMakeFiles/sdv_msgs__rosidl_typesupport_fastrtps_cpp.dir/rosidl_typesupport_fastrtps_cpp/sdv_msgs/msg/detail/dds_fastrtps/eta_pose__type_support.cpp.o[0m
[13.040s] [ 73%] [32mBuilding CXX object CMakeFiles/sdv_msgs__rosidl_typesupport_fastrtps_cpp.dir/rosidl_typesupport_fastrtps_cpp/sdv_msgs/msg/detail/dds_fastrtps/system_dynamics__type_support.cpp.o[0m
[13.052s] [ 74%] [32mBuilding CXX object CMakeFiles/sdv_msgs__rosidl_typesupport_fastrtps_cpp.dir/rosidl_typesupport_fastrtps_cpp/sdv_msgs/msg/detail/dds_fastrtps/thrust_control__type_support.cpp.o[0m
[13.146s] [ 75%] [32mBuilding CXX object CMakeFiles/sdv_msgs__rosidl_typesupport_fastrtps_cpp.dir/rosidl_typesupport_fastrtps_cpp/sdv_msgs/msg/detail/dds_fastrtps/encoder__type_support.cpp.o[0m
[13.153s] [ 75%] [32mBuilding CXX object CMakeFiles/sdv_msgs__rosidl_typesupport_fastrtps_cpp.dir/rosidl_typesupport_fastrtps_cpp/sdv_msgs/msg/detail/dds_fastrtps/waypoint_vector__type_support.cpp.o[0m
[13.228s] [ 75%] [32mBuilding CXX object CMakeFiles/sdv_msgs__rosidl_typesupport_introspection_cpp.dir/rosidl_typesupport_introspection_cpp/sdv_msgs/msg/detail/status__type_support.cpp.o[0m
[13.244s] [ 76%] [32mBuilding CXX object CMakeFiles/sdv_msgs__rosidl_typesupport_fastrtps_cpp.dir/rosidl_typesupport_fastrtps_cpp/sdv_msgs/srv/detail/dds_fastrtps/uint8__type_support.cpp.o[0m
[13.315s] [ 77%] [32mBuilding CXX object CMakeFiles/sdv_msgs__rosidl_typesupport_introspection_cpp.dir/rosidl_typesupport_introspection_cpp/sdv_msgs/msg/detail/vehicle_control__type_support.cpp.o[0m
[13.525s] [ 77%] [32m[1mLinking CXX shared library libsdv_msgs__rosidl_typesupport_fastrtps_c.so[0m
[13.708s] [ 78%] [32mBuilding CXX object CMakeFiles/sdv_msgs__rosidl_typesupport_introspection_cpp.dir/rosidl_typesupport_introspection_cpp/sdv_msgs/msg/detail/vehicle_info__type_support.cpp.o[0m
[13.812s] [ 78%] Built target sdv_msgs__rosidl_typesupport_fastrtps_c
[13.831s] [ 78%] [32mBuilding CXX object CMakeFiles/sdv_msgs__rosidl_typesupport_introspection_cpp.dir/rosidl_typesupport_introspection_cpp/sdv_msgs/msg/detail/vehicle_status__type_support.cpp.o[0m
[14.004s] [ 79%] [32mBuilding CXX object CMakeFiles/sdv_msgs__rosidl_typesupport_introspection_cpp.dir/rosidl_typesupport_introspection_cpp/sdv_msgs/msg/detail/vehicle_info_wheel__type_support.cpp.o[0m
[14.152s] [ 79%] [32mBuilding CXX object CMakeFiles/sdv_msgs__rosidl_typesupport_introspection_cpp.dir/rosidl_typesupport_introspection_cpp/sdv_msgs/msg/detail/guidance_waypoints__type_support.cpp.o[0m
[14.177s] [ 80%] [32mBuilding CXX object CMakeFiles/sdv_msgs__rosidl_typesupport_introspection_cpp.dir/rosidl_typesupport_introspection_cpp/sdv_msgs/msg/detail/eta_pose__type_support.cpp.o[0m
[14.227s] [ 81%] [32mBuilding CXX object CMakeFiles/sdv_msgs__rosidl_typesupport_introspection_cpp.dir/rosidl_typesupport_introspection_cpp/sdv_msgs/msg/detail/system_dynamics__type_support.cpp.o[0m
[14.322s] [ 81%] [32mBuilding CXX object CMakeFiles/sdv_msgs__rosidl_typesupport_introspection_cpp.dir/rosidl_typesupport_introspection_cpp/sdv_msgs/msg/detail/thrust_control__type_support.cpp.o[0m
[14.488s] [ 82%] [32mBuilding CXX object CMakeFiles/sdv_msgs__rosidl_typesupport_introspection_cpp.dir/rosidl_typesupport_introspection_cpp/sdv_msgs/srv/detail/uint8__type_support.cpp.o[0m
[14.492s] [ 82%] [32mBuilding CXX object CMakeFiles/sdv_msgs__rosidl_typesupport_introspection_cpp.dir/rosidl_typesupport_introspection_cpp/sdv_msgs/msg/detail/waypoint_vector__type_support.cpp.o[0m
[14.505s] [ 83%] [32mBuilding CXX object CMakeFiles/sdv_msgs__rosidl_typesupport_introspection_cpp.dir/rosidl_typesupport_introspection_cpp/sdv_msgs/msg/detail/encoder__type_support.cpp.o[0m
[14.525s] [ 83%] [32m[1mLinking CXX shared library libsdv_msgs__rosidl_typesupport_fastrtps_cpp.so[0m
[14.900s] [ 83%] Built target sdv_msgs__rosidl_typesupport_fastrtps_cpp
[15.403s] [ 84%] [32m[1mLinking CXX shared library libsdv_msgs__rosidl_typesupport_introspection_cpp.so[0m
[15.555s] [ 84%] Built target sdv_msgs__rosidl_typesupport_introspection_cpp
[15.584s] [ 84%] Built target sdv_msgs
[15.618s] [ 85%] [34m[1mGenerating Python code for ROS interfaces[0m
[19.329s] [ 85%] Built target sdv_msgs__py
[19.350s] [35m[1mConsolidate compiler generated dependencies of target sdv_msgs__rosidl_generator_py[0m
[19.404s] [ 85%] [32mBuilding C object CMakeFiles/sdv_msgs__rosidl_generator_py.dir/rosidl_generator_py/sdv_msgs/msg/_state_s.c.o[0m
[19.406s] [ 86%] [32mBuilding C object CMakeFiles/sdv_msgs__rosidl_generator_py.dir/rosidl_generator_py/sdv_msgs/msg/_panel_msg_s.c.o[0m
[19.406s] [ 85%] [32mBuilding C object CMakeFiles/sdv_msgs__rosidl_generator_py.dir/rosidl_generator_py/sdv_msgs/msg/_xbox_msg_s.c.o[0m
[19.408s] [ 87%] [32mBuilding C object CMakeFiles/sdv_msgs__rosidl_generator_py.dir/rosidl_generator_py/sdv_msgs/msg/_collision_event_s.c.o[0m
[19.409s] [ 87%] [32mBuilding C object CMakeFiles/sdv_msgs__rosidl_generator_py.dir/rosidl_generator_py/sdv_msgs/msg/_vehicle_control_s.c.o[0m
[19.409s] [ 89%] [32mBuilding C object CMakeFiles/sdv_msgs__rosidl_generator_py.dir/rosidl_generator_py/sdv_msgs/msg/_status_s.c.o[0m
[19.409s] [ 89%] [32mBuilding C object CMakeFiles/sdv_msgs__rosidl_generator_py.dir/rosidl_generator_py/sdv_msgs/msg/_throttle_msg_s.c.o[0m
[19.410s] [ 87%] [32mBuilding C object CMakeFiles/sdv_msgs__rosidl_generator_py.dir/rosidl_generator_py/sdv_msgs/msg/_lane_invasion_event_s.c.o[0m
[19.410s] [ 90%] [32mBuilding C object CMakeFiles/sdv_msgs__rosidl_generator_py.dir/rosidl_generator_py/sdv_msgs/msg/_vehicle_info_s.c.o[0m
[19.413s] [ 91%] [32mBuilding C object CMakeFiles/sdv_msgs__rosidl_generator_py.dir/rosidl_generator_py/sdv_msgs/msg/_vehicle_status_s.c.o[0m
[19.423s] [ 91%] [32mBuilding C object CMakeFiles/sdv_msgs__rosidl_generator_py.dir/rosidl_generator_py/sdv_msgs/msg/_vehicle_info_wheel_s.c.o[0m
[19.754s] [ 92%] [32mBuilding C object CMakeFiles/sdv_msgs__rosidl_generator_py.dir/rosidl_generator_py/sdv_msgs/msg/_guidance_waypoints_s.c.o[0m
[19.765s] [ 93%] [32mBuilding C object CMakeFiles/sdv_msgs__rosidl_generator_py.dir/rosidl_generator_py/sdv_msgs/msg/_system_dynamics_s.c.o[0m
[19.767s] [ 93%] [32mBuilding C object CMakeFiles/sdv_msgs__rosidl_generator_py.dir/rosidl_generator_py/sdv_msgs/msg/_eta_pose_s.c.o[0m
[19.780s] [ 94%] [32mBuilding C object CMakeFiles/sdv_msgs__rosidl_generator_py.dir/rosidl_generator_py/sdv_msgs/msg/_thrust_control_s.c.o[0m
[19.785s] [ 94%] [32mBuilding C object CMakeFiles/sdv_msgs__rosidl_generator_py.dir/rosidl_generator_py/sdv_msgs/msg/_encoder_s.c.o[0m
[19.794s] [ 94%] [32mBuilding C object CMakeFiles/sdv_msgs__rosidl_generator_py.dir/rosidl_generator_py/sdv_msgs/srv/_uint8_s.c.o[0m
[19.794s] [ 95%] [32mBuilding C object CMakeFiles/sdv_msgs__rosidl_generator_py.dir/rosidl_generator_py/sdv_msgs/msg/_waypoint_vector_s.c.o[0m
[20.098s] [ 96%] [32m[1mLinking C shared library rosidl_generator_py/sdv_msgs/libsdv_msgs__rosidl_generator_py.so[0m
[20.182s] [ 96%] Built target sdv_msgs__rosidl_generator_py
[20.203s] [35m[1mConsolidate compiler generated dependencies of target sdv_msgs__rosidl_typesupport_fastrtps_c__pyext[0m
[20.203s] [35m[1mConsolidate compiler generated dependencies of target sdv_msgs__rosidl_typesupport_introspection_c__pyext[0m
[20.210s] [35m[1mConsolidate compiler generated dependencies of target sdv_msgs__rosidl_typesupport_c__pyext[0m
[20.239s] [ 97%] [32mBuilding C object CMakeFiles/sdv_msgs__rosidl_typesupport_introspection_c__pyext.dir/rosidl_generator_py/sdv_msgs/_sdv_msgs_s.ep.rosidl_typesupport_introspection_c.c.o[0m
[20.240s] [ 98%] [32mBuilding C object CMakeFiles/sdv_msgs__rosidl_typesupport_fastrtps_c__pyext.dir/rosidl_generator_py/sdv_msgs/_sdv_msgs_s.ep.rosidl_typesupport_fastrtps_c.c.o[0m
[20.243s] [ 99%] [32mBuilding C object CMakeFiles/sdv_msgs__rosidl_typesupport_c__pyext.dir/rosidl_generator_py/sdv_msgs/_sdv_msgs_s.ep.rosidl_typesupport_c.c.o[0m
[20.518s] [100%] [32m[1mLinking C shared library rosidl_generator_py/sdv_msgs/sdv_msgs_s__rosidl_typesupport_introspection_c.cpython-310-x86_64-linux-gnu.so[0m
[20.540s] [100%] [32m[1mLinking C shared library rosidl_generator_py/sdv_msgs/sdv_msgs_s__rosidl_typesupport_fastrtps_c.cpython-310-x86_64-linux-gnu.so[0m
[20.609s] [100%] [32m[1mLinking C shared library rosidl_generator_py/sdv_msgs/sdv_msgs_s__rosidl_typesupport_c.cpython-310-x86_64-linux-gnu.so[0m
[20.614s] [100%] Built target sdv_msgs__rosidl_typesupport_introspection_c__pyext
[20.637s] [100%] Built target sdv_msgs__rosidl_typesupport_fastrtps_c__pyext
[20.680s] [100%] Built target sdv_msgs__rosidl_typesupport_c__pyext
[20.700s] Invoked command in '/home/fectec151/Downloads/Projects/vanttec_sdv/workspace/src/build/sdv_msgs' returned '0': CMAKE_PREFIX_PATH=${CMAKE_PREFIX_PATH}:/opt/ros/humble /usr/bin/cmake --build /home/fectec151/Downloads/Projects/vanttec_sdv/workspace/src/build/sdv_msgs -- -j12 -l12
[21.319s] Invoking command in '/home/fectec151/Downloads/Projects/vanttec_sdv/workspace/src/build/sdv_msgs': CMAKE_PREFIX_PATH=${CMAKE_PREFIX_PATH}:/opt/ros/humble /usr/bin/cmake --install /home/fectec151/Downloads/Projects/vanttec_sdv/workspace/src/build/sdv_msgs
[21.335s] -- Install configuration: ""
[21.335s] -- Installing: /home/fectec151/Downloads/Projects/vanttec_sdv/workspace/src/install/sdv_msgs/share/ament_index/resource_index/rosidl_interfaces/sdv_msgs
[21.335s] -- Up-to-date: /home/fectec151/Downloads/Projects/vanttec_sdv/workspace/src/install/sdv_msgs/include/sdv_msgs/sdv_msgs
[21.335s] -- Up-to-date: /home/fectec151/Downloads/Projects/vanttec_sdv/workspace/src/install/sdv_msgs/include/sdv_msgs/sdv_msgs/srv
[21.335s] -- Up-to-date: /home/fectec151/Downloads/Projects/vanttec_sdv/workspace/src/install/sdv_msgs/include/sdv_msgs/sdv_msgs/srv/detail
[21.335s] -- Installing: /home/fectec151/Downloads/Projects/vanttec_sdv/workspace/src/install/sdv_msgs/include/sdv_msgs/sdv_msgs/srv/detail/uint8__functions.h
[21.336s] -- Installing: /home/fectec151/Downloads/Projects/vanttec_sdv/workspace/src/install/sdv_msgs/include/sdv_msgs/sdv_msgs/srv/detail/uint8__functions.c
[21.336s] -- Installing: /home/fectec151/Downloads/Projects/vanttec_sdv/workspace/src/install/sdv_msgs/include/sdv_msgs/sdv_msgs/srv/detail/uint8__struct.h
[21.336s] -- Installing: /home/fectec151/Downloads/Projects/vanttec_sdv/workspace/src/install/sdv_msgs/include/sdv_msgs/sdv_msgs/srv/detail/uint8__type_support.h
[21.336s] -- Installing: /home/fectec151/Downloads/Projects/vanttec_sdv/workspace/src/install/sdv_msgs/include/sdv_msgs/sdv_msgs/srv/uint8.h
[21.336s] -- Up-to-date: /home/fectec151/Downloads/Projects/vanttec_sdv/workspace/src/install/sdv_msgs/include/sdv_msgs/sdv_msgs/msg
[21.336s] -- Installing: /home/fectec151/Downloads/Projects/vanttec_sdv/workspace/src/install/sdv_msgs/include/sdv_msgs/sdv_msgs/msg/vehicle_status.h
[21.336s] -- Installing: /home/fectec151/Downloads/Projects/vanttec_sdv/workspace/src/install/sdv_msgs/include/sdv_msgs/sdv_msgs/msg/vehicle_info.h
[21.337s] -- Installing: /home/fectec151/Downloads/Projects/vanttec_sdv/workspace/src/install/sdv_msgs/include/sdv_msgs/sdv_msgs/msg/lane_invasion_event.h
[21.337s] -- Installing: /home/fectec151/Downloads/Projects/vanttec_sdv/workspace/src/install/sdv_msgs/include/sdv_msgs/sdv_msgs/msg/vehicle_control.h
[21.337s] -- Installing: /home/fectec151/Downloads/Projects/vanttec_sdv/workspace/src/install/sdv_msgs/include/sdv_msgs/sdv_msgs/msg/waypoint_vector.h
[21.337s] -- Installing: /home/fectec151/Downloads/Projects/vanttec_sdv/workspace/src/install/sdv_msgs/include/sdv_msgs/sdv_msgs/msg/encoder.h
[21.337s] -- Installing: /home/fectec151/Downloads/Projects/vanttec_sdv/workspace/src/install/sdv_msgs/include/sdv_msgs/sdv_msgs/msg/state.h
[21.338s] -- Installing: /home/fectec151/Downloads/Projects/vanttec_sdv/workspace/src/install/sdv_msgs/include/sdv_msgs/sdv_msgs/msg/panel_msg.h
[21.338s] -- Installing: /home/fectec151/Downloads/Projects/vanttec_sdv/workspace/src/install/sdv_msgs/include/sdv_msgs/sdv_msgs/msg/throttle_msg.h
[21.338s] -- Up-to-date: /home/fectec151/Downloads/Projects/vanttec_sdv/workspace/src/install/sdv_msgs/include/sdv_msgs/sdv_msgs/msg/rosidl_generator_c__visibility_control.h
[21.338s] -- Installing: /home/fectec151/Downloads/Projects/vanttec_sdv/workspace/src/install/sdv_msgs/include/sdv_msgs/sdv_msgs/msg/xbox_msg.h
[21.338s] -- Installing: /home/fectec151/Downloads/Projects/vanttec_sdv/workspace/src/install/sdv_msgs/include/sdv_msgs/sdv_msgs/msg/vehicle_info_wheel.h
[21.338s] -- Installing: /home/fectec151/Downloads/Projects/vanttec_sdv/workspace/src/install/sdv_msgs/include/sdv_msgs/sdv_msgs/msg/collision_event.h
[21.339s] -- Installing: /home/fectec151/Downloads/Projects/vanttec_sdv/workspace/src/install/sdv_msgs/include/sdv_msgs/sdv_msgs/msg/eta_pose.h
[21.339s] -- Installing: /home/fectec151/Downloads/Projects/vanttec_sdv/workspace/src/install/sdv_msgs/include/sdv_msgs/sdv_msgs/msg/guidance_waypoints.h
[21.339s] -- Installing: /home/fectec151/Downloads/Projects/vanttec_sdv/workspace/src/install/sdv_msgs/include/sdv_msgs/sdv_msgs/msg/status.h
[21.339s] -- Installing: /home/fectec151/Downloads/Projects/vanttec_sdv/workspace/src/install/sdv_msgs/include/sdv_msgs/sdv_msgs/msg/system_dynamics.h
[21.340s] -- Installing: /home/fectec151/Downloads/Projects/vanttec_sdv/workspace/src/install/sdv_msgs/include/sdv_msgs/sdv_msgs/msg/thrust_control.h
[21.340s] -- Up-to-date: /home/fectec151/Downloads/Projects/vanttec_sdv/workspace/src/install/sdv_msgs/include/sdv_msgs/sdv_msgs/msg/detail
[21.340s] -- Installing: /home/fectec151/Downloads/Projects/vanttec_sdv/workspace/src/install/sdv_msgs/include/sdv_msgs/sdv_msgs/msg/detail/waypoint_vector__struct.h
[21.340s] -- Installing: /home/fectec151/Downloads/Projects/vanttec_sdv/workspace/src/install/sdv_msgs/include/sdv_msgs/sdv_msgs/msg/detail/vehicle_status__functions.c
[21.341s] -- Installing: /home/fectec151/Downloads/Projects/vanttec_sdv/workspace/src/install/sdv_msgs/include/sdv_msgs/sdv_msgs/msg/detail/thrust_control__functions.h
[21.341s] -- Installing: /home/fectec151/Downloads/Projects/vanttec_sdv/workspace/src/install/sdv_msgs/include/sdv_msgs/sdv_msgs/msg/detail/xbox_msg__functions.c
[21.341s] -- Installing: /home/fectec151/Downloads/Projects/vanttec_sdv/workspace/src/install/sdv_msgs/include/sdv_msgs/sdv_msgs/msg/detail/waypoint_vector__functions.h
[21.341s] -- Installing: /home/fectec151/Downloads/Projects/vanttec_sdv/workspace/src/install/sdv_msgs/include/sdv_msgs/sdv_msgs/msg/detail/vehicle_status__functions.h
[21.341s] -- Installing: /home/fectec151/Downloads/Projects/vanttec_sdv/workspace/src/install/sdv_msgs/include/sdv_msgs/sdv_msgs/msg/detail/vehicle_info__struct.h
[21.342s] -- Installing: /home/fectec151/Downloads/Projects/vanttec_sdv/workspace/src/install/sdv_msgs/include/sdv_msgs/sdv_msgs/msg/detail/collision_event__functions.h
[21.342s] -- Installing: /home/fectec151/Downloads/Projects/vanttec_sdv/workspace/src/install/sdv_msgs/include/sdv_msgs/sdv_msgs/msg/detail/throttle_msg__functions.c
[21.342s] -- Installing: /home/fectec151/Downloads/Projects/vanttec_sdv/workspace/src/install/sdv_msgs/include/sdv_msgs/sdv_msgs/msg/detail/encoder__functions.c
[21.342s] -- Installing: /home/fectec151/Downloads/Projects/vanttec_sdv/workspace/src/install/sdv_msgs/include/sdv_msgs/sdv_msgs/msg/detail/system_dynamics__functions.h
[21.343s] -- Installing: /home/fectec151/Downloads/Projects/vanttec_sdv/workspace/src/install/sdv_msgs/include/sdv_msgs/sdv_msgs/msg/detail/vehicle_control__struct.h
[21.343s] -- Installing: /home/fectec151/Downloads/Projects/vanttec_sdv/workspace/src/install/sdv_msgs/include/sdv_msgs/sdv_msgs/msg/detail/vehicle_control__functions.c
[21.344s] -- Installing: /home/fectec151/Downloads/Projects/vanttec_sdv/workspace/src/install/sdv_msgs/include/sdv_msgs/sdv_msgs/msg/detail/xbox_msg__functions.h
[21.347s] -- Installing: /home/fectec151/Downloads/Projects/vanttec_sdv/workspace/src/install/sdv_msgs/include/sdv_msgs/sdv_msgs/msg/detail/throttle_msg__type_support.h
[21.347s] -- Installing: /home/fectec151/Downloads/Projects/vanttec_sdv/workspace/src/install/sdv_msgs/include/sdv_msgs/sdv_msgs/msg/detail/lane_invasion_event__struct.h
[21.347s] -- Installing: /home/fectec151/Downloads/Projects/vanttec_sdv/workspace/src/install/sdv_msgs/include/sdv_msgs/sdv_msgs/msg/detail/collision_event__struct.h
[21.348s] -- Installing: /home/fectec151/Downloads/Projects/vanttec_sdv/workspace/src/install/sdv_msgs/include/sdv_msgs/sdv_msgs/msg/detail/status__functions.c
[21.348s] -- Installing: /home/fectec151/Downloads/Projects/vanttec_sdv/workspace/src/install/sdv_msgs/include/sdv_msgs/sdv_msgs/msg/detail/vehicle_info__functions.h
[21.348s] -- Installing: /home/fectec151/Downloads/Projects/vanttec_sdv/workspace/src/install/sdv_msgs/include/sdv_msgs/sdv_msgs/msg/detail/eta_pose__functions.h
[21.348s] -- Installing: /home/fectec151/Downloads/Projects/vanttec_sdv/workspace/src/install/sdv_msgs/include/sdv_msgs/sdv_msgs/msg/detail/lane_invasion_event__functions.h
[21.348s] -- Installing: /home/fectec151/Downloads/Projects/vanttec_sdv/workspace/src/install/sdv_msgs/include/sdv_msgs/sdv_msgs/msg/detail/thrust_control__struct.h
[21.348s] -- Installing: /home/fectec151/Downloads/Projects/vanttec_sdv/workspace/src/install/sdv_msgs/include/sdv_msgs/sdv_msgs/msg/detail/vehicle_info_wheel__struct.h
[21.348s] -- Installing: /home/fectec151/Downloads/Projects/vanttec_sdv/workspace/src/install/sdv_msgs/include/sdv_msgs/sdv_msgs/msg/detail/system_dynamics__functions.c
[21.348s] -- Installing: /home/fectec151/Downloads/Projects/vanttec_sdv/workspace/src/install/sdv_msgs/include/sdv_msgs/sdv_msgs/msg/detail/panel_msg__struct.h
[21.349s] -- Installing: /home/fectec151/Downloads/Projects/vanttec_sdv/workspace/src/install/sdv_msgs/include/sdv_msgs/sdv_msgs/msg/detail/state__type_support.h
[21.349s] -- Installing: /home/fectec151/Downloads/Projects/vanttec_sdv/workspace/src/install/sdv_msgs/include/sdv_msgs/sdv_msgs/msg/detail/state__functions.h
[21.349s] -- Installing: /home/fectec151/Downloads/Projects/vanttec_sdv/workspace/src/install/sdv_msgs/include/sdv_msgs/sdv_msgs/msg/detail/vehicle_info_wheel__type_support.h
[21.349s] -- Installing: /home/fectec151/Downloads/Projects/vanttec_sdv/workspace/src/install/sdv_msgs/include/sdv_msgs/sdv_msgs/msg/detail/guidance_waypoints__struct.h
[21.349s] -- Installing: /home/fectec151/Downloads/Projects/vanttec_sdv/workspace/src/install/sdv_msgs/include/sdv_msgs/sdv_msgs/msg/detail/status__type_support.h
[21.349s] -- Installing: /home/fectec151/Downloads/Projects/vanttec_sdv/workspace/src/install/sdv_msgs/include/sdv_msgs/sdv_msgs/msg/detail/vehicle_info_wheel__functions.c
[21.349s] -- Installing: /home/fectec151/Downloads/Projects/vanttec_sdv/workspace/src/install/sdv_msgs/include/sdv_msgs/sdv_msgs/msg/detail/vehicle_control__type_support.h
[21.349s] -- Installing: /home/fectec151/Downloads/Projects/vanttec_sdv/workspace/src/install/sdv_msgs/include/sdv_msgs/sdv_msgs/msg/detail/vehicle_info_wheel__functions.h
[21.350s] -- Installing: /home/fectec151/Downloads/Projects/vanttec_sdv/workspace/src/install/sdv_msgs/include/sdv_msgs/sdv_msgs/msg/detail/panel_msg__functions.h
[21.350s] -- Installing: /home/fectec151/Downloads/Projects/vanttec_sdv/workspace/src/install/sdv_msgs/include/sdv_msgs/sdv_msgs/msg/detail/eta_pose__struct.h
[21.350s] -- Installing: /home/fectec151/Downloads/Projects/vanttec_sdv/workspace/src/install/sdv_msgs/include/sdv_msgs/sdv_msgs/msg/detail/waypoint_vector__type_support.h
[21.350s] -- Installing: /home/fectec151/Downloads/Projects/vanttec_sdv/workspace/src/install/sdv_msgs/include/sdv_msgs/sdv_msgs/msg/detail/thrust_control__functions.c
[21.350s] -- Installing: /home/fectec151/Downloads/Projects/vanttec_sdv/workspace/src/install/sdv_msgs/include/sdv_msgs/sdv_msgs/msg/detail/panel_msg__type_support.h
[21.350s] -- Installing: /home/fectec151/Downloads/Projects/vanttec_sdv/workspace/src/install/sdv_msgs/include/sdv_msgs/sdv_msgs/msg/detail/vehicle_status__struct.h
[21.350s] -- Installing: /home/fectec151/Downloads/Projects/vanttec_sdv/workspace/src/install/sdv_msgs/include/sdv_msgs/sdv_msgs/msg/detail/status__functions.h
[21.350s] -- Installing: /home/fectec151/Downloads/Projects/vanttec_sdv/workspace/src/install/sdv_msgs/include/sdv_msgs/sdv_msgs/msg/detail/state__functions.c
[21.351s] -- Installing: /home/fectec151/Downloads/Projects/vanttec_sdv/workspace/src/install/sdv_msgs/include/sdv_msgs/sdv_msgs/msg/detail/guidance_waypoints__type_support.h
[21.352s] -- Installing: /home/fectec151/Downloads/Projects/vanttec_sdv/workspace/src/install/sdv_msgs/include/sdv_msgs/sdv_msgs/msg/detail/status__struct.h
[21.352s] -- Installing: /home/fectec151/Downloads/Projects/vanttec_sdv/workspace/src/install/sdv_msgs/include/sdv_msgs/sdv_msgs/msg/detail/lane_invasion_event__functions.c
[21.352s] -- Installing: /home/fectec151/Downloads/Projects/vanttec_sdv/workspace/src/install/sdv_msgs/include/sdv_msgs/sdv_msgs/msg/detail/collision_event__type_support.h
[21.352s] -- Installing: /home/fectec151/Downloads/Projects/vanttec_sdv/workspace/src/install/sdv_msgs/include/sdv_msgs/sdv_msgs/msg/detail/state__struct.h
[21.352s] -- Installing: /home/fectec151/Downloads/Projects/vanttec_sdv/workspace/src/install/sdv_msgs/include/sdv_msgs/sdv_msgs/msg/detail/lane_invasion_event__type_support.h
[21.352s] -- Installing: /home/fectec151/Downloads/Projects/vanttec_sdv/workspace/src/install/sdv_msgs/include/sdv_msgs/sdv_msgs/msg/detail/vehicle_info__functions.c
[21.353s] -- Installing: /home/fectec151/Downloads/Projects/vanttec_sdv/workspace/src/install/sdv_msgs/include/sdv_msgs/sdv_msgs/msg/detail/xbox_msg__type_support.h
[21.353s] -- Installing: /home/fectec151/Downloads/Projects/vanttec_sdv/workspace/src/install/sdv_msgs/include/sdv_msgs/sdv_msgs/msg/detail/eta_pose__functions.c
[21.353s] -- Installing: /home/fectec151/Downloads/Projects/vanttec_sdv/workspace/src/install/sdv_msgs/include/sdv_msgs/sdv_msgs/msg/detail/vehicle_control__functions.h
[21.353s] -- Installing: /home/fectec151/Downloads/Projects/vanttec_sdv/workspace/src/install/sdv_msgs/include/sdv_msgs/sdv_msgs/msg/detail/throttle_msg__struct.h
[21.354s] -- Installing: /home/fectec151/Downloads/Projects/vanttec_sdv/workspace/src/install/sdv_msgs/include/sdv_msgs/sdv_msgs/msg/detail/encoder__struct.h
[21.354s] -- Installing: /home/fectec151/Downloads/Projects/vanttec_sdv/workspace/src/install/sdv_msgs/include/sdv_msgs/sdv_msgs/msg/detail/throttle_msg__functions.h
[21.354s] -- Installing: /home/fectec151/Downloads/Projects/vanttec_sdv/workspace/src/install/sdv_msgs/include/sdv_msgs/sdv_msgs/msg/detail/guidance_waypoints__functions.c
[21.354s] -- Installing: /home/fectec151/Downloads/Projects/vanttec_sdv/workspace/src/install/sdv_msgs/include/sdv_msgs/sdv_msgs/msg/detail/eta_pose__type_support.h
[21.354s] -- Installing: /home/fectec151/Downloads/Projects/vanttec_sdv/workspace/src/install/sdv_msgs/include/sdv_msgs/sdv_msgs/msg/detail/vehicle_info__type_support.h
[21.354s] -- Installing: /home/fectec151/Downloads/Projects/vanttec_sdv/workspace/src/install/sdv_msgs/include/sdv_msgs/sdv_msgs/msg/detail/waypoint_vector__functions.c
[21.354s] -- Installing: /home/fectec151/Downloads/Projects/vanttec_sdv/workspace/src/install/sdv_msgs/include/sdv_msgs/sdv_msgs/msg/detail/system_dynamics__type_support.h
[21.354s] -- Installing: /home/fectec151/Downloads/Projects/vanttec_sdv/workspace/src/install/sdv_msgs/include/sdv_msgs/sdv_msgs/msg/detail/encoder__type_support.h
[21.354s] -- Installing: /home/fectec151/Downloads/Projects/vanttec_sdv/workspace/src/install/sdv_msgs/include/sdv_msgs/sdv_msgs/msg/detail/xbox_msg__struct.h
[21.354s] -- Installing: /home/fectec151/Downloads/Projects/vanttec_sdv/workspace/src/install/sdv_msgs/include/sdv_msgs/sdv_msgs/msg/detail/guidance_waypoints__functions.h
[21.355s] -- Installing: /home/fectec151/Downloads/Projects/vanttec_sdv/workspace/src/install/sdv_msgs/include/sdv_msgs/sdv_msgs/msg/detail/panel_msg__functions.c
[21.355s] -- Installing: /home/fectec151/Downloads/Projects/vanttec_sdv/workspace/src/install/sdv_msgs/include/sdv_msgs/sdv_msgs/msg/detail/system_dynamics__struct.h
[21.355s] -- Installing: /home/fectec151/Downloads/Projects/vanttec_sdv/workspace/src/install/sdv_msgs/include/sdv_msgs/sdv_msgs/msg/detail/thrust_control__type_support.h
[21.355s] -- Installing: /home/fectec151/Downloads/Projects/vanttec_sdv/workspace/src/install/sdv_msgs/include/sdv_msgs/sdv_msgs/msg/detail/vehicle_status__type_support.h
[21.355s] -- Installing: /home/fectec151/Downloads/Projects/vanttec_sdv/workspace/src/install/sdv_msgs/include/sdv_msgs/sdv_msgs/msg/detail/collision_event__functions.c
[21.355s] -- Installing: /home/fectec151/Downloads/Projects/vanttec_sdv/workspace/src/install/sdv_msgs/include/sdv_msgs/sdv_msgs/msg/detail/encoder__functions.h
[21.355s] -- Up-to-date: /home/fectec151/Downloads/Projects/vanttec_sdv/workspace/src/install/sdv_msgs/share/sdv_msgs/environment/library_path.sh
[21.355s] -- Installing: /home/fectec151/Downloads/Projects/vanttec_sdv/workspace/src/install/sdv_msgs/share/sdv_msgs/environment/library_path.dsv
[21.356s] -- Installing: /home/fectec151/Downloads/Projects/vanttec_sdv/workspace/src/install/sdv_msgs/lib/libsdv_msgs__rosidl_generator_c.so
[21.356s] -- Set runtime path of "/home/fectec151/Downloads/Projects/vanttec_sdv/workspace/src/install/sdv_msgs/lib/libsdv_msgs__rosidl_generator_c.so" to ""
[21.356s] -- Up-to-date: /home/fectec151/Downloads/Projects/vanttec_sdv/workspace/src/install/sdv_msgs/include/sdv_msgs/sdv_msgs
[21.356s] -- Up-to-date: /home/fectec151/Downloads/Projects/vanttec_sdv/workspace/src/install/sdv_msgs/include/sdv_msgs/sdv_msgs/srv
[21.356s] -- Up-to-date: /home/fectec151/Downloads/Projects/vanttec_sdv/workspace/src/install/sdv_msgs/include/sdv_msgs/sdv_msgs/srv/detail
[21.356s] -- Installing: /home/fectec151/Downloads/Projects/vanttec_sdv/workspace/src/install/sdv_msgs/include/sdv_msgs/sdv_msgs/srv/detail/uint8__rosidl_typesupport_fastrtps_c.h
[21.356s] -- Up-to-date: /home/fectec151/Downloads/Projects/vanttec_sdv/workspace/src/install/sdv_msgs/include/sdv_msgs/sdv_msgs/msg
[21.357s] -- Up-to-date: /home/fectec151/Downloads/Projects/vanttec_sdv/workspace/src/install/sdv_msgs/include/sdv_msgs/sdv_msgs/msg/rosidl_typesupport_fastrtps_c__visibility_control.h
[21.357s] -- Up-to-date: /home/fectec151/Downloads/Projects/vanttec_sdv/workspace/src/install/sdv_msgs/include/sdv_msgs/sdv_msgs/msg/detail
[21.357s] -- Installing: /home/fectec151/Downloads/Projects/vanttec_sdv/workspace/src/install/sdv_msgs/include/sdv_msgs/sdv_msgs/msg/detail/vehicle_control__rosidl_typesupport_fastrtps_c.h
[21.357s] -- Installing: /home/fectec151/Downloads/Projects/vanttec_sdv/workspace/src/install/sdv_msgs/include/sdv_msgs/sdv_msgs/msg/detail/vehicle_info_wheel__rosidl_typesupport_fastrtps_c.h
[21.357s] -- Installing: /home/fectec151/Downloads/Projects/vanttec_sdv/workspace/src/install/sdv_msgs/include/sdv_msgs/sdv_msgs/msg/detail/waypoint_vector__rosidl_typesupport_fastrtps_c.h
[21.357s] -- Installing: /home/fectec151/Downloads/Projects/vanttec_sdv/workspace/src/install/sdv_msgs/include/sdv_msgs/sdv_msgs/msg/detail/thrust_control__rosidl_typesupport_fastrtps_c.h
[21.358s] -- Installing: /home/fectec151/Downloads/Projects/vanttec_sdv/workspace/src/install/sdv_msgs/include/sdv_msgs/sdv_msgs/msg/detail/guidance_waypoints__rosidl_typesupport_fastrtps_c.h
[21.358s] -- Installing: /home/fectec151/Downloads/Projects/vanttec_sdv/workspace/src/install/sdv_msgs/include/sdv_msgs/sdv_msgs/msg/detail/xbox_msg__rosidl_typesupport_fastrtps_c.h
[21.358s] -- Installing: /home/fectec151/Downloads/Projects/vanttec_sdv/workspace/src/install/sdv_msgs/include/sdv_msgs/sdv_msgs/msg/detail/state__rosidl_typesupport_fastrtps_c.h
[21.359s] -- Installing: /home/fectec151/Downloads/Projects/vanttec_sdv/workspace/src/install/sdv_msgs/include/sdv_msgs/sdv_msgs/msg/detail/collision_event__rosidl_typesupport_fastrtps_c.h
[21.359s] -- Installing: /home/fectec151/Downloads/Projects/vanttec_sdv/workspace/src/install/sdv_msgs/include/sdv_msgs/sdv_msgs/msg/detail/eta_pose__rosidl_typesupport_fastrtps_c.h
[21.359s] -- Installing: /home/fectec151/Downloads/Projects/vanttec_sdv/workspace/src/install/sdv_msgs/include/sdv_msgs/sdv_msgs/msg/detail/vehicle_status__rosidl_typesupport_fastrtps_c.h
[21.359s] -- Installing: /home/fectec151/Downloads/Projects/vanttec_sdv/workspace/src/install/sdv_msgs/include/sdv_msgs/sdv_msgs/msg/detail/throttle_msg__rosidl_typesupport_fastrtps_c.h
[21.359s] -- Installing: /home/fectec151/Downloads/Projects/vanttec_sdv/workspace/src/install/sdv_msgs/include/sdv_msgs/sdv_msgs/msg/detail/lane_invasion_event__rosidl_typesupport_fastrtps_c.h
[21.360s] -- Installing: /home/fectec151/Downloads/Projects/vanttec_sdv/workspace/src/install/sdv_msgs/include/sdv_msgs/sdv_msgs/msg/detail/panel_msg__rosidl_typesupport_fastrtps_c.h
[21.360s] -- Installing: /home/fectec151/Downloads/Projects/vanttec_sdv/workspace/src/install/sdv_msgs/include/sdv_msgs/sdv_msgs/msg/detail/system_dynamics__rosidl_typesupport_fastrtps_c.h
[21.360s] -- Installing: /home/fectec151/Downloads/Projects/vanttec_sdv/workspace/src/install/sdv_msgs/include/sdv_msgs/sdv_msgs/msg/detail/status__rosidl_typesupport_fastrtps_c.h
[21.360s] -- Installing: /home/fectec151/Downloads/Projects/vanttec_sdv/workspace/src/install/sdv_msgs/include/sdv_msgs/sdv_msgs/msg/detail/encoder__rosidl_typesupport_fastrtps_c.h
[21.360s] -- Installing: /home/fectec151/Downloads/Projects/vanttec_sdv/workspace/src/install/sdv_msgs/include/sdv_msgs/sdv_msgs/msg/detail/vehicle_info__rosidl_typesupport_fastrtps_c.h
[21.360s] -- Installing: /home/fectec151/Downloads/Projects/vanttec_sdv/workspace/src/install/sdv_msgs/lib/libsdv_msgs__rosidl_typesupport_fastrtps_c.so
[21.369s] -- Set runtime path of "/home/fectec151/Downloads/Projects/vanttec_sdv/workspace/src/install/sdv_msgs/lib/libsdv_msgs__rosidl_typesupport_fastrtps_c.so" to ""
[21.370s] -- Up-to-date: /home/fectec151/Downloads/Projects/vanttec_sdv/workspace/src/install/sdv_msgs/include/sdv_msgs/sdv_msgs
[21.370s] -- Up-to-date: /home/fectec151/Downloads/Projects/vanttec_sdv/workspace/src/install/sdv_msgs/include/sdv_msgs/sdv_msgs/srv
[21.370s] -- Up-to-date: /home/fectec151/Downloads/Projects/vanttec_sdv/workspace/src/install/sdv_msgs/include/sdv_msgs/sdv_msgs/srv/detail
[21.370s] -- Installing: /home/fectec151/Downloads/Projects/vanttec_sdv/workspace/src/install/sdv_msgs/include/sdv_msgs/sdv_msgs/srv/detail/uint8__rosidl_typesupport_introspection_c.h
[21.370s] -- Installing: /home/fectec151/Downloads/Projects/vanttec_sdv/workspace/src/install/sdv_msgs/include/sdv_msgs/sdv_msgs/srv/detail/uint8__type_support.c
[21.370s] -- Up-to-date: /home/fectec151/Downloads/Projects/vanttec_sdv/workspace/src/install/sdv_msgs/include/sdv_msgs/sdv_msgs/msg
[21.371s] -- Up-to-date: /home/fectec151/Downloads/Projects/vanttec_sdv/workspace/src/install/sdv_msgs/include/sdv_msgs/sdv_msgs/msg/rosidl_typesupport_introspection_c__visibility_control.h
[21.371s] -- Up-to-date: /home/fectec151/Downloads/Projects/vanttec_sdv/workspace/src/install/sdv_msgs/include/sdv_msgs/sdv_msgs/msg/detail
[21.371s] -- Installing: /home/fectec151/Downloads/Projects/vanttec_sdv/workspace/src/install/sdv_msgs/include/sdv_msgs/sdv_msgs/msg/detail/status__rosidl_typesupport_introspection_c.h
[21.371s] -- Installing: /home/fectec151/Downloads/Projects/vanttec_sdv/workspace/src/install/sdv_msgs/include/sdv_msgs/sdv_msgs/msg/detail/vehicle_status__type_support.c
[21.372s] -- Installing: /home/fectec151/Downloads/Projects/vanttec_sdv/workspace/src/install/sdv_msgs/include/sdv_msgs/sdv_msgs/msg/detail/state__type_support.c
[21.372s] -- Installing: /home/fectec151/Downloads/Projects/vanttec_sdv/workspace/src/install/sdv_msgs/include/sdv_msgs/sdv_msgs/msg/detail/vehicle_info_wheel__type_support.c
[21.372s] -- Installing: /home/fectec151/Downloads/Projects/vanttec_sdv/workspace/src/install/sdv_msgs/include/sdv_msgs/sdv_msgs/msg/detail/status__type_support.c
[21.372s] -- Installing: /home/fectec151/Downloads/Projects/vanttec_sdv/workspace/src/install/sdv_msgs/include/sdv_msgs/sdv_msgs/msg/detail/waypoint_vector__type_support.c
[21.373s] -- Installing: /home/fectec151/Downloads/Projects/vanttec_sdv/workspace/src/install/sdv_msgs/include/sdv_msgs/sdv_msgs/msg/detail/collision_event__type_support.c
[21.373s] -- Installing: /home/fectec151/Downloads/Projects/vanttec_sdv/workspace/src/install/sdv_msgs/include/sdv_msgs/sdv_msgs/msg/detail/eta_pose__type_support.c
[21.373s] -- Installing: /home/fectec151/Downloads/Projects/vanttec_sdv/workspace/src/install/sdv_msgs/include/sdv_msgs/sdv_msgs/msg/detail/lane_invasion_event__rosidl_typesupport_introspection_c.h
[21.373s] -- Installing: /home/fectec151/Downloads/Projects/vanttec_sdv/workspace/src/install/sdv_msgs/include/sdv_msgs/sdv_msgs/msg/detail/encoder__rosidl_typesupport_introspection_c.h
[21.374s] -- Installing: /home/fectec151/Downloads/Projects/vanttec_sdv/workspace/src/install/sdv_msgs/include/sdv_msgs/sdv_msgs/msg/detail/guidance_waypoints__rosidl_typesupport_introspection_c.h
[21.374s] -- Installing: /home/fectec151/Downloads/Projects/vanttec_sdv/workspace/src/install/sdv_msgs/include/sdv_msgs/sdv_msgs/msg/detail/eta_pose__rosidl_typesupport_introspection_c.h
[21.374s] -- Installing: /home/fectec151/Downloads/Projects/vanttec_sdv/workspace/src/install/sdv_msgs/include/sdv_msgs/sdv_msgs/msg/detail/vehicle_control__rosidl_typesupport_introspection_c.h
[21.374s] -- Installing: /home/fectec151/Downloads/Projects/vanttec_sdv/workspace/src/install/sdv_msgs/include/sdv_msgs/sdv_msgs/msg/detail/vehicle_info__type_support.c
[21.374s] -- Installing: /home/fectec151/Downloads/Projects/vanttec_sdv/workspace/src/install/sdv_msgs/include/sdv_msgs/sdv_msgs/msg/detail/encoder__type_support.c
[21.375s] -- Installing: /home/fectec151/Downloads/Projects/vanttec_sdv/workspace/src/install/sdv_msgs/include/sdv_msgs/sdv_msgs/msg/detail/vehicle_status__rosidl_typesupport_introspection_c.h
[21.375s] -- Installing: /home/fectec151/Downloads/Projects/vanttec_sdv/workspace/src/install/sdv_msgs/include/sdv_msgs/sdv_msgs/msg/detail/xbox_msg__rosidl_typesupport_introspection_c.h
[21.375s] -- Installing: /home/fectec151/Downloads/Projects/vanttec_sdv/workspace/src/install/sdv_msgs/include/sdv_msgs/sdv_msgs/msg/detail/waypoint_vector__rosidl_typesupport_introspection_c.h
[21.375s] -- Installing: /home/fectec151/Downloads/Projects/vanttec_sdv/workspace/src/install/sdv_msgs/include/sdv_msgs/sdv_msgs/msg/detail/thrust_control__rosidl_typesupport_introspection_c.h
[21.376s] -- Installing: /home/fectec151/Downloads/Projects/vanttec_sdv/workspace/src/install/sdv_msgs/include/sdv_msgs/sdv_msgs/msg/detail/xbox_msg__type_support.c
[21.376s] -- Installing: /home/fectec151/Downloads/Projects/vanttec_sdv/workspace/src/install/sdv_msgs/include/sdv_msgs/sdv_msgs/msg/detail/throttle_msg__type_support.c
[21.376s] -- Installing: /home/fectec151/Downloads/Projects/vanttec_sdv/workspace/src/install/sdv_msgs/include/sdv_msgs/sdv_msgs/msg/detail/lane_invasion_event__type_support.c
[21.376s] -- Installing: /home/fectec151/Downloads/Projects/vanttec_sdv/workspace/src/install/sdv_msgs/include/sdv_msgs/sdv_msgs/msg/detail/panel_msg__rosidl_typesupport_introspection_c.h
[21.376s] -- Installing: /home/fectec151/Downloads/Projects/vanttec_sdv/workspace/src/install/sdv_msgs/include/sdv_msgs/sdv_msgs/msg/detail/panel_msg__type_support.c
[21.377s] -- Installing: /home/fectec151/Downloads/Projects/vanttec_sdv/workspace/src/install/sdv_msgs/include/sdv_msgs/sdv_msgs/msg/detail/vehicle_control__type_support.c
[21.377s] -- Installing: /home/fectec151/Downloads/Projects/vanttec_sdv/workspace/src/install/sdv_msgs/include/sdv_msgs/sdv_msgs/msg/detail/vehicle_info_wheel__rosidl_typesupport_introspection_c.h
[21.377s] -- Installing: /home/fectec151/Downloads/Projects/vanttec_sdv/workspace/src/install/sdv_msgs/include/sdv_msgs/sdv_msgs/msg/detail/system_dynamics__type_support.c
[21.377s] -- Installing: /home/fectec151/Downloads/Projects/vanttec_sdv/workspace/src/install/sdv_msgs/include/sdv_msgs/sdv_msgs/msg/detail/state__rosidl_typesupport_introspection_c.h
[21.377s] -- Installing: /home/fectec151/Downloads/Projects/vanttec_sdv/workspace/src/install/sdv_msgs/include/sdv_msgs/sdv_msgs/msg/detail/thrust_control__type_support.c
[21.378s] -- Installing: /home/fectec151/Downloads/Projects/vanttec_sdv/workspace/src/install/sdv_msgs/include/sdv_msgs/sdv_msgs/msg/detail/collision_event__rosidl_typesupport_introspection_c.h
[21.378s] -- Installing: /home/fectec151/Downloads/Projects/vanttec_sdv/workspace/src/install/sdv_msgs/include/sdv_msgs/sdv_msgs/msg/detail/vehicle_info__rosidl_typesupport_introspection_c.h
[21.378s] -- Installing: /home/fectec151/Downloads/Projects/vanttec_sdv/workspace/src/install/sdv_msgs/include/sdv_msgs/sdv_msgs/msg/detail/throttle_msg__rosidl_typesupport_introspection_c.h
[21.378s] -- Installing: /home/fectec151/Downloads/Projects/vanttec_sdv/workspace/src/install/sdv_msgs/include/sdv_msgs/sdv_msgs/msg/detail/system_dynamics__rosidl_typesupport_introspection_c.h
[21.378s] -- Installing: /home/fectec151/Downloads/Projects/vanttec_sdv/workspace/src/install/sdv_msgs/include/sdv_msgs/sdv_msgs/msg/detail/guidance_waypoints__type_support.c
[21.379s] -- Installing: /home/fectec151/Downloads/Projects/vanttec_sdv/workspace/src/install/sdv_msgs/lib/libsdv_msgs__rosidl_typesupport_introspection_c.so
[21.379s] -- Set runtime path of "/home/fectec151/Downloads/Projects/vanttec_sdv/workspace/src/install/sdv_msgs/lib/libsdv_msgs__rosidl_typesupport_introspection_c.so" to ""
[21.379s] -- Installing: /home/fectec151/Downloads/Projects/vanttec_sdv/workspace/src/install/sdv_msgs/lib/libsdv_msgs__rosidl_typesupport_c.so
[21.379s] -- Set runtime path of "/home/fectec151/Downloads/Projects/vanttec_sdv/workspace/src/install/sdv_msgs/lib/libsdv_msgs__rosidl_typesupport_c.so" to ""
[21.379s] -- Up-to-date: /home/fectec151/Downloads/Projects/vanttec_sdv/workspace/src/install/sdv_msgs/include/sdv_msgs/sdv_msgs
[21.380s] -- Up-to-date: /home/fectec151/Downloads/Projects/vanttec_sdv/workspace/src/install/sdv_msgs/include/sdv_msgs/sdv_msgs/srv
[21.380s] -- Installing: /home/fectec151/Downloads/Projects/vanttec_sdv/workspace/src/install/sdv_msgs/include/sdv_msgs/sdv_msgs/srv/uint8.hpp
[21.380s] -- Up-to-date: /home/fectec151/Downloads/Projects/vanttec_sdv/workspace/src/install/sdv_msgs/include/sdv_msgs/sdv_msgs/srv/detail
[21.380s] -- Installing: /home/fectec151/Downloads/Projects/vanttec_sdv/workspace/src/install/sdv_msgs/include/sdv_msgs/sdv_msgs/srv/detail/uint8__builder.hpp
[21.381s] -- Installing: /home/fectec151/Downloads/Projects/vanttec_sdv/workspace/src/install/sdv_msgs/include/sdv_msgs/sdv_msgs/srv/detail/uint8__traits.hpp
[21.381s] -- Installing: /home/fectec151/Downloads/Projects/vanttec_sdv/workspace/src/install/sdv_msgs/include/sdv_msgs/sdv_msgs/srv/detail/uint8__struct.hpp
[21.381s] -- Up-to-date: /home/fectec151/Downloads/Projects/vanttec_sdv/workspace/src/install/sdv_msgs/include/sdv_msgs/sdv_msgs/msg
[21.382s] -- Installing: /home/fectec151/Downloads/Projects/vanttec_sdv/workspace/src/install/sdv_msgs/include/sdv_msgs/sdv_msgs/msg/xbox_msg.hpp
[21.382s] -- Installing: /home/fectec151/Downloads/Projects/vanttec_sdv/workspace/src/install/sdv_msgs/include/sdv_msgs/sdv_msgs/msg/status.hpp
[21.382s] -- Installing: /home/fectec151/Downloads/Projects/vanttec_sdv/workspace/src/install/sdv_msgs/include/sdv_msgs/sdv_msgs/msg/vehicle_info_wheel.hpp
[21.382s] -- Installing: /home/fectec151/Downloads/Projects/vanttec_sdv/workspace/src/install/sdv_msgs/include/sdv_msgs/sdv_msgs/msg/thrust_control.hpp
[21.383s] -- Installing: /home/fectec151/Downloads/Projects/vanttec_sdv/workspace/src/install/sdv_msgs/include/sdv_msgs/sdv_msgs/msg/vehicle_info.hpp
[21.383s] -- Installing: /home/fectec151/Downloads/Projects/vanttec_sdv/workspace/src/install/sdv_msgs/include/sdv_msgs/sdv_msgs/msg/throttle_msg.hpp
[21.383s] -- Installing: /home/fectec151/Downloads/Projects/vanttec_sdv/workspace/src/install/sdv_msgs/include/sdv_msgs/sdv_msgs/msg/vehicle_control.hpp
[21.383s] -- Installing: /home/fectec151/Downloads/Projects/vanttec_sdv/workspace/src/install/sdv_msgs/include/sdv_msgs/sdv_msgs/msg/guidance_waypoints.hpp
[21.383s] -- Installing: /home/fectec151/Downloads/Projects/vanttec_sdv/workspace/src/install/sdv_msgs/include/sdv_msgs/sdv_msgs/msg/lane_invasion_event.hpp
[21.384s] -- Installing: /home/fectec151/Downloads/Projects/vanttec_sdv/workspace/src/install/sdv_msgs/include/sdv_msgs/sdv_msgs/msg/system_dynamics.hpp
[21.384s] -- Installing: /home/fectec151/Downloads/Projects/vanttec_sdv/workspace/src/install/sdv_msgs/include/sdv_msgs/sdv_msgs/msg/collision_event.hpp
[21.384s] -- Installing: /home/fectec151/Downloads/Projects/vanttec_sdv/workspace/src/install/sdv_msgs/include/sdv_msgs/sdv_msgs/msg/state.hpp
[21.384s] -- Installing: /home/fectec151/Downloads/Projects/vanttec_sdv/workspace/src/install/sdv_msgs/include/sdv_msgs/sdv_msgs/msg/waypoint_vector.hpp
[21.385s] -- Up-to-date: /home/fectec151/Downloads/Projects/vanttec_sdv/workspace/src/install/sdv_msgs/include/sdv_msgs/sdv_msgs/msg/detail
[21.385s] -- Installing: /home/fectec151/Downloads/Projects/vanttec_sdv/workspace/src/install/sdv_msgs/include/sdv_msgs/sdv_msgs/msg/detail/status__builder.hpp
[21.385s] -- Installing: /home/fectec151/Downloads/Projects/vanttec_sdv/workspace/src/install/sdv_msgs/include/sdv_msgs/sdv_msgs/msg/detail/panel_msg__traits.hpp
[21.385s] -- Installing: /home/fectec151/Downloads/Projects/vanttec_sdv/workspace/src/install/sdv_msgs/include/sdv_msgs/sdv_msgs/msg/detail/vehicle_status__builder.hpp
[21.386s] -- Installing: /home/fectec151/Downloads/Projects/vanttec_sdv/workspace/src/install/sdv_msgs/include/sdv_msgs/sdv_msgs/msg/detail/collision_event__traits.hpp
[21.386s] -- Installing: /home/fectec151/Downloads/Projects/vanttec_sdv/workspace/src/install/sdv_msgs/include/sdv_msgs/sdv_msgs/msg/detail/encoder__struct.hpp
[21.386s] -- Installing: /home/fectec151/Downloads/Projects/vanttec_sdv/workspace/src/install/sdv_msgs/include/sdv_msgs/sdv_msgs/msg/detail/throttle_msg__struct.hpp
[21.386s] -- Installing: /home/fectec151/Downloads/Projects/vanttec_sdv/workspace/src/install/sdv_msgs/include/sdv_msgs/sdv_msgs/msg/detail/status__traits.hpp
[21.386s] -- Installing: /home/fectec151/Downloads/Projects/vanttec_sdv/workspace/src/install/sdv_msgs/include/sdv_msgs/sdv_msgs/msg/detail/eta_pose__builder.hpp
[21.387s] -- Installing: /home/fectec151/Downloads/Projects/vanttec_sdv/workspace/src/install/sdv_msgs/include/sdv_msgs/sdv_msgs/msg/detail/vehicle_info_wheel__builder.hpp
[21.387s] -- Installing: /home/fectec151/Downloads/Projects/vanttec_sdv/workspace/src/install/sdv_msgs/include/sdv_msgs/sdv_msgs/msg/detail/thrust_control__traits.hpp
[21.387s] -- Installing: /home/fectec151/Downloads/Projects/vanttec_sdv/workspace/src/install/sdv_msgs/include/sdv_msgs/sdv_msgs/msg/detail/xbox_msg__builder.hpp
[21.387s] -- Installing: /home/fectec151/Downloads/Projects/vanttec_sdv/workspace/src/install/sdv_msgs/include/sdv_msgs/sdv_msgs/msg/detail/system_dynamics__builder.hpp
[21.388s] -- Installing: /home/fectec151/Downloads/Projects/vanttec_sdv/workspace/src/install/sdv_msgs/include/sdv_msgs/sdv_msgs/msg/detail/vehicle_info_wheel__traits.hpp
[21.388s] -- Installing: /home/fectec151/Downloads/Projects/vanttec_sdv/workspace/src/install/sdv_msgs/include/sdv_msgs/sdv_msgs/msg/detail/throttle_msg__builder.hpp
[21.388s] -- Installing: /home/fectec151/Downloads/Projects/vanttec_sdv/workspace/src/install/sdv_msgs/include/sdv_msgs/sdv_msgs/msg/detail/waypoint_vector__struct.hpp
[21.389s] -- Installing: /home/fectec151/Downloads/Projects/vanttec_sdv/workspace/src/install/sdv_msgs/include/sdv_msgs/sdv_msgs/msg/detail/state__traits.hpp
[21.389s] -- Installing: /home/fectec151/Downloads/Projects/vanttec_sdv/workspace/src/install/sdv_msgs/include/sdv_msgs/sdv_msgs/msg/detail/panel_msg__struct.hpp
[21.389s] -- Installing: /home/fectec151/Downloads/Projects/vanttec_sdv/workspace/src/install/sdv_msgs/include/sdv_msgs/sdv_msgs/msg/detail/vehicle_info_wheel__struct.hpp
[21.389s] -- Installing: /home/fectec151/Downloads/Projects/vanttec_sdv/workspace/src/install/sdv_msgs/include/sdv_msgs/sdv_msgs/msg/detail/vehicle_status__traits.hpp
[21.390s] -- Installing: /home/fectec151/Downloads/Projects/vanttec_sdv/workspace/src/install/sdv_msgs/include/sdv_msgs/sdv_msgs/msg/detail/collision_event__builder.hpp
[21.390s] -- Installing: /home/fectec151/Downloads/Projects/vanttec_sdv/workspace/src/install/sdv_msgs/include/sdv_msgs/sdv_msgs/msg/detail/eta_pose__traits.hpp
[21.390s] -- Installing: /home/fectec151/Downloads/Projects/vanttec_sdv/workspace/src/install/sdv_msgs/include/sdv_msgs/sdv_msgs/msg/detail/status__struct.hpp
[21.390s] -- Installing: /home/fectec151/Downloads/Projects/vanttec_sdv/workspace/src/install/sdv_msgs/include/sdv_msgs/sdv_msgs/msg/detail/guidance_waypoints__struct.hpp
[21.390s] -- Installing: /home/fectec151/Downloads/Projects/vanttec_sdv/workspace/src/install/sdv_msgs/include/sdv_msgs/sdv_msgs/msg/detail/system_dynamics__struct.hpp
[21.390s] -- Installing: /home/fectec151/Downloads/Projects/vanttec_sdv/workspace/src/install/sdv_msgs/include/sdv_msgs/sdv_msgs/msg/detail/waypoint_vector__traits.hpp
[21.391s] -- Installing: /home/fectec151/Downloads/Projects/vanttec_sdv/workspace/src/install/sdv_msgs/include/sdv_msgs/sdv_msgs/msg/detail/state__builder.hpp
[21.391s] -- Installing: /home/fectec151/Downloads/Projects/vanttec_sdv/workspace/src/install/sdv_msgs/include/sdv_msgs/sdv_msgs/msg/detail/lane_invasion_event__builder.hpp
[21.391s] -- Installing: /home/fectec151/Downloads/Projects/vanttec_sdv/workspace/src/install/sdv_msgs/include/sdv_msgs/sdv_msgs/msg/detail/vehicle_control__builder.hpp
[21.391s] -- Installing: /home/fectec151/Downloads/Projects/vanttec_sdv/workspace/src/install/sdv_msgs/include/sdv_msgs/sdv_msgs/msg/detail/xbox_msg__traits.hpp
[21.392s] -- Installing: /home/fectec151/Downloads/Projects/vanttec_sdv/workspace/src/install/sdv_msgs/include/sdv_msgs/sdv_msgs/msg/detail/waypoint_vector__builder.hpp
[21.392s] -- Installing: /home/fectec151/Downloads/Projects/vanttec_sdv/workspace/src/install/sdv_msgs/include/sdv_msgs/sdv_msgs/msg/detail/guidance_waypoints__traits.hpp
[21.393s] -- Installing: /home/fectec151/Downloads/Projects/vanttec_sdv/workspace/src/install/sdv_msgs/include/sdv_msgs/sdv_msgs/msg/detail/vehicle_info__struct.hpp
[21.393s] -- Installing: /home/fectec151/Downloads/Projects/vanttec_sdv/workspace/src/install/sdv_msgs/include/sdv_msgs/sdv_msgs/msg/detail/guidance_waypoints__builder.hpp
[21.393s] -- Installing: /home/fectec151/Downloads/Projects/vanttec_sdv/workspace/src/install/sdv_msgs/include/sdv_msgs/sdv_msgs/msg/detail/state__struct.hpp
[21.393s] -- Installing: /home/fectec151/Downloads/Projects/vanttec_sdv/workspace/src/install/sdv_msgs/include/sdv_msgs/sdv_msgs/msg/detail/vehicle_control__traits.hpp
[21.394s] -- Installing: /home/fectec151/Downloads/Projects/vanttec_sdv/workspace/src/install/sdv_msgs/include/sdv_msgs/sdv_msgs/msg/detail/lane_invasion_event__struct.hpp
[21.394s] -- Installing: /home/fectec151/Downloads/Projects/vanttec_sdv/workspace/src/install/sdv_msgs/include/sdv_msgs/sdv_msgs/msg/detail/vehicle_control__struct.hpp
[21.394s] -- Installing: /home/fectec151/Downloads/Projects/vanttec_sdv/workspace/src/install/sdv_msgs/include/sdv_msgs/sdv_msgs/msg/detail/lane_invasion_event__traits.hpp
[21.394s] -- Installing: /home/fectec151/Downloads/Projects/vanttec_sdv/workspace/src/install/sdv_msgs/include/sdv_msgs/sdv_msgs/msg/detail/xbox_msg__struct.hpp
[21.394s] -- Installing: /home/fectec151/Downloads/Projects/vanttec_sdv/workspace/src/install/sdv_msgs/include/sdv_msgs/sdv_msgs/msg/detail/vehicle_status__struct.hpp
[21.395s] -- Installing: /home/fectec151/Downloads/Projects/vanttec_sdv/workspace/src/install/sdv_msgs/include/sdv_msgs/sdv_msgs/msg/detail/encoder__traits.hpp
[21.395s] -- Installing: /home/fectec151/Downloads/Projects/vanttec_sdv/workspace/src/install/sdv_msgs/include/sdv_msgs/sdv_msgs/msg/detail/encoder__builder.hpp
[21.395s] -- Installing: /home/fectec151/Downloads/Projects/vanttec_sdv/workspace/src/install/sdv_msgs/include/sdv_msgs/sdv_msgs/msg/detail/vehicle_info__builder.hpp
[21.396s] -- Installing: /home/fectec151/Downloads/Projects/vanttec_sdv/workspace/src/install/sdv_msgs/include/sdv_msgs/sdv_msgs/msg/detail/collision_event__struct.hpp
[21.396s] -- Installing: /home/fectec151/Downloads/Projects/vanttec_sdv/workspace/src/install/sdv_msgs/include/sdv_msgs/sdv_msgs/msg/detail/vehicle_info__traits.hpp
[21.396s] -- Installing: /home/fectec151/Downloads/Projects/vanttec_sdv/workspace/src/install/sdv_msgs/include/sdv_msgs/sdv_msgs/msg/detail/thrust_control__builder.hpp
[21.396s] -- Installing: /home/fectec151/Downloads/Projects/vanttec_sdv/workspace/src/install/sdv_msgs/include/sdv_msgs/sdv_msgs/msg/detail/throttle_msg__traits.hpp
[21.397s] -- Installing: /home/fectec151/Downloads/Projects/vanttec_sdv/workspace/src/install/sdv_msgs/include/sdv_msgs/sdv_msgs/msg/detail/system_dynamics__traits.hpp
[21.397s] -- Installing: /home/fectec151/Downloads/Projects/vanttec_sdv/workspace/src/install/sdv_msgs/include/sdv_msgs/sdv_msgs/msg/detail/panel_msg__builder.hpp
[21.397s] -- Installing: /home/fectec151/Downloads/Projects/vanttec_sdv/workspace/src/install/sdv_msgs/include/sdv_msgs/sdv_msgs/msg/detail/thrust_control__struct.hpp
[21.397s] -- Installing: /home/fectec151/Downloads/Projects/vanttec_sdv/workspace/src/install/sdv_msgs/include/sdv_msgs/sdv_msgs/msg/detail/eta_pose__struct.hpp
[21.397s] -- Installing: /home/fectec151/Downloads/Projects/vanttec_sdv/workspace/src/install/sdv_msgs/include/sdv_msgs/sdv_msgs/msg/panel_msg.hpp
[21.397s] -- Installing: /home/fectec151/Downloads/Projects/vanttec_sdv/workspace/src/install/sdv_msgs/include/sdv_msgs/sdv_msgs/msg/eta_pose.hpp
[21.397s] -- Installing: /home/fectec151/Downloads/Projects/vanttec_sdv/workspace/src/install/sdv_msgs/include/sdv_msgs/sdv_msgs/msg/encoder.hpp
[21.398s] -- Installing: /home/fectec151/Downloads/Projects/vanttec_sdv/workspace/src/install/sdv_msgs/include/sdv_msgs/sdv_msgs/msg/vehicle_status.hpp
[21.398s] -- Up-to-date: /home/fectec151/Downloads/Projects/vanttec_sdv/workspace/src/install/sdv_msgs/include/sdv_msgs/sdv_msgs
[21.398s] -- Up-to-date: /home/fectec151/Downloads/Projects/vanttec_sdv/workspace/src/install/sdv_msgs/include/sdv_msgs/sdv_msgs/srv
[21.398s] -- Up-to-date: /home/fectec151/Downloads/Projects/vanttec_sdv/workspace/src/install/sdv_msgs/include/sdv_msgs/sdv_msgs/srv/detail
[21.398s] -- Up-to-date: /home/fectec151/Downloads/Projects/vanttec_sdv/workspace/src/install/sdv_msgs/include/sdv_msgs/sdv_msgs/srv/detail/dds_fastrtps
[21.398s] -- Installing: /home/fectec151/Downloads/Projects/vanttec_sdv/workspace/src/install/sdv_msgs/include/sdv_msgs/sdv_msgs/srv/detail/uint8__rosidl_typesupport_fastrtps_cpp.hpp
[21.399s] -- Up-to-date: /home/fectec151/Downloads/Projects/vanttec_sdv/workspace/src/install/sdv_msgs/include/sdv_msgs/sdv_msgs/msg
[21.399s] -- Up-to-date: /home/fectec151/Downloads/Projects/vanttec_sdv/workspace/src/install/sdv_msgs/include/sdv_msgs/sdv_msgs/msg/rosidl_typesupport_fastrtps_cpp__visibility_control.h
[21.399s] -- Up-to-date: /home/fectec151/Downloads/Projects/vanttec_sdv/workspace/src/install/sdv_msgs/include/sdv_msgs/sdv_msgs/msg/detail
[21.400s] -- Installing: /home/fectec151/Downloads/Projects/vanttec_sdv/workspace/src/install/sdv_msgs/include/sdv_msgs/sdv_msgs/msg/detail/panel_msg__rosidl_typesupport_fastrtps_cpp.hpp
[21.400s] -- Installing: /home/fectec151/Downloads/Projects/vanttec_sdv/workspace/src/install/sdv_msgs/include/sdv_msgs/sdv_msgs/msg/detail/eta_pose__rosidl_typesupport_fastrtps_cpp.hpp
[21.401s] -- Up-to-date: /home/fectec151/Downloads/Projects/vanttec_sdv/workspace/src/install/sdv_msgs/include/sdv_msgs/sdv_msgs/msg/detail/dds_fastrtps
[21.401s] -- Installing: /home/fectec151/Downloads/Projects/vanttec_sdv/workspace/src/install/sdv_msgs/include/sdv_msgs/sdv_msgs/msg/detail/vehicle_info__rosidl_typesupport_fastrtps_cpp.hpp
[21.401s] -- Installing: /home/fectec151/Downloads/Projects/vanttec_sdv/workspace/src/install/sdv_msgs/include/sdv_msgs/sdv_msgs/msg/detail/system_dynamics__rosidl_typesupport_fastrtps_cpp.hpp
[21.401s] -- Installing: /home/fectec151/Downloads/Projects/vanttec_sdv/workspace/src/install/sdv_msgs/include/sdv_msgs/sdv_msgs/msg/detail/collision_event__rosidl_typesupport_fastrtps_cpp.hpp
[21.401s] -- Installing: /home/fectec151/Downloads/Projects/vanttec_sdv/workspace/src/install/sdv_msgs/include/sdv_msgs/sdv_msgs/msg/detail/encoder__rosidl_typesupport_fastrtps_cpp.hpp
[21.401s] -- Installing: /home/fectec151/Downloads/Projects/vanttec_sdv/workspace/src/install/sdv_msgs/include/sdv_msgs/sdv_msgs/msg/detail/vehicle_control__rosidl_typesupport_fastrtps_cpp.hpp
[21.402s] -- Installing: /home/fectec151/Downloads/Projects/vanttec_sdv/workspace/src/install/sdv_msgs/include/sdv_msgs/sdv_msgs/msg/detail/state__rosidl_typesupport_fastrtps_cpp.hpp
[21.402s] -- Installing: /home/fectec151/Downloads/Projects/vanttec_sdv/workspace/src/install/sdv_msgs/include/sdv_msgs/sdv_msgs/msg/detail/xbox_msg__rosidl_typesupport_fastrtps_cpp.hpp
[21.402s] -- Installing: /home/fectec151/Downloads/Projects/vanttec_sdv/workspace/src/install/sdv_msgs/include/sdv_msgs/sdv_msgs/msg/detail/thrust_control__rosidl_typesupport_fastrtps_cpp.hpp
[21.402s] -- Installing: /home/fectec151/Downloads/Projects/vanttec_sdv/workspace/src/install/sdv_msgs/include/sdv_msgs/sdv_msgs/msg/detail/guidance_waypoints__rosidl_typesupport_fastrtps_cpp.hpp
[21.402s] -- Installing: /home/fectec151/Downloads/Projects/vanttec_sdv/workspace/src/install/sdv_msgs/include/sdv_msgs/sdv_msgs/msg/detail/waypoint_vector__rosidl_typesupport_fastrtps_cpp.hpp
[21.403s] -- Installing: /home/fectec151/Downloads/Projects/vanttec_sdv/workspace/src/install/sdv_msgs/include/sdv_msgs/sdv_msgs/msg/detail/status__rosidl_typesupport_fastrtps_cpp.hpp
[21.403s] -- Installing: /home/fectec151/Downloads/Projects/vanttec_sdv/workspace/src/install/sdv_msgs/include/sdv_msgs/sdv_msgs/msg/detail/lane_invasion_event__rosidl_typesupport_fastrtps_cpp.hpp
[21.403s] -- Installing: /home/fectec151/Downloads/Projects/vanttec_sdv/workspace/src/install/sdv_msgs/include/sdv_msgs/sdv_msgs/msg/detail/throttle_msg__rosidl_typesupport_fastrtps_cpp.hpp
[21.403s] -- Installing: /home/fectec151/Downloads/Projects/vanttec_sdv/workspace/src/install/sdv_msgs/include/sdv_msgs/sdv_msgs/msg/detail/vehicle_info_wheel__rosidl_typesupport_fastrtps_cpp.hpp
[21.404s] -- Installing: /home/fectec151/Downloads/Projects/vanttec_sdv/workspace/src/install/sdv_msgs/include/sdv_msgs/sdv_msgs/msg/detail/vehicle_status__rosidl_typesupport_fastrtps_cpp.hpp
[21.404s] -- Installing: /home/fectec151/Downloads/Projects/vanttec_sdv/workspace/src/install/sdv_msgs/lib/libsdv_msgs__rosidl_typesupport_fastrtps_cpp.so
[21.405s] -- Set runtime path of "/home/fectec151/Downloads/Projects/vanttec_sdv/workspace/src/install/sdv_msgs/lib/libsdv_msgs__rosidl_typesupport_fastrtps_cpp.so" to ""
[21.405s] -- Up-to-date: /home/fectec151/Downloads/Projects/vanttec_sdv/workspace/src/install/sdv_msgs/include/sdv_msgs/sdv_msgs
[21.405s] -- Up-to-date: /home/fectec151/Downloads/Projects/vanttec_sdv/workspace/src/install/sdv_msgs/include/sdv_msgs/sdv_msgs/srv
[21.406s] -- Up-to-date: /home/fectec151/Downloads/Projects/vanttec_sdv/workspace/src/install/sdv_msgs/include/sdv_msgs/sdv_msgs/srv/detail
[21.406s] -- Installing: /home/fectec151/Downloads/Projects/vanttec_sdv/workspace/src/install/sdv_msgs/include/sdv_msgs/sdv_msgs/srv/detail/uint8__type_support.cpp
[21.406s] -- Installing: /home/fectec151/Downloads/Projects/vanttec_sdv/workspace/src/install/sdv_msgs/include/sdv_msgs/sdv_msgs/srv/detail/uint8__rosidl_typesupport_introspection_cpp.hpp
[21.406s] -- Up-to-date: /home/fectec151/Downloads/Projects/vanttec_sdv/workspace/src/install/sdv_msgs/include/sdv_msgs/sdv_msgs/msg
[21.407s] -- Up-to-date: /home/fectec151/Downloads/Projects/vanttec_sdv/workspace/src/install/sdv_msgs/include/sdv_msgs/sdv_msgs/msg/detail
[21.407s] -- Installing: /home/fectec151/Downloads/Projects/vanttec_sdv/workspace/src/install/sdv_msgs/include/sdv_msgs/sdv_msgs/msg/detail/panel_msg__type_support.cpp
[21.407s] -- Installing: /home/fectec151/Downloads/Projects/vanttec_sdv/workspace/src/install/sdv_msgs/include/sdv_msgs/sdv_msgs/msg/detail/vehicle_info_wheel__type_support.cpp
[21.407s] -- Installing: /home/fectec151/Downloads/Projects/vanttec_sdv/workspace/src/install/sdv_msgs/include/sdv_msgs/sdv_msgs/msg/detail/guidance_waypoints__type_support.cpp
[21.408s] -- Installing: /home/fectec151/Downloads/Projects/vanttec_sdv/workspace/src/install/sdv_msgs/include/sdv_msgs/sdv_msgs/msg/detail/vehicle_status__type_support.cpp
[21.408s] -- Installing: /home/fectec151/Downloads/Projects/vanttec_sdv/workspace/src/install/sdv_msgs/include/sdv_msgs/sdv_msgs/msg/detail/vehicle_status__rosidl_typesupport_introspection_cpp.hpp
[21.408s] -- Installing: /home/fectec151/Downloads/Projects/vanttec_sdv/workspace/src/install/sdv_msgs/include/sdv_msgs/sdv_msgs/msg/detail/vehicle_info__rosidl_typesupport_introspection_cpp.hpp
[21.408s] -- Installing: /home/fectec151/Downloads/Projects/vanttec_sdv/workspace/src/install/sdv_msgs/include/sdv_msgs/sdv_msgs/msg/detail/vehicle_control__rosidl_typesupport_introspection_cpp.hpp
[21.409s] -- Installing: /home/fectec151/Downloads/Projects/vanttec_sdv/workspace/src/install/sdv_msgs/include/sdv_msgs/sdv_msgs/msg/detail/lane_invasion_event__rosidl_typesupport_introspection_cpp.hpp
[21.409s] -- Installing: /home/fectec151/Downloads/Projects/vanttec_sdv/workspace/src/install/sdv_msgs/include/sdv_msgs/sdv_msgs/msg/detail/thrust_control__rosidl_typesupport_introspection_cpp.hpp
[21.409s] -- Installing: /home/fectec151/Downloads/Projects/vanttec_sdv/workspace/src/install/sdv_msgs/include/sdv_msgs/sdv_msgs/msg/detail/collision_event__type_support.cpp
[21.409s] -- Installing: /home/fectec151/Downloads/Projects/vanttec_sdv/workspace/src/install/sdv_msgs/include/sdv_msgs/sdv_msgs/msg/detail/throttle_msg__type_support.cpp
[21.409s] -- Installing: /home/fectec151/Downloads/Projects/vanttec_sdv/workspace/src/install/sdv_msgs/include/sdv_msgs/sdv_msgs/msg/detail/system_dynamics__rosidl_typesupport_introspection_cpp.hpp
[21.409s] -- Installing: /home/fectec151/Downloads/Projects/vanttec_sdv/workspace/src/install/sdv_msgs/include/sdv_msgs/sdv_msgs/msg/detail/eta_pose__rosidl_typesupport_introspection_cpp.hpp
[21.409s] -- Installing: /home/fectec151/Downloads/Projects/vanttec_sdv/workspace/src/install/sdv_msgs/include/sdv_msgs/sdv_msgs/msg/detail/eta_pose__type_support.cpp
[21.409s] -- Installing: /home/fectec151/Downloads/Projects/vanttec_sdv/workspace/src/install/sdv_msgs/include/sdv_msgs/sdv_msgs/msg/detail/lane_invasion_event__type_support.cpp
[21.409s] -- Installing: /home/fectec151/Downloads/Projects/vanttec_sdv/workspace/src/install/sdv_msgs/include/sdv_msgs/sdv_msgs/msg/detail/state__type_support.cpp
[21.410s] -- Installing: /home/fectec151/Downloads/Projects/vanttec_sdv/workspace/src/install/sdv_msgs/include/sdv_msgs/sdv_msgs/msg/detail/vehicle_info_wheel__rosidl_typesupport_introspection_cpp.hpp
[21.410s] -- Installing: /home/fectec151/Downloads/Projects/vanttec_sdv/workspace/src/install/sdv_msgs/include/sdv_msgs/sdv_msgs/msg/detail/throttle_msg__rosidl_typesupport_introspection_cpp.hpp
[21.410s] -- Installing: /home/fectec151/Downloads/Projects/vanttec_sdv/workspace/src/install/sdv_msgs/include/sdv_msgs/sdv_msgs/msg/detail/xbox_msg__rosidl_typesupport_introspection_cpp.hpp
[21.410s] -- Installing: /home/fectec151/Downloads/Projects/vanttec_sdv/workspace/src/install/sdv_msgs/include/sdv_msgs/sdv_msgs/msg/detail/waypoint_vector__type_support.cpp
[21.410s] -- Installing: /home/fectec151/Downloads/Projects/vanttec_sdv/workspace/src/install/sdv_msgs/include/sdv_msgs/sdv_msgs/msg/detail/system_dynamics__type_support.cpp
[21.410s] -- Installing: /home/fectec151/Downloads/Projects/vanttec_sdv/workspace/src/install/sdv_msgs/include/sdv_msgs/sdv_msgs/msg/detail/encoder__rosidl_typesupport_introspection_cpp.hpp
[21.410s] -- Installing: /home/fectec151/Downloads/Projects/vanttec_sdv/workspace/src/install/sdv_msgs/include/sdv_msgs/sdv_msgs/msg/detail/xbox_msg__type_support.cpp
[21.410s] -- Installing: /home/fectec151/Downloads/Projects/vanttec_sdv/workspace/src/install/sdv_msgs/include/sdv_msgs/sdv_msgs/msg/detail/status__type_support.cpp
[21.410s] -- Installing: /home/fectec151/Downloads/Projects/vanttec_sdv/workspace/src/install/sdv_msgs/include/sdv_msgs/sdv_msgs/msg/detail/encoder__type_support.cpp
[21.411s] -- Installing: /home/fectec151/Downloads/Projects/vanttec_sdv/workspace/src/install/sdv_msgs/include/sdv_msgs/sdv_msgs/msg/detail/waypoint_vector__rosidl_typesupport_introspection_cpp.hpp
[21.411s] -- Installing: /home/fectec151/Downloads/Projects/vanttec_sdv/workspace/src/install/sdv_msgs/include/sdv_msgs/sdv_msgs/msg/detail/vehicle_control__type_support.cpp
[21.411s] -- Installing: /home/fectec151/Downloads/Projects/vanttec_sdv/workspace/src/install/sdv_msgs/include/sdv_msgs/sdv_msgs/msg/detail/collision_event__rosidl_typesupport_introspection_cpp.hpp
[21.411s] -- Installing: /home/fectec151/Downloads/Projects/vanttec_sdv/workspace/src/install/sdv_msgs/include/sdv_msgs/sdv_msgs/msg/detail/thrust_control__type_support.cpp
[21.411s] -- Installing: /home/fectec151/Downloads/Projects/vanttec_sdv/workspace/src/install/sdv_msgs/include/sdv_msgs/sdv_msgs/msg/detail/vehicle_info__type_support.cpp
[21.411s] -- Installing: /home/fectec151/Downloads/Projects/vanttec_sdv/workspace/src/install/sdv_msgs/include/sdv_msgs/sdv_msgs/msg/detail/guidance_waypoints__rosidl_typesupport_introspection_cpp.hpp
[21.411s] -- Installing: /home/fectec151/Downloads/Projects/vanttec_sdv/workspace/src/install/sdv_msgs/include/sdv_msgs/sdv_msgs/msg/detail/status__rosidl_typesupport_introspection_cpp.hpp
[21.411s] -- Installing: /home/fectec151/Downloads/Projects/vanttec_sdv/workspace/src/install/sdv_msgs/include/sdv_msgs/sdv_msgs/msg/detail/panel_msg__rosidl_typesupport_introspection_cpp.hpp
[21.411s] -- Installing: /home/fectec151/Downloads/Projects/vanttec_sdv/workspace/src/install/sdv_msgs/include/sdv_msgs/sdv_msgs/msg/detail/state__rosidl_typesupport_introspection_cpp.hpp
[21.411s] -- Installing: /home/fectec151/Downloads/Projects/vanttec_sdv/workspace/src/install/sdv_msgs/lib/libsdv_msgs__rosidl_typesupport_introspection_cpp.so
[21.411s] -- Set runtime path of "/home/fectec151/Downloads/Projects/vanttec_sdv/workspace/src/install/sdv_msgs/lib/libsdv_msgs__rosidl_typesupport_introspection_cpp.so" to ""
[21.411s] -- Installing: /home/fectec151/Downloads/Projects/vanttec_sdv/workspace/src/install/sdv_msgs/lib/libsdv_msgs__rosidl_typesupport_cpp.so
[21.411s] -- Set runtime path of "/home/fectec151/Downloads/Projects/vanttec_sdv/workspace/src/install/sdv_msgs/lib/libsdv_msgs__rosidl_typesupport_cpp.so" to ""
[21.411s] -- Up-to-date: /home/fectec151/Downloads/Projects/vanttec_sdv/workspace/src/install/sdv_msgs/share/sdv_msgs/environment/pythonpath.sh
[21.412s] -- Installing: /home/fectec151/Downloads/Projects/vanttec_sdv/workspace/src/install/sdv_msgs/share/sdv_msgs/environment/pythonpath.dsv
[21.412s] -- Up-to-date: /home/fectec151/Downloads/Projects/vanttec_sdv/workspace/src/install/sdv_msgs/local/lib/python3.10/dist-packages/sdv_msgs-0.0.0-py3.10.egg-info
[21.412s] -- Installing: /home/fectec151/Downloads/Projects/vanttec_sdv/workspace/src/install/sdv_msgs/local/lib/python3.10/dist-packages/sdv_msgs-0.0.0-py3.10.egg-info/PKG-INFO
[21.412s] -- Installing: /home/fectec151/Downloads/Projects/vanttec_sdv/workspace/src/install/sdv_msgs/local/lib/python3.10/dist-packages/sdv_msgs-0.0.0-py3.10.egg-info/top_level.txt
[21.412s] -- Installing: /home/fectec151/Downloads/Projects/vanttec_sdv/workspace/src/install/sdv_msgs/local/lib/python3.10/dist-packages/sdv_msgs-0.0.0-py3.10.egg-info/SOURCES.txt
[21.412s] -- Installing: /home/fectec151/Downloads/Projects/vanttec_sdv/workspace/src/install/sdv_msgs/local/lib/python3.10/dist-packages/sdv_msgs-0.0.0-py3.10.egg-info/dependency_links.txt
[21.412s] -- Up-to-date: /home/fectec151/Downloads/Projects/vanttec_sdv/workspace/src/install/sdv_msgs/local/lib/python3.10/dist-packages/sdv_msgs
[21.412s] -- Installing: /home/fectec151/Downloads/Projects/vanttec_sdv/workspace/src/install/sdv_msgs/local/lib/python3.10/dist-packages/sdv_msgs/sdv_msgs_s__rosidl_typesupport_c.cpython-310-x86_64-linux-gnu.so
[21.412s] -- Installing: /home/fectec151/Downloads/Projects/vanttec_sdv/workspace/src/install/sdv_msgs/local/lib/python3.10/dist-packages/sdv_msgs/_sdv_msgs_s.ep.rosidl_typesupport_c.c
[21.412s] -- Up-to-date: /home/fectec151/Downloads/Projects/vanttec_sdv/workspace/src/install/sdv_msgs/local/lib/python3.10/dist-packages/sdv_msgs/srv
[21.412s] -- Installing: /home/fectec151/Downloads/Projects/vanttec_sdv/workspace/src/install/sdv_msgs/local/lib/python3.10/dist-packages/sdv_msgs/srv/_uint8.py
[21.412s] -- Installing: /home/fectec151/Downloads/Projects/vanttec_sdv/workspace/src/install/sdv_msgs/local/lib/python3.10/dist-packages/sdv_msgs/srv/__init__.py
[21.412s] -- Installing: /home/fectec151/Downloads/Projects/vanttec_sdv/workspace/src/install/sdv_msgs/local/lib/python3.10/dist-packages/sdv_msgs/srv/_uint8_s.c
[21.412s] -- Installing: /home/fectec151/Downloads/Projects/vanttec_sdv/workspace/src/install/sdv_msgs/local/lib/python3.10/dist-packages/sdv_msgs/sdv_msgs_s__rosidl_typesupport_introspection_c.cpython-310-x86_64-linux-gnu.so
[21.412s] -- Up-to-date: /home/fectec151/Downloads/Projects/vanttec_sdv/workspace/src/install/sdv_msgs/local/lib/python3.10/dist-packages/sdv_msgs/msg
[21.412s] -- Installing: /home/fectec151/Downloads/Projects/vanttec_sdv/workspace/src/install/sdv_msgs/local/lib/python3.10/dist-packages/sdv_msgs/msg/_guidance_waypoints_s.c
[21.413s] -- Installing: /home/fectec151/Downloads/Projects/vanttec_sdv/workspace/src/install/sdv_msgs/local/lib/python3.10/dist-packages/sdv_msgs/msg/_vehicle_info_wheel.py
[21.413s] -- Installing: /home/fectec151/Downloads/Projects/vanttec_sdv/workspace/src/install/sdv_msgs/local/lib/python3.10/dist-packages/sdv_msgs/msg/_vehicle_info.py
[21.413s] -- Installing: /home/fectec151/Downloads/Projects/vanttec_sdv/workspace/src/install/sdv_msgs/local/lib/python3.10/dist-packages/sdv_msgs/msg/_vehicle_status_s.c
[21.413s] -- Installing: /home/fectec151/Downloads/Projects/vanttec_sdv/workspace/src/install/sdv_msgs/local/lib/python3.10/dist-packages/sdv_msgs/msg/_panel_msg_s.c
[21.413s] -- Installing: /home/fectec151/Downloads/Projects/vanttec_sdv/workspace/src/install/sdv_msgs/local/lib/python3.10/dist-packages/sdv_msgs/msg/_status_s.c
[21.413s] -- Installing: /home/fectec151/Downloads/Projects/vanttec_sdv/workspace/src/install/sdv_msgs/local/lib/python3.10/dist-packages/sdv_msgs/msg/_waypoint_vector.py
[21.413s] -- Installing: /home/fectec151/Downloads/Projects/vanttec_sdv/workspace/src/install/sdv_msgs/local/lib/python3.10/dist-packages/sdv_msgs/msg/_collision_event.py
[21.413s] -- Installing: /home/fectec151/Downloads/Projects/vanttec_sdv/workspace/src/install/sdv_msgs/local/lib/python3.10/dist-packages/sdv_msgs/msg/_vehicle_status.py
[21.413s] -- Installing: /home/fectec151/Downloads/Projects/vanttec_sdv/workspace/src/install/sdv_msgs/local/lib/python3.10/dist-packages/sdv_msgs/msg/_panel_msg.py
[21.414s] -- Installing: /home/fectec151/Downloads/Projects/vanttec_sdv/workspace/src/install/sdv_msgs/local/lib/python3.10/dist-packages/sdv_msgs/msg/_guidance_waypoints.py
[21.414s] -- Installing: /home/fectec151/Downloads/Projects/vanttec_sdv/workspace/src/install/sdv_msgs/local/lib/python3.10/dist-packages/sdv_msgs/msg/__init__.py
[21.414s] -- Installing: /home/fectec151/Downloads/Projects/vanttec_sdv/workspace/src/install/sdv_msgs/local/lib/python3.10/dist-packages/sdv_msgs/msg/_lane_invasion_event_s.c
[21.414s] -- Installing: /home/fectec151/Downloads/Projects/vanttec_sdv/workspace/src/install/sdv_msgs/local/lib/python3.10/dist-packages/sdv_msgs/msg/_vehicle_control.py
[21.414s] -- Installing: /home/fectec151/Downloads/Projects/vanttec_sdv/workspace/src/install/sdv_msgs/local/lib/python3.10/dist-packages/sdv_msgs/msg/_vehicle_control_s.c
[21.414s] -- Installing: /home/fectec151/Downloads/Projects/vanttec_sdv/workspace/src/install/sdv_msgs/local/lib/python3.10/dist-packages/sdv_msgs/msg/_system_dynamics_s.c
[21.414s] -- Installing: /home/fectec151/Downloads/Projects/vanttec_sdv/workspace/src/install/sdv_msgs/local/lib/python3.10/dist-packages/sdv_msgs/msg/_waypoint_vector_s.c
[21.414s] -- Installing: /home/fectec151/Downloads/Projects/vanttec_sdv/workspace/src/install/sdv_msgs/local/lib/python3.10/dist-packages/sdv_msgs/msg/_encoder.py
[21.414s] -- Installing: /home/fectec151/Downloads/Projects/vanttec_sdv/workspace/src/install/sdv_msgs/local/lib/python3.10/dist-packages/sdv_msgs/msg/_thrust_control_s.c
[21.414s] -- Installing: /home/fectec151/Downloads/Projects/vanttec_sdv/workspace/src/install/sdv_msgs/local/lib/python3.10/dist-packages/sdv_msgs/msg/_throttle_msg_s.c
[21.414s] -- Installing: /home/fectec151/Downloads/Projects/vanttec_sdv/workspace/src/install/sdv_msgs/local/lib/python3.10/dist-packages/sdv_msgs/msg/_status.py
[21.414s] -- Installing: /home/fectec151/Downloads/Projects/vanttec_sdv/workspace/src/install/sdv_msgs/local/lib/python3.10/dist-packages/sdv_msgs/msg/_lane_invasion_event.py
[21.414s] -- Installing: /home/fectec151/Downloads/Projects/vanttec_sdv/workspace/src/install/sdv_msgs/local/lib/python3.10/dist-packages/sdv_msgs/msg/_vehicle_info_s.c
[21.415s] -- Installing: /home/fectec151/Downloads/Projects/vanttec_sdv/workspace/src/install/sdv_msgs/local/lib/python3.10/dist-packages/sdv_msgs/msg/_eta_pose.py
[21.415s] -- Installing: /home/fectec151/Downloads/Projects/vanttec_sdv/workspace/src/install/sdv_msgs/local/lib/python3.10/dist-packages/sdv_msgs/msg/_eta_pose_s.c
[21.415s] -- Installing: /home/fectec151/Downloads/Projects/vanttec_sdv/workspace/src/install/sdv_msgs/local/lib/python3.10/dist-packages/sdv_msgs/msg/_state.py
[21.415s] -- Installing: /home/fectec151/Downloads/Projects/vanttec_sdv/workspace/src/install/sdv_msgs/local/lib/python3.10/dist-packages/sdv_msgs/msg/_throttle_msg.py
[21.416s] -- Installing: /home/fectec151/Downloads/Projects/vanttec_sdv/workspace/src/install/sdv_msgs/local/lib/python3.10/dist-packages/sdv_msgs/msg/_encoder_s.c
[21.416s] -- Installing: /home/fectec151/Downloads/Projects/vanttec_sdv/workspace/src/install/sdv_msgs/local/lib/python3.10/dist-packages/sdv_msgs/msg/_xbox_msg.py
[21.416s] -- Installing: /home/fectec151/Downloads/Projects/vanttec_sdv/workspace/src/install/sdv_msgs/local/lib/python3.10/dist-packages/sdv_msgs/msg/_thrust_control.py
[21.416s] -- Installing: /home/fectec151/Downloads/Projects/vanttec_sdv/workspace/src/install/sdv_msgs/local/lib/python3.10/dist-packages/sdv_msgs/msg/_collision_event_s.c
[21.416s] -- Installing: /home/fectec151/Downloads/Projects/vanttec_sdv/workspace/src/install/sdv_msgs/local/lib/python3.10/dist-packages/sdv_msgs/msg/_system_dynamics.py
[21.417s] -- Installing: /home/fectec151/Downloads/Projects/vanttec_sdv/workspace/src/install/sdv_msgs/local/lib/python3.10/dist-packages/sdv_msgs/msg/_xbox_msg_s.c
[21.417s] -- Installing: /home/fectec151/Downloads/Projects/vanttec_sdv/workspace/src/install/sdv_msgs/local/lib/python3.10/dist-packages/sdv_msgs/msg/_state_s.c
[21.417s] -- Installing: /home/fectec151/Downloads/Projects/vanttec_sdv/workspace/src/install/sdv_msgs/local/lib/python3.10/dist-packages/sdv_msgs/msg/_vehicle_info_wheel_s.c
[21.417s] -- Installing: /home/fectec151/Downloads/Projects/vanttec_sdv/workspace/src/install/sdv_msgs/local/lib/python3.10/dist-packages/sdv_msgs/__init__.py
[21.417s] -- Installing: /home/fectec151/Downloads/Projects/vanttec_sdv/workspace/src/install/sdv_msgs/local/lib/python3.10/dist-packages/sdv_msgs/_sdv_msgs_s.ep.rosidl_typesupport_fastrtps_c.c
[21.418s] -- Installing: /home/fectec151/Downloads/Projects/vanttec_sdv/workspace/src/install/sdv_msgs/local/lib/python3.10/dist-packages/sdv_msgs/_sdv_msgs_s.ep.rosidl_typesupport_introspection_c.c
[21.418s] -- Installing: /home/fectec151/Downloads/Projects/vanttec_sdv/workspace/src/install/sdv_msgs/local/lib/python3.10/dist-packages/sdv_msgs/libsdv_msgs__rosidl_generator_py.so
[21.418s] -- Installing: /home/fectec151/Downloads/Projects/vanttec_sdv/workspace/src/install/sdv_msgs/local/lib/python3.10/dist-packages/sdv_msgs/sdv_msgs_s__rosidl_typesupport_fastrtps_c.cpython-310-x86_64-linux-gnu.so
[21.512s] Listing '/home/fectec151/Downloads/Projects/vanttec_sdv/workspace/src/install/sdv_msgs/local/lib/python3.10/dist-packages/sdv_msgs'...
[21.513s] Compiling '/home/fectec151/Downloads/Projects/vanttec_sdv/workspace/src/install/sdv_msgs/local/lib/python3.10/dist-packages/sdv_msgs/__init__.py'...
[21.513s] Listing '/home/fectec151/Downloads/Projects/vanttec_sdv/workspace/src/install/sdv_msgs/local/lib/python3.10/dist-packages/sdv_msgs/msg'...
[21.513s] Compiling '/home/fectec151/Downloads/Projects/vanttec_sdv/workspace/src/install/sdv_msgs/local/lib/python3.10/dist-packages/sdv_msgs/msg/__init__.py'...
[21.513s] Compiling '/home/fectec151/Downloads/Projects/vanttec_sdv/workspace/src/install/sdv_msgs/local/lib/python3.10/dist-packages/sdv_msgs/msg/_collision_event.py'...
[21.513s] Compiling '/home/fectec151/Downloads/Projects/vanttec_sdv/workspace/src/install/sdv_msgs/local/lib/python3.10/dist-packages/sdv_msgs/msg/_encoder.py'...
[21.513s] Compiling '/home/fectec151/Downloads/Projects/vanttec_sdv/workspace/src/install/sdv_msgs/local/lib/python3.10/dist-packages/sdv_msgs/msg/_eta_pose.py'...
[21.513s] Compiling '/home/fectec151/Downloads/Projects/vanttec_sdv/workspace/src/install/sdv_msgs/local/lib/python3.10/dist-packages/sdv_msgs/msg/_guidance_waypoints.py'...
[21.513s] Compiling '/home/fectec151/Downloads/Projects/vanttec_sdv/workspace/src/install/sdv_msgs/local/lib/python3.10/dist-packages/sdv_msgs/msg/_lane_invasion_event.py'...
[21.514s] Compiling '/home/fectec151/Downloads/Projects/vanttec_sdv/workspace/src/install/sdv_msgs/local/lib/python3.10/dist-packages/sdv_msgs/msg/_panel_msg.py'...
[21.514s] Compiling '/home/fectec151/Downloads/Projects/vanttec_sdv/workspace/src/install/sdv_msgs/local/lib/python3.10/dist-packages/sdv_msgs/msg/_state.py'...
[21.514s] Compiling '/home/fectec151/Downloads/Projects/vanttec_sdv/workspace/src/install/sdv_msgs/local/lib/python3.10/dist-packages/sdv_msgs/msg/_status.py'...
[21.514s] Compiling '/home/fectec151/Downloads/Projects/vanttec_sdv/workspace/src/install/sdv_msgs/local/lib/python3.10/dist-packages/sdv_msgs/msg/_system_dynamics.py'...
[21.514s] Compiling '/home/fectec151/Downloads/Projects/vanttec_sdv/workspace/src/install/sdv_msgs/local/lib/python3.10/dist-packages/sdv_msgs/msg/_throttle_msg.py'...
[21.514s] Compiling '/home/fectec151/Downloads/Projects/vanttec_sdv/workspace/src/install/sdv_msgs/local/lib/python3.10/dist-packages/sdv_msgs/msg/_thrust_control.py'...
[21.514s] Compiling '/home/fectec151/Downloads/Projects/vanttec_sdv/workspace/src/install/sdv_msgs/local/lib/python3.10/dist-packages/sdv_msgs/msg/_vehicle_control.py'...
[21.514s] Compiling '/home/fectec151/Downloads/Projects/vanttec_sdv/workspace/src/install/sdv_msgs/local/lib/python3.10/dist-packages/sdv_msgs/msg/_vehicle_info.py'...
[21.514s] Compiling '/home/fectec151/Downloads/Projects/vanttec_sdv/workspace/src/install/sdv_msgs/local/lib/python3.10/dist-packages/sdv_msgs/msg/_vehicle_info_wheel.py'...
[21.515s] Compiling '/home/fectec151/Downloads/Projects/vanttec_sdv/workspace/src/install/sdv_msgs/local/lib/python3.10/dist-packages/sdv_msgs/msg/_vehicle_status.py'...
[21.515s] Compiling '/home/fectec151/Downloads/Projects/vanttec_sdv/workspace/src/install/sdv_msgs/local/lib/python3.10/dist-packages/sdv_msgs/msg/_waypoint_vector.py'...
[21.515s] Compiling '/home/fectec151/Downloads/Projects/vanttec_sdv/workspace/src/install/sdv_msgs/local/lib/python3.10/dist-packages/sdv_msgs/msg/_xbox_msg.py'...
[21.515s] Listing '/home/fectec151/Downloads/Projects/vanttec_sdv/workspace/src/install/sdv_msgs/local/lib/python3.10/dist-packages/sdv_msgs/srv'...
[21.515s] Compiling '/home/fectec151/Downloads/Projects/vanttec_sdv/workspace/src/install/sdv_msgs/local/lib/python3.10/dist-packages/sdv_msgs/srv/__init__.py'...
[21.515s] Compiling '/home/fectec151/Downloads/Projects/vanttec_sdv/workspace/src/install/sdv_msgs/local/lib/python3.10/dist-packages/sdv_msgs/srv/_uint8.py'...
[21.522s] -- Installing: /home/fectec151/Downloads/Projects/vanttec_sdv/workspace/src/install/sdv_msgs/local/lib/python3.10/dist-packages/sdv_msgs/sdv_msgs_s__rosidl_typesupport_fastrtps_c.cpython-310-x86_64-linux-gnu.so
[21.523s] -- Set runtime path of "/home/fectec151/Downloads/Projects/vanttec_sdv/workspace/src/install/sdv_msgs/local/lib/python3.10/dist-packages/sdv_msgs/sdv_msgs_s__rosidl_typesupport_fastrtps_c.cpython-310-x86_64-linux-gnu.so" to ""
[21.523s] -- Installing: /home/fectec151/Downloads/Projects/vanttec_sdv/workspace/src/install/sdv_msgs/local/lib/python3.10/dist-packages/sdv_msgs/sdv_msgs_s__rosidl_typesupport_introspection_c.cpython-310-x86_64-linux-gnu.so
[21.524s] -- Set runtime path of "/home/fectec151/Downloads/Projects/vanttec_sdv/workspace/src/install/sdv_msgs/local/lib/python3.10/dist-packages/sdv_msgs/sdv_msgs_s__rosidl_typesupport_introspection_c.cpython-310-x86_64-linux-gnu.so" to ""
[21.524s] -- Installing: /home/fectec151/Downloads/Projects/vanttec_sdv/workspace/src/install/sdv_msgs/local/lib/python3.10/dist-packages/sdv_msgs/sdv_msgs_s__rosidl_typesupport_c.cpython-310-x86_64-linux-gnu.so
[21.525s] -- Set runtime path of "/home/fectec151/Downloads/Projects/vanttec_sdv/workspace/src/install/sdv_msgs/local/lib/python3.10/dist-packages/sdv_msgs/sdv_msgs_s__rosidl_typesupport_c.cpython-310-x86_64-linux-gnu.so" to ""
[21.526s] -- Installing: /home/fectec151/Downloads/Projects/vanttec_sdv/workspace/src/install/sdv_msgs/lib/libsdv_msgs__rosidl_generator_py.so
[21.527s] -- Set runtime path of "/home/fectec151/Downloads/Projects/vanttec_sdv/workspace/src/install/sdv_msgs/lib/libsdv_msgs__rosidl_generator_py.so" to ""
[21.527s] -- Up-to-date: /home/fectec151/Downloads/Projects/vanttec_sdv/workspace/src/install/sdv_msgs/share/sdv_msgs/msg/State.idl
[21.527s] -- Up-to-date: /home/fectec151/Downloads/Projects/vanttec_sdv/workspace/src/install/sdv_msgs/share/sdv_msgs/msg/PanelMsg.idl
[21.528s] -- Up-to-date: /home/fectec151/Downloads/Projects/vanttec_sdv/workspace/src/install/sdv_msgs/share/sdv_msgs/msg/XboxMsg.idl
[21.528s] -- Up-to-date: /home/fectec151/Downloads/Projects/vanttec_sdv/workspace/src/install/sdv_msgs/share/sdv_msgs/msg/ThrottleMsg.idl
[21.528s] -- Up-to-date: /home/fectec151/Downloads/Projects/vanttec_sdv/workspace/src/install/sdv_msgs/share/sdv_msgs/msg/CollisionEvent.idl
[21.528s] -- Up-to-date: /home/fectec151/Downloads/Projects/vanttec_sdv/workspace/src/install/sdv_msgs/share/sdv_msgs/msg/LaneInvasionEvent.idl
[21.528s] -- Up-to-date: /home/fectec151/Downloads/Projects/vanttec_sdv/workspace/src/install/sdv_msgs/share/sdv_msgs/msg/Status.idl
[21.528s] -- Up-to-date: /home/fectec151/Downloads/Projects/vanttec_sdv/workspace/src/install/sdv_msgs/share/sdv_msgs/msg/VehicleControl.idl
[21.529s] -- Up-to-date: /home/fectec151/Downloads/Projects/vanttec_sdv/workspace/src/install/sdv_msgs/share/sdv_msgs/msg/VehicleInfo.idl
[21.529s] -- Up-to-date: /home/fectec151/Downloads/Projects/vanttec_sdv/workspace/src/install/sdv_msgs/share/sdv_msgs/msg/VehicleStatus.idl
[21.529s] -- Up-to-date: /home/fectec151/Downloads/Projects/vanttec_sdv/workspace/src/install/sdv_msgs/share/sdv_msgs/msg/VehicleInfoWheel.idl
[21.529s] -- Up-to-date: /home/fectec151/Downloads/Projects/vanttec_sdv/workspace/src/install/sdv_msgs/share/sdv_msgs/msg/GuidanceWaypoints.idl
[21.530s] -- Up-to-date: /home/fectec151/Downloads/Projects/vanttec_sdv/workspace/src/install/sdv_msgs/share/sdv_msgs/msg/EtaPose.idl
[21.530s] -- Up-to-date: /home/fectec151/Downloads/Projects/vanttec_sdv/workspace/src/install/sdv_msgs/share/sdv_msgs/msg/SystemDynamics.idl
[21.530s] -- Up-to-date: /home/fectec151/Downloads/Projects/vanttec_sdv/workspace/src/install/sdv_msgs/share/sdv_msgs/msg/ThrustControl.idl
[21.530s] -- Up-to-date: /home/fectec151/Downloads/Projects/vanttec_sdv/workspace/src/install/sdv_msgs/share/sdv_msgs/msg/Encoder.idl
[21.530s] -- Installing: /home/fectec151/Downloads/Projects/vanttec_sdv/workspace/src/install/sdv_msgs/share/sdv_msgs/msg/WaypointVector.idl
[21.530s] -- Up-to-date: /home/fectec151/Downloads/Projects/vanttec_sdv/workspace/src/install/sdv_msgs/share/sdv_msgs/srv/Uint8.idl
[21.530s] -- Up-to-date: /home/fectec151/Downloads/Projects/vanttec_sdv/workspace/src/install/sdv_msgs/share/sdv_msgs/msg/State.msg
[21.530s] -- Up-to-date: /home/fectec151/Downloads/Projects/vanttec_sdv/workspace/src/install/sdv_msgs/share/sdv_msgs/msg/PanelMsg.msg
[21.531s] -- Up-to-date: /home/fectec151/Downloads/Projects/vanttec_sdv/workspace/src/install/sdv_msgs/share/sdv_msgs/msg/XboxMsg.msg
[21.531s] -- Up-to-date: /home/fectec151/Downloads/Projects/vanttec_sdv/workspace/src/install/sdv_msgs/share/sdv_msgs/msg/ThrottleMsg.msg
[21.531s] -- Up-to-date: /home/fectec151/Downloads/Projects/vanttec_sdv/workspace/src/install/sdv_msgs/share/sdv_msgs/msg/CollisionEvent.msg
[21.531s] -- Up-to-date: /home/fectec151/Downloads/Projects/vanttec_sdv/workspace/src/install/sdv_msgs/share/sdv_msgs/msg/LaneInvasionEvent.msg
[21.531s] -- Up-to-date: /home/fectec151/Downloads/Projects/vanttec_sdv/workspace/src/install/sdv_msgs/share/sdv_msgs/msg/Status.msg
[21.531s] -- Up-to-date: /home/fectec151/Downloads/Projects/vanttec_sdv/workspace/src/install/sdv_msgs/share/sdv_msgs/msg/VehicleControl.msg
[21.531s] -- Up-to-date: /home/fectec151/Downloads/Projects/vanttec_sdv/workspace/src/install/sdv_msgs/share/sdv_msgs/msg/VehicleInfo.msg
[21.532s] -- Up-to-date: /home/fectec151/Downloads/Projects/vanttec_sdv/workspace/src/install/sdv_msgs/share/sdv_msgs/msg/VehicleStatus.msg
[21.532s] -- Up-to-date: /home/fectec151/Downloads/Projects/vanttec_sdv/workspace/src/install/sdv_msgs/share/sdv_msgs/msg/VehicleInfoWheel.msg
[21.532s] -- Up-to-date: /home/fectec151/Downloads/Projects/vanttec_sdv/workspace/src/install/sdv_msgs/share/sdv_msgs/msg/GuidanceWaypoints.msg
[21.533s] -- Up-to-date: /home/fectec151/Downloads/Projects/vanttec_sdv/workspace/src/install/sdv_msgs/share/sdv_msgs/msg/EtaPose.msg
[21.533s] -- Up-to-date: /home/fectec151/Downloads/Projects/vanttec_sdv/workspace/src/install/sdv_msgs/share/sdv_msgs/msg/SystemDynamics.msg
[21.533s] -- Up-to-date: /home/fectec151/Downloads/Projects/vanttec_sdv/workspace/src/install/sdv_msgs/share/sdv_msgs/msg/ThrustControl.msg
[21.534s] -- Up-to-date: /home/fectec151/Downloads/Projects/vanttec_sdv/workspace/src/install/sdv_msgs/share/sdv_msgs/msg/Encoder.msg
[21.534s] -- Installing: /home/fectec151/Downloads/Projects/vanttec_sdv/workspace/src/install/sdv_msgs/share/sdv_msgs/msg/WaypointVector.msg
[21.535s] -- Up-to-date: /home/fectec151/Downloads/Projects/vanttec_sdv/workspace/src/install/sdv_msgs/share/sdv_msgs/srv/Uint8.srv
[21.535s] -- Up-to-date: /home/fectec151/Downloads/Projects/vanttec_sdv/workspace/src/install/sdv_msgs/share/sdv_msgs/srv/Uint8_Request.msg
[21.535s] -- Up-to-date: /home/fectec151/Downloads/Projects/vanttec_sdv/workspace/src/install/sdv_msgs/share/sdv_msgs/srv/Uint8_Response.msg
[21.537s] -- Up-to-date: /home/fectec151/Downloads/Projects/vanttec_sdv/workspace/src/install/sdv_msgs/share/ament_index/resource_index/package_run_dependencies/sdv_msgs
[21.537s] -- Installing: /home/fectec151/Downloads/Projects/vanttec_sdv/workspace/src/install/sdv_msgs/share/ament_index/resource_index/parent_prefix_path/sdv_msgs
[21.538s] -- Up-to-date: /home/fectec151/Downloads/Projects/vanttec_sdv/workspace/src/install/sdv_msgs/share/sdv_msgs/environment/ament_prefix_path.sh
[21.538s] -- Installing: /home/fectec151/Downloads/Projects/vanttec_sdv/workspace/src/install/sdv_msgs/share/sdv_msgs/environment/ament_prefix_path.dsv
[21.539s] -- Up-to-date: /home/fectec151/Downloads/Projects/vanttec_sdv/workspace/src/install/sdv_msgs/share/sdv_msgs/environment/path.sh
[21.539s] -- Installing: /home/fectec151/Downloads/Projects/vanttec_sdv/workspace/src/install/sdv_msgs/share/sdv_msgs/environment/path.dsv
[21.540s] -- Up-to-date: /home/fectec151/Downloads/Projects/vanttec_sdv/workspace/src/install/sdv_msgs/share/sdv_msgs/local_setup.bash
[21.540s] -- Up-to-date: /home/fectec151/Downloads/Projects/vanttec_sdv/workspace/src/install/sdv_msgs/share/sdv_msgs/local_setup.sh
[21.541s] -- Up-to-date: /home/fectec151/Downloads/Projects/vanttec_sdv/workspace/src/install/sdv_msgs/share/sdv_msgs/local_setup.zsh
[21.541s] -- Installing: /home/fectec151/Downloads/Projects/vanttec_sdv/workspace/src/install/sdv_msgs/share/sdv_msgs/local_setup.dsv
[21.542s] -- Installing: /home/fectec151/Downloads/Projects/vanttec_sdv/workspace/src/install/sdv_msgs/share/sdv_msgs/package.dsv
[21.543s] -- Up-to-date: /home/fectec151/Downloads/Projects/vanttec_sdv/workspace/src/install/sdv_msgs/share/ament_index/resource_index/packages/sdv_msgs
[21.543s] -- Up-to-date: /home/fectec151/Downloads/Projects/vanttec_sdv/workspace/src/install/sdv_msgs/share/sdv_msgs/cmake/export_sdv_msgs__rosidl_generator_cExport.cmake
[21.543s] -- Up-to-date: /home/fectec151/Downloads/Projects/vanttec_sdv/workspace/src/install/sdv_msgs/share/sdv_msgs/cmake/export_sdv_msgs__rosidl_generator_cExport-noconfig.cmake
[21.544s] -- Up-to-date: /home/fectec151/Downloads/Projects/vanttec_sdv/workspace/src/install/sdv_msgs/share/sdv_msgs/cmake/export_sdv_msgs__rosidl_typesupport_fastrtps_cExport.cmake
[21.544s] -- Up-to-date: /home/fectec151/Downloads/Projects/vanttec_sdv/workspace/src/install/sdv_msgs/share/sdv_msgs/cmake/export_sdv_msgs__rosidl_typesupport_fastrtps_cExport-noconfig.cmake
[21.545s] -- Up-to-date: /home/fectec151/Downloads/Projects/vanttec_sdv/workspace/src/install/sdv_msgs/share/sdv_msgs/cmake/sdv_msgs__rosidl_typesupport_introspection_cExport.cmake
[21.546s] -- Up-to-date: /home/fectec151/Downloads/Projects/vanttec_sdv/workspace/src/install/sdv_msgs/share/sdv_msgs/cmake/sdv_msgs__rosidl_typesupport_introspection_cExport-noconfig.cmake
[21.547s] -- Up-to-date: /home/fectec151/Downloads/Projects/vanttec_sdv/workspace/src/install/sdv_msgs/share/sdv_msgs/cmake/sdv_msgs__rosidl_typesupport_cExport.cmake
[21.547s] -- Up-to-date: /home/fectec151/Downloads/Projects/vanttec_sdv/workspace/src/install/sdv_msgs/share/sdv_msgs/cmake/sdv_msgs__rosidl_typesupport_cExport-noconfig.cmake
[21.547s] -- Up-to-date: /home/fectec151/Downloads/Projects/vanttec_sdv/workspace/src/install/sdv_msgs/share/sdv_msgs/cmake/export_sdv_msgs__rosidl_generator_cppExport.cmake
[21.548s] -- Up-to-date: /home/fectec151/Downloads/Projects/vanttec_sdv/workspace/src/install/sdv_msgs/share/sdv_msgs/cmake/export_sdv_msgs__rosidl_typesupport_fastrtps_cppExport.cmake
[21.548s] -- Up-to-date: /home/fectec151/Downloads/Projects/vanttec_sdv/workspace/src/install/sdv_msgs/share/sdv_msgs/cmake/export_sdv_msgs__rosidl_typesupport_fastrtps_cppExport-noconfig.cmake
[21.548s] -- Up-to-date: /home/fectec151/Downloads/Projects/vanttec_sdv/workspace/src/install/sdv_msgs/share/sdv_msgs/cmake/sdv_msgs__rosidl_typesupport_introspection_cppExport.cmake
[21.548s] -- Up-to-date: /home/fectec151/Downloads/Projects/vanttec_sdv/workspace/src/install/sdv_msgs/share/sdv_msgs/cmake/sdv_msgs__rosidl_typesupport_introspection_cppExport-noconfig.cmake
[21.548s] -- Up-to-date: /home/fectec151/Downloads/Projects/vanttec_sdv/workspace/src/install/sdv_msgs/share/sdv_msgs/cmake/sdv_msgs__rosidl_typesupport_cppExport.cmake
[21.548s] -- Up-to-date: /home/fectec151/Downloads/Projects/vanttec_sdv/workspace/src/install/sdv_msgs/share/sdv_msgs/cmake/sdv_msgs__rosidl_typesupport_cppExport-noconfig.cmake
[21.548s] -- Up-to-date: /home/fectec151/Downloads/Projects/vanttec_sdv/workspace/src/install/sdv_msgs/share/sdv_msgs/cmake/export_sdv_msgs__rosidl_generator_pyExport.cmake
[21.548s] -- Up-to-date: /home/fectec151/Downloads/Projects/vanttec_sdv/workspace/src/install/sdv_msgs/share/sdv_msgs/cmake/export_sdv_msgs__rosidl_generator_pyExport-noconfig.cmake
[21.548s] -- Installing: /home/fectec151/Downloads/Projects/vanttec_sdv/workspace/src/install/sdv_msgs/share/sdv_msgs/cmake/rosidl_cmake-extras.cmake
[21.549s] -- Up-to-date: /home/fectec151/Downloads/Projects/vanttec_sdv/workspace/src/install/sdv_msgs/share/sdv_msgs/cmake/ament_cmake_export_dependencies-extras.cmake
[21.549s] -- Up-to-date: /home/fectec151/Downloads/Projects/vanttec_sdv/workspace/src/install/sdv_msgs/share/sdv_msgs/cmake/ament_cmake_export_include_directories-extras.cmake
[21.549s] -- Up-to-date: /home/fectec151/Downloads/Projects/vanttec_sdv/workspace/src/install/sdv_msgs/share/sdv_msgs/cmake/ament_cmake_export_libraries-extras.cmake
[21.549s] -- Up-to-date: /home/fectec151/Downloads/Projects/vanttec_sdv/workspace/src/install/sdv_msgs/share/sdv_msgs/cmake/ament_cmake_export_targets-extras.cmake
[21.550s] -- Up-to-date: /home/fectec151/Downloads/Projects/vanttec_sdv/workspace/src/install/sdv_msgs/share/sdv_msgs/cmake/rosidl_cmake_export_typesupport_targets-extras.cmake
[21.550s] -- Up-to-date: /home/fectec151/Downloads/Projects/vanttec_sdv/workspace/src/install/sdv_msgs/share/sdv_msgs/cmake/rosidl_cmake_export_typesupport_libraries-extras.cmake
[21.550s] -- Up-to-date: /home/fectec151/Downloads/Projects/vanttec_sdv/workspace/src/install/sdv_msgs/share/sdv_msgs/cmake/sdv_msgsConfig.cmake
[21.550s] -- Up-to-date: /home/fectec151/Downloads/Projects/vanttec_sdv/workspace/src/install/sdv_msgs/share/sdv_msgs/cmake/sdv_msgsConfig-version.cmake
[21.550s] -- Up-to-date: /home/fectec151/Downloads/Projects/vanttec_sdv/workspace/src/install/sdv_msgs/share/sdv_msgs/package.xml
[21.559s] Invoked command in '/home/fectec151/Downloads/Projects/vanttec_sdv/workspace/src/build/sdv_msgs' returned '0': CMAKE_PREFIX_PATH=${CMAKE_PREFIX_PATH}:/opt/ros/humble /usr/bin/cmake --install /home/fectec151/Downloads/Projects/vanttec_sdv/workspace/src/build/sdv_msgs
